reporter,partner,flow,aggregate_product,hs_code,hs_description,year,value
"Albania","Belgium","Import","Rare Earth Elements","284610","Cerium compounds","2024","219.1180156"
"Albania","European Union","Import","Rare Earth Elements","284610","Cerium compounds","2024","219.1180156"
"Albania","World","Import","Rare Earth Elements","284610","Cerium compounds","2024","219.1180156"
"Albania","United Kingdom","Import","Rare Earth Elements","284690","Compounds, inorganic or organic (excluding cerium), of rare-earth metals, of yttrium, scandium or of mixtures of these metals","2024","377.8644809"
"Albania","World","Import","Rare Earth Elements","284690","Compounds, inorganic or organic (excluding cerium), of rare-earth metals, of yttrium, scandium or of mixtures of these metals","2024","377.8644809"
"United Arab Emirates","China","Import","Rare Earth Elements","280530","Earth-metals, rare; scandium and yttrium, whether or not intermixed or interalloyed","2024","6755.74"
"United Arab Emirates","India","Import","Rare Earth Elements","280530","Earth-metals, rare; scandium and yttrium, whether or not intermixed or interalloyed","2024","23452.42"
"United Arab Emirates","Qatar","Export","Rare Earth Elements","280530","Earth-metals, rare; scandium and yttrium, whether or not intermixed or interalloyed","2024","401.36"
"United Arab Emirates","Russian Federation","Import","Rare Earth Elements","280530","Earth-metals, rare; scandium and yttrium, whether or not intermixed or interalloyed","2024","101.56"
"United Arab Emirates","United States of America","Import","Rare Earth Elements","280530","Earth-metals, rare; scandium and yttrium, whether or not intermixed or interalloyed","2024","3092.83"
"United Arab Emirates","Uzbekistan","Export","Rare Earth Elements","280530","Earth-metals, rare; scandium and yttrium, whether or not intermixed or interalloyed","2024","101.56"
"United Arab Emirates","World","Import","Rare Earth Elements","280530","Earth-metals, rare; scandium and yttrium, whether or not intermixed or interalloyed","2024","33402.55"
"United Arab Emirates","World","Export","Rare Earth Elements","280530","Earth-metals, rare; scandium and yttrium, whether or not intermixed or interalloyed","2024","502.92"
"United Arab Emirates","Belgium","Import","Rare Earth Elements","284610","Cerium compounds","2024","337.77"
"United Arab Emirates","China","Import","Rare Earth Elements","284610","Cerium compounds","2024","55422.69"
"United Arab Emirates","Germany","Import","Rare Earth Elements","284610","Cerium compounds","2024","1567.45"
"United Arab Emirates","European Union","Import","Rare Earth Elements","284610","Cerium compounds","2024","2930.7"
"United Arab Emirates","France","Import","Rare Earth Elements","284610","Cerium compounds","2024","822.5"
"United Arab Emirates","Korea, Republic of","Import","Rare Earth Elements","284610","Cerium compounds","2024","3122.63"
"United Arab Emirates","Netherlands","Import","Rare Earth Elements","284610","Cerium compounds","2024","202.98"
"United Arab Emirates","Qatar","Export","Rare Earth Elements","284610","Cerium compounds","2024","300.07"
"United Arab Emirates","World","Import","Rare Earth Elements","284610","Cerium compounds","2024","61476.02"
"United Arab Emirates","World","Export","Rare Earth Elements","284610","Cerium compounds","2024","300.07"
"United Arab Emirates","Canada","Import","Rare Earth Elements","284690","Compounds, inorganic or organic (excluding cerium), of rare-earth metals, of yttrium, scandium or of mixtures of these metals","2024","2923.89"
"United Arab Emirates","China","Import","Rare Earth Elements","284690","Compounds, inorganic or organic (excluding cerium), of rare-earth metals, of yttrium, scandium or of mixtures of these metals","2024","464168.97"
"United Arab Emirates","Germany","Import","Rare Earth Elements","284690","Compounds, inorganic or organic (excluding cerium), of rare-earth metals, of yttrium, scandium or of mixtures of these metals","2024","238.08"
"United Arab Emirates","European Union","Import","Rare Earth Elements","284690","Compounds, inorganic or organic (excluding cerium), of rare-earth metals, of yttrium, scandium or of mixtures of these metals","2024","15426.38"
"United Arab Emirates","Spain","Import","Rare Earth Elements","284690","Compounds, inorganic or organic (excluding cerium), of rare-earth metals, of yttrium, scandium or of mixtures of these metals","2024","11226.63"
"United Arab Emirates","France","Import","Rare Earth Elements","284690","Compounds, inorganic or organic (excluding cerium), of rare-earth metals, of yttrium, scandium or of mixtures of these metals","2024","3471.81"
"United Arab Emirates","United Kingdom","Import","Rare Earth Elements","284690","Compounds, inorganic or organic (excluding cerium), of rare-earth metals, of yttrium, scandium or of mixtures of these metals","2024","73.35"
"United Arab Emirates","India","Import","Rare Earth Elements","284690","Compounds, inorganic or organic (excluding cerium), of rare-earth metals, of yttrium, scandium or of mixtures of these metals","2024","1585111.15"
"United Arab Emirates","Iraq","Export","Rare Earth Elements","284690","Compounds, inorganic or organic (excluding cerium), of rare-earth metals, of yttrium, scandium or of mixtures of these metals","2024","3028.45"
"United Arab Emirates","Kyrgyz Republic","Export","Rare Earth Elements","284690","Compounds, inorganic or organic (excluding cerium), of rare-earth metals, of yttrium, scandium or of mixtures of these metals","2024","7267457.12"
"United Arab Emirates","Korea, Republic of","Import","Rare Earth Elements","284690","Compounds, inorganic or organic (excluding cerium), of rare-earth metals, of yttrium, scandium or of mixtures of these metals","2024","8836.56"
"United Arab Emirates","Netherlands","Import","Rare Earth Elements","284690","Compounds, inorganic or organic (excluding cerium), of rare-earth metals, of yttrium, scandium or of mixtures of these metals","2024","489.86"
"United Arab Emirates","Oman","Export","Rare Earth Elements","284690","Compounds, inorganic or organic (excluding cerium), of rare-earth metals, of yttrium, scandium or of mixtures of these metals","2024","1089.18"
"United Arab Emirates","Pakistan","Export","Rare Earth Elements","284690","Compounds, inorganic or organic (excluding cerium), of rare-earth metals, of yttrium, scandium or of mixtures of these metals","2024","1571774.95"
"United Arab Emirates","Qatar","Export","Rare Earth Elements","284690","Compounds, inorganic or organic (excluding cerium), of rare-earth metals, of yttrium, scandium or of mixtures of these metals","2024","207.49"
"United Arab Emirates","United States of America","Import","Rare Earth Elements","284690","Compounds, inorganic or organic (excluding cerium), of rare-earth metals, of yttrium, scandium or of mixtures of these metals","2024","3758.91"
"United Arab Emirates","World","Export","Rare Earth Elements","284690","Compounds, inorganic or organic (excluding cerium), of rare-earth metals, of yttrium, scandium or of mixtures of these metals","2024","8843557.19"
"United Arab Emirates","World","Import","Rare Earth Elements","284690","Compounds, inorganic or organic (excluding cerium), of rare-earth metals, of yttrium, scandium or of mixtures of these metals","2024","2080299.21"
"Argentina","China","Import","Rare Earth Elements","280530","Earth-metals, rare; scandium and yttrium, whether or not intermixed or interalloyed","2024","247995.9"
"Argentina","Norway","Import","Rare Earth Elements","280530","Earth-metals, rare; scandium and yttrium, whether or not intermixed or interalloyed","2024","14.44"
"Argentina","United States of America","Import","Rare Earth Elements","280530","Earth-metals, rare; scandium and yttrium, whether or not intermixed or interalloyed","2024","167.87"
"Argentina","World","Import","Rare Earth Elements","280530","Earth-metals, rare; scandium and yttrium, whether or not intermixed or interalloyed","2024","248178.21"
"Argentina","Austria","Import","Rare Earth Elements","284610","Cerium compounds","2024","117.9"
"Argentina","Chinese Taipei","Import","Rare Earth Elements","284610","Cerium compounds","2024","49.48"
"Argentina","Germany","Import","Rare Earth Elements","284610","Cerium compounds","2024","239.99"
"Argentina","European Union","Import","Rare Earth Elements","284610","Cerium compounds","2024","28633.56"
"Argentina","Spain","Import","Rare Earth Elements","284610","Cerium compounds","2024","209.1"
"Argentina","France","Import","Rare Earth Elements","284610","Cerium compounds","2024","28066.57"
"Argentina","India","Import","Rare Earth Elements","284610","Cerium compounds","2024","165.73"
"Argentina","Japan","Import","Rare Earth Elements","284610","Cerium compounds","2024","36377.98"
"Argentina","United States of America","Import","Rare Earth Elements","284610","Cerium compounds","2024","7116.39"
"Argentina","World","Import","Rare Earth Elements","284610","Cerium compounds","2024","72343.14"
"Argentina","Austria","Import","Rare Earth Elements","284690","Compounds, inorganic or organic (excluding cerium), of rare-earth metals, of yttrium, scandium or of mixtures of these metals","2024","2250.5"
"Argentina","Brazil","Import","Rare Earth Elements","284690","Compounds, inorganic or organic (excluding cerium), of rare-earth metals, of yttrium, scandium or of mixtures of these metals","2024","129544.95"
"Argentina","China","Import","Rare Earth Elements","284690","Compounds, inorganic or organic (excluding cerium), of rare-earth metals, of yttrium, scandium or of mixtures of these metals","2024","386259.5"
"Argentina","Germany","Import","Rare Earth Elements","284690","Compounds, inorganic or organic (excluding cerium), of rare-earth metals, of yttrium, scandium or of mixtures of these metals","2024","2800.6"
"Argentina","European Union","Import","Rare Earth Elements","284690","Compounds, inorganic or organic (excluding cerium), of rare-earth metals, of yttrium, scandium or of mixtures of these metals","2024","5084.89"
"Argentina","France","Import","Rare Earth Elements","284690","Compounds, inorganic or organic (excluding cerium), of rare-earth metals, of yttrium, scandium or of mixtures of these metals","2024","31.59"
"Argentina","India","Import","Rare Earth Elements","284690","Compounds, inorganic or organic (excluding cerium), of rare-earth metals, of yttrium, scandium or of mixtures of these metals","2024","20535.83"
"Argentina","Netherlands","Import","Rare Earth Elements","284690","Compounds, inorganic or organic (excluding cerium), of rare-earth metals, of yttrium, scandium or of mixtures of these metals","2024","2.2"
"Argentina","Norway","Import","Rare Earth Elements","284690","Compounds, inorganic or organic (excluding cerium), of rare-earth metals, of yttrium, scandium or of mixtures of these metals","2024","90.26"
"Argentina","Russian Federation","Import","Rare Earth Elements","284690","Compounds, inorganic or organic (excluding cerium), of rare-earth metals, of yttrium, scandium or of mixtures of these metals","2024","219.08"
"Argentina","United States of America","Import","Rare Earth Elements","284690","Compounds, inorganic or organic (excluding cerium), of rare-earth metals, of yttrium, scandium or of mixtures of these metals","2024","1358.83"
"Argentina","World","Import","Rare Earth Elements","284690","Compounds, inorganic or organic (excluding cerium), of rare-earth metals, of yttrium, scandium or of mixtures of these metals","2024","543093.3400000001"
"Armenia","China","Import","Rare Earth Elements","280530","Earth-metals, rare; scandium and yttrium, whether or not intermixed or interalloyed","2024","85"
"Armenia","World","Import","Rare Earth Elements","280530","Earth-metals, rare; scandium and yttrium, whether or not intermixed or interalloyed","2024","85"
"Armenia","China","Import","Rare Earth Elements","284610","Cerium compounds","2024","1692"
"Armenia","Curacao","Import","Rare Earth Elements","284610","Cerium compounds","2024","18790"
"Armenia","Germany","Export","Rare Earth Elements","284610","Cerium compounds","2024","3514.81"
"Armenia","European Union","Export","Rare Earth Elements","284610","Cerium compounds","2024","3514.81005859375"
"Armenia","India","Export","Rare Earth Elements","284610","Cerium compounds","2024","850"
"Armenia","United States of America","Export","Rare Earth Elements","284610","Cerium compounds","2024","17475"
"Armenia","World","Export","Rare Earth Elements","284610","Cerium compounds","2024","21839.81"
"Armenia","World","Import","Rare Earth Elements","284610","Cerium compounds","2024","20482"
"Armenia","Curacao","Import","Rare Earth Elements","284690","Compounds, inorganic or organic (excluding cerium), of rare-earth metals, of yttrium, scandium or of mixtures of these metals","2024","47021.32"
"Armenia","Germany","Import","Rare Earth Elements","284690","Compounds, inorganic or organic (excluding cerium), of rare-earth metals, of yttrium, scandium or of mixtures of these metals","2024","920.86"
"Armenia","European Union","Export","Rare Earth Elements","284690","Compounds, inorganic or organic (excluding cerium), of rare-earth metals, of yttrium, scandium or of mixtures of these metals","2024","2302.969970703125"
"Armenia","European Union","Import","Rare Earth Elements","284690","Compounds, inorganic or organic (excluding cerium), of rare-earth metals, of yttrium, scandium or of mixtures of these metals","2024","920.86"
"Armenia","Finland","Export","Rare Earth Elements","284690","Compounds, inorganic or organic (excluding cerium), of rare-earth metals, of yttrium, scandium or of mixtures of these metals","2024","2302.97"
"Armenia","United States of America","Export","Rare Earth Elements","284690","Compounds, inorganic or organic (excluding cerium), of rare-earth metals, of yttrium, scandium or of mixtures of these metals","2024","42497.47"
"Armenia","United States of America","Import","Rare Earth Elements","284690","Compounds, inorganic or organic (excluding cerium), of rare-earth metals, of yttrium, scandium or of mixtures of these metals","2024","1267.85"
"Armenia","World","Import","Rare Earth Elements","284690","Compounds, inorganic or organic (excluding cerium), of rare-earth metals, of yttrium, scandium or of mixtures of these metals","2024","49210.03"
"Armenia","World","Export","Rare Earth Elements","284690","Compounds, inorganic or organic (excluding cerium), of rare-earth metals, of yttrium, scandium or of mixtures of these metals","2024","44800.44"
"Australia","China","Import","Rare Earth Elements","280530","Earth-metals, rare; scandium and yttrium, whether or not intermixed or interalloyed","2024","2342.3111302"
"Australia","United Kingdom","Import","Rare Earth Elements","280530","Earth-metals, rare; scandium and yttrium, whether or not intermixed or interalloyed","2024","364057.0386426"
"Australia","United States of America","Import","Rare Earth Elements","280530","Earth-metals, rare; scandium and yttrium, whether or not intermixed or interalloyed","2024","3542.7798998"
"Australia","World","Import","Rare Earth Elements","280530","Earth-metals, rare; scandium and yttrium, whether or not intermixed or interalloyed","2024","369942.1296726"
"Australia","China","Import","Rare Earth Elements","284610","Cerium compounds","2024","4922.0446985"
"Australia","United Kingdom","Import","Rare Earth Elements","284610","Cerium compounds","2024","696.2842927"
"Australia","United States of America","Import","Rare Earth Elements","284610","Cerium compounds","2024","2577.0015407"
"Australia","World","Import","Rare Earth Elements","284610","Cerium compounds","2024","8195.3305319"
"Australia","Austria","Import","Rare Earth Elements","284690","Compounds, inorganic or organic (excluding cerium), of rare-earth metals, of yttrium, scandium or of mixtures of these metals","2024","1330.5304415"
"Australia","Canada","Import","Rare Earth Elements","284690","Compounds, inorganic or organic (excluding cerium), of rare-earth metals, of yttrium, scandium or of mixtures of these metals","2024","76734.9478086"
"Australia","Switzerland","Export","Rare Earth Elements","284690","Compounds, inorganic or organic (excluding cerium), of rare-earth metals, of yttrium, scandium or of mixtures of these metals","2024","15074.99"
"Australia","China","Import","Rare Earth Elements","284690","Compounds, inorganic or organic (excluding cerium), of rare-earth metals, of yttrium, scandium or of mixtures of these metals","2024","583054.02916"
"Australia","Germany","Import","Rare Earth Elements","284690","Compounds, inorganic or organic (excluding cerium), of rare-earth metals, of yttrium, scandium or of mixtures of these metals","2024","5467.2227878"
"Australia","European Union","Import","Rare Earth Elements","284690","Compounds, inorganic or organic (excluding cerium), of rare-earth metals, of yttrium, scandium or of mixtures of these metals","2024","6797.7532293"
"Australia","United Kingdom","Import","Rare Earth Elements","284690","Compounds, inorganic or organic (excluding cerium), of rare-earth metals, of yttrium, scandium or of mixtures of these metals","2024","712.2277195"
"Australia","Indonesia","Export","Rare Earth Elements","284690","Compounds, inorganic or organic (excluding cerium), of rare-earth metals, of yttrium, scandium or of mixtures of these metals","2024","4716.38"
"Australia","Israel","Export","Rare Earth Elements","284690","Compounds, inorganic or organic (excluding cerium), of rare-earth metals, of yttrium, scandium or of mixtures of these metals","2024","1.98"
"Australia","Japan","Import","Rare Earth Elements","284690","Compounds, inorganic or organic (excluding cerium), of rare-earth metals, of yttrium, scandium or of mixtures of these metals","2024","6315.807721"
"Australia","Korea, Republic of","Import","Rare Earth Elements","284690","Compounds, inorganic or organic (excluding cerium), of rare-earth metals, of yttrium, scandium or of mixtures of these metals","2024","38242.962076"
"Australia","Malaysia","Export","Rare Earth Elements","284690","Compounds, inorganic or organic (excluding cerium), of rare-earth metals, of yttrium, scandium or of mixtures of these metals","2024","39300.94"
"Australia","Malaysia","Import","Rare Earth Elements","284690","Compounds, inorganic or organic (excluding cerium), of rare-earth metals, of yttrium, scandium or of mixtures of these metals","2024","37770.1761193"
"Australia","Norway","Import","Rare Earth Elements","284690","Compounds, inorganic or organic (excluding cerium), of rare-earth metals, of yttrium, scandium or of mixtures of these metals","2024","1443.3354655"
"Australia","New Zealand","Export","Rare Earth Elements","284690","Compounds, inorganic or organic (excluding cerium), of rare-earth metals, of yttrium, scandium or of mixtures of these metals","2024","27196.21"
"Australia","New Zealand","Import","Rare Earth Elements","284690","Compounds, inorganic or organic (excluding cerium), of rare-earth metals, of yttrium, scandium or of mixtures of these metals","2024","25145.238967"
"Australia","Singapore","Export","Rare Earth Elements","284690","Compounds, inorganic or organic (excluding cerium), of rare-earth metals, of yttrium, scandium or of mixtures of these metals","2024","780.01"
"Australia","United States of America","Import","Rare Earth Elements","284690","Compounds, inorganic or organic (excluding cerium), of rare-earth metals, of yttrium, scandium or of mixtures of these metals","2024","228038.0155764"
"Australia","United States of America","Export","Rare Earth Elements","284690","Compounds, inorganic or organic (excluding cerium), of rare-earth metals, of yttrium, scandium or of mixtures of these metals","2024","337.21"
"Australia","World","Import","Rare Earth Elements","284690","Compounds, inorganic or organic (excluding cerium), of rare-earth metals, of yttrium, scandium or of mixtures of these metals","2024","1004254.4938426"
"Australia","World","Export","Rare Earth Elements","284690","Compounds, inorganic or organic (excluding cerium), of rare-earth metals, of yttrium, scandium or of mixtures of these metals","2024","87407.72000000002"
"Austria","Belgium","Export","Rare Earth Elements","280530","Earth-metals, rare; scandium and yttrium, whether or not intermixed or interalloyed","2024","703.55"
"Austria","China","Import","Rare Earth Elements","280530","Earth-metals, rare; scandium and yttrium, whether or not intermixed or interalloyed","2024","17546.47"
"Austria","Germany","Export","Rare Earth Elements","280530","Earth-metals, rare; scandium and yttrium, whether or not intermixed or interalloyed","2024","25262.76"
"Austria","Germany","Import","Rare Earth Elements","280530","Earth-metals, rare; scandium and yttrium, whether or not intermixed or interalloyed","2024","7615.63"
"Austria","France","Export","Rare Earth Elements","280530","Earth-metals, rare; scandium and yttrium, whether or not intermixed or interalloyed","2024","19158.13"
"Austria","United Kingdom","Export","Rare Earth Elements","280530","Earth-metals, rare; scandium and yttrium, whether or not intermixed or interalloyed","2024","35714.23"
"Austria","Japan","Export","Rare Earth Elements","280530","Earth-metals, rare; scandium and yttrium, whether or not intermixed or interalloyed","2024","3964.76"
"Austria","Netherlands","Import","Rare Earth Elements","280530","Earth-metals, rare; scandium and yttrium, whether or not intermixed or interalloyed","2024","1031.51"
"Austria","Poland","Export","Rare Earth Elements","280530","Earth-metals, rare; scandium and yttrium, whether or not intermixed or interalloyed","2024","4438.84"
"Austria","Turkiye","Export","Rare Earth Elements","280530","Earth-metals, rare; scandium and yttrium, whether or not intermixed or interalloyed","2024","2768.73"
"Austria","United States of America","Import","Rare Earth Elements","280530","Earth-metals, rare; scandium and yttrium, whether or not intermixed or interalloyed","2024","977.39"
"Austria","United States of America","Export","Rare Earth Elements","280530","Earth-metals, rare; scandium and yttrium, whether or not intermixed or interalloyed","2024","836.68"
"Austria","World","Export","Rare Earth Elements","280530","Earth-metals, rare; scandium and yttrium, whether or not intermixed or interalloyed","2024","92847.68"
"Austria","World","Import","Rare Earth Elements","280530","Earth-metals, rare; scandium and yttrium, whether or not intermixed or interalloyed","2024","27171"
"Austria","Australia","Export","Rare Earth Elements","284690","Compounds, inorganic or organic (excluding cerium), of rare-earth metals, of yttrium, scandium or of mixtures of these metals","2024","1842.21"
"Austria","Brazil","Export","Rare Earth Elements","284690","Compounds, inorganic or organic (excluding cerium), of rare-earth metals, of yttrium, scandium or of mixtures of these metals","2024","7149.12"
"Austria","Canada","Export","Rare Earth Elements","284690","Compounds, inorganic or organic (excluding cerium), of rare-earth metals, of yttrium, scandium or of mixtures of these metals","2024","10597.59"
"Austria","Canada","Import","Rare Earth Elements","284690","Compounds, inorganic or organic (excluding cerium), of rare-earth metals, of yttrium, scandium or of mixtures of these metals","2024","417.8"
"Austria","Switzerland","Export","Rare Earth Elements","284690","Compounds, inorganic or organic (excluding cerium), of rare-earth metals, of yttrium, scandium or of mixtures of these metals","2024","225678.49"
"Austria","Switzerland","Import","Rare Earth Elements","284690","Compounds, inorganic or organic (excluding cerium), of rare-earth metals, of yttrium, scandium or of mixtures of these metals","2024","4682.38"
"Austria","China","Import","Rare Earth Elements","284690","Compounds, inorganic or organic (excluding cerium), of rare-earth metals, of yttrium, scandium or of mixtures of these metals","2024","40.05"
"Austria","China","Export","Rare Earth Elements","284690","Compounds, inorganic or organic (excluding cerium), of rare-earth metals, of yttrium, scandium or of mixtures of these metals","2024","16.24"
"Austria","Chinese Taipei","Export","Rare Earth Elements","284690","Compounds, inorganic or organic (excluding cerium), of rare-earth metals, of yttrium, scandium or of mixtures of these metals","2024","2572.82"
"Austria","Germany","Import","Rare Earth Elements","284690","Compounds, inorganic or organic (excluding cerium), of rare-earth metals, of yttrium, scandium or of mixtures of these metals","2024","231686.79"
"Austria","United Kingdom","Export","Rare Earth Elements","284690","Compounds, inorganic or organic (excluding cerium), of rare-earth metals, of yttrium, scandium or of mixtures of these metals","2024","23507.14"
"Austria","United Kingdom","Import","Rare Earth Elements","284690","Compounds, inorganic or organic (excluding cerium), of rare-earth metals, of yttrium, scandium or of mixtures of these metals","2024","1737.22"
"Austria","Hungary","Export","Rare Earth Elements","284690","Compounds, inorganic or organic (excluding cerium), of rare-earth metals, of yttrium, scandium or of mixtures of these metals","2024","4645.58"
"Austria","India","Export","Rare Earth Elements","284690","Compounds, inorganic or organic (excluding cerium), of rare-earth metals, of yttrium, scandium or of mixtures of these metals","2024","1781.6"
"Austria","India","Import","Rare Earth Elements","284690","Compounds, inorganic or organic (excluding cerium), of rare-earth metals, of yttrium, scandium or of mixtures of these metals","2024","30.31"
"Austria","Japan","Export","Rare Earth Elements","284690","Compounds, inorganic or organic (excluding cerium), of rare-earth metals, of yttrium, scandium or of mixtures of these metals","2024","42847.11"
"Austria","Japan","Import","Rare Earth Elements","284690","Compounds, inorganic or organic (excluding cerium), of rare-earth metals, of yttrium, scandium or of mixtures of these metals","2024","1465.54"
"Austria","Korea, Republic of","Import","Rare Earth Elements","284690","Compounds, inorganic or organic (excluding cerium), of rare-earth metals, of yttrium, scandium or of mixtures of these metals","2024","2279.49"
"Austria","Korea, Republic of","Export","Rare Earth Elements","284690","Compounds, inorganic or organic (excluding cerium), of rare-earth metals, of yttrium, scandium or of mixtures of these metals","2024","505.47"
"Austria","Malaysia","Import","Rare Earth Elements","284690","Compounds, inorganic or organic (excluding cerium), of rare-earth metals, of yttrium, scandium or of mixtures of these metals","2024","155.86"
"Austria","Norway","Export","Rare Earth Elements","284690","Compounds, inorganic or organic (excluding cerium), of rare-earth metals, of yttrium, scandium or of mixtures of these metals","2024","1536.98"
"Austria","Turkiye","Export","Rare Earth Elements","284690","Compounds, inorganic or organic (excluding cerium), of rare-earth metals, of yttrium, scandium or of mixtures of these metals","2024","14920.61"
"Austria","United States of America","Export","Rare Earth Elements","284690","Compounds, inorganic or organic (excluding cerium), of rare-earth metals, of yttrium, scandium or of mixtures of these metals","2024","381138.63"
"Austria","United States of America","Import","Rare Earth Elements","284690","Compounds, inorganic or organic (excluding cerium), of rare-earth metals, of yttrium, scandium or of mixtures of these metals","2024","19454.71"
"Austria","World","Export","Rare Earth Elements","284690","Compounds, inorganic or organic (excluding cerium), of rare-earth metals, of yttrium, scandium or of mixtures of these metals","2024","718739.5899999999"
"Austria","World","Import","Rare Earth Elements","284690","Compounds, inorganic or organic (excluding cerium), of rare-earth metals, of yttrium, scandium or of mixtures of these metals","2024","261950.15"
"Azerbaijan","China","Import","Rare Earth Elements","284610","Cerium compounds","2024","48.74"
"Azerbaijan","European Union","Import","Rare Earth Elements","284610","Cerium compounds","2024","74.66"
"Azerbaijan","France","Import","Rare Earth Elements","284610","Cerium compounds","2024","74.66"
"Azerbaijan","World","Import","Rare Earth Elements","284610","Cerium compounds","2024","123.4"
"Azerbaijan","Austria","Import","Rare Earth Elements","284690","Compounds, inorganic or organic (excluding cerium), of rare-earth metals, of yttrium, scandium or of mixtures of these metals","2024","79.76"
"Azerbaijan","China","Import","Rare Earth Elements","284690","Compounds, inorganic or organic (excluding cerium), of rare-earth metals, of yttrium, scandium or of mixtures of these metals","2024","2058.51"
"Azerbaijan","Germany","Import","Rare Earth Elements","284690","Compounds, inorganic or organic (excluding cerium), of rare-earth metals, of yttrium, scandium or of mixtures of these metals","2024","72.12"
"Azerbaijan","European Union","Import","Rare Earth Elements","284690","Compounds, inorganic or organic (excluding cerium), of rare-earth metals, of yttrium, scandium or of mixtures of these metals","2024","151.88"
"Azerbaijan","World","Import","Rare Earth Elements","284690","Compounds, inorganic or organic (excluding cerium), of rare-earth metals, of yttrium, scandium or of mixtures of these metals","2024","2210.39"
"Belgium","Australia","Export","Rare Earth Elements","280530","Earth-metals, rare; scandium and yttrium, whether or not intermixed or interalloyed","2024","71.51"
"Belgium","Austria","Import","Rare Earth Elements","280530","Earth-metals, rare; scandium and yttrium, whether or not intermixed or interalloyed","2024","24201.53"
"Belgium","Austria","Export","Rare Earth Elements","280530","Earth-metals, rare; scandium and yttrium, whether or not intermixed or interalloyed","2024","121.66"
"Belgium","Switzerland","Export","Rare Earth Elements","280530","Earth-metals, rare; scandium and yttrium, whether or not intermixed or interalloyed","2024","293.06"
"Belgium","China","Export","Rare Earth Elements","280530","Earth-metals, rare; scandium and yttrium, whether or not intermixed or interalloyed","2024","57.19"
"Belgium","Chinese Taipei","Export","Rare Earth Elements","280530","Earth-metals, rare; scandium and yttrium, whether or not intermixed or interalloyed","2024","181.68"
"Belgium","Czech Republic","Export","Rare Earth Elements","280530","Earth-metals, rare; scandium and yttrium, whether or not intermixed or interalloyed","2024","84.66"
"Belgium","Germany","Export","Rare Earth Elements","280530","Earth-metals, rare; scandium and yttrium, whether or not intermixed or interalloyed","2024","1391.83"
"Belgium","Spain","Export","Rare Earth Elements","280530","Earth-metals, rare; scandium and yttrium, whether or not intermixed or interalloyed","2024","126.81"
"Belgium","Estonia","Export","Rare Earth Elements","280530","Earth-metals, rare; scandium and yttrium, whether or not intermixed or interalloyed","2024","219.43"
"Belgium","Finland","Export","Rare Earth Elements","280530","Earth-metals, rare; scandium and yttrium, whether or not intermixed or interalloyed","2024","51.33"
"Belgium","France","Import","Rare Earth Elements","280530","Earth-metals, rare; scandium and yttrium, whether or not intermixed or interalloyed","2024","1615.82"
"Belgium","France","Export","Rare Earth Elements","280530","Earth-metals, rare; scandium and yttrium, whether or not intermixed or interalloyed","2024","1185.93"
"Belgium","United Kingdom","Export","Rare Earth Elements","280530","Earth-metals, rare; scandium and yttrium, whether or not intermixed or interalloyed","2024","4481.61"
"Belgium","United Kingdom","Import","Rare Earth Elements","280530","Earth-metals, rare; scandium and yttrium, whether or not intermixed or interalloyed","2024","2704.88"
"Belgium","Greece","Export","Rare Earth Elements","280530","Earth-metals, rare; scandium and yttrium, whether or not intermixed or interalloyed","2024","55.02"
"Belgium","Hong Kong, China","Export","Rare Earth Elements","280530","Earth-metals, rare; scandium and yttrium, whether or not intermixed or interalloyed","2024","65.18"
"Belgium","Indonesia","Export","Rare Earth Elements","280530","Earth-metals, rare; scandium and yttrium, whether or not intermixed or interalloyed","2024","13.95"
"Belgium","India","Import","Rare Earth Elements","280530","Earth-metals, rare; scandium and yttrium, whether or not intermixed or interalloyed","2024","1389.86"
"Belgium","India","Export","Rare Earth Elements","280530","Earth-metals, rare; scandium and yttrium, whether or not intermixed or interalloyed","2024","149.52"
"Belgium","Ireland","Export","Rare Earth Elements","280530","Earth-metals, rare; scandium and yttrium, whether or not intermixed or interalloyed","2024","456.65"
"Belgium","Israel","Export","Rare Earth Elements","280530","Earth-metals, rare; scandium and yttrium, whether or not intermixed or interalloyed","2024","568.5"
"Belgium","Italy","Export","Rare Earth Elements","280530","Earth-metals, rare; scandium and yttrium, whether or not intermixed or interalloyed","2024","656.76"
"Belgium","Japan","Export","Rare Earth Elements","280530","Earth-metals, rare; scandium and yttrium, whether or not intermixed or interalloyed","2024","17561.56"
"Belgium","Korea, Republic of","Export","Rare Earth Elements","280530","Earth-metals, rare; scandium and yttrium, whether or not intermixed or interalloyed","2024","2383.1"
"Belgium","Netherlands","Export","Rare Earth Elements","280530","Earth-metals, rare; scandium and yttrium, whether or not intermixed or interalloyed","2024","325.61"
"Belgium","Netherlands","Import","Rare Earth Elements","280530","Earth-metals, rare; scandium and yttrium, whether or not intermixed or interalloyed","2024","314.06"
"Belgium","Poland","Export","Rare Earth Elements","280530","Earth-metals, rare; scandium and yttrium, whether or not intermixed or interalloyed","2024","5600.24"
"Belgium","Portugal","Export","Rare Earth Elements","280530","Earth-metals, rare; scandium and yttrium, whether or not intermixed or interalloyed","2024","211.15"
"Belgium","Saudi Arabia, Kingdom of","Export","Rare Earth Elements","280530","Earth-metals, rare; scandium and yttrium, whether or not intermixed or interalloyed","2024","49.2"
"Belgium","Sweden","Export","Rare Earth Elements","280530","Earth-metals, rare; scandium and yttrium, whether or not intermixed or interalloyed","2024","296.56"
"Belgium","Uruguay","Export","Rare Earth Elements","280530","Earth-metals, rare; scandium and yttrium, whether or not intermixed or interalloyed","2024","59.42"
"Belgium","United States of America","Export","Rare Earth Elements","280530","Earth-metals, rare; scandium and yttrium, whether or not intermixed or interalloyed","2024","5937.33"
"Belgium","United States of America","Import","Rare Earth Elements","280530","Earth-metals, rare; scandium and yttrium, whether or not intermixed or interalloyed","2024","4366.58"
"Belgium","World","Export","Rare Earth Elements","280530","Earth-metals, rare; scandium and yttrium, whether or not intermixed or interalloyed","2024","42656.45"
"Belgium","World","Import","Rare Earth Elements","280530","Earth-metals, rare; scandium and yttrium, whether or not intermixed or interalloyed","2024","34592.73"
"Belgium","Albania","Export","Rare Earth Elements","284610","Cerium compounds","2024","122.22"
"Belgium","United Arab Emirates","Export","Rare Earth Elements","284610","Cerium compounds","2024","757.41"
"Belgium","Australia","Export","Rare Earth Elements","284610","Cerium compounds","2024","48.28"
"Belgium","Austria","Import","Rare Earth Elements","284610","Cerium compounds","2024","86600.05"
"Belgium","Austria","Export","Rare Earth Elements","284610","Cerium compounds","2024","2901.73"
"Belgium","Canada","Export","Rare Earth Elements","284610","Cerium compounds","2024","16945.6"
"Belgium","Switzerland","Export","Rare Earth Elements","284610","Cerium compounds","2024","4215.58"
"Belgium","China","Import","Rare Earth Elements","284610","Cerium compounds","2024","10414.9"
"Belgium","China","Export","Rare Earth Elements","284610","Cerium compounds","2024","2885.68"
"Belgium","Chinese Taipei","Export","Rare Earth Elements","284610","Cerium compounds","2024","2207.88"
"Belgium","Chinese Taipei","Import","Rare Earth Elements","284610","Cerium compounds","2024","260.45"
"Belgium","Czech Republic","Import","Rare Earth Elements","284610","Cerium compounds","2024","1062.81"
"Belgium","Czech Republic","Export","Rare Earth Elements","284610","Cerium compounds","2024","686.65"
"Belgium","Germany","Export","Rare Earth Elements","284610","Cerium compounds","2024","62842.23"
"Belgium","Germany","Import","Rare Earth Elements","284610","Cerium compounds","2024","22421.62"
"Belgium","Denmark","Export","Rare Earth Elements","284610","Cerium compounds","2024","582.33"
"Belgium","Spain","Export","Rare Earth Elements","284610","Cerium compounds","2024","13290.91"
"Belgium","Spain","Import","Rare Earth Elements","284610","Cerium compounds","2024","815.01"
"Belgium","Estonia","Import","Rare Earth Elements","284610","Cerium compounds","2024","10586.79"
"Belgium","Estonia","Export","Rare Earth Elements","284610","Cerium compounds","2024","107.8"
"Belgium","Finland","Export","Rare Earth Elements","284610","Cerium compounds","2024","405.22"
"Belgium","France","Import","Rare Earth Elements","284610","Cerium compounds","2024","65655.18"
"Belgium","France","Export","Rare Earth Elements","284610","Cerium compounds","2024","38871.49"
"Belgium","United Kingdom","Export","Rare Earth Elements","284610","Cerium compounds","2024","19377.01"
"Belgium","United Kingdom","Import","Rare Earth Elements","284610","Cerium compounds","2024","7806.72"
"Belgium","Greece","Export","Rare Earth Elements","284610","Cerium compounds","2024","501.56"
"Belgium","Hong Kong, China","Export","Rare Earth Elements","284610","Cerium compounds","2024","62.44"
"Belgium","Croatia","Export","Rare Earth Elements","284610","Cerium compounds","2024","27.82"
"Belgium","Hungary","Export","Rare Earth Elements","284610","Cerium compounds","2024","2189.24"
"Belgium","Indonesia","Export","Rare Earth Elements","284610","Cerium compounds","2024","62.52"
"Belgium","India","Import","Rare Earth Elements","284610","Cerium compounds","2024","5091.09"
"Belgium","India","Export","Rare Earth Elements","284610","Cerium compounds","2024","697.63"
"Belgium","Ireland","Export","Rare Earth Elements","284610","Cerium compounds","2024","875.5"
"Belgium","Israel","Export","Rare Earth Elements","284610","Cerium compounds","2024","11992.92"
"Belgium","Italy","Export","Rare Earth Elements","284610","Cerium compounds","2024","4211.8"
"Belgium","Japan","Import","Rare Earth Elements","284610","Cerium compounds","2024","645.21"
"Belgium","Japan","Export","Rare Earth Elements","284610","Cerium compounds","2024","25.15"
"Belgium","Kazakhstan","Export","Rare Earth Elements","284610","Cerium compounds","2024","299.69"
"Belgium","Korea, Republic of","Export","Rare Earth Elements","284610","Cerium compounds","2024","9844.8"
"Belgium","Latvia","Export","Rare Earth Elements","284610","Cerium compounds","2024","575.89"
"Belgium","Morocco","Export","Rare Earth Elements","284610","Cerium compounds","2024","614.69"
"Belgium","Malta","Export","Rare Earth Elements","284610","Cerium compounds","2024","99.69"
"Belgium","Malaysia","Export","Rare Earth Elements","284610","Cerium compounds","2024","3125.74"
"Belgium","Netherlands","Import","Rare Earth Elements","284610","Cerium compounds","2024","5039.9"
"Belgium","Netherlands","Export","Rare Earth Elements","284610","Cerium compounds","2024","4323.72"
"Belgium","Norway","Export","Rare Earth Elements","284610","Cerium compounds","2024","196.68"
"Belgium","New Zealand","Export","Rare Earth Elements","284610","Cerium compounds","2024","292.31"
"Belgium","Philippines","Export","Rare Earth Elements","284610","Cerium compounds","2024","198.34"
"Belgium","Poland","Export","Rare Earth Elements","284610","Cerium compounds","2024","2964.76"
"Belgium","Portugal","Export","Rare Earth Elements","284610","Cerium compounds","2024","620.41"
"Belgium","Romania","Export","Rare Earth Elements","284610","Cerium compounds","2024","58.93"
"Belgium","Saudi Arabia, Kingdom of","Export","Rare Earth Elements","284610","Cerium compounds","2024","237.33"
"Belgium","Slovak Republic","Export","Rare Earth Elements","284610","Cerium compounds","2024","284.38"
"Belgium","Slovenia","Export","Rare Earth Elements","284610","Cerium compounds","2024","2672.09"
"Belgium","Sweden","Export","Rare Earth Elements","284610","Cerium compounds","2024","4472.43"
"Belgium","Turkiye","Export","Rare Earth Elements","284610","Cerium compounds","2024","7360.54"
"Belgium","Ukraine","Export","Rare Earth Elements","284610","Cerium compounds","2024","738.72"
"Belgium","Uruguay","Export","Rare Earth Elements","284610","Cerium compounds","2024","32.83"
"Belgium","United States of America","Import","Rare Earth Elements","284610","Cerium compounds","2024","34808.58"
"Belgium","United States of America","Export","Rare Earth Elements","284610","Cerium compounds","2024","32589.88"
"Belgium","Viet Nam","Export","Rare Earth Elements","284610","Cerium compounds","2024","42.34"
"Belgium","World","Export","Rare Earth Elements","284610","Cerium compounds","2024","258600.2"
"Belgium","World","Import","Rare Earth Elements","284610","Cerium compounds","2024","251208.31"
"Belgium","South Africa","Export","Rare Earth Elements","284610","Cerium compounds","2024","59.41"
"Belgium","Albania","Export","Rare Earth Elements","284690","Compounds, inorganic or organic (excluding cerium), of rare-earth metals, of yttrium, scandium or of mixtures of these metals","2024","1.05"
"Belgium","United Arab Emirates","Export","Rare Earth Elements","284690","Compounds, inorganic or organic (excluding cerium), of rare-earth metals, of yttrium, scandium or of mixtures of these metals","2024","84.94"
"Belgium","Australia","Export","Rare Earth Elements","284690","Compounds, inorganic or organic (excluding cerium), of rare-earth metals, of yttrium, scandium or of mixtures of these metals","2024","125.86"
"Belgium","Austria","Import","Rare Earth Elements","284690","Compounds, inorganic or organic (excluding cerium), of rare-earth metals, of yttrium, scandium or of mixtures of these metals","2024","433537.09"
"Belgium","Austria","Export","Rare Earth Elements","284690","Compounds, inorganic or organic (excluding cerium), of rare-earth metals, of yttrium, scandium or of mixtures of these metals","2024","3941.95"
"Belgium","Bulgaria","Export","Rare Earth Elements","284690","Compounds, inorganic or organic (excluding cerium), of rare-earth metals, of yttrium, scandium or of mixtures of these metals","2024","363.52"
"Belgium","Brazil","Export","Rare Earth Elements","284690","Compounds, inorganic or organic (excluding cerium), of rare-earth metals, of yttrium, scandium or of mixtures of these metals","2024","27.52"
"Belgium","Canada","Export","Rare Earth Elements","284690","Compounds, inorganic or organic (excluding cerium), of rare-earth metals, of yttrium, scandium or of mixtures of these metals","2024","721.98"
"Belgium","Switzerland","Export","Rare Earth Elements","284690","Compounds, inorganic or organic (excluding cerium), of rare-earth metals, of yttrium, scandium or of mixtures of these metals","2024","11581.68"
"Belgium","China","Import","Rare Earth Elements","284690","Compounds, inorganic or organic (excluding cerium), of rare-earth metals, of yttrium, scandium or of mixtures of these metals","2024","26436.09"
"Belgium","China","Export","Rare Earth Elements","284690","Compounds, inorganic or organic (excluding cerium), of rare-earth metals, of yttrium, scandium or of mixtures of these metals","2024","2485.05"
"Belgium","Chinese Taipei","Export","Rare Earth Elements","284690","Compounds, inorganic or organic (excluding cerium), of rare-earth metals, of yttrium, scandium or of mixtures of these metals","2024","2737.32"
"Belgium","Czech Republic","Import","Rare Earth Elements","284690","Compounds, inorganic or organic (excluding cerium), of rare-earth metals, of yttrium, scandium or of mixtures of these metals","2024","19117.09"
"Belgium","Czech Republic","Export","Rare Earth Elements","284690","Compounds, inorganic or organic (excluding cerium), of rare-earth metals, of yttrium, scandium or of mixtures of these metals","2024","1736.61"
"Belgium","Germany","Import","Rare Earth Elements","284690","Compounds, inorganic or organic (excluding cerium), of rare-earth metals, of yttrium, scandium or of mixtures of these metals","2024","49204.75"
"Belgium","Germany","Export","Rare Earth Elements","284690","Compounds, inorganic or organic (excluding cerium), of rare-earth metals, of yttrium, scandium or of mixtures of these metals","2024","14889.26"
"Belgium","Denmark","Export","Rare Earth Elements","284690","Compounds, inorganic or organic (excluding cerium), of rare-earth metals, of yttrium, scandium or of mixtures of these metals","2024","994.55"
"Belgium","Egypt","Export","Rare Earth Elements","284690","Compounds, inorganic or organic (excluding cerium), of rare-earth metals, of yttrium, scandium or of mixtures of these metals","2024","145.4"
"Belgium","Spain","Export","Rare Earth Elements","284690","Compounds, inorganic or organic (excluding cerium), of rare-earth metals, of yttrium, scandium or of mixtures of these metals","2024","7623.01"
"Belgium","Spain","Import","Rare Earth Elements","284690","Compounds, inorganic or organic (excluding cerium), of rare-earth metals, of yttrium, scandium or of mixtures of these metals","2024","1375.74"
"Belgium","Estonia","Export","Rare Earth Elements","284690","Compounds, inorganic or organic (excluding cerium), of rare-earth metals, of yttrium, scandium or of mixtures of these metals","2024","419.32"
"Belgium","Finland","Export","Rare Earth Elements","284690","Compounds, inorganic or organic (excluding cerium), of rare-earth metals, of yttrium, scandium or of mixtures of these metals","2024","1550.83"
"Belgium","France","Import","Rare Earth Elements","284690","Compounds, inorganic or organic (excluding cerium), of rare-earth metals, of yttrium, scandium or of mixtures of these metals","2024","3312059.11"
"Belgium","France","Export","Rare Earth Elements","284690","Compounds, inorganic or organic (excluding cerium), of rare-earth metals, of yttrium, scandium or of mixtures of these metals","2024","32106.56"
"Belgium","United Kingdom","Export","Rare Earth Elements","284690","Compounds, inorganic or organic (excluding cerium), of rare-earth metals, of yttrium, scandium or of mixtures of these metals","2024","19319.01"
"Belgium","United Kingdom","Import","Rare Earth Elements","284690","Compounds, inorganic or organic (excluding cerium), of rare-earth metals, of yttrium, scandium or of mixtures of these metals","2024","7937.12"
"Belgium","Guinea","Export","Rare Earth Elements","284690","Compounds, inorganic or organic (excluding cerium), of rare-earth metals, of yttrium, scandium or of mixtures of these metals","2024","166.4"
"Belgium","Greece","Export","Rare Earth Elements","284690","Compounds, inorganic or organic (excluding cerium), of rare-earth metals, of yttrium, scandium or of mixtures of these metals","2024","1386.39"
"Belgium","Hong Kong, China","Export","Rare Earth Elements","284690","Compounds, inorganic or organic (excluding cerium), of rare-earth metals, of yttrium, scandium or of mixtures of these metals","2024","67.41"
"Belgium","Hungary","Export","Rare Earth Elements","284690","Compounds, inorganic or organic (excluding cerium), of rare-earth metals, of yttrium, scandium or of mixtures of these metals","2024","986.26"
"Belgium","India","Import","Rare Earth Elements","284690","Compounds, inorganic or organic (excluding cerium), of rare-earth metals, of yttrium, scandium or of mixtures of these metals","2024","3562.49"
"Belgium","India","Export","Rare Earth Elements","284690","Compounds, inorganic or organic (excluding cerium), of rare-earth metals, of yttrium, scandium or of mixtures of these metals","2024","2476.43"
"Belgium","Ireland","Export","Rare Earth Elements","284690","Compounds, inorganic or organic (excluding cerium), of rare-earth metals, of yttrium, scandium or of mixtures of these metals","2024","893.51"
"Belgium","Ireland","Import","Rare Earth Elements","284690","Compounds, inorganic or organic (excluding cerium), of rare-earth metals, of yttrium, scandium or of mixtures of these metals","2024","96.57"
"Belgium","Israel","Import","Rare Earth Elements","284690","Compounds, inorganic or organic (excluding cerium), of rare-earth metals, of yttrium, scandium or of mixtures of these metals","2024","199675.08"
"Belgium","Israel","Export","Rare Earth Elements","284690","Compounds, inorganic or organic (excluding cerium), of rare-earth metals, of yttrium, scandium or of mixtures of these metals","2024","1141.82"
"Belgium","Italy","Import","Rare Earth Elements","284690","Compounds, inorganic or organic (excluding cerium), of rare-earth metals, of yttrium, scandium or of mixtures of these metals","2024","74227.3"
"Belgium","Italy","Export","Rare Earth Elements","284690","Compounds, inorganic or organic (excluding cerium), of rare-earth metals, of yttrium, scandium or of mixtures of these metals","2024","10297.41"
"Belgium","Jordan","Export","Rare Earth Elements","284690","Compounds, inorganic or organic (excluding cerium), of rare-earth metals, of yttrium, scandium or of mixtures of these metals","2024","46.95"
"Belgium","Japan","Export","Rare Earth Elements","284690","Compounds, inorganic or organic (excluding cerium), of rare-earth metals, of yttrium, scandium or of mixtures of these metals","2024","2544.29"
"Belgium","Japan","Import","Rare Earth Elements","284690","Compounds, inorganic or organic (excluding cerium), of rare-earth metals, of yttrium, scandium or of mixtures of these metals","2024","1473.81"
"Belgium","Korea, Republic of","Export","Rare Earth Elements","284690","Compounds, inorganic or organic (excluding cerium), of rare-earth metals, of yttrium, scandium or of mixtures of these metals","2024","11647.69"
"Belgium","Lebanese Republic","Export","Rare Earth Elements","284690","Compounds, inorganic or organic (excluding cerium), of rare-earth metals, of yttrium, scandium or of mixtures of these metals","2024","81.73"
"Belgium","Lithuania","Export","Rare Earth Elements","284690","Compounds, inorganic or organic (excluding cerium), of rare-earth metals, of yttrium, scandium or of mixtures of these metals","2024","2425.74"
"Belgium","Luxembourg","Export","Rare Earth Elements","284690","Compounds, inorganic or organic (excluding cerium), of rare-earth metals, of yttrium, scandium or of mixtures of these metals","2024","254.53"
"Belgium","Latvia","Export","Rare Earth Elements","284690","Compounds, inorganic or organic (excluding cerium), of rare-earth metals, of yttrium, scandium or of mixtures of these metals","2024","176.31"
"Belgium","Morocco","Export","Rare Earth Elements","284690","Compounds, inorganic or organic (excluding cerium), of rare-earth metals, of yttrium, scandium or of mixtures of these metals","2024","715.53"
"Belgium","Moldova, Republic of","Export","Rare Earth Elements","284690","Compounds, inorganic or organic (excluding cerium), of rare-earth metals, of yttrium, scandium or of mixtures of these metals","2024","379.21"
"Belgium","North Macedonia","Export","Rare Earth Elements","284690","Compounds, inorganic or organic (excluding cerium), of rare-earth metals, of yttrium, scandium or of mixtures of these metals","2024","184.56"
"Belgium","Malaysia","Export","Rare Earth Elements","284690","Compounds, inorganic or organic (excluding cerium), of rare-earth metals, of yttrium, scandium or of mixtures of these metals","2024","300.7"
"Belgium","Netherlands","Import","Rare Earth Elements","284690","Compounds, inorganic or organic (excluding cerium), of rare-earth metals, of yttrium, scandium or of mixtures of these metals","2024","711839.65"
"Belgium","Netherlands","Export","Rare Earth Elements","284690","Compounds, inorganic or organic (excluding cerium), of rare-earth metals, of yttrium, scandium or of mixtures of these metals","2024","12646.46"
"Belgium","Norway","Export","Rare Earth Elements","284690","Compounds, inorganic or organic (excluding cerium), of rare-earth metals, of yttrium, scandium or of mixtures of these metals","2024","159.35"
"Belgium","New Zealand","Export","Rare Earth Elements","284690","Compounds, inorganic or organic (excluding cerium), of rare-earth metals, of yttrium, scandium or of mixtures of these metals","2024","197.19"
"Belgium","Pakistan","Export","Rare Earth Elements","284690","Compounds, inorganic or organic (excluding cerium), of rare-earth metals, of yttrium, scandium or of mixtures of these metals","2024","183.31"
"Belgium","Philippines","Export","Rare Earth Elements","284690","Compounds, inorganic or organic (excluding cerium), of rare-earth metals, of yttrium, scandium or of mixtures of these metals","2024","54220.04"
"Belgium","Poland","Export","Rare Earth Elements","284690","Compounds, inorganic or organic (excluding cerium), of rare-earth metals, of yttrium, scandium or of mixtures of these metals","2024","3570.31"
"Belgium","Portugal","Export","Rare Earth Elements","284690","Compounds, inorganic or organic (excluding cerium), of rare-earth metals, of yttrium, scandium or of mixtures of these metals","2024","2385.05"
"Belgium","Romania","Export","Rare Earth Elements","284690","Compounds, inorganic or organic (excluding cerium), of rare-earth metals, of yttrium, scandium or of mixtures of these metals","2024","28225.04"
"Belgium","Russian Federation","Import","Rare Earth Elements","284690","Compounds, inorganic or organic (excluding cerium), of rare-earth metals, of yttrium, scandium or of mixtures of these metals","2024","155403.68"
"Belgium","Saudi Arabia, Kingdom of","Export","Rare Earth Elements","284690","Compounds, inorganic or organic (excluding cerium), of rare-earth metals, of yttrium, scandium or of mixtures of these metals","2024","506.29"
"Belgium","Serbia","Export","Rare Earth Elements","284690","Compounds, inorganic or organic (excluding cerium), of rare-earth metals, of yttrium, scandium or of mixtures of these metals","2024","52.81"
"Belgium","Slovak Republic","Import","Rare Earth Elements","284690","Compounds, inorganic or organic (excluding cerium), of rare-earth metals, of yttrium, scandium or of mixtures of these metals","2024","2994.84"
"Belgium","Slovak Republic","Export","Rare Earth Elements","284690","Compounds, inorganic or organic (excluding cerium), of rare-earth metals, of yttrium, scandium or of mixtures of these metals","2024","718.77"
"Belgium","Slovenia","Export","Rare Earth Elements","284690","Compounds, inorganic or organic (excluding cerium), of rare-earth metals, of yttrium, scandium or of mixtures of these metals","2024","2726.86"
"Belgium","Sweden","Export","Rare Earth Elements","284690","Compounds, inorganic or organic (excluding cerium), of rare-earth metals, of yttrium, scandium or of mixtures of these metals","2024","4961.85"
"Belgium","Thailand","Export","Rare Earth Elements","284690","Compounds, inorganic or organic (excluding cerium), of rare-earth metals, of yttrium, scandium or of mixtures of these metals","2024","828.01"
"Belgium","Turkiye","Import","Rare Earth Elements","284690","Compounds, inorganic or organic (excluding cerium), of rare-earth metals, of yttrium, scandium or of mixtures of these metals","2024","374363.19"
"Belgium","Turkiye","Export","Rare Earth Elements","284690","Compounds, inorganic or organic (excluding cerium), of rare-earth metals, of yttrium, scandium or of mixtures of these metals","2024","871.39"
"Belgium","Ukraine","Export","Rare Earth Elements","284690","Compounds, inorganic or organic (excluding cerium), of rare-earth metals, of yttrium, scandium or of mixtures of these metals","2024","1804.23"
"Belgium","Uruguay","Export","Rare Earth Elements","284690","Compounds, inorganic or organic (excluding cerium), of rare-earth metals, of yttrium, scandium or of mixtures of these metals","2024","1639.8"
"Belgium","United States of America","Import","Rare Earth Elements","284690","Compounds, inorganic or organic (excluding cerium), of rare-earth metals, of yttrium, scandium or of mixtures of these metals","2024","90435.57"
"Belgium","United States of America","Export","Rare Earth Elements","284690","Compounds, inorganic or organic (excluding cerium), of rare-earth metals, of yttrium, scandium or of mixtures of these metals","2024","68339.57"
"Belgium","Viet Nam","Export","Rare Earth Elements","284690","Compounds, inorganic or organic (excluding cerium), of rare-earth metals, of yttrium, scandium or of mixtures of these metals","2024","948.15"
"Belgium","World","Import","Rare Earth Elements","284690","Compounds, inorganic or organic (excluding cerium), of rare-earth metals, of yttrium, scandium or of mixtures of these metals","2024","5463739.170000001"
"Belgium","World","Export","Rare Earth Elements","284690","Compounds, inorganic or organic (excluding cerium), of rare-earth metals, of yttrium, scandium or of mixtures of these metals","2024","322388.16"
"Belgium","South Africa","Export","Rare Earth Elements","284690","Compounds, inorganic or organic (excluding cerium), of rare-earth metals, of yttrium, scandium or of mixtures of these metals","2024","375.39"
"Benin","European Union","Import","Rare Earth Elements","284610","Cerium compounds","2024","24.44"
"Benin","France","Import","Rare Earth Elements","284610","Cerium compounds","2024","24.44"
"Benin","World","Import","Rare Earth Elements","284610","Cerium compounds","2024","24.44"
"Benin","Turkiye","Import","Rare Earth Elements","284690","Compounds, inorganic or organic (excluding cerium), of rare-earth metals, of yttrium, scandium or of mixtures of these metals","2024","2150960.86"
"Benin","World","Import","Rare Earth Elements","284690","Compounds, inorganic or organic (excluding cerium), of rare-earth metals, of yttrium, scandium or of mixtures of these metals","2024","2150960.86"
"Burkina Faso","Germany","Import","Rare Earth Elements","284610","Cerium compounds","2024","278.15"
"Burkina Faso","European Union","Import","Rare Earth Elements","284610","Cerium compounds","2024","278.15"
"Burkina Faso","World","Import","Rare Earth Elements","284610","Cerium compounds","2024","278.15"
"Bulgaria","China","Import","Rare Earth Elements","280530","Earth-metals, rare; scandium and yttrium, whether or not intermixed or interalloyed","2024","825.29"
"Bulgaria","World","Import","Rare Earth Elements","280530","Earth-metals, rare; scandium and yttrium, whether or not intermixed or interalloyed","2024","825.29"
"Bahrain, Kingdom of","Saudi Arabia, Kingdom of","Export","Rare Earth Elements","280530","Earth-metals, rare; scandium and yttrium, whether or not intermixed or interalloyed","2024","2.66"
"Bahrain, Kingdom of","World","Export","Rare Earth Elements","280530","Earth-metals, rare; scandium and yttrium, whether or not intermixed or interalloyed","2024","2.66"
"Bahrain, Kingdom of","China","Import","Rare Earth Elements","284610","Cerium compounds","2024","2770.88"
"Bahrain, Kingdom of","United States of America","Import","Rare Earth Elements","284610","Cerium compounds","2024","117.69"
"Bahrain, Kingdom of","World","Import","Rare Earth Elements","284610","Cerium compounds","2024","2888.57"
"Bahrain, Kingdom of","India","Import","Rare Earth Elements","284690","Compounds, inorganic or organic (excluding cerium), of rare-earth metals, of yttrium, scandium or of mixtures of these metals","2024","604.73"
"Bahrain, Kingdom of","World","Import","Rare Earth Elements","284690","Compounds, inorganic or organic (excluding cerium), of rare-earth metals, of yttrium, scandium or of mixtures of these metals","2024","604.73"
"Bahamas","United States of America","Import","Rare Earth Elements","280530","Earth-metals, rare; scandium and yttrium, whether or not intermixed or interalloyed","2024","263"
"Bahamas","World","Import","Rare Earth Elements","280530","Earth-metals, rare; scandium and yttrium, whether or not intermixed or interalloyed","2024","263"
"Bahamas","United States of America","Import","Rare Earth Elements","284610","Cerium compounds","2024","1990"
"Bahamas","United States of America","Export","Rare Earth Elements","284610","Cerium compounds","2024","700"
"Bahamas","World","Import","Rare Earth Elements","284610","Cerium compounds","2024","1990"
"Bahamas","World","Export","Rare Earth Elements","284610","Cerium compounds","2024","700"
"Bosnia and Herzegovina","Belgium","Import","Rare Earth Elements","284610","Cerium compounds","2024","290.88"
"Bosnia and Herzegovina","Germany","Import","Rare Earth Elements","284610","Cerium compounds","2024","118.07"
"Bosnia and Herzegovina","European Union","Import","Rare Earth Elements","284610","Cerium compounds","2024","408.95"
"Bosnia and Herzegovina","India","Import","Rare Earth Elements","284610","Cerium compounds","2024","39.75"
"Bosnia and Herzegovina","United States of America","Import","Rare Earth Elements","284610","Cerium compounds","2024","1491.21"
"Bosnia and Herzegovina","World","Import","Rare Earth Elements","284610","Cerium compounds","2024","1939.91"
"Bosnia and Herzegovina","China","Import","Rare Earth Elements","284690","Compounds, inorganic or organic (excluding cerium), of rare-earth metals, of yttrium, scandium or of mixtures of these metals","2024","207.3"
"Bosnia and Herzegovina","Germany","Import","Rare Earth Elements","284690","Compounds, inorganic or organic (excluding cerium), of rare-earth metals, of yttrium, scandium or of mixtures of these metals","2024","292.35"
"Bosnia and Herzegovina","European Union","Import","Rare Earth Elements","284690","Compounds, inorganic or organic (excluding cerium), of rare-earth metals, of yttrium, scandium or of mixtures of these metals","2024","292.35"
"Bosnia and Herzegovina","Turkiye","Import","Rare Earth Elements","284690","Compounds, inorganic or organic (excluding cerium), of rare-earth metals, of yttrium, scandium or of mixtures of these metals","2024","28.2"
"Bosnia and Herzegovina","World","Import","Rare Earth Elements","284690","Compounds, inorganic or organic (excluding cerium), of rare-earth metals, of yttrium, scandium or of mixtures of these metals","2024","527.85"
"Bermuda","United States of America","Import","Rare Earth Elements","284690","Compounds, inorganic or organic (excluding cerium), of rare-earth metals, of yttrium, scandium or of mixtures of these metals","2024","87.28"
"Bermuda","World","Import","Rare Earth Elements","284690","Compounds, inorganic or organic (excluding cerium), of rare-earth metals, of yttrium, scandium or of mixtures of these metals","2024","87.28"
"Bolivia, Plurinational State of","Germany","Import","Rare Earth Elements","284610","Cerium compounds","2024","369"
"Bolivia, Plurinational State of","European Union","Import","Rare Earth Elements","284610","Cerium compounds","2024","369"
"Bolivia, Plurinational State of","World","Import","Rare Earth Elements","284610","Cerium compounds","2024","369"
"Bolivia, Plurinational State of","Austria","Import","Rare Earth Elements","284690","Compounds, inorganic or organic (excluding cerium), of rare-earth metals, of yttrium, scandium or of mixtures of these metals","2024","313"
"Bolivia, Plurinational State of","European Union","Import","Rare Earth Elements","284690","Compounds, inorganic or organic (excluding cerium), of rare-earth metals, of yttrium, scandium or of mixtures of these metals","2024","2933"
"Bolivia, Plurinational State of","France","Import","Rare Earth Elements","284690","Compounds, inorganic or organic (excluding cerium), of rare-earth metals, of yttrium, scandium or of mixtures of these metals","2024","2620"
"Bolivia, Plurinational State of","World","Import","Rare Earth Elements","284690","Compounds, inorganic or organic (excluding cerium), of rare-earth metals, of yttrium, scandium or of mixtures of these metals","2024","2933"
"Brazil","Austria","Import","Rare Earth Elements","280530","Earth-metals, rare; scandium and yttrium, whether or not intermixed or interalloyed","2024","25359"
"Brazil","China","Import","Rare Earth Elements","280530","Earth-metals, rare; scandium and yttrium, whether or not intermixed or interalloyed","2024","983231"
"Brazil","European Union","Import","Rare Earth Elements","280530","Earth-metals, rare; scandium and yttrium, whether or not intermixed or interalloyed","2024","25359"
"Brazil","United States of America","Import","Rare Earth Elements","280530","Earth-metals, rare; scandium and yttrium, whether or not intermixed or interalloyed","2024","301"
"Brazil","World","Import","Rare Earth Elements","280530","Earth-metals, rare; scandium and yttrium, whether or not intermixed or interalloyed","2024","1008891"
"Brazil","Austria","Import","Rare Earth Elements","284610","Cerium compounds","2024","1923"
"Brazil","Switzerland","Import","Rare Earth Elements","284610","Cerium compounds","2024","3188"
"Brazil","Chile","Export","Rare Earth Elements","284610","Cerium compounds","2024","1203"
"Brazil","China","Import","Rare Earth Elements","284610","Cerium compounds","2024","206923"
"Brazil","Germany","Import","Rare Earth Elements","284610","Cerium compounds","2024","1704"
"Brazil","European Union","Import","Rare Earth Elements","284610","Cerium compounds","2024","6727"
"Brazil","France","Import","Rare Earth Elements","284610","Cerium compounds","2024","741"
"Brazil","United Kingdom","Import","Rare Earth Elements","284610","Cerium compounds","2024","1702"
"Brazil","Hong Kong, China","Import","Rare Earth Elements","284610","Cerium compounds","2024","27121"
"Brazil","India","Import","Rare Earth Elements","284610","Cerium compounds","2024","26120"
"Brazil","Italy","Import","Rare Earth Elements","284610","Cerium compounds","2024","2359"
"Brazil","Paraguay","Export","Rare Earth Elements","284610","Cerium compounds","2024","1314"
"Brazil","Turkiye","Export","Rare Earth Elements","284610","Cerium compounds","2024","100"
"Brazil","United States of America","Import","Rare Earth Elements","284610","Cerium compounds","2024","20561"
"Brazil","World","Import","Rare Earth Elements","284610","Cerium compounds","2024","292342"
"Brazil","World","Export","Rare Earth Elements","284610","Cerium compounds","2024","17224"
"Brazil","South Africa","Export","Rare Earth Elements","284610","Cerium compounds","2024","14607"
"Brazil","Australia","Export","Rare Earth Elements","284690","Compounds, inorganic or organic (excluding cerium), of rare-earth metals, of yttrium, scandium or of mixtures of these metals","2024","5"
"Brazil","Austria","Import","Rare Earth Elements","284690","Compounds, inorganic or organic (excluding cerium), of rare-earth metals, of yttrium, scandium or of mixtures of these metals","2024","35929"
"Brazil","Canada","Import","Rare Earth Elements","284690","Compounds, inorganic or organic (excluding cerium), of rare-earth metals, of yttrium, scandium or of mixtures of these metals","2024","220"
"Brazil","Switzerland","Import","Rare Earth Elements","284690","Compounds, inorganic or organic (excluding cerium), of rare-earth metals, of yttrium, scandium or of mixtures of these metals","2024","110"
"Brazil","China","Export","Rare Earth Elements","284690","Compounds, inorganic or organic (excluding cerium), of rare-earth metals, of yttrium, scandium or of mixtures of these metals","2024","2165321"
"Brazil","China","Import","Rare Earth Elements","284690","Compounds, inorganic or organic (excluding cerium), of rare-earth metals, of yttrium, scandium or of mixtures of these metals","2024","743594"
"Brazil","Germany","Import","Rare Earth Elements","284690","Compounds, inorganic or organic (excluding cerium), of rare-earth metals, of yttrium, scandium or of mixtures of these metals","2024","2561"
"Brazil","European Union","Import","Rare Earth Elements","284690","Compounds, inorganic or organic (excluding cerium), of rare-earth metals, of yttrium, scandium or of mixtures of these metals","2024","1079192"
"Brazil","France","Import","Rare Earth Elements","284690","Compounds, inorganic or organic (excluding cerium), of rare-earth metals, of yttrium, scandium or of mixtures of these metals","2024","1040285"
"Brazil","United Kingdom","Import","Rare Earth Elements","284690","Compounds, inorganic or organic (excluding cerium), of rare-earth metals, of yttrium, scandium or of mixtures of these metals","2024","771"
"Brazil","India","Import","Rare Earth Elements","284690","Compounds, inorganic or organic (excluding cerium), of rare-earth metals, of yttrium, scandium or of mixtures of these metals","2024","5731"
"Brazil","Italy","Import","Rare Earth Elements","284690","Compounds, inorganic or organic (excluding cerium), of rare-earth metals, of yttrium, scandium or of mixtures of these metals","2024","417"
"Brazil","Japan","Import","Rare Earth Elements","284690","Compounds, inorganic or organic (excluding cerium), of rare-earth metals, of yttrium, scandium or of mixtures of these metals","2024","2469"
"Brazil","Korea, Republic of","Import","Rare Earth Elements","284690","Compounds, inorganic or organic (excluding cerium), of rare-earth metals, of yttrium, scandium or of mixtures of these metals","2024","1061"
"Brazil","United States of America","Import","Rare Earth Elements","284690","Compounds, inorganic or organic (excluding cerium), of rare-earth metals, of yttrium, scandium or of mixtures of these metals","2024","96857"
"Brazil","United States of America","Export","Rare Earth Elements","284690","Compounds, inorganic or organic (excluding cerium), of rare-earth metals, of yttrium, scandium or of mixtures of these metals","2024","20"
"Brazil","World","Export","Rare Earth Elements","284690","Compounds, inorganic or organic (excluding cerium), of rare-earth metals, of yttrium, scandium or of mixtures of these metals","2024","2165346"
"Brazil","World","Import","Rare Earth Elements","284690","Compounds, inorganic or organic (excluding cerium), of rare-earth metals, of yttrium, scandium or of mixtures of these metals","2024","1930005"
"Botswana","European Union","Export","Rare Earth Elements","284690","Compounds, inorganic or organic (excluding cerium), of rare-earth metals, of yttrium, scandium or of mixtures of these metals","2024","1"
"Botswana","France","Export","Rare Earth Elements","284690","Compounds, inorganic or organic (excluding cerium), of rare-earth metals, of yttrium, scandium or of mixtures of these metals","2024","1"
"Botswana","World","Import","Rare Earth Elements","284690","Compounds, inorganic or organic (excluding cerium), of rare-earth metals, of yttrium, scandium or of mixtures of these metals","2024","245"
"Botswana","World","Export","Rare Earth Elements","284690","Compounds, inorganic or organic (excluding cerium), of rare-earth metals, of yttrium, scandium or of mixtures of these metals","2024","1"
"Botswana","South Africa","Import","Rare Earth Elements","284690","Compounds, inorganic or organic (excluding cerium), of rare-earth metals, of yttrium, scandium or of mixtures of these metals","2024","245"
"Canada","Austria","Import","Rare Earth Elements","280530","Earth-metals, rare; scandium and yttrium, whether or not intermixed or interalloyed","2024","142977.0111585"
"Canada","Belgium","Import","Rare Earth Elements","280530","Earth-metals, rare; scandium and yttrium, whether or not intermixed or interalloyed","2024","135.0996086"
"Canada","China","Import","Rare Earth Elements","280530","Earth-metals, rare; scandium and yttrium, whether or not intermixed or interalloyed","2024","563077.6421102"
"Canada","Germany","Import","Rare Earth Elements","280530","Earth-metals, rare; scandium and yttrium, whether or not intermixed or interalloyed","2024","725.8865455"
"Canada","European Union","Import","Rare Earth Elements","280530","Earth-metals, rare; scandium and yttrium, whether or not intermixed or interalloyed","2024","143837.9973126"
"Canada","European Union","Export","Rare Earth Elements","280530","Earth-metals, rare; scandium and yttrium, whether or not intermixed or interalloyed","2024","727.9400024414062"
"Canada","United Kingdom","Import","Rare Earth Elements","280530","Earth-metals, rare; scandium and yttrium, whether or not intermixed or interalloyed","2024","16002.3660688"
"Canada","Hungary","Export","Rare Earth Elements","280530","Earth-metals, rare; scandium and yttrium, whether or not intermixed or interalloyed","2024","727.94"
"Canada","India","Export","Rare Earth Elements","280530","Earth-metals, rare; scandium and yttrium, whether or not intermixed or interalloyed","2024","2272.68"
"Canada","Korea, Republic of","Import","Rare Earth Elements","280530","Earth-metals, rare; scandium and yttrium, whether or not intermixed or interalloyed","2024","20.4475083"
"Canada","United States of America","Export","Rare Earth Elements","280530","Earth-metals, rare; scandium and yttrium, whether or not intermixed or interalloyed","2024","1323391.78"
"Canada","United States of America","Import","Rare Earth Elements","280530","Earth-metals, rare; scandium and yttrium, whether or not intermixed or interalloyed","2024","329173.4825028"
"Canada","World","Export","Rare Earth Elements","280530","Earth-metals, rare; scandium and yttrium, whether or not intermixed or interalloyed","2024","1326392.4"
"Canada","World","Import","Rare Earth Elements","280530","Earth-metals, rare; scandium and yttrium, whether or not intermixed or interalloyed","2024","1052111.9355027"
"Canada","Austria","Import","Rare Earth Elements","284610","Cerium compounds","2024","20036.3673541"
"Canada","Brazil","Export","Rare Earth Elements","284610","Cerium compounds","2024","7863.4"
"Canada","Switzerland","Import","Rare Earth Elements","284610","Cerium compounds","2024","1619.0044985"
"Canada","China","Import","Rare Earth Elements","284610","Cerium compounds","2024","116896.944558"
"Canada","Germany","Export","Rare Earth Elements","284610","Cerium compounds","2024","5254.96"
"Canada","Germany","Import","Rare Earth Elements","284610","Cerium compounds","2024","3960.9744698"
"Canada","European Union","Import","Rare Earth Elements","284610","Cerium compounds","2024","37077.1747385"
"Canada","European Union","Export","Rare Earth Elements","284610","Cerium compounds","2024","5254.9599609375"
"Canada","Spain","Import","Rare Earth Elements","284610","Cerium compounds","2024","159.9287258"
"Canada","France","Import","Rare Earth Elements","284610","Cerium compounds","2024","2630.4258924"
"Canada","United Kingdom","Import","Rare Earth Elements","284610","Cerium compounds","2024","491.470468"
"Canada","India","Import","Rare Earth Elements","284610","Cerium compounds","2024","92.7440556"
"Canada","Italy","Import","Rare Earth Elements","284610","Cerium compounds","2024","10289.4782964"
"Canada","Japan","Export","Rare Earth Elements","284610","Cerium compounds","2024","105698.84"
"Canada","Japan","Import","Rare Earth Elements","284610","Cerium compounds","2024","1260.4428346"
"Canada","Malaysia","Export","Rare Earth Elements","284610","Cerium compounds","2024","64917.5"
"Canada","Russian Federation","Import","Rare Earth Elements","284610","Cerium compounds","2024","123.4153181"
"Canada","Thailand","Import","Rare Earth Elements","284610","Cerium compounds","2024","209.5869603"
"Canada","United States of America","Import","Rare Earth Elements","284610","Cerium compounds","2024","500262.8965356"
"Canada","United States of America","Export","Rare Earth Elements","284610","Cerium compounds","2024","230467.91"
"Canada","World","Import","Rare Earth Elements","284610","Cerium compounds","2024","658033.6799672"
"Canada","World","Export","Rare Earth Elements","284610","Cerium compounds","2024","414202.61"
"Canada","United Arab Emirates","Export","Rare Earth Elements","284690","Compounds, inorganic or organic (excluding cerium), of rare-earth metals, of yttrium, scandium or of mixtures of these metals","2024","1409.32"
"Canada","Australia","Export","Rare Earth Elements","284690","Compounds, inorganic or organic (excluding cerium), of rare-earth metals, of yttrium, scandium or of mixtures of these metals","2024","76179.34"
"Canada","Australia","Import","Rare Earth Elements","284690","Compounds, inorganic or organic (excluding cerium), of rare-earth metals, of yttrium, scandium or of mixtures of these metals","2024","6677.5720044"
"Canada","Austria","Import","Rare Earth Elements","284690","Compounds, inorganic or organic (excluding cerium), of rare-earth metals, of yttrium, scandium or of mixtures of these metals","2024","6861.5995794"
"Canada","Belgium","Export","Rare Earth Elements","284690","Compounds, inorganic or organic (excluding cerium), of rare-earth metals, of yttrium, scandium or of mixtures of these metals","2024","12696.56"
"Canada","Belgium","Import","Rare Earth Elements","284690","Compounds, inorganic or organic (excluding cerium), of rare-earth metals, of yttrium, scandium or of mixtures of these metals","2024","227.8436642"
"Canada","Bangladesh","Export","Rare Earth Elements","284690","Compounds, inorganic or organic (excluding cerium), of rare-earth metals, of yttrium, scandium or of mixtures of these metals","2024","57.84"
"Canada","Switzerland","Import","Rare Earth Elements","284690","Compounds, inorganic or organic (excluding cerium), of rare-earth metals, of yttrium, scandium or of mixtures of these metals","2024","15838.7860022"
"Canada","Switzerland","Export","Rare Earth Elements","284690","Compounds, inorganic or organic (excluding cerium), of rare-earth metals, of yttrium, scandium or of mixtures of these metals","2024","73.36"
"Canada","Chile","Import","Rare Earth Elements","284690","Compounds, inorganic or organic (excluding cerium), of rare-earth metals, of yttrium, scandium or of mixtures of these metals","2024","5.1118771"
"Canada","China","Import","Rare Earth Elements","284690","Compounds, inorganic or organic (excluding cerium), of rare-earth metals, of yttrium, scandium or of mixtures of these metals","2024","1005696.0916048"
"Canada","Czech Republic","Import","Rare Earth Elements","284690","Compounds, inorganic or organic (excluding cerium), of rare-earth metals, of yttrium, scandium or of mixtures of these metals","2024","281.1532395"
"Canada","Germany","Export","Rare Earth Elements","284690","Compounds, inorganic or organic (excluding cerium), of rare-earth metals, of yttrium, scandium or of mixtures of these metals","2024","21957.28"
"Canada","Germany","Import","Rare Earth Elements","284690","Compounds, inorganic or organic (excluding cerium), of rare-earth metals, of yttrium, scandium or of mixtures of these metals","2024","62.8030613"
"Canada","European Union","Import","Rare Earth Elements","284690","Compounds, inorganic or organic (excluding cerium), of rare-earth metals, of yttrium, scandium or of mixtures of these metals","2024","299330.3441025"
"Canada","European Union","Export","Rare Earth Elements","284690","Compounds, inorganic or organic (excluding cerium), of rare-earth metals, of yttrium, scandium or of mixtures of these metals","2024","138575.171875"
"Canada","Spain","Export","Rare Earth Elements","284690","Compounds, inorganic or organic (excluding cerium), of rare-earth metals, of yttrium, scandium or of mixtures of these metals","2024","2462.43"
"Canada","France","Import","Rare Earth Elements","284690","Compounds, inorganic or organic (excluding cerium), of rare-earth metals, of yttrium, scandium or of mixtures of these metals","2024","291387.9476544"
"Canada","France","Export","Rare Earth Elements","284690","Compounds, inorganic or organic (excluding cerium), of rare-earth metals, of yttrium, scandium or of mixtures of these metals","2024","37976.11"
"Canada","United Kingdom","Import","Rare Earth Elements","284690","Compounds, inorganic or organic (excluding cerium), of rare-earth metals, of yttrium, scandium or of mixtures of these metals","2024","54595.5774961"
"Canada","United Kingdom","Export","Rare Earth Elements","284690","Compounds, inorganic or organic (excluding cerium), of rare-earth metals, of yttrium, scandium or of mixtures of these metals","2024","11642.74"
"Canada","India","Import","Rare Earth Elements","284690","Compounds, inorganic or organic (excluding cerium), of rare-earth metals, of yttrium, scandium or of mixtures of these metals","2024","417023.2809488"
"Canada","India","Export","Rare Earth Elements","284690","Compounds, inorganic or organic (excluding cerium), of rare-earth metals, of yttrium, scandium or of mixtures of these metals","2024","95.93"
"Canada","Israel","Import","Rare Earth Elements","284690","Compounds, inorganic or organic (excluding cerium), of rare-earth metals, of yttrium, scandium or of mixtures of these metals","2024","27282.8182509"
"Canada","Israel","Export","Rare Earth Elements","284690","Compounds, inorganic or organic (excluding cerium), of rare-earth metals, of yttrium, scandium or of mixtures of these metals","2024","9571.79"
"Canada","Jordan","Export","Rare Earth Elements","284690","Compounds, inorganic or organic (excluding cerium), of rare-earth metals, of yttrium, scandium or of mixtures of these metals","2024","2539.31"
"Canada","Japan","Import","Rare Earth Elements","284690","Compounds, inorganic or organic (excluding cerium), of rare-earth metals, of yttrium, scandium or of mixtures of these metals","2024","5628.1766665"
"Canada","Korea, Republic of","Export","Rare Earth Elements","284690","Compounds, inorganic or organic (excluding cerium), of rare-earth metals, of yttrium, scandium or of mixtures of these metals","2024","847.14"
"Canada","Malaysia","Import","Rare Earth Elements","284690","Compounds, inorganic or organic (excluding cerium), of rare-earth metals, of yttrium, scandium or of mixtures of these metals","2024","397912.8936145"
"Canada","Netherlands","Export","Rare Earth Elements","284690","Compounds, inorganic or organic (excluding cerium), of rare-earth metals, of yttrium, scandium or of mixtures of these metals","2024","63482.79"
"Canada","Netherlands","Import","Rare Earth Elements","284690","Compounds, inorganic or organic (excluding cerium), of rare-earth metals, of yttrium, scandium or of mixtures of these metals","2024","508.9969037"
"Canada","Norway","Export","Rare Earth Elements","284690","Compounds, inorganic or organic (excluding cerium), of rare-earth metals, of yttrium, scandium or of mixtures of these metals","2024","13952.11"
"Canada","Russian Federation","Import","Rare Earth Elements","284690","Compounds, inorganic or organic (excluding cerium), of rare-earth metals, of yttrium, scandium or of mixtures of these metals","2024","5133.7851259"
"Canada","Thailand","Export","Rare Earth Elements","284690","Compounds, inorganic or organic (excluding cerium), of rare-earth metals, of yttrium, scandium or of mixtures of these metals","2024","110259.02"
"Canada","Turkiye","Import","Rare Earth Elements","284690","Compounds, inorganic or organic (excluding cerium), of rare-earth metals, of yttrium, scandium or of mixtures of these metals","2024","2196.6466086"
"Canada","United States of America","Export","Rare Earth Elements","284690","Compounds, inorganic or organic (excluding cerium), of rare-earth metals, of yttrium, scandium or of mixtures of these metals","2024","1916610.91"
"Canada","United States of America","Import","Rare Earth Elements","284690","Compounds, inorganic or organic (excluding cerium), of rare-earth metals, of yttrium, scandium or of mixtures of these metals","2024","988703.4819186"
"Canada","Viet Nam","Export","Rare Earth Elements","284690","Compounds, inorganic or organic (excluding cerium), of rare-earth metals, of yttrium, scandium or of mixtures of these metals","2024","393.59"
"Canada","World","Import","Rare Earth Elements","284690","Compounds, inorganic or organic (excluding cerium), of rare-earth metals, of yttrium, scandium or of mixtures of these metals","2024","3226024.566220901"
"Canada","World","Export","Rare Earth Elements","284690","Compounds, inorganic or organic (excluding cerium), of rare-earth metals, of yttrium, scandium or of mixtures of these metals","2024","2320297.24"
"Canada","South Africa","Export","Rare Earth Elements","284690","Compounds, inorganic or organic (excluding cerium), of rare-earth metals, of yttrium, scandium or of mixtures of these metals","2024","38089.67"
"Switzerland","Austria","Export","Rare Earth Elements","280530","Earth-metals, rare; scandium and yttrium, whether or not intermixed or interalloyed","2024","16788.8"
"Switzerland","Belgium","Export","Rare Earth Elements","280530","Earth-metals, rare; scandium and yttrium, whether or not intermixed or interalloyed","2024","2168.03"
"Switzerland","China","Import","Rare Earth Elements","280530","Earth-metals, rare; scandium and yttrium, whether or not intermixed or interalloyed","2024","15152.6366053"
"Switzerland","Germany","Export","Rare Earth Elements","280530","Earth-metals, rare; scandium and yttrium, whether or not intermixed or interalloyed","2024","1464.43"
"Switzerland","European Union","Import","Rare Earth Elements","280530","Earth-metals, rare; scandium and yttrium, whether or not intermixed or interalloyed","2024","45605.5631223"
"Switzerland","European Union","Export","Rare Earth Elements","280530","Earth-metals, rare; scandium and yttrium, whether or not intermixed or interalloyed","2024","36054.21875"
"Switzerland","Spain","Export","Rare Earth Elements","280530","Earth-metals, rare; scandium and yttrium, whether or not intermixed or interalloyed","2024","1393.74"
"Switzerland","France","Export","Rare Earth Elements","280530","Earth-metals, rare; scandium and yttrium, whether or not intermixed or interalloyed","2024","13929.5"
"Switzerland","United Kingdom","Import","Rare Earth Elements","280530","Earth-metals, rare; scandium and yttrium, whether or not intermixed or interalloyed","2024","2844.0298373"
"Switzerland","Croatia","Export","Rare Earth Elements","280530","Earth-metals, rare; scandium and yttrium, whether or not intermixed or interalloyed","2024","154.86"
"Switzerland","Serbia","Export","Rare Earth Elements","280530","Earth-metals, rare; scandium and yttrium, whether or not intermixed or interalloyed","2024","3498.93"
"Switzerland","Sweden","Export","Rare Earth Elements","280530","Earth-metals, rare; scandium and yttrium, whether or not intermixed or interalloyed","2024","154.86"
"Switzerland","United States of America","Import","Rare Earth Elements","280530","Earth-metals, rare; scandium and yttrium, whether or not intermixed or interalloyed","2024","24022.0571324"
"Switzerland","World","Import","Rare Earth Elements","280530","Earth-metals, rare; scandium and yttrium, whether or not intermixed or interalloyed","2024","42018.723575"
"Switzerland","World","Export","Rare Earth Elements","280530","Earth-metals, rare; scandium and yttrium, whether or not intermixed or interalloyed","2024","39553.15"
"Switzerland","Austria","Export","Rare Earth Elements","284610","Cerium compounds","2024","4347.29"
"Switzerland","China","Export","Rare Earth Elements","284610","Cerium compounds","2024","118592.12"
"Switzerland","China","Import","Rare Earth Elements","284610","Cerium compounds","2024","12778.8257587"
"Switzerland","Germany","Export","Rare Earth Elements","284610","Cerium compounds","2024","55237.73"
"Switzerland","European Union","Import","Rare Earth Elements","284610","Cerium compounds","2024","620331.2923734"
"Switzerland","European Union","Export","Rare Earth Elements","284610","Cerium compounds","2024","67378.5"
"Switzerland","France","Export","Rare Earth Elements","284610","Cerium compounds","2024","969.56"
"Switzerland","United Kingdom","Import","Rare Earth Elements","284610","Cerium compounds","2024","3753.8013628"
"Switzerland","India","Import","Rare Earth Elements","284610","Cerium compounds","2024","12476.7043782"
"Switzerland","India","Export","Rare Earth Elements","284610","Cerium compounds","2024","4215.99"
"Switzerland","Israel","Export","Rare Earth Elements","284610","Cerium compounds","2024","12269.82"
"Switzerland","Italy","Export","Rare Earth Elements","284610","Cerium compounds","2024","6823.92"
"Switzerland","Korea, Republic of","Export","Rare Earth Elements","284610","Cerium compounds","2024","2272.4"
"Switzerland","Russian Federation","Export","Rare Earth Elements","284610","Cerium compounds","2024","783.27"
"Switzerland","Serbia","Export","Rare Earth Elements","284610","Cerium compounds","2024","7739.61"
"Switzerland","United States of America","Import","Rare Earth Elements","284610","Cerium compounds","2024","137693.522847"
"Switzerland","United States of America","Export","Rare Earth Elements","284610","Cerium compounds","2024","42499.97"
"Switzerland","World","Export","Rare Earth Elements","284610","Cerium compounds","2024","255751.68"
"Switzerland","World","Import","Rare Earth Elements","284610","Cerium compounds","2024","166702.8543467"
"Switzerland","Australia","Import","Rare Earth Elements","284690","Compounds, inorganic or organic (excluding cerium), of rare-earth metals, of yttrium, scandium or of mixtures of these metals","2024","15319.5984209"
"Switzerland","Bulgaria","Export","Rare Earth Elements","284690","Compounds, inorganic or organic (excluding cerium), of rare-earth metals, of yttrium, scandium or of mixtures of these metals","2024","7021.42"
"Switzerland","Brazil","Export","Rare Earth Elements","284690","Compounds, inorganic or organic (excluding cerium), of rare-earth metals, of yttrium, scandium or of mixtures of these metals","2024","40618.09"
"Switzerland","Canada","Import","Rare Earth Elements","284690","Compounds, inorganic or organic (excluding cerium), of rare-earth metals, of yttrium, scandium or of mixtures of these metals","2024","43178.3699264"
"Switzerland","China","Import","Rare Earth Elements","284690","Compounds, inorganic or organic (excluding cerium), of rare-earth metals, of yttrium, scandium or of mixtures of these metals","2024","964604.2844068"
"Switzerland","Czech Republic","Export","Rare Earth Elements","284690","Compounds, inorganic or organic (excluding cerium), of rare-earth metals, of yttrium, scandium or of mixtures of these metals","2024","1034.64"
"Switzerland","Germany","Export","Rare Earth Elements","284690","Compounds, inorganic or organic (excluding cerium), of rare-earth metals, of yttrium, scandium or of mixtures of these metals","2024","49659.42"
"Switzerland","European Union","Import","Rare Earth Elements","284690","Compounds, inorganic or organic (excluding cerium), of rare-earth metals, of yttrium, scandium or of mixtures of these metals","2024","1870720.8226182"
"Switzerland","European Union","Export","Rare Earth Elements","284690","Compounds, inorganic or organic (excluding cerium), of rare-earth metals, of yttrium, scandium or of mixtures of these metals","2024","454791.125"
"Switzerland","Spain","Export","Rare Earth Elements","284690","Compounds, inorganic or organic (excluding cerium), of rare-earth metals, of yttrium, scandium or of mixtures of these metals","2024","13320.17"
"Switzerland","France","Export","Rare Earth Elements","284690","Compounds, inorganic or organic (excluding cerium), of rare-earth metals, of yttrium, scandium or of mixtures of these metals","2024","8209.8"
"Switzerland","United Kingdom","Export","Rare Earth Elements","284690","Compounds, inorganic or organic (excluding cerium), of rare-earth metals, of yttrium, scandium or of mixtures of these metals","2024","27806.27"
"Switzerland","United Kingdom","Import","Rare Earth Elements","284690","Compounds, inorganic or organic (excluding cerium), of rare-earth metals, of yttrium, scandium or of mixtures of these metals","2024","18979.1288266"
"Switzerland","Hungary","Export","Rare Earth Elements","284690","Compounds, inorganic or organic (excluding cerium), of rare-earth metals, of yttrium, scandium or of mixtures of these metals","2024","4728.83"
"Switzerland","India","Export","Rare Earth Elements","284690","Compounds, inorganic or organic (excluding cerium), of rare-earth metals, of yttrium, scandium or of mixtures of these metals","2024","20261.92"
"Switzerland","India","Import","Rare Earth Elements","284690","Compounds, inorganic or organic (excluding cerium), of rare-earth metals, of yttrium, scandium or of mixtures of these metals","2024","189.6777088"
"Switzerland","Israel","Export","Rare Earth Elements","284690","Compounds, inorganic or organic (excluding cerium), of rare-earth metals, of yttrium, scandium or of mixtures of these metals","2024","57624.59"
"Switzerland","Italy","Export","Rare Earth Elements","284690","Compounds, inorganic or organic (excluding cerium), of rare-earth metals, of yttrium, scandium or of mixtures of these metals","2024","344690.45"
"Switzerland","Japan","Import","Rare Earth Elements","284690","Compounds, inorganic or organic (excluding cerium), of rare-earth metals, of yttrium, scandium or of mixtures of these metals","2024","6505.8318323"
"Switzerland","Japan","Export","Rare Earth Elements","284690","Compounds, inorganic or organic (excluding cerium), of rare-earth metals, of yttrium, scandium or of mixtures of these metals","2024","646.37"
"Switzerland","Korea, Republic of","Import","Rare Earth Elements","284690","Compounds, inorganic or organic (excluding cerium), of rare-earth metals, of yttrium, scandium or of mixtures of these metals","2024","843546.7459956"
"Switzerland","Korea, Republic of","Export","Rare Earth Elements","284690","Compounds, inorganic or organic (excluding cerium), of rare-earth metals, of yttrium, scandium or of mixtures of these metals","2024","3888.32"
"Switzerland","Poland","Export","Rare Earth Elements","284690","Compounds, inorganic or organic (excluding cerium), of rare-earth metals, of yttrium, scandium or of mixtures of these metals","2024","3757.03"
"Switzerland","Romania","Export","Rare Earth Elements","284690","Compounds, inorganic or organic (excluding cerium), of rare-earth metals, of yttrium, scandium or of mixtures of these metals","2024","19621.15"
"Switzerland","Russian Federation","Export","Rare Earth Elements","284690","Compounds, inorganic or organic (excluding cerium), of rare-earth metals, of yttrium, scandium or of mixtures of these metals","2024","6399.74"
"Switzerland","Singapore","Export","Rare Earth Elements","284690","Compounds, inorganic or organic (excluding cerium), of rare-earth metals, of yttrium, scandium or of mixtures of these metals","2024","28137.31"
"Switzerland","Sweden","Export","Rare Earth Elements","284690","Compounds, inorganic or organic (excluding cerium), of rare-earth metals, of yttrium, scandium or of mixtures of these metals","2024","2748.2"
"Switzerland","Turkiye","Export","Rare Earth Elements","284690","Compounds, inorganic or organic (excluding cerium), of rare-earth metals, of yttrium, scandium or of mixtures of these metals","2024","3539.33"
"Switzerland","Turkiye","Import","Rare Earth Elements","284690","Compounds, inorganic or organic (excluding cerium), of rare-earth metals, of yttrium, scandium or of mixtures of these metals","2024","1462.9035265"
"Switzerland","United States of America","Import","Rare Earth Elements","284690","Compounds, inorganic or organic (excluding cerium), of rare-earth metals, of yttrium, scandium or of mixtures of these metals","2024","1460275.2976965"
"Switzerland","United States of America","Export","Rare Earth Elements","284690","Compounds, inorganic or organic (excluding cerium), of rare-earth metals, of yttrium, scandium or of mixtures of these metals","2024","113115.93"
"Switzerland","World","Import","Rare Earth Elements","284690","Compounds, inorganic or organic (excluding cerium), of rare-earth metals, of yttrium, scandium or of mixtures of these metals","2024","3354061.8383404"
"Switzerland","World","Export","Rare Earth Elements","284690","Compounds, inorganic or organic (excluding cerium), of rare-earth metals, of yttrium, scandium or of mixtures of these metals","2024","756828.9800000001"
"Chile","European Union","Import","Rare Earth Elements","280530","Earth-metals, rare; scandium and yttrium, whether or not intermixed or interalloyed","2024","1007.12"
"Chile","Spain","Import","Rare Earth Elements","280530","Earth-metals, rare; scandium and yttrium, whether or not intermixed or interalloyed","2024","1007.12"
"Chile","United States of America","Import","Rare Earth Elements","280530","Earth-metals, rare; scandium and yttrium, whether or not intermixed or interalloyed","2024","59.84"
"Chile","World","Import","Rare Earth Elements","280530","Earth-metals, rare; scandium and yttrium, whether or not intermixed or interalloyed","2024","1066.96"
"Chile","Brazil","Import","Rare Earth Elements","284610","Cerium compounds","2024","1221.05"
"Chile","Germany","Import","Rare Earth Elements","284610","Cerium compounds","2024","698.89"
"Chile","European Union","Import","Rare Earth Elements","284610","Cerium compounds","2024","698.89"
"Chile","United Kingdom","Import","Rare Earth Elements","284610","Cerium compounds","2024","76.03"
"Chile","United States of America","Import","Rare Earth Elements","284610","Cerium compounds","2024","30765.48"
"Chile","World","Import","Rare Earth Elements","284610","Cerium compounds","2024","32761.45"
"Chile","Brazil","Import","Rare Earth Elements","284690","Compounds, inorganic or organic (excluding cerium), of rare-earth metals, of yttrium, scandium or of mixtures of these metals","2024","4586.57"
"Chile","Switzerland","Import","Rare Earth Elements","284690","Compounds, inorganic or organic (excluding cerium), of rare-earth metals, of yttrium, scandium or of mixtures of these metals","2024","1614.72"
"Chile","China","Import","Rare Earth Elements","284690","Compounds, inorganic or organic (excluding cerium), of rare-earth metals, of yttrium, scandium or of mixtures of these metals","2024","3713.72"
"Chile","Germany","Import","Rare Earth Elements","284690","Compounds, inorganic or organic (excluding cerium), of rare-earth metals, of yttrium, scandium or of mixtures of these metals","2024","31645.95"
"Chile","European Union","Import","Rare Earth Elements","284690","Compounds, inorganic or organic (excluding cerium), of rare-earth metals, of yttrium, scandium or of mixtures of these metals","2024","34035.15"
"Chile","Spain","Import","Rare Earth Elements","284690","Compounds, inorganic or organic (excluding cerium), of rare-earth metals, of yttrium, scandium or of mixtures of these metals","2024","2389.2"
"Chile","Japan","Import","Rare Earth Elements","284690","Compounds, inorganic or organic (excluding cerium), of rare-earth metals, of yttrium, scandium or of mixtures of these metals","2024","540.06"
"Chile","Korea, Republic of","Import","Rare Earth Elements","284690","Compounds, inorganic or organic (excluding cerium), of rare-earth metals, of yttrium, scandium or of mixtures of these metals","2024","105.92"
"Chile","Norway","Import","Rare Earth Elements","284690","Compounds, inorganic or organic (excluding cerium), of rare-earth metals, of yttrium, scandium or of mixtures of these metals","2024","1127.56"
"Chile","Peru","Import","Rare Earth Elements","284690","Compounds, inorganic or organic (excluding cerium), of rare-earth metals, of yttrium, scandium or of mixtures of these metals","2024","7838.35"
"Chile","United States of America","Import","Rare Earth Elements","284690","Compounds, inorganic or organic (excluding cerium), of rare-earth metals, of yttrium, scandium or of mixtures of these metals","2024","3569.2"
"Chile","World","Import","Rare Earth Elements","284690","Compounds, inorganic or organic (excluding cerium), of rare-earth metals, of yttrium, scandium or of mixtures of these metals","2024","57131.24999999999"
"China","United Arab Emirates","Export","Rare Earth Elements","280530","Earth-metals, rare; scandium and yttrium, whether or not intermixed or interalloyed","2024","283729"
"China","Argentina","Export","Rare Earth Elements","280530","Earth-metals, rare; scandium and yttrium, whether or not intermixed or interalloyed","2024","163185"
"China","Austria","Export","Rare Earth Elements","280530","Earth-metals, rare; scandium and yttrium, whether or not intermixed or interalloyed","2024","142367"
"China","Austria","Import","Rare Earth Elements","280530","Earth-metals, rare; scandium and yttrium, whether or not intermixed or interalloyed","2024","1330"
"China","Brazil","Export","Rare Earth Elements","280530","Earth-metals, rare; scandium and yttrium, whether or not intermixed or interalloyed","2024","145190"
"China","Canada","Export","Rare Earth Elements","280530","Earth-metals, rare; scandium and yttrium, whether or not intermixed or interalloyed","2024","749622"
"China","Switzerland","Export","Rare Earth Elements","280530","Earth-metals, rare; scandium and yttrium, whether or not intermixed or interalloyed","2024","7393"
"China","Chinese Taipei","Export","Rare Earth Elements","280530","Earth-metals, rare; scandium and yttrium, whether or not intermixed or interalloyed","2024","49771"
"China","Germany","Export","Rare Earth Elements","280530","Earth-metals, rare; scandium and yttrium, whether or not intermixed or interalloyed","2024","1476434"
"China","European Union","Export","Rare Earth Elements","280530","Earth-metals, rare; scandium and yttrium, whether or not intermixed or interalloyed","2024","6925152"
"China","European Union","Import","Rare Earth Elements","280530","Earth-metals, rare; scandium and yttrium, whether or not intermixed or interalloyed","2024","1330"
"China","Egypt","Export","Rare Earth Elements","280530","Earth-metals, rare; scandium and yttrium, whether or not intermixed or interalloyed","2024","5100"
"China","Spain","Export","Rare Earth Elements","280530","Earth-metals, rare; scandium and yttrium, whether or not intermixed or interalloyed","2024","738376"
"China","France","Export","Rare Earth Elements","280530","Earth-metals, rare; scandium and yttrium, whether or not intermixed or interalloyed","2024","130239"
"China","United Kingdom","Export","Rare Earth Elements","280530","Earth-metals, rare; scandium and yttrium, whether or not intermixed or interalloyed","2024","1210579"
"China","United Kingdom","Import","Rare Earth Elements","280530","Earth-metals, rare; scandium and yttrium, whether or not intermixed or interalloyed","2024","5243"
"China","Hong Kong, China","Export","Rare Earth Elements","280530","Earth-metals, rare; scandium and yttrium, whether or not intermixed or interalloyed","2024","29700"
"China","India","Export","Rare Earth Elements","280530","Earth-metals, rare; scandium and yttrium, whether or not intermixed or interalloyed","2024","2166988"
"China","Italy","Export","Rare Earth Elements","280530","Earth-metals, rare; scandium and yttrium, whether or not intermixed or interalloyed","2024","1263310"
"China","Japan","Export","Rare Earth Elements","280530","Earth-metals, rare; scandium and yttrium, whether or not intermixed or interalloyed","2024","58231287"
"China","Japan","Import","Rare Earth Elements","280530","Earth-metals, rare; scandium and yttrium, whether or not intermixed or interalloyed","2024","77"
"China","Korea, Republic of","Export","Rare Earth Elements","280530","Earth-metals, rare; scandium and yttrium, whether or not intermixed or interalloyed","2024","4904583"
"China","Korea, Republic of","Import","Rare Earth Elements","280530","Earth-metals, rare; scandium and yttrium, whether or not intermixed or interalloyed","2024","594463"
"China","Malaysia","Export","Rare Earth Elements","280530","Earth-metals, rare; scandium and yttrium, whether or not intermixed or interalloyed","2024","26048"
"China","Netherlands","Export","Rare Earth Elements","280530","Earth-metals, rare; scandium and yttrium, whether or not intermixed or interalloyed","2024","3113376"
"China","Pakistan","Export","Rare Earth Elements","280530","Earth-metals, rare; scandium and yttrium, whether or not intermixed or interalloyed","2024","68300"
"China","Peru","Export","Rare Earth Elements","280530","Earth-metals, rare; scandium and yttrium, whether or not intermixed or interalloyed","2024","4862"
"China","Poland","Export","Rare Earth Elements","280530","Earth-metals, rare; scandium and yttrium, whether or not intermixed or interalloyed","2024","2050"
"China","Paraguay","Export","Rare Earth Elements","280530","Earth-metals, rare; scandium and yttrium, whether or not intermixed or interalloyed","2024","125570"
"China","Russian Federation","Export","Rare Earth Elements","280530","Earth-metals, rare; scandium and yttrium, whether or not intermixed or interalloyed","2024","725798"
"China","Russian Federation","Import","Rare Earth Elements","280530","Earth-metals, rare; scandium and yttrium, whether or not intermixed or interalloyed","2024","108"
"China","Slovenia","Export","Rare Earth Elements","280530","Earth-metals, rare; scandium and yttrium, whether or not intermixed or interalloyed","2024","59000"
"China","Thailand","Import","Rare Earth Elements","280530","Earth-metals, rare; scandium and yttrium, whether or not intermixed or interalloyed","2024","2675993"
"China","Thailand","Export","Rare Earth Elements","280530","Earth-metals, rare; scandium and yttrium, whether or not intermixed or interalloyed","2024","547897"
"China","Turkiye","Import","Rare Earth Elements","280530","Earth-metals, rare; scandium and yttrium, whether or not intermixed or interalloyed","2024","850"
"China","Turkiye","Export","Rare Earth Elements","280530","Earth-metals, rare; scandium and yttrium, whether or not intermixed or interalloyed","2024","130"
"China","United States of America","Export","Rare Earth Elements","280530","Earth-metals, rare; scandium and yttrium, whether or not intermixed or interalloyed","2024","1867927"
"China","United States of America","Import","Rare Earth Elements","280530","Earth-metals, rare; scandium and yttrium, whether or not intermixed or interalloyed","2024","59614"
"China","Viet Nam","Import","Rare Earth Elements","280530","Earth-metals, rare; scandium and yttrium, whether or not intermixed or interalloyed","2024","19889959"
"China","Viet Nam","Export","Rare Earth Elements","280530","Earth-metals, rare; scandium and yttrium, whether or not intermixed or interalloyed","2024","17791065"
"China","World","Export","Rare Earth Elements","280530","Earth-metals, rare; scandium and yttrium, whether or not intermixed or interalloyed","2024","96037226"
"China","World","Import","Rare Earth Elements","280530","Earth-metals, rare; scandium and yttrium, whether or not intermixed or interalloyed","2024","23227637"
"China","South Africa","Export","Rare Earth Elements","280530","Earth-metals, rare; scandium and yttrium, whether or not intermixed or interalloyed","2024","7350"
"China","United Arab Emirates","Export","Rare Earth Elements","284610","Cerium compounds","2024","3000"
"China","Argentina","Export","Rare Earth Elements","284610","Cerium compounds","2024","2986"
"China","Austria","Import","Rare Earth Elements","284610","Cerium compounds","2024","91656"
"China","Austria","Export","Rare Earth Elements","284610","Cerium compounds","2024","16608"
"China","Belgium","Export","Rare Earth Elements","284610","Cerium compounds","2024","2640"
"China","Bangladesh","Export","Rare Earth Elements","284610","Cerium compounds","2024","67790"
"China","Canada","Export","Rare Earth Elements","284610","Cerium compounds","2024","68303"
"China","Chinese Taipei","Export","Rare Earth Elements","284610","Cerium compounds","2024","2274995"
"China","Chinese Taipei","Import","Rare Earth Elements","284610","Cerium compounds","2024","5165"
"China","Colombia","Export","Rare Earth Elements","284610","Cerium compounds","2024","10500"
"China","Czech Republic","Export","Rare Earth Elements","284610","Cerium compounds","2024","6000"
"China","Germany","Import","Rare Earth Elements","284610","Cerium compounds","2024","71516"
"China","Germany","Export","Rare Earth Elements","284610","Cerium compounds","2024","62369"
"China","European Union","Import","Rare Earth Elements","284610","Cerium compounds","2024","3005138"
"China","European Union","Export","Rare Earth Elements","284610","Cerium compounds","2024","2322011"
"China","Egypt","Export","Rare Earth Elements","284610","Cerium compounds","2024","3400"
"China","Spain","Export","Rare Earth Elements","284610","Cerium compounds","2024","129837"
"China","France","Import","Rare Earth Elements","284610","Cerium compounds","2024","2841777"
"China","France","Export","Rare Earth Elements","284610","Cerium compounds","2024","554476"
"China","United Kingdom","Import","Rare Earth Elements","284610","Cerium compounds","2024","99330"
"China","United Kingdom","Export","Rare Earth Elements","284610","Cerium compounds","2024","86835"
"China","Hong Kong, China","Export","Rare Earth Elements","284610","Cerium compounds","2024","35977"
"China","Indonesia","Export","Rare Earth Elements","284610","Cerium compounds","2024","5800"
"China","India","Export","Rare Earth Elements","284610","Cerium compounds","2024","1214418"
"China","India","Import","Rare Earth Elements","284610","Cerium compounds","2024","36610"
"China","Iran","Export","Rare Earth Elements","284610","Cerium compounds","2024","2540"
"China","Italy","Export","Rare Earth Elements","284610","Cerium compounds","2024","626187"
"China","Italy","Import","Rare Earth Elements","284610","Cerium compounds","2024","189"
"China","Japan","Import","Rare Earth Elements","284610","Cerium compounds","2024","5389994"
"China","Japan","Export","Rare Earth Elements","284610","Cerium compounds","2024","2978730"
"China","Korea, Republic of","Export","Rare Earth Elements","284610","Cerium compounds","2024","2259682"
"China","Korea, Republic of","Import","Rare Earth Elements","284610","Cerium compounds","2024","56426"
"China","Mexico","Export","Rare Earth Elements","284610","Cerium compounds","2024","70141"
"China","Malaysia","Import","Rare Earth Elements","284610","Cerium compounds","2024","579200"
"China","Malaysia","Export","Rare Earth Elements","284610","Cerium compounds","2024","14468"
"China","Netherlands","Export","Rare Earth Elements","284610","Cerium compounds","2024","847315"
"China","Norway","Export","Rare Earth Elements","284610","Cerium compounds","2024","1530080"
"China","Norway","Import","Rare Earth Elements","284610","Cerium compounds","2024","10471"
"China","Pakistan","Export","Rare Earth Elements","284610","Cerium compounds","2024","68156"
"China","Poland","Export","Rare Earth Elements","284610","Cerium compounds","2024","50099"
"China","Romania","Export","Rare Earth Elements","284610","Cerium compounds","2024","26480"
"China","Russian Federation","Export","Rare Earth Elements","284610","Cerium compounds","2024","212615"
"China","Russian Federation","Import","Rare Earth Elements","284610","Cerium compounds","2024","654"
"China","Singapore","Import","Rare Earth Elements","284610","Cerium compounds","2024","1972"
"China","Thailand","Export","Rare Earth Elements","284610","Cerium compounds","2024","228643"
"China","Turkiye","Export","Rare Earth Elements","284610","Cerium compounds","2024","377800"
"China","Turkiye","Import","Rare Earth Elements","284610","Cerium compounds","2024","2950"
"China","Ukraine","Export","Rare Earth Elements","284610","Cerium compounds","2024","7250"
"China","United States of America","Export","Rare Earth Elements","284610","Cerium compounds","2024","1773675"
"China","United States of America","Import","Rare Earth Elements","284610","Cerium compounds","2024","564629"
"China","Uzbekistan","Export","Rare Earth Elements","284610","Cerium compounds","2024","46200"
"China","Viet Nam","Export","Rare Earth Elements","284610","Cerium compounds","2024","71840"
"China","World","Export","Rare Earth Elements","284610","Cerium compounds","2024","15750795"
"China","World","Import","Rare Earth Elements","284610","Cerium compounds","2024","9752539"
"China","South Africa","Export","Rare Earth Elements","284610","Cerium compounds","2024","12960"
"China","United Arab Emirates","Export","Rare Earth Elements","284690","Compounds, inorganic or organic (excluding cerium), of rare-earth metals, of yttrium, scandium or of mixtures of these metals","2024","491602"
"China","Argentina","Export","Rare Earth Elements","284690","Compounds, inorganic or organic (excluding cerium), of rare-earth metals, of yttrium, scandium or of mixtures of these metals","2024","95200"
"China","Armenia","Import","Rare Earth Elements","284690","Compounds, inorganic or organic (excluding cerium), of rare-earth metals, of yttrium, scandium or of mixtures of these metals","2024","594"
"China","Australia","Export","Rare Earth Elements","284690","Compounds, inorganic or organic (excluding cerium), of rare-earth metals, of yttrium, scandium or of mixtures of these metals","2024","80519"
"China","Austria","Export","Rare Earth Elements","284690","Compounds, inorganic or organic (excluding cerium), of rare-earth metals, of yttrium, scandium or of mixtures of these metals","2024","415545"
"China","Austria","Import","Rare Earth Elements","284690","Compounds, inorganic or organic (excluding cerium), of rare-earth metals, of yttrium, scandium or of mixtures of these metals","2024","31957"
"China","Belgium","Export","Rare Earth Elements","284690","Compounds, inorganic or organic (excluding cerium), of rare-earth metals, of yttrium, scandium or of mixtures of these metals","2024","39734"
"China","Belgium","Import","Rare Earth Elements","284690","Compounds, inorganic or organic (excluding cerium), of rare-earth metals, of yttrium, scandium or of mixtures of these metals","2024","8450"
"China","Bangladesh","Export","Rare Earth Elements","284690","Compounds, inorganic or organic (excluding cerium), of rare-earth metals, of yttrium, scandium or of mixtures of these metals","2024","156450"
"China","Belarus","Export","Rare Earth Elements","284690","Compounds, inorganic or organic (excluding cerium), of rare-earth metals, of yttrium, scandium or of mixtures of these metals","2024","145457"
"China","Brazil","Export","Rare Earth Elements","284690","Compounds, inorganic or organic (excluding cerium), of rare-earth metals, of yttrium, scandium or of mixtures of these metals","2024","747447"
"China","Brazil","Import","Rare Earth Elements","284690","Compounds, inorganic or organic (excluding cerium), of rare-earth metals, of yttrium, scandium or of mixtures of these metals","2024","213636"
"China","Canada","Export","Rare Earth Elements","284690","Compounds, inorganic or organic (excluding cerium), of rare-earth metals, of yttrium, scandium or of mixtures of these metals","2024","726567"
"China","Canada","Import","Rare Earth Elements","284690","Compounds, inorganic or organic (excluding cerium), of rare-earth metals, of yttrium, scandium or of mixtures of these metals","2024","205474"
"China","Switzerland","Import","Rare Earth Elements","284690","Compounds, inorganic or organic (excluding cerium), of rare-earth metals, of yttrium, scandium or of mixtures of these metals","2024","232930"
"China","Switzerland","Export","Rare Earth Elements","284690","Compounds, inorganic or organic (excluding cerium), of rare-earth metals, of yttrium, scandium or of mixtures of these metals","2024","13129"
"China","Chile","Export","Rare Earth Elements","284690","Compounds, inorganic or organic (excluding cerium), of rare-earth metals, of yttrium, scandium or of mixtures of these metals","2024","1040"
"China","Chile","Import","Rare Earth Elements","284690","Compounds, inorganic or organic (excluding cerium), of rare-earth metals, of yttrium, scandium or of mixtures of these metals","2024","789"
"China","Chinese Taipei","Export","Rare Earth Elements","284690","Compounds, inorganic or organic (excluding cerium), of rare-earth metals, of yttrium, scandium or of mixtures of these metals","2024","6568497"
"China","Chinese Taipei","Import","Rare Earth Elements","284690","Compounds, inorganic or organic (excluding cerium), of rare-earth metals, of yttrium, scandium or of mixtures of these metals","2024","3437283"
"China","Colombia","Export","Rare Earth Elements","284690","Compounds, inorganic or organic (excluding cerium), of rare-earth metals, of yttrium, scandium or of mixtures of these metals","2024","14832"
"China","Costa Rica","Export","Rare Earth Elements","284690","Compounds, inorganic or organic (excluding cerium), of rare-earth metals, of yttrium, scandium or of mixtures of these metals","2024","1571"
"China","Cyprus","Export","Rare Earth Elements","284690","Compounds, inorganic or organic (excluding cerium), of rare-earth metals, of yttrium, scandium or of mixtures of these metals","2024","6855"
"China","Czech Republic","Export","Rare Earth Elements","284690","Compounds, inorganic or organic (excluding cerium), of rare-earth metals, of yttrium, scandium or of mixtures of these metals","2024","71902"
"China","Czech Republic","Import","Rare Earth Elements","284690","Compounds, inorganic or organic (excluding cerium), of rare-earth metals, of yttrium, scandium or of mixtures of these metals","2024","22452"
"China","Germany","Export","Rare Earth Elements","284690","Compounds, inorganic or organic (excluding cerium), of rare-earth metals, of yttrium, scandium or of mixtures of these metals","2024","12833224"
"China","Germany","Import","Rare Earth Elements","284690","Compounds, inorganic or organic (excluding cerium), of rare-earth metals, of yttrium, scandium or of mixtures of these metals","2024","2495512"
"China","Ecuador","Export","Rare Earth Elements","284690","Compounds, inorganic or organic (excluding cerium), of rare-earth metals, of yttrium, scandium or of mixtures of these metals","2024","21469"
"China","European Union","Export","Rare Earth Elements","284690","Compounds, inorganic or organic (excluding cerium), of rare-earth metals, of yttrium, scandium or of mixtures of these metals","2024","40873112"
"China","European Union","Import","Rare Earth Elements","284690","Compounds, inorganic or organic (excluding cerium), of rare-earth metals, of yttrium, scandium or of mixtures of these metals","2024","6377032"
"China","Spain","Export","Rare Earth Elements","284690","Compounds, inorganic or organic (excluding cerium), of rare-earth metals, of yttrium, scandium or of mixtures of these metals","2024","233658"
"China","Estonia","Import","Rare Earth Elements","284690","Compounds, inorganic or organic (excluding cerium), of rare-earth metals, of yttrium, scandium or of mixtures of these metals","2024","3544500"
"China","Estonia","Export","Rare Earth Elements","284690","Compounds, inorganic or organic (excluding cerium), of rare-earth metals, of yttrium, scandium or of mixtures of these metals","2024","90211"
"China","Finland","Export","Rare Earth Elements","284690","Compounds, inorganic or organic (excluding cerium), of rare-earth metals, of yttrium, scandium or of mixtures of these metals","2024","30240"
"China","Finland","Import","Rare Earth Elements","284690","Compounds, inorganic or organic (excluding cerium), of rare-earth metals, of yttrium, scandium or of mixtures of these metals","2024","2607"
"China","France","Export","Rare Earth Elements","284690","Compounds, inorganic or organic (excluding cerium), of rare-earth metals, of yttrium, scandium or of mixtures of these metals","2024","2542909"
"China","France","Import","Rare Earth Elements","284690","Compounds, inorganic or organic (excluding cerium), of rare-earth metals, of yttrium, scandium or of mixtures of these metals","2024","198195"
"China","United Kingdom","Import","Rare Earth Elements","284690","Compounds, inorganic or organic (excluding cerium), of rare-earth metals, of yttrium, scandium or of mixtures of these metals","2024","674830"
"China","United Kingdom","Export","Rare Earth Elements","284690","Compounds, inorganic or organic (excluding cerium), of rare-earth metals, of yttrium, scandium or of mixtures of these metals","2024","133027"
"China","Hong Kong, China","Export","Rare Earth Elements","284690","Compounds, inorganic or organic (excluding cerium), of rare-earth metals, of yttrium, scandium or of mixtures of these metals","2024","337354"
"China","Hungary","Export","Rare Earth Elements","284690","Compounds, inorganic or organic (excluding cerium), of rare-earth metals, of yttrium, scandium or of mixtures of these metals","2024","513377"
"China","Indonesia","Export","Rare Earth Elements","284690","Compounds, inorganic or organic (excluding cerium), of rare-earth metals, of yttrium, scandium or of mixtures of these metals","2024","160029"
"China","India","Export","Rare Earth Elements","284690","Compounds, inorganic or organic (excluding cerium), of rare-earth metals, of yttrium, scandium or of mixtures of these metals","2024","3530252"
"China","India","Import","Rare Earth Elements","284690","Compounds, inorganic or organic (excluding cerium), of rare-earth metals, of yttrium, scandium or of mixtures of these metals","2024","2996911"
"China","Iran","Export","Rare Earth Elements","284690","Compounds, inorganic or organic (excluding cerium), of rare-earth metals, of yttrium, scandium or of mixtures of these metals","2024","123752"
"China","Israel","Export","Rare Earth Elements","284690","Compounds, inorganic or organic (excluding cerium), of rare-earth metals, of yttrium, scandium or of mixtures of these metals","2024","4438"
"China","Italy","Export","Rare Earth Elements","284690","Compounds, inorganic or organic (excluding cerium), of rare-earth metals, of yttrium, scandium or of mixtures of these metals","2024","1882913"
"China","Italy","Import","Rare Earth Elements","284690","Compounds, inorganic or organic (excluding cerium), of rare-earth metals, of yttrium, scandium or of mixtures of these metals","2024","32131"
"China","Jordan","Export","Rare Earth Elements","284690","Compounds, inorganic or organic (excluding cerium), of rare-earth metals, of yttrium, scandium or of mixtures of these metals","2024","4070"
"China","Japan","Export","Rare Earth Elements","284690","Compounds, inorganic or organic (excluding cerium), of rare-earth metals, of yttrium, scandium or of mixtures of these metals","2024","134190355"
"China","Japan","Import","Rare Earth Elements","284690","Compounds, inorganic or organic (excluding cerium), of rare-earth metals, of yttrium, scandium or of mixtures of these metals","2024","18528727"
"China","Kazakhstan","Import","Rare Earth Elements","284690","Compounds, inorganic or organic (excluding cerium), of rare-earth metals, of yttrium, scandium or of mixtures of these metals","2024","382027"
"China","Kazakhstan","Export","Rare Earth Elements","284690","Compounds, inorganic or organic (excluding cerium), of rare-earth metals, of yttrium, scandium or of mixtures of these metals","2024","339277"
"China","Korea, Republic of","Export","Rare Earth Elements","284690","Compounds, inorganic or organic (excluding cerium), of rare-earth metals, of yttrium, scandium or of mixtures of these metals","2024","26261937"
"China","Korea, Republic of","Import","Rare Earth Elements","284690","Compounds, inorganic or organic (excluding cerium), of rare-earth metals, of yttrium, scandium or of mixtures of these metals","2024","5442907"
"China","Lao People's Democratic Republic","Import","Rare Earth Elements","284690","Compounds, inorganic or organic (excluding cerium), of rare-earth metals, of yttrium, scandium or of mixtures of these metals","2024","259557138"
"China","Liechtenstein","Import","Rare Earth Elements","284690","Compounds, inorganic or organic (excluding cerium), of rare-earth metals, of yttrium, scandium or of mixtures of these metals","2024","6253"
"China","Sri Lanka","Export","Rare Earth Elements","284690","Compounds, inorganic or organic (excluding cerium), of rare-earth metals, of yttrium, scandium or of mixtures of these metals","2024","780"
"China","Latvia","Export","Rare Earth Elements","284690","Compounds, inorganic or organic (excluding cerium), of rare-earth metals, of yttrium, scandium or of mixtures of these metals","2024","3231"
"China","Mexico","Export","Rare Earth Elements","284690","Compounds, inorganic or organic (excluding cerium), of rare-earth metals, of yttrium, scandium or of mixtures of these metals","2024","521959"
"China","Myanmar","Import","Rare Earth Elements","284690","Compounds, inorganic or organic (excluding cerium), of rare-earth metals, of yttrium, scandium or of mixtures of these metals","2024","818755710"
"China","Myanmar","Export","Rare Earth Elements","284690","Compounds, inorganic or organic (excluding cerium), of rare-earth metals, of yttrium, scandium or of mixtures of these metals","2024","120061"
"China","Malaysia","Import","Rare Earth Elements","284690","Compounds, inorganic or organic (excluding cerium), of rare-earth metals, of yttrium, scandium or of mixtures of these metals","2024","205777038"
"China","Malaysia","Export","Rare Earth Elements","284690","Compounds, inorganic or organic (excluding cerium), of rare-earth metals, of yttrium, scandium or of mixtures of these metals","2024","1450135"
"China","Netherlands","Export","Rare Earth Elements","284690","Compounds, inorganic or organic (excluding cerium), of rare-earth metals, of yttrium, scandium or of mixtures of these metals","2024","20782187"
"China","Norway","Import","Rare Earth Elements","284690","Compounds, inorganic or organic (excluding cerium), of rare-earth metals, of yttrium, scandium or of mixtures of these metals","2024","5702215"
"China","Norway","Export","Rare Earth Elements","284690","Compounds, inorganic or organic (excluding cerium), of rare-earth metals, of yttrium, scandium or of mixtures of these metals","2024","672350"
"China","New Zealand","Export","Rare Earth Elements","284690","Compounds, inorganic or organic (excluding cerium), of rare-earth metals, of yttrium, scandium or of mixtures of these metals","2024","14114"
"China","Pakistan","Export","Rare Earth Elements","284690","Compounds, inorganic or organic (excluding cerium), of rare-earth metals, of yttrium, scandium or of mixtures of these metals","2024","1179831"
"China","Peru","Export","Rare Earth Elements","284690","Compounds, inorganic or organic (excluding cerium), of rare-earth metals, of yttrium, scandium or of mixtures of these metals","2024","34872"
"China","Philippines","Export","Rare Earth Elements","284690","Compounds, inorganic or organic (excluding cerium), of rare-earth metals, of yttrium, scandium or of mixtures of these metals","2024","5674015"
"China","Poland","Export","Rare Earth Elements","284690","Compounds, inorganic or organic (excluding cerium), of rare-earth metals, of yttrium, scandium or of mixtures of these metals","2024","1069073"
"China","Portugal","Export","Rare Earth Elements","284690","Compounds, inorganic or organic (excluding cerium), of rare-earth metals, of yttrium, scandium or of mixtures of these metals","2024","332933"
"China","Portugal","Import","Rare Earth Elements","284690","Compounds, inorganic or organic (excluding cerium), of rare-earth metals, of yttrium, scandium or of mixtures of these metals","2024","41228"
"China","Romania","Export","Rare Earth Elements","284690","Compounds, inorganic or organic (excluding cerium), of rare-earth metals, of yttrium, scandium or of mixtures of these metals","2024","611"
"China","Russian Federation","Export","Rare Earth Elements","284690","Compounds, inorganic or organic (excluding cerium), of rare-earth metals, of yttrium, scandium or of mixtures of these metals","2024","8729320"
"China","Russian Federation","Import","Rare Earth Elements","284690","Compounds, inorganic or organic (excluding cerium), of rare-earth metals, of yttrium, scandium or of mixtures of these metals","2024","3246790"
"China","Saudi Arabia, Kingdom of","Export","Rare Earth Elements","284690","Compounds, inorganic or organic (excluding cerium), of rare-earth metals, of yttrium, scandium or of mixtures of these metals","2024","5553"
"China","Singapore","Export","Rare Earth Elements","284690","Compounds, inorganic or organic (excluding cerium), of rare-earth metals, of yttrium, scandium or of mixtures of these metals","2024","2134479"
"China","Singapore","Import","Rare Earth Elements","284690","Compounds, inorganic or organic (excluding cerium), of rare-earth metals, of yttrium, scandium or of mixtures of these metals","2024","46"
"China","Slovenia","Export","Rare Earth Elements","284690","Compounds, inorganic or organic (excluding cerium), of rare-earth metals, of yttrium, scandium or of mixtures of these metals","2024","4560"
"China","Sweden","Export","Rare Earth Elements","284690","Compounds, inorganic or organic (excluding cerium), of rare-earth metals, of yttrium, scandium or of mixtures of these metals","2024","19950"
"China","Thailand","Export","Rare Earth Elements","284690","Compounds, inorganic or organic (excluding cerium), of rare-earth metals, of yttrium, scandium or of mixtures of these metals","2024","3019790"
"China","Tunisia","Export","Rare Earth Elements","284690","Compounds, inorganic or organic (excluding cerium), of rare-earth metals, of yttrium, scandium or of mixtures of these metals","2024","40"
"China","Turkiye","Export","Rare Earth Elements","284690","Compounds, inorganic or organic (excluding cerium), of rare-earth metals, of yttrium, scandium or of mixtures of these metals","2024","6955620"
"China","Turkiye","Import","Rare Earth Elements","284690","Compounds, inorganic or organic (excluding cerium), of rare-earth metals, of yttrium, scandium or of mixtures of these metals","2024","9032"
"China","Uganda","Import","Rare Earth Elements","284690","Compounds, inorganic or organic (excluding cerium), of rare-earth metals, of yttrium, scandium or of mixtures of these metals","2024","110"
"China","Ukraine","Export","Rare Earth Elements","284690","Compounds, inorganic or organic (excluding cerium), of rare-earth metals, of yttrium, scandium or of mixtures of these metals","2024","220085"
"China","Ukraine","Import","Rare Earth Elements","284690","Compounds, inorganic or organic (excluding cerium), of rare-earth metals, of yttrium, scandium or of mixtures of these metals","2024","70"
"China","United States of America","Export","Rare Earth Elements","284690","Compounds, inorganic or organic (excluding cerium), of rare-earth metals, of yttrium, scandium or of mixtures of these metals","2024","104479423"
"China","United States of America","Import","Rare Earth Elements","284690","Compounds, inorganic or organic (excluding cerium), of rare-earth metals, of yttrium, scandium or of mixtures of these metals","2024","17221132"
"China","Viet Nam","Export","Rare Earth Elements","284690","Compounds, inorganic or organic (excluding cerium), of rare-earth metals, of yttrium, scandium or of mixtures of these metals","2024","26747221"
"China","Viet Nam","Import","Rare Earth Elements","284690","Compounds, inorganic or organic (excluding cerium), of rare-earth metals, of yttrium, scandium or of mixtures of these metals","2024","25859885"
"China","World","Import","Rare Earth Elements","284690","Compounds, inorganic or organic (excluding cerium), of rare-earth metals, of yttrium, scandium or of mixtures of these metals","2024","1374628730"
"China","World","Export","Rare Earth Elements","284690","Compounds, inorganic or organic (excluding cerium), of rare-earth metals, of yttrium, scandium or of mixtures of these metals","2024","377003232"
"China","South Africa","Export","Rare Earth Elements","284690","Compounds, inorganic or organic (excluding cerium), of rare-earth metals, of yttrium, scandium or of mixtures of these metals","2024","22200"
"China","South Africa","Import","Rare Earth Elements","284690","Compounds, inorganic or organic (excluding cerium), of rare-earth metals, of yttrium, scandium or of mixtures of these metals","2024","171"
"Chinese Taipei","China","Import","Rare Earth Elements","280530","Earth-metals, rare; scandium and yttrium, whether or not intermixed or interalloyed","2024","194000"
"Chinese Taipei","China","Export","Rare Earth Elements","280530","Earth-metals, rare; scandium and yttrium, whether or not intermixed or interalloyed","2024","6012.35"
"Chinese Taipei","United Kingdom","Export","Rare Earth Elements","280530","Earth-metals, rare; scandium and yttrium, whether or not intermixed or interalloyed","2024","6105.81"
"Chinese Taipei","United Kingdom","Import","Rare Earth Elements","280530","Earth-metals, rare; scandium and yttrium, whether or not intermixed or interalloyed","2024","3000"
"Chinese Taipei","India","Export","Rare Earth Elements","280530","Earth-metals, rare; scandium and yttrium, whether or not intermixed or interalloyed","2024","2087.19"
"Chinese Taipei","Japan","Import","Rare Earth Elements","280530","Earth-metals, rare; scandium and yttrium, whether or not intermixed or interalloyed","2024","16000"
"Chinese Taipei","Korea, Republic of","Import","Rare Earth Elements","280530","Earth-metals, rare; scandium and yttrium, whether or not intermixed or interalloyed","2024","55000"
"Chinese Taipei","Singapore","Export","Rare Earth Elements","280530","Earth-metals, rare; scandium and yttrium, whether or not intermixed or interalloyed","2024","2180.65"
"Chinese Taipei","United States of America","Import","Rare Earth Elements","280530","Earth-metals, rare; scandium and yttrium, whether or not intermixed or interalloyed","2024","5000"
"Chinese Taipei","Viet Nam","Export","Rare Earth Elements","280530","Earth-metals, rare; scandium and yttrium, whether or not intermixed or interalloyed","2024","373.82"
"Chinese Taipei","World","Import","Rare Earth Elements","280530","Earth-metals, rare; scandium and yttrium, whether or not intermixed or interalloyed","2024","273000"
"Chinese Taipei","World","Export","Rare Earth Elements","280530","Earth-metals, rare; scandium and yttrium, whether or not intermixed or interalloyed","2024","16759.82"
"Chinese Taipei","Austria","Import","Rare Earth Elements","284610","Cerium compounds","2024","2000"
"Chinese Taipei","Belgium","Import","Rare Earth Elements","284610","Cerium compounds","2024","3000"
"Chinese Taipei","China","Import","Rare Earth Elements","284610","Cerium compounds","2024","2544000"
"Chinese Taipei","China","Export","Rare Earth Elements","284610","Cerium compounds","2024","148346.22"
"Chinese Taipei","Germany","Export","Rare Earth Elements","284610","Cerium compounds","2024","44859"
"Chinese Taipei","European Union","Export","Rare Earth Elements","284610","Cerium compounds","2024","44859"
"Chinese Taipei","European Union","Import","Rare Earth Elements","284610","Cerium compounds","2024","8000"
"Chinese Taipei","Spain","Import","Rare Earth Elements","284610","Cerium compounds","2024","3000"
"Chinese Taipei","India","Export","Rare Earth Elements","284610","Cerium compounds","2024","4548.2"
"Chinese Taipei","Japan","Export","Rare Earth Elements","284610","Cerium compounds","2024","16230.24"
"Chinese Taipei","Korea, Republic of","Import","Rare Earth Elements","284610","Cerium compounds","2024","214000"
"Chinese Taipei","Korea, Republic of","Export","Rare Earth Elements","284610","Cerium compounds","2024","6105.81"
"Chinese Taipei","Turkiye","Import","Rare Earth Elements","284610","Cerium compounds","2024","5000"
"Chinese Taipei","United States of America","Import","Rare Earth Elements","284610","Cerium compounds","2024","79000"
"Chinese Taipei","World","Import","Rare Earth Elements","284610","Cerium compounds","2024","2850000"
"Chinese Taipei","World","Export","Rare Earth Elements","284610","Cerium compounds","2024","220089.47"
"Chinese Taipei","Armenia","Import","Rare Earth Elements","284690","Compounds, inorganic or organic (excluding cerium), of rare-earth metals, of yttrium, scandium or of mixtures of these metals","2024","52000"
"Chinese Taipei","Austria","Import","Rare Earth Elements","284690","Compounds, inorganic or organic (excluding cerium), of rare-earth metals, of yttrium, scandium or of mixtures of these metals","2024","7000"
"Chinese Taipei","China","Import","Rare Earth Elements","284690","Compounds, inorganic or organic (excluding cerium), of rare-earth metals, of yttrium, scandium or of mixtures of these metals","2024","9360000"
"Chinese Taipei","China","Export","Rare Earth Elements","284690","Compounds, inorganic or organic (excluding cerium), of rare-earth metals, of yttrium, scandium or of mixtures of these metals","2024","386628.51"
"Chinese Taipei","Germany","Import","Rare Earth Elements","284690","Compounds, inorganic or organic (excluding cerium), of rare-earth metals, of yttrium, scandium or of mixtures of these metals","2024","101000"
"Chinese Taipei","Germany","Export","Rare Earth Elements","284690","Compounds, inorganic or organic (excluding cerium), of rare-earth metals, of yttrium, scandium or of mixtures of these metals","2024","3738.25"
"Chinese Taipei","European Union","Import","Rare Earth Elements","284690","Compounds, inorganic or organic (excluding cerium), of rare-earth metals, of yttrium, scandium or of mixtures of these metals","2024","111000"
"Chinese Taipei","European Union","Export","Rare Earth Elements","284690","Compounds, inorganic or organic (excluding cerium), of rare-earth metals, of yttrium, scandium or of mixtures of these metals","2024","3738.25"
"Chinese Taipei","Spain","Import","Rare Earth Elements","284690","Compounds, inorganic or organic (excluding cerium), of rare-earth metals, of yttrium, scandium or of mixtures of these metals","2024","3000"
"Chinese Taipei","Hong Kong, China","Import","Rare Earth Elements","284690","Compounds, inorganic or organic (excluding cerium), of rare-earth metals, of yttrium, scandium or of mixtures of these metals","2024","81000"
"Chinese Taipei","India","Import","Rare Earth Elements","284690","Compounds, inorganic or organic (excluding cerium), of rare-earth metals, of yttrium, scandium or of mixtures of these metals","2024","1000"
"Chinese Taipei","Japan","Import","Rare Earth Elements","284690","Compounds, inorganic or organic (excluding cerium), of rare-earth metals, of yttrium, scandium or of mixtures of these metals","2024","3610000"
"Chinese Taipei","Korea, Republic of","Import","Rare Earth Elements","284690","Compounds, inorganic or organic (excluding cerium), of rare-earth metals, of yttrium, scandium or of mixtures of these metals","2024","540000"
"Chinese Taipei","Korea, Republic of","Export","Rare Earth Elements","284690","Compounds, inorganic or organic (excluding cerium), of rare-earth metals, of yttrium, scandium or of mixtures of these metals","2024","20311.16"
"Chinese Taipei","Russian Federation","Import","Rare Earth Elements","284690","Compounds, inorganic or organic (excluding cerium), of rare-earth metals, of yttrium, scandium or of mixtures of these metals","2024","69000"
"Chinese Taipei","Singapore","Export","Rare Earth Elements","284690","Compounds, inorganic or organic (excluding cerium), of rare-earth metals, of yttrium, scandium or of mixtures of these metals","2024","14890.7"
"Chinese Taipei","Turkiye","Import","Rare Earth Elements","284690","Compounds, inorganic or organic (excluding cerium), of rare-earth metals, of yttrium, scandium or of mixtures of these metals","2024","3000"
"Chinese Taipei","United States of America","Import","Rare Earth Elements","284690","Compounds, inorganic or organic (excluding cerium), of rare-earth metals, of yttrium, scandium or of mixtures of these metals","2024","9445000"
"Chinese Taipei","United States of America","Export","Rare Earth Elements","284690","Compounds, inorganic or organic (excluding cerium), of rare-earth metals, of yttrium, scandium or of mixtures of these metals","2024","55450.71"
"Chinese Taipei","World","Import","Rare Earth Elements","284690","Compounds, inorganic or organic (excluding cerium), of rare-earth metals, of yttrium, scandium or of mixtures of these metals","2024","23272000"
"Chinese Taipei","World","Export","Rare Earth Elements","284690","Compounds, inorganic or organic (excluding cerium), of rare-earth metals, of yttrium, scandium or of mixtures of these metals","2024","481019.33"
"Cote d'Ivoire","European Union","Import","Rare Earth Elements","280530","Earth-metals, rare; scandium and yttrium, whether or not intermixed or interalloyed","2024","4.34"
"Cote d'Ivoire","France","Import","Rare Earth Elements","280530","Earth-metals, rare; scandium and yttrium, whether or not intermixed or interalloyed","2024","4.34"
"Cote d'Ivoire","World","Import","Rare Earth Elements","280530","Earth-metals, rare; scandium and yttrium, whether or not intermixed or interalloyed","2024","4.34"
"Cote d'Ivoire","European Union","Import","Rare Earth Elements","284690","Compounds, inorganic or organic (excluding cerium), of rare-earth metals, of yttrium, scandium or of mixtures of these metals","2024","809.43"
"Cote d'Ivoire","Spain","Import","Rare Earth Elements","284690","Compounds, inorganic or organic (excluding cerium), of rare-earth metals, of yttrium, scandium or of mixtures of these metals","2024","200.93"
"Cote d'Ivoire","France","Import","Rare Earth Elements","284690","Compounds, inorganic or organic (excluding cerium), of rare-earth metals, of yttrium, scandium or of mixtures of these metals","2024","608.5"
"Cote d'Ivoire","World","Import","Rare Earth Elements","284690","Compounds, inorganic or organic (excluding cerium), of rare-earth metals, of yttrium, scandium or of mixtures of these metals","2024","809.4300000000001"
"Colombia","China","Import","Rare Earth Elements","284610","Cerium compounds","2024","21961.26"
"Colombia","Germany","Import","Rare Earth Elements","284610","Cerium compounds","2024","152.12"
"Colombia","European Union","Import","Rare Earth Elements","284610","Cerium compounds","2024","1207.58"
"Colombia","Spain","Import","Rare Earth Elements","284610","Cerium compounds","2024","1055.46"
"Colombia","India","Import","Rare Earth Elements","284610","Cerium compounds","2024","10053.22"
"Colombia","United States of America","Import","Rare Earth Elements","284610","Cerium compounds","2024","591.45"
"Colombia","World","Import","Rare Earth Elements","284610","Cerium compounds","2024","33813.51"
"Colombia","Austria","Import","Rare Earth Elements","284690","Compounds, inorganic or organic (excluding cerium), of rare-earth metals, of yttrium, scandium or of mixtures of these metals","2024","1333.43"
"Colombia","Switzerland","Import","Rare Earth Elements","284690","Compounds, inorganic or organic (excluding cerium), of rare-earth metals, of yttrium, scandium or of mixtures of these metals","2024","40.6"
"Colombia","China","Import","Rare Earth Elements","284690","Compounds, inorganic or organic (excluding cerium), of rare-earth metals, of yttrium, scandium or of mixtures of these metals","2024","2845.74"
"Colombia","Germany","Import","Rare Earth Elements","284690","Compounds, inorganic or organic (excluding cerium), of rare-earth metals, of yttrium, scandium or of mixtures of these metals","2024","21169.34"
"Colombia","European Union","Import","Rare Earth Elements","284690","Compounds, inorganic or organic (excluding cerium), of rare-earth metals, of yttrium, scandium or of mixtures of these metals","2024","29145.15"
"Colombia","Spain","Import","Rare Earth Elements","284690","Compounds, inorganic or organic (excluding cerium), of rare-earth metals, of yttrium, scandium or of mixtures of these metals","2024","6642.38"
"Colombia","United States of America","Import","Rare Earth Elements","284690","Compounds, inorganic or organic (excluding cerium), of rare-earth metals, of yttrium, scandium or of mixtures of these metals","2024","451.12"
"Colombia","World","Import","Rare Earth Elements","284690","Compounds, inorganic or organic (excluding cerium), of rare-earth metals, of yttrium, scandium or of mixtures of these metals","2024","32482.61"
"Cabo Verde","European Union","Import","Rare Earth Elements","280530","Earth-metals, rare; scandium and yttrium, whether or not intermixed or interalloyed","2024","237.06"
"Cabo Verde","Portugal","Import","Rare Earth Elements","280530","Earth-metals, rare; scandium and yttrium, whether or not intermixed or interalloyed","2024","237.06"
"Cabo Verde","World","Import","Rare Earth Elements","280530","Earth-metals, rare; scandium and yttrium, whether or not intermixed or interalloyed","2024","237.06"
"Costa Rica","China","Import","Rare Earth Elements","284610","Cerium compounds","2024","10329.84"
"Costa Rica","European Union","Import","Rare Earth Elements","284610","Cerium compounds","2024","18846.67"
"Costa Rica","Italy","Import","Rare Earth Elements","284610","Cerium compounds","2024","18846.67"
"Costa Rica","United States of America","Import","Rare Earth Elements","284610","Cerium compounds","2024","3087.49"
"Costa Rica","World","Import","Rare Earth Elements","284610","Cerium compounds","2024","32264"
"Costa Rica","Canada","Import","Rare Earth Elements","284690","Compounds, inorganic or organic (excluding cerium), of rare-earth metals, of yttrium, scandium or of mixtures of these metals","2024","662.06"
"Costa Rica","China","Import","Rare Earth Elements","284690","Compounds, inorganic or organic (excluding cerium), of rare-earth metals, of yttrium, scandium or of mixtures of these metals","2024","1264.08"
"Costa Rica","Germany","Import","Rare Earth Elements","284690","Compounds, inorganic or organic (excluding cerium), of rare-earth metals, of yttrium, scandium or of mixtures of these metals","2024","863.75"
"Costa Rica","European Union","Import","Rare Earth Elements","284690","Compounds, inorganic or organic (excluding cerium), of rare-earth metals, of yttrium, scandium or of mixtures of these metals","2024","863.75"
"Costa Rica","Guatemala","Import","Rare Earth Elements","284690","Compounds, inorganic or organic (excluding cerium), of rare-earth metals, of yttrium, scandium or of mixtures of these metals","2024","486.06"
"Costa Rica","United States of America","Import","Rare Earth Elements","284690","Compounds, inorganic or organic (excluding cerium), of rare-earth metals, of yttrium, scandium or of mixtures of these metals","2024","4358.37"
"Costa Rica","World","Import","Rare Earth Elements","284690","Compounds, inorganic or organic (excluding cerium), of rare-earth metals, of yttrium, scandium or of mixtures of these metals","2024","7634.32"
"Cyprus","United Kingdom","Import","Rare Earth Elements","280530","Earth-metals, rare; scandium and yttrium, whether or not intermixed or interalloyed","2024","1818.4"
"Cyprus","United States of America","Import","Rare Earth Elements","280530","Earth-metals, rare; scandium and yttrium, whether or not intermixed or interalloyed","2024","253.28"
"Cyprus","World","Import","Rare Earth Elements","280530","Earth-metals, rare; scandium and yttrium, whether or not intermixed or interalloyed","2024","2071.68"
"Cyprus","Germany","Import","Rare Earth Elements","284610","Cerium compounds","2024","79.01"
"Cyprus","World","Import","Rare Earth Elements","284610","Cerium compounds","2024","79.01"
"Cyprus","China","Import","Rare Earth Elements","284690","Compounds, inorganic or organic (excluding cerium), of rare-earth metals, of yttrium, scandium or of mixtures of these metals","2024","11067.34"
"Cyprus","Germany","Import","Rare Earth Elements","284690","Compounds, inorganic or organic (excluding cerium), of rare-earth metals, of yttrium, scandium or of mixtures of these metals","2024","371.26"
"Cyprus","Spain","Import","Rare Earth Elements","284690","Compounds, inorganic or organic (excluding cerium), of rare-earth metals, of yttrium, scandium or of mixtures of these metals","2024","4505.95"
"Cyprus","United Kingdom","Import","Rare Earth Elements","284690","Compounds, inorganic or organic (excluding cerium), of rare-earth metals, of yttrium, scandium or of mixtures of these metals","2024","49971.34"
"Cyprus","World","Import","Rare Earth Elements","284690","Compounds, inorganic or organic (excluding cerium), of rare-earth metals, of yttrium, scandium or of mixtures of these metals","2024","65915.89"
"Czech Republic","Brazil","Import","Rare Earth Elements","280530","Earth-metals, rare; scandium and yttrium, whether or not intermixed or interalloyed","2024","85"
"Czech Republic","China","Import","Rare Earth Elements","280530","Earth-metals, rare; scandium and yttrium, whether or not intermixed or interalloyed","2024","59248"
"Czech Republic","Germany","Import","Rare Earth Elements","280530","Earth-metals, rare; scandium and yttrium, whether or not intermixed or interalloyed","2024","7592"
"Czech Republic","France","Import","Rare Earth Elements","280530","Earth-metals, rare; scandium and yttrium, whether or not intermixed or interalloyed","2024","1335"
"Czech Republic","United Kingdom","Import","Rare Earth Elements","280530","Earth-metals, rare; scandium and yttrium, whether or not intermixed or interalloyed","2024","15550"
"Czech Republic","Netherlands","Import","Rare Earth Elements","280530","Earth-metals, rare; scandium and yttrium, whether or not intermixed or interalloyed","2024","645"
"Czech Republic","United States of America","Import","Rare Earth Elements","280530","Earth-metals, rare; scandium and yttrium, whether or not intermixed or interalloyed","2024","14115"
"Czech Republic","World","Import","Rare Earth Elements","280530","Earth-metals, rare; scandium and yttrium, whether or not intermixed or interalloyed","2024","98570"
"Czech Republic","Austria","Import","Rare Earth Elements","284610","Cerium compounds","2024","590146"
"Czech Republic","Belgium","Import","Rare Earth Elements","284610","Cerium compounds","2024","616"
"Czech Republic","Canada","Import","Rare Earth Elements","284610","Cerium compounds","2024","2093"
"Czech Republic","China","Import","Rare Earth Elements","284610","Cerium compounds","2024","10850"
"Czech Republic","Germany","Import","Rare Earth Elements","284610","Cerium compounds","2024","79663"
"Czech Republic","France","Import","Rare Earth Elements","284610","Cerium compounds","2024","19199"
"Czech Republic","United Kingdom","Import","Rare Earth Elements","284610","Cerium compounds","2024","46"
"Czech Republic","Korea, Republic of","Import","Rare Earth Elements","284610","Cerium compounds","2024","44"
"Czech Republic","Singapore","Import","Rare Earth Elements","284610","Cerium compounds","2024","2714"
"Czech Republic","Slovak Republic","Export","Rare Earth Elements","284610","Cerium compounds","2024","252"
"Czech Republic","United States of America","Import","Rare Earth Elements","284610","Cerium compounds","2024","6373"
"Czech Republic","World","Import","Rare Earth Elements","284610","Cerium compounds","2024","711744"
"Czech Republic","World","Export","Rare Earth Elements","284610","Cerium compounds","2024","252"
"Czech Republic","Australia","Import","Rare Earth Elements","284690","Compounds, inorganic or organic (excluding cerium), of rare-earth metals, of yttrium, scandium or of mixtures of these metals","2024","99"
"Czech Republic","Austria","Import","Rare Earth Elements","284690","Compounds, inorganic or organic (excluding cerium), of rare-earth metals, of yttrium, scandium or of mixtures of these metals","2024","241848"
"Czech Republic","Belgium","Import","Rare Earth Elements","284690","Compounds, inorganic or organic (excluding cerium), of rare-earth metals, of yttrium, scandium or of mixtures of these metals","2024","661"
"Czech Republic","Brazil","Import","Rare Earth Elements","284690","Compounds, inorganic or organic (excluding cerium), of rare-earth metals, of yttrium, scandium or of mixtures of these metals","2024","62"
"Czech Republic","Canada","Import","Rare Earth Elements","284690","Compounds, inorganic or organic (excluding cerium), of rare-earth metals, of yttrium, scandium or of mixtures of these metals","2024","4876"
"Czech Republic","Switzerland","Import","Rare Earth Elements","284690","Compounds, inorganic or organic (excluding cerium), of rare-earth metals, of yttrium, scandium or of mixtures of these metals","2024","941"
"Czech Republic","China","Import","Rare Earth Elements","284690","Compounds, inorganic or organic (excluding cerium), of rare-earth metals, of yttrium, scandium or of mixtures of these metals","2024","859870"
"Czech Republic","Germany","Import","Rare Earth Elements","284690","Compounds, inorganic or organic (excluding cerium), of rare-earth metals, of yttrium, scandium or of mixtures of these metals","2024","62311"
"Czech Republic","Germany","Export","Rare Earth Elements","284690","Compounds, inorganic or organic (excluding cerium), of rare-earth metals, of yttrium, scandium or of mixtures of these metals","2024","2033"
"Czech Republic","France","Export","Rare Earth Elements","284690","Compounds, inorganic or organic (excluding cerium), of rare-earth metals, of yttrium, scandium or of mixtures of these metals","2024","23300"
"Czech Republic","France","Import","Rare Earth Elements","284690","Compounds, inorganic or organic (excluding cerium), of rare-earth metals, of yttrium, scandium or of mixtures of these metals","2024","1404"
"Czech Republic","United Kingdom","Import","Rare Earth Elements","284690","Compounds, inorganic or organic (excluding cerium), of rare-earth metals, of yttrium, scandium or of mixtures of these metals","2024","55"
"Czech Republic","India","Import","Rare Earth Elements","284690","Compounds, inorganic or organic (excluding cerium), of rare-earth metals, of yttrium, scandium or of mixtures of these metals","2024","510"
"Czech Republic","Japan","Import","Rare Earth Elements","284690","Compounds, inorganic or organic (excluding cerium), of rare-earth metals, of yttrium, scandium or of mixtures of these metals","2024","312"
"Czech Republic","Netherlands","Import","Rare Earth Elements","284690","Compounds, inorganic or organic (excluding cerium), of rare-earth metals, of yttrium, scandium or of mixtures of these metals","2024","100306"
"Czech Republic","Slovak Republic","Export","Rare Earth Elements","284690","Compounds, inorganic or organic (excluding cerium), of rare-earth metals, of yttrium, scandium or of mixtures of these metals","2024","132863"
"Czech Republic","Slovenia","Export","Rare Earth Elements","284690","Compounds, inorganic or organic (excluding cerium), of rare-earth metals, of yttrium, scandium or of mixtures of these metals","2024","68341"
"Czech Republic","Sweden","Import","Rare Earth Elements","284690","Compounds, inorganic or organic (excluding cerium), of rare-earth metals, of yttrium, scandium or of mixtures of these metals","2024","14994"
"Czech Republic","Turkiye","Import","Rare Earth Elements","284690","Compounds, inorganic or organic (excluding cerium), of rare-earth metals, of yttrium, scandium or of mixtures of these metals","2024","695"
"Czech Republic","Ukraine","Import","Rare Earth Elements","284690","Compounds, inorganic or organic (excluding cerium), of rare-earth metals, of yttrium, scandium or of mixtures of these metals","2024","456"
"Czech Republic","United States of America","Import","Rare Earth Elements","284690","Compounds, inorganic or organic (excluding cerium), of rare-earth metals, of yttrium, scandium or of mixtures of these metals","2024","12311"
"Czech Republic","World","Import","Rare Earth Elements","284690","Compounds, inorganic or organic (excluding cerium), of rare-earth metals, of yttrium, scandium or of mixtures of these metals","2024","1301711"
"Czech Republic","World","Export","Rare Earth Elements","284690","Compounds, inorganic or organic (excluding cerium), of rare-earth metals, of yttrium, scandium or of mixtures of these metals","2024","226537"
"Germany","Austria","Import","Rare Earth Elements","280530","Earth-metals, rare; scandium and yttrium, whether or not intermixed or interalloyed","2024","101000.48"
"Germany","Austria","Export","Rare Earth Elements","280530","Earth-metals, rare; scandium and yttrium, whether or not intermixed or interalloyed","2024","3125.81"
"Germany","Belgium","Export","Rare Earth Elements","280530","Earth-metals, rare; scandium and yttrium, whether or not intermixed or interalloyed","2024","572.14"
"Germany","Canada","Import","Rare Earth Elements","280530","Earth-metals, rare; scandium and yttrium, whether or not intermixed or interalloyed","2024","1105.51"
"Germany","Switzerland","Export","Rare Earth Elements","280530","Earth-metals, rare; scandium and yttrium, whether or not intermixed or interalloyed","2024","10962.87"
"Germany","China","Import","Rare Earth Elements","280530","Earth-metals, rare; scandium and yttrium, whether or not intermixed or interalloyed","2024","1675183.27"
"Germany","Chinese Taipei","Import","Rare Earth Elements","280530","Earth-metals, rare; scandium and yttrium, whether or not intermixed or interalloyed","2024","1374.81"
"Germany","Czech Republic","Export","Rare Earth Elements","280530","Earth-metals, rare; scandium and yttrium, whether or not intermixed or interalloyed","2024","3841.51"
"Germany","Spain","Export","Rare Earth Elements","280530","Earth-metals, rare; scandium and yttrium, whether or not intermixed or interalloyed","2024","7217.76"
"Germany","Finland","Export","Rare Earth Elements","280530","Earth-metals, rare; scandium and yttrium, whether or not intermixed or interalloyed","2024","23227.2"
"Germany","France","Import","Rare Earth Elements","280530","Earth-metals, rare; scandium and yttrium, whether or not intermixed or interalloyed","2024","39460.88"
"Germany","France","Export","Rare Earth Elements","280530","Earth-metals, rare; scandium and yttrium, whether or not intermixed or interalloyed","2024","32963"
"Germany","United Kingdom","Import","Rare Earth Elements","280530","Earth-metals, rare; scandium and yttrium, whether or not intermixed or interalloyed","2024","68525.79"
"Germany","United Kingdom","Export","Rare Earth Elements","280530","Earth-metals, rare; scandium and yttrium, whether or not intermixed or interalloyed","2024","46229.1"
"Germany","Greece","Export","Rare Earth Elements","280530","Earth-metals, rare; scandium and yttrium, whether or not intermixed or interalloyed","2024","1560.29"
"Germany","Hong Kong, China","Import","Rare Earth Elements","280530","Earth-metals, rare; scandium and yttrium, whether or not intermixed or interalloyed","2024","13702.01"
"Germany","India","Export","Rare Earth Elements","280530","Earth-metals, rare; scandium and yttrium, whether or not intermixed or interalloyed","2024","717.79"
"Germany","Israel","Export","Rare Earth Elements","280530","Earth-metals, rare; scandium and yttrium, whether or not intermixed or interalloyed","2024","2318.95"
"Germany","Italy","Export","Rare Earth Elements","280530","Earth-metals, rare; scandium and yttrium, whether or not intermixed or interalloyed","2024","14493.16"
"Germany","Japan","Import","Rare Earth Elements","280530","Earth-metals, rare; scandium and yttrium, whether or not intermixed or interalloyed","2024","17686.03"
"Germany","Japan","Export","Rare Earth Elements","280530","Earth-metals, rare; scandium and yttrium, whether or not intermixed or interalloyed","2024","1556.09"
"Germany","Korea, Republic of","Export","Rare Earth Elements","280530","Earth-metals, rare; scandium and yttrium, whether or not intermixed or interalloyed","2024","24913.23"
"Germany","Korea, Republic of","Import","Rare Earth Elements","280530","Earth-metals, rare; scandium and yttrium, whether or not intermixed or interalloyed","2024","18758.01"
"Germany","Luxembourg","Export","Rare Earth Elements","280530","Earth-metals, rare; scandium and yttrium, whether or not intermixed or interalloyed","2024","51888.67"
"Germany","Netherlands","Export","Rare Earth Elements","280530","Earth-metals, rare; scandium and yttrium, whether or not intermixed or interalloyed","2024","19401.41"
"Germany","Netherlands","Import","Rare Earth Elements","280530","Earth-metals, rare; scandium and yttrium, whether or not intermixed or interalloyed","2024","1056.26"
"Germany","Poland","Export","Rare Earth Elements","280530","Earth-metals, rare; scandium and yttrium, whether or not intermixed or interalloyed","2024","34718.19"
"Germany","Poland","Import","Rare Earth Elements","280530","Earth-metals, rare; scandium and yttrium, whether or not intermixed or interalloyed","2024","31.44"
"Germany","Portugal","Export","Rare Earth Elements","280530","Earth-metals, rare; scandium and yttrium, whether or not intermixed or interalloyed","2024","247.3"
"Germany","Romania","Export","Rare Earth Elements","280530","Earth-metals, rare; scandium and yttrium, whether or not intermixed or interalloyed","2024","28120.77"
"Germany","Slovak Republic","Export","Rare Earth Elements","280530","Earth-metals, rare; scandium and yttrium, whether or not intermixed or interalloyed","2024","1487.98"
"Germany","Slovenia","Export","Rare Earth Elements","280530","Earth-metals, rare; scandium and yttrium, whether or not intermixed or interalloyed","2024","2872.22"
"Germany","Sweden","Export","Rare Earth Elements","280530","Earth-metals, rare; scandium and yttrium, whether or not intermixed or interalloyed","2024","19301.86"
"Germany","United States of America","Import","Rare Earth Elements","280530","Earth-metals, rare; scandium and yttrium, whether or not intermixed or interalloyed","2024","278225.48"
"Germany","United States of America","Export","Rare Earth Elements","280530","Earth-metals, rare; scandium and yttrium, whether or not intermixed or interalloyed","2024","32730.38"
"Germany","World","Import","Rare Earth Elements","280530","Earth-metals, rare; scandium and yttrium, whether or not intermixed or interalloyed","2024","2251147.77"
"Germany","World","Export","Rare Earth Elements","280530","Earth-metals, rare; scandium and yttrium, whether or not intermixed or interalloyed","2024","364467.68"
"Germany","South Africa","Import","Rare Earth Elements","280530","Earth-metals, rare; scandium and yttrium, whether or not intermixed or interalloyed","2024","35037.8"
"Germany","United Arab Emirates","Export","Rare Earth Elements","284610","Cerium compounds","2024","2994.83"
"Germany","Argentina","Export","Rare Earth Elements","284610","Cerium compounds","2024","1770.91"
"Germany","Armenia","Import","Rare Earth Elements","284610","Cerium compounds","2024","3122.67"
"Germany","Australia","Export","Rare Earth Elements","284610","Cerium compounds","2024","7235.58"
"Germany","Austria","Import","Rare Earth Elements","284610","Cerium compounds","2024","626061.3"
"Germany","Austria","Export","Rare Earth Elements","284610","Cerium compounds","2024","45300.68"
"Germany","Belgium","Export","Rare Earth Elements","284610","Cerium compounds","2024","28170.02"
"Germany","Belgium","Import","Rare Earth Elements","284610","Cerium compounds","2024","12077.81"
"Germany","Bangladesh","Export","Rare Earth Elements","284610","Cerium compounds","2024","2270.74"
"Germany","Bulgaria","Export","Rare Earth Elements","284610","Cerium compounds","2024","23147.56"
"Germany","Belarus","Export","Rare Earth Elements","284610","Cerium compounds","2024","811.05"
"Germany","Brazil","Export","Rare Earth Elements","284610","Cerium compounds","2024","11949.97"
"Germany","Canada","Import","Rare Earth Elements","284610","Cerium compounds","2024","3208.59"
"Germany","Canada","Export","Rare Earth Elements","284610","Cerium compounds","2024","1246.97"
"Germany","Switzerland","Export","Rare Earth Elements","284610","Cerium compounds","2024","454138.55"
"Germany","Switzerland","Import","Rare Earth Elements","284610","Cerium compounds","2024","22804.9"
"Germany","Chile","Export","Rare Earth Elements","284610","Cerium compounds","2024","2109.37"
"Germany","China","Import","Rare Earth Elements","284610","Cerium compounds","2024","455249.29"
"Germany","China","Export","Rare Earth Elements","284610","Cerium compounds","2024","18443.65"
"Germany","Chinese Taipei","Import","Rare Earth Elements","284610","Cerium compounds","2024","13617.14"
"Germany","Chinese Taipei","Export","Rare Earth Elements","284610","Cerium compounds","2024","3630.89"
"Germany","Colombia","Export","Rare Earth Elements","284610","Cerium compounds","2024","142.51"
"Germany","Czech Republic","Export","Rare Earth Elements","284610","Cerium compounds","2024","39649.49"
"Germany","Denmark","Export","Rare Earth Elements","284610","Cerium compounds","2024","4359.16"
"Germany","Algeria","Export","Rare Earth Elements","284610","Cerium compounds","2024","1155.81"
"Germany","Egypt","Export","Rare Earth Elements","284610","Cerium compounds","2024","159.28"
"Germany","Spain","Export","Rare Earth Elements","284610","Cerium compounds","2024","22147.89"
"Germany","Spain","Import","Rare Earth Elements","284610","Cerium compounds","2024","13205.32"
"Germany","Estonia","Import","Rare Earth Elements","284610","Cerium compounds","2024","180581.35"
"Germany","Estonia","Export","Rare Earth Elements","284610","Cerium compounds","2024","3790.16"
"Germany","Finland","Export","Rare Earth Elements","284610","Cerium compounds","2024","21338.93"
"Germany","France","Import","Rare Earth Elements","284610","Cerium compounds","2024","633476.06"
"Germany","France","Export","Rare Earth Elements","284610","Cerium compounds","2024","120833.61"
"Germany","United Kingdom","Export","Rare Earth Elements","284610","Cerium compounds","2024","57582.83"
"Germany","United Kingdom","Import","Rare Earth Elements","284610","Cerium compounds","2024","16238.92"
"Germany","Greece","Export","Rare Earth Elements","284610","Cerium compounds","2024","1870.46"
"Germany","Hong Kong, China","Export","Rare Earth Elements","284610","Cerium compounds","2024","5272.91"
"Germany","Croatia","Export","Rare Earth Elements","284610","Cerium compounds","2024","604.62"
"Germany","Hungary","Export","Rare Earth Elements","284610","Cerium compounds","2024","14204.99"
"Germany","Indonesia","Export","Rare Earth Elements","284610","Cerium compounds","2024","23675.69"
"Germany","India","Export","Rare Earth Elements","284610","Cerium compounds","2024","42620.22"
"Germany","India","Import","Rare Earth Elements","284610","Cerium compounds","2024","35597.36"
"Germany","Ireland","Export","Rare Earth Elements","284610","Cerium compounds","2024","10536.38"
"Germany","Ireland","Import","Rare Earth Elements","284610","Cerium compounds","2024","1092.93"
"Germany","Israel","Export","Rare Earth Elements","284610","Cerium compounds","2024","107073.96"
"Germany","Italy","Export","Rare Earth Elements","284610","Cerium compounds","2024","40792.73"
"Germany","Italy","Import","Rare Earth Elements","284610","Cerium compounds","2024","277.69"
"Germany","Jordan","Export","Rare Earth Elements","284610","Cerium compounds","2024","1456.55"
"Germany","Japan","Import","Rare Earth Elements","284610","Cerium compounds","2024","1926151.43"
"Germany","Japan","Export","Rare Earth Elements","284610","Cerium compounds","2024","10500.75"
"Germany","Korea, Republic of","Export","Rare Earth Elements","284610","Cerium compounds","2024","116042.73"
"Germany","Korea, Republic of","Import","Rare Earth Elements","284610","Cerium compounds","2024","56984.49"
"Germany","Lithuania","Export","Rare Earth Elements","284610","Cerium compounds","2024","41463.37"
"Germany","Luxembourg","Export","Rare Earth Elements","284610","Cerium compounds","2024","663.3"
"Germany","Latvia","Export","Rare Earth Elements","284610","Cerium compounds","2024","10420.07"
"Germany","Latvia","Import","Rare Earth Elements","284610","Cerium compounds","2024","6685.44"
"Germany","Morocco","Export","Rare Earth Elements","284610","Cerium compounds","2024","1671.36"
"Germany","Mexico","Export","Rare Earth Elements","284610","Cerium compounds","2024","205.38"
"Germany","North Macedonia","Export","Rare Earth Elements","284610","Cerium compounds","2024","1946.95"
"Germany","Malaysia","Export","Rare Earth Elements","284610","Cerium compounds","2024","13152.93"
"Germany","Malaysia","Import","Rare Earth Elements","284610","Cerium compounds","2024","1.05"
"Germany","Netherlands","Export","Rare Earth Elements","284610","Cerium compounds","2024","87932.43"
"Germany","Netherlands","Import","Rare Earth Elements","284610","Cerium compounds","2024","454.78"
"Germany","Norway","Export","Rare Earth Elements","284610","Cerium compounds","2024","2870.13"
"Germany","Panama","Export","Rare Earth Elements","284610","Cerium compounds","2024","25.15"
"Germany","Peru","Export","Rare Earth Elements","284610","Cerium compounds","2024","5360.93"
"Germany","Philippines","Export","Rare Earth Elements","284610","Cerium compounds","2024","243.11"
"Germany","Poland","Import","Rare Earth Elements","284610","Cerium compounds","2024","864334.45"
"Germany","Poland","Export","Rare Earth Elements","284610","Cerium compounds","2024","57973.68"
"Germany","Portugal","Export","Rare Earth Elements","284610","Cerium compounds","2024","1867.31"
"Germany","Romania","Export","Rare Earth Elements","284610","Cerium compounds","2024","7601.28"
"Germany","Russian Federation","Import","Rare Earth Elements","284610","Cerium compounds","2024","1351.76"
"Germany","Saudi Arabia, Kingdom of","Export","Rare Earth Elements","284610","Cerium compounds","2024","9580.72"
"Germany","Singapore","Export","Rare Earth Elements","284610","Cerium compounds","2024","23040.67"
"Germany","Serbia","Export","Rare Earth Elements","284610","Cerium compounds","2024","2600.83"
"Germany","Slovak Republic","Export","Rare Earth Elements","284610","Cerium compounds","2024","1433.49"
"Germany","Slovenia","Export","Rare Earth Elements","284610","Cerium compounds","2024","2044.4"
"Germany","Sweden","Export","Rare Earth Elements","284610","Cerium compounds","2024","74544.78"
"Germany","Thailand","Export","Rare Earth Elements","284610","Cerium compounds","2024","176287.15"
"Germany","Tunisia","Export","Rare Earth Elements","284610","Cerium compounds","2024","1949.05"
"Germany","Turkiye","Export","Rare Earth Elements","284610","Cerium compounds","2024","42293.28"
"Germany","Turkiye","Import","Rare Earth Elements","284610","Cerium compounds","2024","2215.21"
"Germany","Ukraine","Export","Rare Earth Elements","284610","Cerium compounds","2024","18007.73"
"Germany","United States of America","Import","Rare Earth Elements","284610","Cerium compounds","2024","451897.14"
"Germany","United States of America","Export","Rare Earth Elements","284610","Cerium compounds","2024","128730.4"
"Germany","Viet Nam","Export","Rare Earth Elements","284610","Cerium compounds","2024","5221.56"
"Germany","World","Import","Rare Earth Elements","284610","Cerium compounds","2024","5326687.080000001"
"Germany","World","Export","Rare Earth Elements","284610","Cerium compounds","2024","1997313.659999999"
"Germany","South Africa","Export","Rare Earth Elements","284610","Cerium compounds","2024","29149.79"
"Germany","United Arab Emirates","Export","Rare Earth Elements","284690","Compounds, inorganic or organic (excluding cerium), of rare-earth metals, of yttrium, scandium or of mixtures of these metals","2024","4395.84"
"Germany","Argentina","Export","Rare Earth Elements","284690","Compounds, inorganic or organic (excluding cerium), of rare-earth metals, of yttrium, scandium or of mixtures of these metals","2024","9267.41"
"Germany","Australia","Import","Rare Earth Elements","284690","Compounds, inorganic or organic (excluding cerium), of rare-earth metals, of yttrium, scandium or of mixtures of these metals","2024","12517.92"
"Germany","Australia","Export","Rare Earth Elements","284690","Compounds, inorganic or organic (excluding cerium), of rare-earth metals, of yttrium, scandium or of mixtures of these metals","2024","6841.58"
"Germany","Austria","Import","Rare Earth Elements","284690","Compounds, inorganic or organic (excluding cerium), of rare-earth metals, of yttrium, scandium or of mixtures of these metals","2024","8297555.22"
"Germany","Austria","Export","Rare Earth Elements","284690","Compounds, inorganic or organic (excluding cerium), of rare-earth metals, of yttrium, scandium or of mixtures of these metals","2024","1174113.55"
"Germany","Belgium","Export","Rare Earth Elements","284690","Compounds, inorganic or organic (excluding cerium), of rare-earth metals, of yttrium, scandium or of mixtures of these metals","2024","168492.01"
"Germany","Belgium","Import","Rare Earth Elements","284690","Compounds, inorganic or organic (excluding cerium), of rare-earth metals, of yttrium, scandium or of mixtures of these metals","2024","10324.71"
"Germany","Bangladesh","Export","Rare Earth Elements","284690","Compounds, inorganic or organic (excluding cerium), of rare-earth metals, of yttrium, scandium or of mixtures of these metals","2024","4866.33"
"Germany","Bulgaria","Export","Rare Earth Elements","284690","Compounds, inorganic or organic (excluding cerium), of rare-earth metals, of yttrium, scandium or of mixtures of these metals","2024","1149.52"
"Germany","Bosnia and Herzegovina","Export","Rare Earth Elements","284690","Compounds, inorganic or organic (excluding cerium), of rare-earth metals, of yttrium, scandium or of mixtures of these metals","2024","2.1"
"Germany","Bolivia, Plurinational State of","Export","Rare Earth Elements","284690","Compounds, inorganic or organic (excluding cerium), of rare-earth metals, of yttrium, scandium or of mixtures of these metals","2024","2686.75"
"Germany","Brazil","Export","Rare Earth Elements","284690","Compounds, inorganic or organic (excluding cerium), of rare-earth metals, of yttrium, scandium or of mixtures of these metals","2024","16448.49"
"Germany","Canada","Import","Rare Earth Elements","284690","Compounds, inorganic or organic (excluding cerium), of rare-earth metals, of yttrium, scandium or of mixtures of these metals","2024","23709.22"
"Germany","Switzerland","Export","Rare Earth Elements","284690","Compounds, inorganic or organic (excluding cerium), of rare-earth metals, of yttrium, scandium or of mixtures of these metals","2024","208907.5"
"Germany","Switzerland","Import","Rare Earth Elements","284690","Compounds, inorganic or organic (excluding cerium), of rare-earth metals, of yttrium, scandium or of mixtures of these metals","2024","29163.41"
"Germany","Chile","Export","Rare Earth Elements","284690","Compounds, inorganic or organic (excluding cerium), of rare-earth metals, of yttrium, scandium or of mixtures of these metals","2024","24665.93"
"Germany","China","Import","Rare Earth Elements","284690","Compounds, inorganic or organic (excluding cerium), of rare-earth metals, of yttrium, scandium or of mixtures of these metals","2024","19323697.31"
"Germany","China","Export","Rare Earth Elements","284690","Compounds, inorganic or organic (excluding cerium), of rare-earth metals, of yttrium, scandium or of mixtures of these metals","2024","1305658.54"
"Germany","Chinese Taipei","Export","Rare Earth Elements","284690","Compounds, inorganic or organic (excluding cerium), of rare-earth metals, of yttrium, scandium or of mixtures of these metals","2024","200229"
"Germany","Chinese Taipei","Import","Rare Earth Elements","284690","Compounds, inorganic or organic (excluding cerium), of rare-earth metals, of yttrium, scandium or of mixtures of these metals","2024","3618.31"
"Germany","Colombia","Export","Rare Earth Elements","284690","Compounds, inorganic or organic (excluding cerium), of rare-earth metals, of yttrium, scandium or of mixtures of these metals","2024","17594.87"
"Germany","Czech Republic","Export","Rare Earth Elements","284690","Compounds, inorganic or organic (excluding cerium), of rare-earth metals, of yttrium, scandium or of mixtures of these metals","2024","92082.02"
"Germany","Denmark","Export","Rare Earth Elements","284690","Compounds, inorganic or organic (excluding cerium), of rare-earth metals, of yttrium, scandium or of mixtures of these metals","2024","18425.83"
"Germany","Algeria","Export","Rare Earth Elements","284690","Compounds, inorganic or organic (excluding cerium), of rare-earth metals, of yttrium, scandium or of mixtures of these metals","2024","1394.72"
"Germany","Egypt","Export","Rare Earth Elements","284690","Compounds, inorganic or organic (excluding cerium), of rare-earth metals, of yttrium, scandium or of mixtures of these metals","2024","780.67"
"Germany","Spain","Export","Rare Earth Elements","284690","Compounds, inorganic or organic (excluding cerium), of rare-earth metals, of yttrium, scandium or of mixtures of these metals","2024","207792.57"
"Germany","Spain","Import","Rare Earth Elements","284690","Compounds, inorganic or organic (excluding cerium), of rare-earth metals, of yttrium, scandium or of mixtures of these metals","2024","10632.79"
"Germany","Estonia","Import","Rare Earth Elements","284690","Compounds, inorganic or organic (excluding cerium), of rare-earth metals, of yttrium, scandium or of mixtures of these metals","2024","2955454.94"
"Germany","Estonia","Export","Rare Earth Elements","284690","Compounds, inorganic or organic (excluding cerium), of rare-earth metals, of yttrium, scandium or of mixtures of these metals","2024","1368.53"
"Germany","Ethiopia","Export","Rare Earth Elements","284690","Compounds, inorganic or organic (excluding cerium), of rare-earth metals, of yttrium, scandium or of mixtures of these metals","2024","2138.71"
"Germany","Finland","Export","Rare Earth Elements","284690","Compounds, inorganic or organic (excluding cerium), of rare-earth metals, of yttrium, scandium or of mixtures of these metals","2024","14224.9"
"Germany","France","Import","Rare Earth Elements","284690","Compounds, inorganic or organic (excluding cerium), of rare-earth metals, of yttrium, scandium or of mixtures of these metals","2024","13735592.65"
"Germany","France","Export","Rare Earth Elements","284690","Compounds, inorganic or organic (excluding cerium), of rare-earth metals, of yttrium, scandium or of mixtures of these metals","2024","520093.89"
"Germany","United Kingdom","Import","Rare Earth Elements","284690","Compounds, inorganic or organic (excluding cerium), of rare-earth metals, of yttrium, scandium or of mixtures of these metals","2024","380878.46"
"Germany","United Kingdom","Export","Rare Earth Elements","284690","Compounds, inorganic or organic (excluding cerium), of rare-earth metals, of yttrium, scandium or of mixtures of these metals","2024","126301.42"
"Germany","Greece","Export","Rare Earth Elements","284690","Compounds, inorganic or organic (excluding cerium), of rare-earth metals, of yttrium, scandium or of mixtures of these metals","2024","7019.72"
"Germany","Greece","Import","Rare Earth Elements","284690","Compounds, inorganic or organic (excluding cerium), of rare-earth metals, of yttrium, scandium or of mixtures of these metals","2024","4079.38"
"Germany","Guatemala","Export","Rare Earth Elements","284690","Compounds, inorganic or organic (excluding cerium), of rare-earth metals, of yttrium, scandium or of mixtures of these metals","2024","5459.43"
"Germany","Hong Kong, China","Import","Rare Earth Elements","284690","Compounds, inorganic or organic (excluding cerium), of rare-earth metals, of yttrium, scandium or of mixtures of these metals","2024","419379.48"
"Germany","Hong Kong, China","Export","Rare Earth Elements","284690","Compounds, inorganic or organic (excluding cerium), of rare-earth metals, of yttrium, scandium or of mixtures of these metals","2024","1837.97"
"Germany","Croatia","Export","Rare Earth Elements","284690","Compounds, inorganic or organic (excluding cerium), of rare-earth metals, of yttrium, scandium or of mixtures of these metals","2024","441.15"
"Germany","Hungary","Export","Rare Earth Elements","284690","Compounds, inorganic or organic (excluding cerium), of rare-earth metals, of yttrium, scandium or of mixtures of these metals","2024","14364.27"
"Germany","Indonesia","Export","Rare Earth Elements","284690","Compounds, inorganic or organic (excluding cerium), of rare-earth metals, of yttrium, scandium or of mixtures of these metals","2024","107523.5"
"Germany","India","Import","Rare Earth Elements","284690","Compounds, inorganic or organic (excluding cerium), of rare-earth metals, of yttrium, scandium or of mixtures of these metals","2024","2771181.93"
"Germany","India","Export","Rare Earth Elements","284690","Compounds, inorganic or organic (excluding cerium), of rare-earth metals, of yttrium, scandium or of mixtures of these metals","2024","1175049.3"
"Germany","Ireland","Export","Rare Earth Elements","284690","Compounds, inorganic or organic (excluding cerium), of rare-earth metals, of yttrium, scandium or of mixtures of these metals","2024","4314.1"
"Germany","Ireland","Import","Rare Earth Elements","284690","Compounds, inorganic or organic (excluding cerium), of rare-earth metals, of yttrium, scandium or of mixtures of these metals","2024","2102.04"
"Germany","Israel","Export","Rare Earth Elements","284690","Compounds, inorganic or organic (excluding cerium), of rare-earth metals, of yttrium, scandium or of mixtures of these metals","2024","62827.44"
"Germany","Italy","Import","Rare Earth Elements","284690","Compounds, inorganic or organic (excluding cerium), of rare-earth metals, of yttrium, scandium or of mixtures of these metals","2024","17371043.02"
"Germany","Italy","Export","Rare Earth Elements","284690","Compounds, inorganic or organic (excluding cerium), of rare-earth metals, of yttrium, scandium or of mixtures of these metals","2024","93424.34"
"Germany","Jordan","Export","Rare Earth Elements","284690","Compounds, inorganic or organic (excluding cerium), of rare-earth metals, of yttrium, scandium or of mixtures of these metals","2024","2068.51"
"Germany","Japan","Export","Rare Earth Elements","284690","Compounds, inorganic or organic (excluding cerium), of rare-earth metals, of yttrium, scandium or of mixtures of these metals","2024","786422.85"
"Germany","Japan","Import","Rare Earth Elements","284690","Compounds, inorganic or organic (excluding cerium), of rare-earth metals, of yttrium, scandium or of mixtures of these metals","2024","708293.29"
"Germany","Kazakhstan","Export","Rare Earth Elements","284690","Compounds, inorganic or organic (excluding cerium), of rare-earth metals, of yttrium, scandium or of mixtures of these metals","2024","8591.53"
"Germany","Korea, Republic of","Export","Rare Earth Elements","284690","Compounds, inorganic or organic (excluding cerium), of rare-earth metals, of yttrium, scandium or of mixtures of these metals","2024","861929.58"
"Germany","Korea, Republic of","Import","Rare Earth Elements","284690","Compounds, inorganic or organic (excluding cerium), of rare-earth metals, of yttrium, scandium or of mixtures of these metals","2024","372342.47"
"Germany","Lithuania","Export","Rare Earth Elements","284690","Compounds, inorganic or organic (excluding cerium), of rare-earth metals, of yttrium, scandium or of mixtures of these metals","2024","14404.09"
"Germany","Luxembourg","Export","Rare Earth Elements","284690","Compounds, inorganic or organic (excluding cerium), of rare-earth metals, of yttrium, scandium or of mixtures of these metals","2024","17430.35"
"Germany","Latvia","Export","Rare Earth Elements","284690","Compounds, inorganic or organic (excluding cerium), of rare-earth metals, of yttrium, scandium or of mixtures of these metals","2024","2646.93"
"Germany","Morocco","Export","Rare Earth Elements","284690","Compounds, inorganic or organic (excluding cerium), of rare-earth metals, of yttrium, scandium or of mixtures of these metals","2024","5500.3"
"Germany","Mexico","Import","Rare Earth Elements","284690","Compounds, inorganic or organic (excluding cerium), of rare-earth metals, of yttrium, scandium or of mixtures of these metals","2024","830819.22"
"Germany","Mexico","Export","Rare Earth Elements","284690","Compounds, inorganic or organic (excluding cerium), of rare-earth metals, of yttrium, scandium or of mixtures of these metals","2024","19134.2"
"Germany","North Macedonia","Export","Rare Earth Elements","284690","Compounds, inorganic or organic (excluding cerium), of rare-earth metals, of yttrium, scandium or of mixtures of these metals","2024","4070934.65"
"Germany","Malta","Export","Rare Earth Elements","284690","Compounds, inorganic or organic (excluding cerium), of rare-earth metals, of yttrium, scandium or of mixtures of these metals","2024","16.77"
"Germany","Malaysia","Import","Rare Earth Elements","284690","Compounds, inorganic or organic (excluding cerium), of rare-earth metals, of yttrium, scandium or of mixtures of these metals","2024","590160.06"
"Germany","Malaysia","Export","Rare Earth Elements","284690","Compounds, inorganic or organic (excluding cerium), of rare-earth metals, of yttrium, scandium or of mixtures of these metals","2024","25814.4"
"Germany","Nigeria","Export","Rare Earth Elements","284690","Compounds, inorganic or organic (excluding cerium), of rare-earth metals, of yttrium, scandium or of mixtures of these metals","2024","68.11"
"Germany","Netherlands","Export","Rare Earth Elements","284690","Compounds, inorganic or organic (excluding cerium), of rare-earth metals, of yttrium, scandium or of mixtures of these metals","2024","656735.75"
"Germany","Netherlands","Import","Rare Earth Elements","284690","Compounds, inorganic or organic (excluding cerium), of rare-earth metals, of yttrium, scandium or of mixtures of these metals","2024","359838.18"
"Germany","Norway","Export","Rare Earth Elements","284690","Compounds, inorganic or organic (excluding cerium), of rare-earth metals, of yttrium, scandium or of mixtures of these metals","2024","16474.69"
"Germany","Norway","Import","Rare Earth Elements","284690","Compounds, inorganic or organic (excluding cerium), of rare-earth metals, of yttrium, scandium or of mixtures of these metals","2024","1499.51"
"Germany","Oman","Export","Rare Earth Elements","284690","Compounds, inorganic or organic (excluding cerium), of rare-earth metals, of yttrium, scandium or of mixtures of these metals","2024","394"
"Germany","Pakistan","Export","Rare Earth Elements","284690","Compounds, inorganic or organic (excluding cerium), of rare-earth metals, of yttrium, scandium or of mixtures of these metals","2024","3697.95"
"Germany","Peru","Export","Rare Earth Elements","284690","Compounds, inorganic or organic (excluding cerium), of rare-earth metals, of yttrium, scandium or of mixtures of these metals","2024","152592.61"
"Germany","Philippines","Export","Rare Earth Elements","284690","Compounds, inorganic or organic (excluding cerium), of rare-earth metals, of yttrium, scandium or of mixtures of these metals","2024","15535.8"
"Germany","Poland","Export","Rare Earth Elements","284690","Compounds, inorganic or organic (excluding cerium), of rare-earth metals, of yttrium, scandium or of mixtures of these metals","2024","255221.48"
"Germany","Poland","Import","Rare Earth Elements","284690","Compounds, inorganic or organic (excluding cerium), of rare-earth metals, of yttrium, scandium or of mixtures of these metals","2024","99.55"
"Germany","Portugal","Export","Rare Earth Elements","284690","Compounds, inorganic or organic (excluding cerium), of rare-earth metals, of yttrium, scandium or of mixtures of these metals","2024","7467.16"
"Germany","Paraguay","Export","Rare Earth Elements","284690","Compounds, inorganic or organic (excluding cerium), of rare-earth metals, of yttrium, scandium or of mixtures of these metals","2024","476.78"
"Germany","Romania","Export","Rare Earth Elements","284690","Compounds, inorganic or organic (excluding cerium), of rare-earth metals, of yttrium, scandium or of mixtures of these metals","2024","15617.53"
"Germany","Russian Federation","Export","Rare Earth Elements","284690","Compounds, inorganic or organic (excluding cerium), of rare-earth metals, of yttrium, scandium or of mixtures of these metals","2024","9956787.74"
"Germany","Russian Federation","Import","Rare Earth Elements","284690","Compounds, inorganic or organic (excluding cerium), of rare-earth metals, of yttrium, scandium or of mixtures of these metals","2024","8607.25"
"Germany","Rwanda","Export","Rare Earth Elements","284690","Compounds, inorganic or organic (excluding cerium), of rare-earth metals, of yttrium, scandium or of mixtures of these metals","2024","3071.32"
"Germany","Saudi Arabia, Kingdom of","Export","Rare Earth Elements","284690","Compounds, inorganic or organic (excluding cerium), of rare-earth metals, of yttrium, scandium or of mixtures of these metals","2024","23880.02"
"Germany","Singapore","Export","Rare Earth Elements","284690","Compounds, inorganic or organic (excluding cerium), of rare-earth metals, of yttrium, scandium or of mixtures of these metals","2024","23759.52"
"Germany","Singapore","Import","Rare Earth Elements","284690","Compounds, inorganic or organic (excluding cerium), of rare-earth metals, of yttrium, scandium or of mixtures of these metals","2024","20019.65"
"Germany","Serbia","Export","Rare Earth Elements","284690","Compounds, inorganic or organic (excluding cerium), of rare-earth metals, of yttrium, scandium or of mixtures of these metals","2024","2454.12"
"Germany","Slovak Republic","Export","Rare Earth Elements","284690","Compounds, inorganic or organic (excluding cerium), of rare-earth metals, of yttrium, scandium or of mixtures of these metals","2024","17395.77"
"Germany","Slovak Republic","Import","Rare Earth Elements","284690","Compounds, inorganic or organic (excluding cerium), of rare-earth metals, of yttrium, scandium or of mixtures of these metals","2024","605.67"
"Germany","Slovenia","Export","Rare Earth Elements","284690","Compounds, inorganic or organic (excluding cerium), of rare-earth metals, of yttrium, scandium or of mixtures of these metals","2024","21799.99"
"Germany","Sweden","Export","Rare Earth Elements","284690","Compounds, inorganic or organic (excluding cerium), of rare-earth metals, of yttrium, scandium or of mixtures of these metals","2024","186022.96"
"Germany","Seychelles","Export","Rare Earth Elements","284690","Compounds, inorganic or organic (excluding cerium), of rare-earth metals, of yttrium, scandium or of mixtures of these metals","2024","38950.56"
"Germany","Thailand","Export","Rare Earth Elements","284690","Compounds, inorganic or organic (excluding cerium), of rare-earth metals, of yttrium, scandium or of mixtures of these metals","2024","57472.8"
"Germany","Turkmenistan","Export","Rare Earth Elements","284690","Compounds, inorganic or organic (excluding cerium), of rare-earth metals, of yttrium, scandium or of mixtures of these metals","2024","2605.02"
"Germany","Turkiye","Export","Rare Earth Elements","284690","Compounds, inorganic or organic (excluding cerium), of rare-earth metals, of yttrium, scandium or of mixtures of these metals","2024","63961.24"
"Germany","Turkiye","Import","Rare Earth Elements","284690","Compounds, inorganic or organic (excluding cerium), of rare-earth metals, of yttrium, scandium or of mixtures of these metals","2024","45644.39"
"Germany","Ukraine","Export","Rare Earth Elements","284690","Compounds, inorganic or organic (excluding cerium), of rare-earth metals, of yttrium, scandium or of mixtures of these metals","2024","6428.71"
"Germany","Uruguay","Export","Rare Earth Elements","284690","Compounds, inorganic or organic (excluding cerium), of rare-earth metals, of yttrium, scandium or of mixtures of these metals","2024","528.13"
"Germany","United States of America","Export","Rare Earth Elements","284690","Compounds, inorganic or organic (excluding cerium), of rare-earth metals, of yttrium, scandium or of mixtures of these metals","2024","1424663.6"
"Germany","United States of America","Import","Rare Earth Elements","284690","Compounds, inorganic or organic (excluding cerium), of rare-earth metals, of yttrium, scandium or of mixtures of these metals","2024","1344635.3"
"Germany","Uzbekistan","Export","Rare Earth Elements","284690","Compounds, inorganic or organic (excluding cerium), of rare-earth metals, of yttrium, scandium or of mixtures of these metals","2024","1111.8"
"Germany","Viet Nam","Export","Rare Earth Elements","284690","Compounds, inorganic or organic (excluding cerium), of rare-earth metals, of yttrium, scandium or of mixtures of these metals","2024","257551.96"
"Germany","World","Import","Rare Earth Elements","284690","Compounds, inorganic or organic (excluding cerium), of rare-earth metals, of yttrium, scandium or of mixtures of these metals","2024","69633495.33"
"Germany","World","Export","Rare Earth Elements","284690","Compounds, inorganic or organic (excluding cerium), of rare-earth metals, of yttrium, scandium or of mixtures of these metals","2024","24668762.03"
"Germany","South Africa","Export","Rare Earth Elements","284690","Compounds, inorganic or organic (excluding cerium), of rare-earth metals, of yttrium, scandium or of mixtures of these metals","2024","38956.85"
"Denmark","China","Import","Rare Earth Elements","280530","Earth-metals, rare; scandium and yttrium, whether or not intermixed or interalloyed","2024","153.89"
"Denmark","Germany","Import","Rare Earth Elements","280530","Earth-metals, rare; scandium and yttrium, whether or not intermixed or interalloyed","2024","256.73"
"Denmark","Japan","Import","Rare Earth Elements","280530","Earth-metals, rare; scandium and yttrium, whether or not intermixed or interalloyed","2024","62.22"
"Denmark","Netherlands","Import","Rare Earth Elements","280530","Earth-metals, rare; scandium and yttrium, whether or not intermixed or interalloyed","2024","371294.35"
"Denmark","United States of America","Import","Rare Earth Elements","280530","Earth-metals, rare; scandium and yttrium, whether or not intermixed or interalloyed","2024","121.84"
"Denmark","World","Import","Rare Earth Elements","280530","Earth-metals, rare; scandium and yttrium, whether or not intermixed or interalloyed","2024","371889.0299999999"
"Denmark","Australia","Import","Rare Earth Elements","284610","Cerium compounds","2024","36.41"
"Denmark","Belgium","Import","Rare Earth Elements","284610","Cerium compounds","2024","303.43"
"Denmark","China","Import","Rare Earth Elements","284610","Cerium compounds","2024","26.11"
"Denmark","Germany","Import","Rare Earth Elements","284610","Cerium compounds","2024","4446.02"
"Denmark","France","Import","Rare Earth Elements","284610","Cerium compounds","2024","803723.1"
"Denmark","United Kingdom","Import","Rare Earth Elements","284610","Cerium compounds","2024","2253.25"
"Denmark","Norway","Import","Rare Earth Elements","284610","Cerium compounds","2024","4058.17"
"Denmark","Turkiye","Import","Rare Earth Elements","284610","Cerium compounds","2024","97.61"
"Denmark","United States of America","Import","Rare Earth Elements","284610","Cerium compounds","2024","19232.48"
"Denmark","World","Import","Rare Earth Elements","284610","Cerium compounds","2024","834176.58"
"Denmark","Austria","Import","Rare Earth Elements","284690","Compounds, inorganic or organic (excluding cerium), of rare-earth metals, of yttrium, scandium or of mixtures of these metals","2024","19841.23"
"Denmark","Belgium","Import","Rare Earth Elements","284690","Compounds, inorganic or organic (excluding cerium), of rare-earth metals, of yttrium, scandium or of mixtures of these metals","2024","854.02"
"Denmark","Canada","Import","Rare Earth Elements","284690","Compounds, inorganic or organic (excluding cerium), of rare-earth metals, of yttrium, scandium or of mixtures of these metals","2024","3.48"
"Denmark","China","Import","Rare Earth Elements","284690","Compounds, inorganic or organic (excluding cerium), of rare-earth metals, of yttrium, scandium or of mixtures of these metals","2024","36113.38"
"Denmark","Czech Republic","Import","Rare Earth Elements","284690","Compounds, inorganic or organic (excluding cerium), of rare-earth metals, of yttrium, scandium or of mixtures of these metals","2024","1477.12"
"Denmark","Germany","Import","Rare Earth Elements","284690","Compounds, inorganic or organic (excluding cerium), of rare-earth metals, of yttrium, scandium or of mixtures of these metals","2024","350073.75"
"Denmark","United Kingdom","Import","Rare Earth Elements","284690","Compounds, inorganic or organic (excluding cerium), of rare-earth metals, of yttrium, scandium or of mixtures of these metals","2024","317.94"
"Denmark","Japan","Import","Rare Earth Elements","284690","Compounds, inorganic or organic (excluding cerium), of rare-earth metals, of yttrium, scandium or of mixtures of these metals","2024","848330.37"
"Denmark","Korea, Republic of","Import","Rare Earth Elements","284690","Compounds, inorganic or organic (excluding cerium), of rare-earth metals, of yttrium, scandium or of mixtures of these metals","2024","1631.16"
"Denmark","Netherlands","Import","Rare Earth Elements","284690","Compounds, inorganic or organic (excluding cerium), of rare-earth metals, of yttrium, scandium or of mixtures of these metals","2024","109.22"
"Denmark","United States of America","Import","Rare Earth Elements","284690","Compounds, inorganic or organic (excluding cerium), of rare-earth metals, of yttrium, scandium or of mixtures of these metals","2024","6689.26"
"Denmark","World","Import","Rare Earth Elements","284690","Compounds, inorganic or organic (excluding cerium), of rare-earth metals, of yttrium, scandium or of mixtures of these metals","2024","1265440.93"
"Dominican Republic","China","Import","Rare Earth Elements","280530","Earth-metals, rare; scandium and yttrium, whether or not intermixed or interalloyed","2024","865.36"
"Dominican Republic","World","Import","Rare Earth Elements","280530","Earth-metals, rare; scandium and yttrium, whether or not intermixed or interalloyed","2024","865.36"
"Dominican Republic","Haiti","Export","Rare Earth Elements","284610","Cerium compounds","2024","113"
"Dominican Republic","United States of America","Import","Rare Earth Elements","284610","Cerium compounds","2024","1039.97"
"Dominican Republic","World","Import","Rare Earth Elements","284610","Cerium compounds","2024","1039.97"
"Dominican Republic","World","Export","Rare Earth Elements","284610","Cerium compounds","2024","113"
"Dominican Republic","China","Import","Rare Earth Elements","284690","Compounds, inorganic or organic (excluding cerium), of rare-earth metals, of yttrium, scandium or of mixtures of these metals","2024","4945.13"
"Dominican Republic","World","Import","Rare Earth Elements","284690","Compounds, inorganic or organic (excluding cerium), of rare-earth metals, of yttrium, scandium or of mixtures of these metals","2024","4945.13"
"Ecuador","United States of America","Import","Rare Earth Elements","280530","Earth-metals, rare; scandium and yttrium, whether or not intermixed or interalloyed","2024","51.83"
"Ecuador","World","Import","Rare Earth Elements","280530","Earth-metals, rare; scandium and yttrium, whether or not intermixed or interalloyed","2024","51.83"
"Ecuador","Austria","Import","Rare Earth Elements","284610","Cerium compounds","2024","3053.58"
"Ecuador","China","Import","Rare Earth Elements","284610","Cerium compounds","2024","3639.077"
"Ecuador","Colombia","Import","Rare Earth Elements","284610","Cerium compounds","2024","347.08"
"Ecuador","European Union","Import","Rare Earth Elements","284610","Cerium compounds","2024","3141.05"
"Ecuador","France","Import","Rare Earth Elements","284610","Cerium compounds","2024","87.47"
"Ecuador","India","Import","Rare Earth Elements","284610","Cerium compounds","2024","75.518"
"Ecuador","United States of America","Import","Rare Earth Elements","284610","Cerium compounds","2024","2586.32"
"Ecuador","World","Import","Rare Earth Elements","284610","Cerium compounds","2024","9789.045"
"Ecuador","Switzerland","Import","Rare Earth Elements","284690","Compounds, inorganic or organic (excluding cerium), of rare-earth metals, of yttrium, scandium or of mixtures of these metals","2024","101.65"
"Ecuador","China","Import","Rare Earth Elements","284690","Compounds, inorganic or organic (excluding cerium), of rare-earth metals, of yttrium, scandium or of mixtures of these metals","2024","18694.64"
"Ecuador","Germany","Import","Rare Earth Elements","284690","Compounds, inorganic or organic (excluding cerium), of rare-earth metals, of yttrium, scandium or of mixtures of these metals","2024","865.218"
"Ecuador","European Union","Import","Rare Earth Elements","284690","Compounds, inorganic or organic (excluding cerium), of rare-earth metals, of yttrium, scandium or of mixtures of these metals","2024","865.218"
"Ecuador","India","Import","Rare Earth Elements","284690","Compounds, inorganic or organic (excluding cerium), of rare-earth metals, of yttrium, scandium or of mixtures of these metals","2024","89.091"
"Ecuador","United States of America","Import","Rare Earth Elements","284690","Compounds, inorganic or organic (excluding cerium), of rare-earth metals, of yttrium, scandium or of mixtures of these metals","2024","985.091"
"Ecuador","World","Import","Rare Earth Elements","284690","Compounds, inorganic or organic (excluding cerium), of rare-earth metals, of yttrium, scandium or of mixtures of these metals","2024","20735.69"
"European Union","Andorra","Export","Rare Earth Elements","280530","Earth-metals, rare; scandium and yttrium, whether or not intermixed or interalloyed","2024","93.08000183105467"
"European Union","United Arab Emirates","Export","Rare Earth Elements","280530","Earth-metals, rare; scandium and yttrium, whether or not intermixed or interalloyed","2024","86.58999633789062"
"European Union","Argentina","Import","Rare Earth Elements","280530","Earth-metals, rare; scandium and yttrium, whether or not intermixed or interalloyed","2024","98.4966227"
"European Union","Australia","Import","Rare Earth Elements","280530","Earth-metals, rare; scandium and yttrium, whether or not intermixed or interalloyed","2024","581.2383117"
"European Union","Australia","Export","Rare Earth Elements","280530","Earth-metals, rare; scandium and yttrium, whether or not intermixed or interalloyed","2024","169.3399963378906"
"European Union","Brazil","Import","Rare Earth Elements","280530","Earth-metals, rare; scandium and yttrium, whether or not intermixed or interalloyed","2024","85.508057"
"European Union","Canada","Import","Rare Earth Elements","280530","Earth-metals, rare; scandium and yttrium, whether or not intermixed or interalloyed","2024","3466.8646414"
"European Union","Canada","Export","Rare Earth Elements","280530","Earth-metals, rare; scandium and yttrium, whether or not intermixed or interalloyed","2024","1183.0400390625"
"European Union","Switzerland","Export","Rare Earth Elements","280530","Earth-metals, rare; scandium and yttrium, whether or not intermixed or interalloyed","2024","45545.78125"
"European Union","Switzerland","Import","Rare Earth Elements","280530","Earth-metals, rare; scandium and yttrium, whether or not intermixed or interalloyed","2024","13586.0396437"
"European Union","Chile","Export","Rare Earth Elements","280530","Earth-metals, rare; scandium and yttrium, whether or not intermixed or interalloyed","2024","2481.89990234375"
"European Union","China","Import","Rare Earth Elements","280530","Earth-metals, rare; scandium and yttrium, whether or not intermixed or interalloyed","2024","5169548.6977531"
"European Union","China","Export","Rare Earth Elements","280530","Earth-metals, rare; scandium and yttrium, whether or not intermixed or interalloyed","2024","59.52999877929688"
"European Union","Chinese Taipei","Import","Rare Earth Elements","280530","Earth-metals, rare; scandium and yttrium, whether or not intermixed or interalloyed","2024","1420.083175"
"European Union","Chinese Taipei","Export","Rare Earth Elements","280530","Earth-metals, rare; scandium and yttrium, whether or not intermixed or interalloyed","2024","188.3300018310547"
"European Union","Colombia","Export","Rare Earth Elements","280530","Earth-metals, rare; scandium and yttrium, whether or not intermixed or interalloyed","2024","365.8500061035156"
"European Union","Cabo Verde","Export","Rare Earth Elements","280530","Earth-metals, rare; scandium and yttrium, whether or not intermixed or interalloyed","2024","154.7799987792969"
"European Union","Algeria","Export","Rare Earth Elements","280530","Earth-metals, rare; scandium and yttrium, whether or not intermixed or interalloyed","2024","697.0499877929688"
"European Union","United Kingdom","Import","Rare Earth Elements","280530","Earth-metals, rare; scandium and yttrium, whether or not intermixed or interalloyed","2024","152928.4540491"
"European Union","United Kingdom","Export","Rare Earth Elements","280530","Earth-metals, rare; scandium and yttrium, whether or not intermixed or interalloyed","2024","110260.40625"
"European Union","Hong Kong, China","Import","Rare Earth Elements","280530","Earth-metals, rare; scandium and yttrium, whether or not intermixed or interalloyed","2024","14257.1155344"
"European Union","Hong Kong, China","Export","Rare Earth Elements","280530","Earth-metals, rare; scandium and yttrium, whether or not intermixed or interalloyed","2024","67.11000061035156"
"European Union","Indonesia","Import","Rare Earth Elements","280530","Earth-metals, rare; scandium and yttrium, whether or not intermixed or interalloyed","2024","224.052757"
"European Union","Indonesia","Export","Rare Earth Elements","280530","Earth-metals, rare; scandium and yttrium, whether or not intermixed or interalloyed","2024","14.06999969482422"
"European Union","India","Import","Rare Earth Elements","280530","Earth-metals, rare; scandium and yttrium, whether or not intermixed or interalloyed","2024","1558.627875"
"European Union","India","Export","Rare Earth Elements","280530","Earth-metals, rare; scandium and yttrium, whether or not intermixed or interalloyed","2024","895.1300048828125"
"European Union","Iceland","Import","Rare Earth Elements","280530","Earth-metals, rare; scandium and yttrium, whether or not intermixed or interalloyed","2024","36.8009359"
"European Union","Israel","Export","Rare Earth Elements","280530","Earth-metals, rare; scandium and yttrium, whether or not intermixed or interalloyed","2024","6310.27978515625"
"European Union","Israel","Import","Rare Earth Elements","280530","Earth-metals, rare; scandium and yttrium, whether or not intermixed or interalloyed","2024","960.0714758"
"European Union","Japan","Import","Rare Earth Elements","280530","Earth-metals, rare; scandium and yttrium, whether or not intermixed or interalloyed","2024","423815.8139633"
"European Union","Japan","Export","Rare Earth Elements","280530","Earth-metals, rare; scandium and yttrium, whether or not intermixed or interalloyed","2024","23713.869140625"
"European Union","Korea, Republic of","Export","Rare Earth Elements","280530","Earth-metals, rare; scandium and yttrium, whether or not intermixed or interalloyed","2024","28193.849609375"
"European Union","Korea, Republic of","Import","Rare Earth Elements","280530","Earth-metals, rare; scandium and yttrium, whether or not intermixed or interalloyed","2024","19375.6927711"
"European Union","Morocco","Export","Rare Earth Elements","280530","Earth-metals, rare; scandium and yttrium, whether or not intermixed or interalloyed","2024","1363.800048828125"
"European Union","Mexico","Export","Rare Earth Elements","280530","Earth-metals, rare; scandium and yttrium, whether or not intermixed or interalloyed","2024","2366.080078125"
"European Union","Mexico","Import","Rare Earth Elements","280530","Earth-metals, rare; scandium and yttrium, whether or not intermixed or interalloyed","2024","1231.7489734"
"European Union","Malaysia","Export","Rare Earth Elements","280530","Earth-metals, rare; scandium and yttrium, whether or not intermixed or interalloyed","2024","26518.3203125"
"European Union","Norway","Export","Rare Earth Elements","280530","Earth-metals, rare; scandium and yttrium, whether or not intermixed or interalloyed","2024","55941.75"
"European Union","Norway","Import","Rare Earth Elements","280530","Earth-metals, rare; scandium and yttrium, whether or not intermixed or interalloyed","2024","1751.2915985"
"European Union","Peru","Export","Rare Earth Elements","280530","Earth-metals, rare; scandium and yttrium, whether or not intermixed or interalloyed","2024","1441.72998046875"
"European Union","Russian Federation","Import","Rare Earth Elements","280530","Earth-metals, rare; scandium and yttrium, whether or not intermixed or interalloyed","2024","59.5309258"
"European Union","Saudi Arabia, Kingdom of","Export","Rare Earth Elements","280530","Earth-metals, rare; scandium and yttrium, whether or not intermixed or interalloyed","2024","198.0800018310547"
"European Union","Serbia","Export","Rare Earth Elements","280530","Earth-metals, rare; scandium and yttrium, whether or not intermixed or interalloyed","2024","154.7799987792969"
"European Union","Thailand","Import","Rare Earth Elements","280530","Earth-metals, rare; scandium and yttrium, whether or not intermixed or interalloyed","2024","33183.6204109"
"European Union","Tunisia","Export","Rare Earth Elements","280530","Earth-metals, rare; scandium and yttrium, whether or not intermixed or interalloyed","2024","8047.5"
"European Union","Turkiye","Export","Rare Earth Elements","280530","Earth-metals, rare; scandium and yttrium, whether or not intermixed or interalloyed","2024","28652.759765625"
"European Union","Turkiye","Import","Rare Earth Elements","280530","Earth-metals, rare; scandium and yttrium, whether or not intermixed or interalloyed","2024","1645.2183125"
"European Union","Ukraine","Export","Rare Earth Elements","280530","Earth-metals, rare; scandium and yttrium, whether or not intermixed or interalloyed","2024","11265.419921875"
"European Union","Uruguay","Export","Rare Earth Elements","280530","Earth-metals, rare; scandium and yttrium, whether or not intermixed or interalloyed","2024","82.26000213623047"
"European Union","United States of America","Import","Rare Earth Elements","280530","Earth-metals, rare; scandium and yttrium, whether or not intermixed or interalloyed","2024","977795.455957"
"European Union","United States of America","Export","Rare Earth Elements","280530","Earth-metals, rare; scandium and yttrium, whether or not intermixed or interalloyed","2024","148173.453125"
"European Union","Viet Nam","Import","Rare Earth Elements","280530","Earth-metals, rare; scandium and yttrium, whether or not intermixed or interalloyed","2024","602801.4954172"
"European Union","Albania","Export","Rare Earth Elements","284610","Cerium compounds","2024","126.6399993896484"
"European Union","United Arab Emirates","Export","Rare Earth Elements","284610","Cerium compounds","2024","7574.5"
"European Union","United Arab Emirates","Import","Rare Earth Elements","284610","Cerium compounds","2024","106.0732859"
"European Union","Argentina","Export","Rare Earth Elements","284610","Cerium compounds","2024","1829.219970703125"
"European Union","Armenia","Import","Rare Earth Elements","284610","Cerium compounds","2024","23042.7977992"
"European Union","Australia","Export","Rare Earth Elements","284610","Cerium compounds","2024","7523.6298828125"
"European Union","Australia","Import","Rare Earth Elements","284610","Cerium compounds","2024","36.8009359"
"European Union","Benin","Export","Rare Earth Elements","284610","Cerium compounds","2024","25.97999954223633"
"European Union","Bangladesh","Export","Rare Earth Elements","284610","Cerium compounds","2024","2345.52001953125"
"European Union","Bosnia and Herzegovina","Export","Rare Earth Elements","284610","Cerium compounds","2024","980.6400146484376"
"European Union","Belarus","Export","Rare Earth Elements","284610","Cerium compounds","2024","176633.5625"
"European Union","Brazil","Export","Rare Earth Elements","284610","Cerium compounds","2024","15902.330078125"
"European Union","Brazil","Import","Rare Earth Elements","284610","Cerium compounds","2024","121.2266125"
"European Union","Canada","Export","Rare Earth Elements","284610","Cerium compounds","2024","18792.2890625"
"European Union","Canada","Import","Rare Earth Elements","284610","Cerium compounds","2024","3453.8760758"
"European Union","Switzerland","Export","Rare Earth Elements","284610","Cerium compounds","2024","646051.25"
"European Union","Switzerland","Import","Rare Earth Elements","284610","Cerium compounds","2024","48922.514807"
"European Union","Chile","Export","Rare Earth Elements","284610","Cerium compounds","2024","2948.39990234375"
"European Union","China","Import","Rare Earth Elements","284610","Cerium compounds","2024","6337726.2191195"
"European Union","China","Export","Rare Earth Elements","284610","Cerium compounds","2024","23251.69921875"
"European Union","Chinese Taipei","Import","Rare Earth Elements","284610","Cerium compounds","2024","33222.5861078"
"European Union","Chinese Taipei","Export","Rare Earth Elements","284610","Cerium compounds","2024","16593.970703125"
"European Union","Colombia","Export","Rare Earth Elements","284610","Cerium compounds","2024","216.4799957275391"
"European Union","Algeria","Export","Rare Earth Elements","284610","Cerium compounds","2024","2787.1298828125"
"European Union","Egypt","Export","Rare Earth Elements","284610","Cerium compounds","2024","826.9400024414062"
"European Union","United Kingdom","Import","Rare Earth Elements","284610","Cerium compounds","2024","1364586.2812257"
"European Union","United Kingdom","Export","Rare Earth Elements","284610","Cerium compounds","2024","319945.53125"
"European Union","Hong Kong, China","Export","Rare Earth Elements","284610","Cerium compounds","2024","5511.47998046875"
"European Union","Hong Kong, China","Import","Rare Earth Elements","284610","Cerium compounds","2024","165.6042117"
"European Union","Indonesia","Export","Rare Earth Elements","284610","Cerium compounds","2024","24520.25"
"European Union","Indonesia","Import","Rare Earth Elements","284610","Cerium compounds","2024","37.8833164"
"European Union","India","Import","Rare Earth Elements","284610","Cerium compounds","2024","57685.467082"
"European Union","India","Export","Rare Earth Elements","284610","Cerium compounds","2024","44743.44140625"
"European Union","Israel","Export","Rare Earth Elements","284610","Cerium compounds","2024","122986.5625"
"European Union","Jordan","Export","Rare Earth Elements","284610","Cerium compounds","2024","2000.239990234375"
"European Union","Japan","Export","Rare Earth Elements","284610","Cerium compounds","2024","35181108"
"European Union","Japan","Import","Rare Earth Elements","284610","Cerium compounds","2024","4045219.4915563"
"European Union","Kazakhstan","Export","Rare Earth Elements","284610","Cerium compounds","2024","309.5599975585938"
"European Union","Korea, Republic of","Export","Rare Earth Elements","284610","Cerium compounds","2024","8797110"
"European Union","Korea, Republic of","Import","Rare Earth Elements","284610","Cerium compounds","2024","75923.5779805"
"European Union","Lebanese Republic","Export","Rare Earth Elements","284610","Cerium compounds","2024","89.83999633789062"
"European Union","Liechtenstein","Import","Rare Earth Elements","284610","Cerium compounds","2024","2913.7682219"
"European Union","Morocco","Export","Rare Earth Elements","284610","Cerium compounds","2024","16109.0703125"
"European Union","Mexico","Export","Rare Earth Elements","284610","Cerium compounds","2024","276372.875"
"European Union","North Macedonia","Export","Rare Earth Elements","284610","Cerium compounds","2024","185815.265625"
"European Union","Malaysia","Import","Rare Earth Elements","284610","Cerium compounds","2024","1971629.6257"
"European Union","Malaysia","Export","Rare Earth Elements","284610","Cerium compounds","2024","142452.09375"
"European Union","Nigeria","Export","Rare Earth Elements","284610","Cerium compounds","2024","3491.760009765625"
"European Union","Norway","Import","Rare Earth Elements","284610","Cerium compounds","2024","20941.8973094"
"European Union","Norway","Export","Rare Earth Elements","284610","Cerium compounds","2024","4263.83984375"
"European Union","New Zealand","Export","Rare Earth Elements","284610","Cerium compounds","2024","301.9800109863281"
"European Union","Panama","Export","Rare Earth Elements","284610","Cerium compounds","2024","25.97999954223633"
"European Union","Peru","Export","Rare Earth Elements","284610","Cerium compounds","2024","5537.4599609375"
"European Union","Philippines","Export","Rare Earth Elements","284610","Cerium compounds","2024","2186.409912109375"
"European Union","Paraguay","Export","Rare Earth Elements","284610","Cerium compounds","2024","453.5199890136719"
"European Union","Qatar","Export","Rare Earth Elements","284610","Cerium compounds","2024","47.63000106811523"
"European Union","Russian Federation","Import","Rare Earth Elements","284610","Cerium compounds","2024","9362685.2217883"
"European Union","Russian Federation","Export","Rare Earth Elements","284610","Cerium compounds","2024","59.52999877929688"
"European Union","Saudi Arabia, Kingdom of","Export","Rare Earth Elements","284610","Cerium compounds","2024","10455.7998046875"
"European Union","Senegal","Export","Rare Earth Elements","284610","Cerium compounds","2024","368.010009765625"
"European Union","Singapore","Export","Rare Earth Elements","284610","Cerium compounds","2024","25652.419921875"
"European Union","Serbia","Export","Rare Earth Elements","284610","Cerium compounds","2024","11918.33984375"
"European Union","Thailand","Export","Rare Earth Elements","284610","Cerium compounds","2024","201889.9375"
"European Union","Tunisia","Export","Rare Earth Elements","284610","Cerium compounds","2024","5108.83984375"
"European Union","Turkiye","Export","Rare Earth Elements","284610","Cerium compounds","2024","368024.5"
"European Union","Turkiye","Import","Rare Earth Elements","284610","Cerium compounds","2024","4043.7734313"
"European Union","Ukraine","Export","Rare Earth Elements","284610","Cerium compounds","2024","65056.87109375"
"European Union","Uruguay","Export","Rare Earth Elements","284610","Cerium compounds","2024","33.54999923706055"
"European Union","United States of America","Export","Rare Earth Elements","284610","Cerium compounds","2024","1422502.25"
"European Union","United States of America","Import","Rare Earth Elements","284610","Cerium compounds","2024","715509.7736281"
"European Union","Uzbekistan","Export","Rare Earth Elements","284610","Cerium compounds","2024","2470.080078125"
"European Union","Viet Nam","Export","Rare Earth Elements","284610","Cerium compounds","2024","6798.43017578125"
"European Union","South Africa","Export","Rare Earth Elements","284610","Cerium compounds","2024","97281.109375"
"European Union","Albania","Export","Rare Earth Elements","284690","Compounds, inorganic or organic (excluding cerium), of rare-earth metals, of yttrium, scandium or of mixtures of these metals","2024","1.080000042915344"
"European Union","Andorra","Export","Rare Earth Elements","284690","Compounds, inorganic or organic (excluding cerium), of rare-earth metals, of yttrium, scandium or of mixtures of these metals","2024","201.3200073242188"
"European Union","United Arab Emirates","Export","Rare Earth Elements","284690","Compounds, inorganic or organic (excluding cerium), of rare-earth metals, of yttrium, scandium or of mixtures of these metals","2024","15722.58984375"
"European Union","United Arab Emirates","Import","Rare Earth Elements","284690","Compounds, inorganic or organic (excluding cerium), of rare-earth metals, of yttrium, scandium or of mixtures of these metals","2024","133.1327977"
"European Union","Argentina","Export","Rare Earth Elements","284690","Compounds, inorganic or organic (excluding cerium), of rare-earth metals, of yttrium, scandium or of mixtures of these metals","2024","9841"
"European Union","Armenia","Import","Rare Earth Elements","284690","Compounds, inorganic or organic (excluding cerium), of rare-earth metals, of yttrium, scandium or of mixtures of these metals","2024","10021.7607602"
"European Union","Australia","Import","Rare Earth Elements","284690","Compounds, inorganic or organic (excluding cerium), of rare-earth metals, of yttrium, scandium or of mixtures of these metals","2024","19986.1553554"
"European Union","Australia","Export","Rare Earth Elements","284690","Compounds, inorganic or organic (excluding cerium), of rare-earth metals, of yttrium, scandium or of mixtures of these metals","2024","12421.400390625"
"European Union","Benin","Export","Rare Earth Elements","284690","Compounds, inorganic or organic (excluding cerium), of rare-earth metals, of yttrium, scandium or of mixtures of these metals","2024","364.760009765625"
"European Union","Bangladesh","Export","Rare Earth Elements","284690","Compounds, inorganic or organic (excluding cerium), of rare-earth metals, of yttrium, scandium or of mixtures of these metals","2024","5803.72021484375"
"European Union","Bosnia and Herzegovina","Export","Rare Earth Elements","284690","Compounds, inorganic or organic (excluding cerium), of rare-earth metals, of yttrium, scandium or of mixtures of these metals","2024","290.0799865722656"
"European Union","Belarus","Export","Rare Earth Elements","284690","Compounds, inorganic or organic (excluding cerium), of rare-earth metals, of yttrium, scandium or of mixtures of these metals","2024","24352.7109375"
"European Union","Bolivia, Plurinational State of","Export","Rare Earth Elements","284690","Compounds, inorganic or organic (excluding cerium), of rare-earth metals, of yttrium, scandium or of mixtures of these metals","2024","2775.219970703125"
"European Union","Brazil","Export","Rare Earth Elements","284690","Compounds, inorganic or organic (excluding cerium), of rare-earth metals, of yttrium, scandium or of mixtures of these metals","2024","954782.9375"
"European Union","Brazil","Import","Rare Earth Elements","284690","Compounds, inorganic or organic (excluding cerium), of rare-earth metals, of yttrium, scandium or of mixtures of these metals","2024","97.4142422"
"European Union","Botswana","Import","Rare Earth Elements","284690","Compounds, inorganic or organic (excluding cerium), of rare-earth metals, of yttrium, scandium or of mixtures of these metals","2024","9.7414242"
"European Union","Canada","Export","Rare Earth Elements","284690","Compounds, inorganic or organic (excluding cerium), of rare-earth metals, of yttrium, scandium or of mixtures of these metals","2024","268991.03125"
"European Union","Canada","Import","Rare Earth Elements","284690","Compounds, inorganic or organic (excluding cerium), of rare-earth metals, of yttrium, scandium or of mixtures of these metals","2024","49256.9703719"
"European Union","Switzerland","Export","Rare Earth Elements","284690","Compounds, inorganic or organic (excluding cerium), of rare-earth metals, of yttrium, scandium or of mixtures of these metals","2024","1998701.125"
"European Union","Switzerland","Import","Rare Earth Elements","284690","Compounds, inorganic or organic (excluding cerium), of rare-earth metals, of yttrium, scandium or of mixtures of these metals","2024","41624.0233062"
"European Union","Chile","Export","Rare Earth Elements","284690","Compounds, inorganic or organic (excluding cerium), of rare-earth metals, of yttrium, scandium or of mixtures of these metals","2024","27212.130859375"
"European Union","China","Import","Rare Earth Elements","284690","Compounds, inorganic or organic (excluding cerium), of rare-earth metals, of yttrium, scandium or of mixtures of these metals","2024","22872485.2324608"
"European Union","China","Export","Rare Earth Elements","284690","Compounds, inorganic or organic (excluding cerium), of rare-earth metals, of yttrium, scandium or of mixtures of these metals","2024","4166343.25"
"European Union","Chinese Taipei","Export","Rare Earth Elements","284690","Compounds, inorganic or organic (excluding cerium), of rare-earth metals, of yttrium, scandium or of mixtures of these metals","2024","310296.84375"
"European Union","Chinese Taipei","Import","Rare Earth Elements","284690","Compounds, inorganic or organic (excluding cerium), of rare-earth metals, of yttrium, scandium or of mixtures of these metals","2024","4560.0689148"
"European Union","Cote d'Ivoire","Export","Rare Earth Elements","284690","Compounds, inorganic or organic (excluding cerium), of rare-earth metals, of yttrium, scandium or of mixtures of these metals","2024","655.9199829101562"
"European Union","Colombia","Export","Rare Earth Elements","284690","Compounds, inorganic or organic (excluding cerium), of rare-earth metals, of yttrium, scandium or of mixtures of these metals","2024","30616.2109375"
"European Union","Costa Rica","Import","Rare Earth Elements","284690","Compounds, inorganic or organic (excluding cerium), of rare-earth metals, of yttrium, scandium or of mixtures of these metals","2024","34.636175"
"European Union","Cuba","Export","Rare Earth Elements","284690","Compounds, inorganic or organic (excluding cerium), of rare-earth metals, of yttrium, scandium or of mixtures of these metals","2024","10758.8603515625"
"European Union","Algeria","Export","Rare Earth Elements","284690","Compounds, inorganic or organic (excluding cerium), of rare-earth metals, of yttrium, scandium or of mixtures of these metals","2024","3628.139892578125"
"European Union","Egypt","Export","Rare Earth Elements","284690","Compounds, inorganic or organic (excluding cerium), of rare-earth metals, of yttrium, scandium or of mixtures of these metals","2024","1416.839965820313"
"European Union","Ethiopia","Export","Rare Earth Elements","284690","Compounds, inorganic or organic (excluding cerium), of rare-earth metals, of yttrium, scandium or of mixtures of these metals","2024","2209.139892578125"
"European Union","United Kingdom","Export","Rare Earth Elements","284690","Compounds, inorganic or organic (excluding cerium), of rare-earth metals, of yttrium, scandium or of mixtures of these metals","2024","2928396"
"European Union","United Kingdom","Import","Rare Earth Elements","284690","Compounds, inorganic or organic (excluding cerium), of rare-earth metals, of yttrium, scandium or of mixtures of these metals","2024","841056.1665789"
"European Union","Guinea","Export","Rare Earth Elements","284690","Compounds, inorganic or organic (excluding cerium), of rare-earth metals, of yttrium, scandium or of mixtures of these metals","2024","1146.239990234375"
"European Union","Guatemala","Export","Rare Earth Elements","284690","Compounds, inorganic or organic (excluding cerium), of rare-earth metals, of yttrium, scandium or of mixtures of these metals","2024","5639.2001953125"
"European Union","Hong Kong, China","Import","Rare Earth Elements","284690","Compounds, inorganic or organic (excluding cerium), of rare-earth metals, of yttrium, scandium or of mixtures of these metals","2024","3606.4917219"
"European Union","Hong Kong, China","Export","Rare Earth Elements","284690","Compounds, inorganic or organic (excluding cerium), of rare-earth metals, of yttrium, scandium or of mixtures of these metals","2024","1967.77001953125"
"European Union","Indonesia","Export","Rare Earth Elements","284690","Compounds, inorganic or organic (excluding cerium), of rare-earth metals, of yttrium, scandium or of mixtures of these metals","2024","111064.140625"
"European Union","India","Import","Rare Earth Elements","284690","Compounds, inorganic or organic (excluding cerium), of rare-earth metals, of yttrium, scandium or of mixtures of these metals","2024","3489605.4550548"
"European Union","India","Export","Rare Earth Elements","284690","Compounds, inorganic or organic (excluding cerium), of rare-earth metals, of yttrium, scandium or of mixtures of these metals","2024","1226673.875"
"European Union","Iran","Export","Rare Earth Elements","284690","Compounds, inorganic or organic (excluding cerium), of rare-earth metals, of yttrium, scandium or of mixtures of these metals","2024","85.51000213623047"
"European Union","Israel","Import","Rare Earth Elements","284690","Compounds, inorganic or organic (excluding cerium), of rare-earth metals, of yttrium, scandium or of mixtures of these metals","2024","298965.391654"
"European Union","Israel","Export","Rare Earth Elements","284690","Compounds, inorganic or organic (excluding cerium), of rare-earth metals, of yttrium, scandium or of mixtures of these metals","2024","103898.78125"
"European Union","Jordan","Export","Rare Earth Elements","284690","Compounds, inorganic or organic (excluding cerium), of rare-earth metals, of yttrium, scandium or of mixtures of these metals","2024","2531.68994140625"
"European Union","Japan","Import","Rare Earth Elements","284690","Compounds, inorganic or organic (excluding cerium), of rare-earth metals, of yttrium, scandium or of mixtures of these metals","2024","10333404.0742407"
"European Union","Japan","Export","Rare Earth Elements","284690","Compounds, inorganic or organic (excluding cerium), of rare-earth metals, of yttrium, scandium or of mixtures of these metals","2024","6006502.5"
"European Union","Kazakhstan","Export","Rare Earth Elements","284690","Compounds, inorganic or organic (excluding cerium), of rare-earth metals, of yttrium, scandium or of mixtures of these metals","2024","10609.490234375"
"European Union","Kyrgyz Republic","Import","Rare Earth Elements","284690","Compounds, inorganic or organic (excluding cerium), of rare-earth metals, of yttrium, scandium or of mixtures of these metals","2024","40.0480773"
"European Union","Korea, Republic of","Export","Rare Earth Elements","284690","Compounds, inorganic or organic (excluding cerium), of rare-earth metals, of yttrium, scandium or of mixtures of these metals","2024","1320666.5"
"European Union","Korea, Republic of","Import","Rare Earth Elements","284690","Compounds, inorganic or organic (excluding cerium), of rare-earth metals, of yttrium, scandium or of mixtures of these metals","2024","964657.5218273"
"European Union","Lebanese Republic","Export","Rare Earth Elements","284690","Compounds, inorganic or organic (excluding cerium), of rare-earth metals, of yttrium, scandium or of mixtures of these metals","2024","162.3600006103516"
"European Union","Liechtenstein","Import","Rare Earth Elements","284690","Compounds, inorganic or organic (excluding cerium), of rare-earth metals, of yttrium, scandium or of mixtures of these metals","2024","51703.1502312"
"European Union","Morocco","Export","Rare Earth Elements","284690","Compounds, inorganic or organic (excluding cerium), of rare-earth metals, of yttrium, scandium or of mixtures of these metals","2024","7237.8798828125"
"European Union","Moldova, Republic of","Export","Rare Earth Elements","284690","Compounds, inorganic or organic (excluding cerium), of rare-earth metals, of yttrium, scandium or of mixtures of these metals","2024","391.8200073242188"
"European Union","Mexico","Import","Rare Earth Elements","284690","Compounds, inorganic or organic (excluding cerium), of rare-earth metals, of yttrium, scandium or of mixtures of these metals","2024","858177.2608336"
"European Union","Mexico","Export","Rare Earth Elements","284690","Compounds, inorganic or organic (excluding cerium), of rare-earth metals, of yttrium, scandium or of mixtures of these metals","2024","29897.509765625"
"European Union","North Macedonia","Export","Rare Earth Elements","284690","Compounds, inorganic or organic (excluding cerium), of rare-earth metals, of yttrium, scandium or of mixtures of these metals","2024","4271861.5"
"European Union","Malaysia","Import","Rare Earth Elements","284690","Compounds, inorganic or organic (excluding cerium), of rare-earth metals, of yttrium, scandium or of mixtures of these metals","2024","7036991.6266726"
"European Union","Malaysia","Export","Rare Earth Elements","284690","Compounds, inorganic or organic (excluding cerium), of rare-earth metals, of yttrium, scandium or of mixtures of these metals","2024","26975.08984375"
"European Union","Nigeria","Export","Rare Earth Elements","284690","Compounds, inorganic or organic (excluding cerium), of rare-earth metals, of yttrium, scandium or of mixtures of these metals","2024","70.36000061035156"
"European Union","Norway","Import","Rare Earth Elements","284690","Compounds, inorganic or organic (excluding cerium), of rare-earth metals, of yttrium, scandium or of mixtures of these metals","2024","25164019.9823633"
"European Union","Norway","Export","Rare Earth Elements","284690","Compounds, inorganic or organic (excluding cerium), of rare-earth metals, of yttrium, scandium or of mixtures of these metals","2024","29942.75"
"European Union","New Zealand","Export","Rare Earth Elements","284690","Compounds, inorganic or organic (excluding cerium), of rare-earth metals, of yttrium, scandium or of mixtures of these metals","2024","204.5700073242188"
"European Union","Oman","Export","Rare Earth Elements","284690","Compounds, inorganic or organic (excluding cerium), of rare-earth metals, of yttrium, scandium or of mixtures of these metals","2024","406.9800109863281"
"European Union","Pakistan","Export","Rare Earth Elements","284690","Compounds, inorganic or organic (excluding cerium), of rare-earth metals, of yttrium, scandium or of mixtures of these metals","2024","4009.139892578125"
"European Union","Peru","Export","Rare Earth Elements","284690","Compounds, inorganic or organic (excluding cerium), of rare-earth metals, of yttrium, scandium or of mixtures of these metals","2024","92934.2734375"
"European Union","Philippines","Export","Rare Earth Elements","284690","Compounds, inorganic or organic (excluding cerium), of rare-earth metals, of yttrium, scandium or of mixtures of these metals","2024","73178.65625"
"European Union","Paraguay","Export","Rare Earth Elements","284690","Compounds, inorganic or organic (excluding cerium), of rare-earth metals, of yttrium, scandium or of mixtures of these metals","2024","1609.5"
"European Union","Russian Federation","Export","Rare Earth Elements","284690","Compounds, inorganic or organic (excluding cerium), of rare-earth metals, of yttrium, scandium or of mixtures of these metals","2024","10289034"
"European Union","Russian Federation","Import","Rare Earth Elements","284690","Compounds, inorganic or organic (excluding cerium), of rare-earth metals, of yttrium, scandium or of mixtures of these metals","2024","1020275.642214"
"European Union","Rwanda","Export","Rare Earth Elements","284690","Compounds, inorganic or organic (excluding cerium), of rare-earth metals, of yttrium, scandium or of mixtures of these metals","2024","3172.4599609375"
"European Union","Saudi Arabia, Kingdom of","Export","Rare Earth Elements","284690","Compounds, inorganic or organic (excluding cerium), of rare-earth metals, of yttrium, scandium or of mixtures of these metals","2024","25189.16015625"
"European Union","Senegal","Export","Rare Earth Elements","284690","Compounds, inorganic or organic (excluding cerium), of rare-earth metals, of yttrium, scandium or of mixtures of these metals","2024","2444.010009765625"
"European Union","Singapore","Export","Rare Earth Elements","284690","Compounds, inorganic or organic (excluding cerium), of rare-earth metals, of yttrium, scandium or of mixtures of these metals","2024","24541.900390625"
"European Union","Singapore","Import","Rare Earth Elements","284690","Compounds, inorganic or organic (excluding cerium), of rare-earth metals, of yttrium, scandium or of mixtures of these metals","2024","20678.8788555"
"European Union","Serbia","Export","Rare Earth Elements","284690","Compounds, inorganic or organic (excluding cerium), of rare-earth metals, of yttrium, scandium or of mixtures of these metals","2024","9398.3095703125"
"European Union","Serbia","Import","Rare Earth Elements","284690","Compounds, inorganic or organic (excluding cerium), of rare-earth metals, of yttrium, scandium or of mixtures of these metals","2024","56.2837844"
"European Union","Seychelles","Export","Rare Earth Elements","284690","Compounds, inorganic or organic (excluding cerium), of rare-earth metals, of yttrium, scandium or of mixtures of these metals","2024","40233.16015625"
"European Union","Thailand","Export","Rare Earth Elements","284690","Compounds, inorganic or organic (excluding cerium), of rare-earth metals, of yttrium, scandium or of mixtures of these metals","2024","886152.4375"
"European Union","Thailand","Import","Rare Earth Elements","284690","Compounds, inorganic or organic (excluding cerium), of rare-earth metals, of yttrium, scandium or of mixtures of these metals","2024","559.5907023"
"European Union","Turkmenistan","Export","Rare Earth Elements","284690","Compounds, inorganic or organic (excluding cerium), of rare-earth metals, of yttrium, scandium or of mixtures of these metals","2024","2690.800048828125"
"European Union","Tunisia","Export","Rare Earth Elements","284690","Compounds, inorganic or organic (excluding cerium), of rare-earth metals, of yttrium, scandium or of mixtures of these metals","2024","173.1799926757813"
"European Union","Turkiye","Import","Rare Earth Elements","284690","Compounds, inorganic or organic (excluding cerium), of rare-earth metals, of yttrium, scandium or of mixtures of these metals","2024","951131.0131094"
"European Union","Turkiye","Export","Rare Earth Elements","284690","Compounds, inorganic or organic (excluding cerium), of rare-earth metals, of yttrium, scandium or of mixtures of these metals","2024","147252.0625"
"European Union","Ukraine","Export","Rare Earth Elements","284690","Compounds, inorganic or organic (excluding cerium), of rare-earth metals, of yttrium, scandium or of mixtures of these metals","2024","166965.46875"
"European Union","Uruguay","Export","Rare Earth Elements","284690","Compounds, inorganic or organic (excluding cerium), of rare-earth metals, of yttrium, scandium or of mixtures of these metals","2024","2324.949951171875"
"European Union","United States of America","Export","Rare Earth Elements","284690","Compounds, inorganic or organic (excluding cerium), of rare-earth metals, of yttrium, scandium or of mixtures of these metals","2024","17201972"
"European Union","United States of America","Import","Rare Earth Elements","284690","Compounds, inorganic or organic (excluding cerium), of rare-earth metals, of yttrium, scandium or of mixtures of these metals","2024","3758089.9303282"
"European Union","Uzbekistan","Export","Rare Earth Elements","284690","Compounds, inorganic or organic (excluding cerium), of rare-earth metals, of yttrium, scandium or of mixtures of these metals","2024","2542.840087890625"
"European Union","Viet Nam","Import","Rare Earth Elements","284690","Compounds, inorganic or organic (excluding cerium), of rare-earth metals, of yttrium, scandium or of mixtures of these metals","2024","491800.1312055"
"European Union","Viet Nam","Export","Rare Earth Elements","284690","Compounds, inorganic or organic (excluding cerium), of rare-earth metals, of yttrium, scandium or of mixtures of these metals","2024","269902.375"
"European Union","South Africa","Export","Rare Earth Elements","284690","Compounds, inorganic or organic (excluding cerium), of rare-earth metals, of yttrium, scandium or of mixtures of these metals","2024","1968766.75"
"European Union","South Africa","Import","Rare Earth Elements","284690","Compounds, inorganic or organic (excluding cerium), of rare-earth metals, of yttrium, scandium or of mixtures of these metals","2024","229.4646594"
"Egypt","China","Import","Rare Earth Elements","284610","Cerium compounds","2024","45940.35"
"Egypt","World","Import","Rare Earth Elements","284610","Cerium compounds","2024","45940.35"
"Egypt","India","Import","Rare Earth Elements","284690","Compounds, inorganic or organic (excluding cerium), of rare-earth metals, of yttrium, scandium or of mixtures of these metals","2024","12.56"
"Egypt","World","Import","Rare Earth Elements","284690","Compounds, inorganic or organic (excluding cerium), of rare-earth metals, of yttrium, scandium or of mixtures of these metals","2024","12.56"
"Spain","Andorra","Export","Rare Earth Elements","280530","Earth-metals, rare; scandium and yttrium, whether or not intermixed or interalloyed","2024","70.29"
"Spain","Argentina","Import","Rare Earth Elements","280530","Earth-metals, rare; scandium and yttrium, whether or not intermixed or interalloyed","2024","95.11"
"Spain","Australia","Import","Rare Earth Elements","280530","Earth-metals, rare; scandium and yttrium, whether or not intermixed or interalloyed","2024","563.13"
"Spain","Austria","Import","Rare Earth Elements","280530","Earth-metals, rare; scandium and yttrium, whether or not intermixed or interalloyed","2024","99763.99"
"Spain","Bulgaria","Export","Rare Earth Elements","280530","Earth-metals, rare; scandium and yttrium, whether or not intermixed or interalloyed","2024","234.37"
"Spain","Chile","Export","Rare Earth Elements","280530","Earth-metals, rare; scandium and yttrium, whether or not intermixed or interalloyed","2024","2403.52"
"Spain","China","Import","Rare Earth Elements","280530","Earth-metals, rare; scandium and yttrium, whether or not intermixed or interalloyed","2024","914218.57"
"Spain","Chinese Taipei","Import","Rare Earth Elements","280530","Earth-metals, rare; scandium and yttrium, whether or not intermixed or interalloyed","2024","811.05"
"Spain","Colombia","Export","Rare Earth Elements","280530","Earth-metals, rare; scandium and yttrium, whether or not intermixed or interalloyed","2024","354.79"
"Spain","Cyprus","Export","Rare Earth Elements","280530","Earth-metals, rare; scandium and yttrium, whether or not intermixed or interalloyed","2024","59.07"
"Spain","Czech Republic","Export","Rare Earth Elements","280530","Earth-metals, rare; scandium and yttrium, whether or not intermixed or interalloyed","2024","104.32"
"Spain","Germany","Import","Rare Earth Elements","280530","Earth-metals, rare; scandium and yttrium, whether or not intermixed or interalloyed","2024","2056.87"
"Spain","Germany","Export","Rare Earth Elements","280530","Earth-metals, rare; scandium and yttrium, whether or not intermixed or interalloyed","2024","91.5"
"Spain","Estonia","Import","Rare Earth Elements","280530","Earth-metals, rare; scandium and yttrium, whether or not intermixed or interalloyed","2024","6394.44"
"Spain","Estonia","Export","Rare Earth Elements","280530","Earth-metals, rare; scandium and yttrium, whether or not intermixed or interalloyed","2024","961.6"
"Spain","Finland","Export","Rare Earth Elements","280530","Earth-metals, rare; scandium and yttrium, whether or not intermixed or interalloyed","2024","404.79"
"Spain","France","Import","Rare Earth Elements","280530","Earth-metals, rare; scandium and yttrium, whether or not intermixed or interalloyed","2024","15258.13"
"Spain","France","Export","Rare Earth Elements","280530","Earth-metals, rare; scandium and yttrium, whether or not intermixed or interalloyed","2024","14451.75"
"Spain","United Kingdom","Import","Rare Earth Elements","280530","Earth-metals, rare; scandium and yttrium, whether or not intermixed or interalloyed","2024","1878.58"
"Spain","United Kingdom","Export","Rare Earth Elements","280530","Earth-metals, rare; scandium and yttrium, whether or not intermixed or interalloyed","2024","295.5"
"Spain","Greece","Export","Rare Earth Elements","280530","Earth-metals, rare; scandium and yttrium, whether or not intermixed or interalloyed","2024","1504.39"
"Spain","Hong Kong, China","Import","Rare Earth Elements","280530","Earth-metals, rare; scandium and yttrium, whether or not intermixed or interalloyed","2024","100.98"
"Spain","Hungary","Export","Rare Earth Elements","280530","Earth-metals, rare; scandium and yttrium, whether or not intermixed or interalloyed","2024","210.8"
"Spain","Indonesia","Import","Rare Earth Elements","280530","Earth-metals, rare; scandium and yttrium, whether or not intermixed or interalloyed","2024","216.52"
"Spain","Ireland","Export","Rare Earth Elements","280530","Earth-metals, rare; scandium and yttrium, whether or not intermixed or interalloyed","2024","59.07"
"Spain","Italy","Export","Rare Earth Elements","280530","Earth-metals, rare; scandium and yttrium, whether or not intermixed or interalloyed","2024","1215.74"
"Spain","Japan","Import","Rare Earth Elements","280530","Earth-metals, rare; scandium and yttrium, whether or not intermixed or interalloyed","2024","4441.91"
"Spain","Latvia","Export","Rare Earth Elements","280530","Earth-metals, rare; scandium and yttrium, whether or not intermixed or interalloyed","2024","76.72"
"Spain","Mexico","Export","Rare Earth Elements","280530","Earth-metals, rare; scandium and yttrium, whether or not intermixed or interalloyed","2024","2291.22"
"Spain","Mexico","Import","Rare Earth Elements","280530","Earth-metals, rare; scandium and yttrium, whether or not intermixed or interalloyed","2024","1193.18"
"Spain","Malaysia","Import","Rare Earth Elements","280530","Earth-metals, rare; scandium and yttrium, whether or not intermixed or interalloyed","2024","297.01"
"Spain","Netherlands","Export","Rare Earth Elements","280530","Earth-metals, rare; scandium and yttrium, whether or not intermixed or interalloyed","2024","961.94"
"Spain","Peru","Export","Rare Earth Elements","280530","Earth-metals, rare; scandium and yttrium, whether or not intermixed or interalloyed","2024","1372.21"
"Spain","Poland","Export","Rare Earth Elements","280530","Earth-metals, rare; scandium and yttrium, whether or not intermixed or interalloyed","2024","1769.8"
"Spain","Portugal","Export","Rare Earth Elements","280530","Earth-metals, rare; scandium and yttrium, whether or not intermixed or interalloyed","2024","3278.89"
"Spain","Romania","Export","Rare Earth Elements","280530","Earth-metals, rare; scandium and yttrium, whether or not intermixed or interalloyed","2024","826.46"
"Spain","Russian Federation","Import","Rare Earth Elements","280530","Earth-metals, rare; scandium and yttrium, whether or not intermixed or interalloyed","2024","57.17"
"Spain","Saudi Arabia, Kingdom of","Export","Rare Earth Elements","280530","Earth-metals, rare; scandium and yttrium, whether or not intermixed or interalloyed","2024","141.78"
"Spain","Serbia","Export","Rare Earth Elements","280530","Earth-metals, rare; scandium and yttrium, whether or not intermixed or interalloyed","2024","149.85"
"Spain","Slovenia","Export","Rare Earth Elements","280530","Earth-metals, rare; scandium and yttrium, whether or not intermixed or interalloyed","2024","103.36"
"Spain","Thailand","Import","Rare Earth Elements","280530","Earth-metals, rare; scandium and yttrium, whether or not intermixed or interalloyed","2024","733.6"
"Spain","Turkiye","Import","Rare Earth Elements","280530","Earth-metals, rare; scandium and yttrium, whether or not intermixed or interalloyed","2024","663.18"
"Spain","United States of America","Import","Rare Earth Elements","280530","Earth-metals, rare; scandium and yttrium, whether or not intermixed or interalloyed","2024","1615.7"
"Spain","United States of America","Export","Rare Earth Elements","280530","Earth-metals, rare; scandium and yttrium, whether or not intermixed or interalloyed","2024","698.68"
"Spain","Viet Nam","Import","Rare Earth Elements","280530","Earth-metals, rare; scandium and yttrium, whether or not intermixed or interalloyed","2024","701.89"
"Spain","World","Import","Rare Earth Elements","280530","Earth-metals, rare; scandium and yttrium, whether or not intermixed or interalloyed","2024","1051061.01"
"Spain","World","Export","Rare Earth Elements","280530","Earth-metals, rare; scandium and yttrium, whether or not intermixed or interalloyed","2024","34092.41"
"Spain","Austria","Import","Rare Earth Elements","284610","Cerium compounds","2024","509199.53"
"Spain","Belgium","Import","Rare Earth Elements","284610","Cerium compounds","2024","290392.22"
"Spain","Brazil","Export","Rare Earth Elements","284610","Cerium compounds","2024","1139.38"
"Spain","Chile","Export","Rare Earth Elements","284610","Cerium compounds","2024","744.61"
"Spain","China","Import","Rare Earth Elements","284610","Cerium compounds","2024","194321.04"
"Spain","China","Export","Rare Earth Elements","284610","Cerium compounds","2024","1180.52"
"Spain","Chinese Taipei","Export","Rare Earth Elements","284610","Cerium compounds","2024","10225.91"
"Spain","Colombia","Export","Rare Earth Elements","284610","Cerium compounds","2024","67.02"
"Spain","Germany","Import","Rare Earth Elements","284610","Cerium compounds","2024","21263.45"
"Spain","Germany","Export","Rare Earth Elements","284610","Cerium compounds","2024","7993.64"
"Spain","Egypt","Export","Rare Earth Elements","284610","Cerium compounds","2024","641.48"
"Spain","France","Import","Rare Earth Elements","284610","Cerium compounds","2024","75453.46"
"Spain","France","Export","Rare Earth Elements","284610","Cerium compounds","2024","365.71"
"Spain","United Kingdom","Import","Rare Earth Elements","284610","Cerium compounds","2024","315252.32"
"Spain","Greece","Export","Rare Earth Elements","284610","Cerium compounds","2024","88.18"
"Spain","Croatia","Export","Rare Earth Elements","284610","Cerium compounds","2024","82.88"
"Spain","India","Import","Rare Earth Elements","284610","Cerium compounds","2024","2695.73"
"Spain","Ireland","Import","Rare Earth Elements","284610","Cerium compounds","2024","106.1"
"Spain","Ireland","Export","Rare Earth Elements","284610","Cerium compounds","2024","83.9"
"Spain","Italy","Import","Rare Earth Elements","284610","Cerium compounds","2024","11677.52"
"Spain","Italy","Export","Rare Earth Elements","284610","Cerium compounds","2024","8032.5"
"Spain","Jordan","Export","Rare Earth Elements","284610","Cerium compounds","2024","142.79"
"Spain","Norway","Import","Rare Earth Elements","284610","Cerium compounds","2024","903.64"
"Spain","Philippines","Export","Rare Earth Elements","284610","Cerium compounds","2024","1640.81"
"Spain","Poland","Export","Rare Earth Elements","284610","Cerium compounds","2024","1304.53"
"Spain","Portugal","Import","Rare Earth Elements","284610","Cerium compounds","2024","6667.63"
"Spain","Portugal","Export","Rare Earth Elements","284610","Cerium compounds","2024","312.23"
"Spain","Paraguay","Export","Rare Earth Elements","284610","Cerium compounds","2024","439.09"
"Spain","Russian Federation","Export","Rare Earth Elements","284610","Cerium compounds","2024","57.21"
"Spain","Saudi Arabia, Kingdom of","Export","Rare Earth Elements","284610","Cerium compounds","2024","305.29"
"Spain","Thailand","Export","Rare Earth Elements","284610","Cerium compounds","2024","16157.37"
"Spain","Turkiye","Export","Rare Earth Elements","284610","Cerium compounds","2024","185479.63"
"Spain","United States of America","Import","Rare Earth Elements","284610","Cerium compounds","2024","12746.02"
"Spain","Viet Nam","Export","Rare Earth Elements","284610","Cerium compounds","2024","1318.76"
"Spain","World","Import","Rare Earth Elements","284610","Cerium compounds","2024","1440678.66"
"Spain","World","Export","Rare Earth Elements","284610","Cerium compounds","2024","237803.44"
"Spain","Andorra","Export","Rare Earth Elements","284690","Compounds, inorganic or organic (excluding cerium), of rare-earth metals, of yttrium, scandium or of mixtures of these metals","2024","194.95"
"Spain","United Arab Emirates","Export","Rare Earth Elements","284690","Compounds, inorganic or organic (excluding cerium), of rare-earth metals, of yttrium, scandium or of mixtures of these metals","2024","10478.75"
"Spain","Australia","Import","Rare Earth Elements","284690","Compounds, inorganic or organic (excluding cerium), of rare-earth metals, of yttrium, scandium or of mixtures of these metals","2024","98.87"
"Spain","Austria","Import","Rare Earth Elements","284690","Compounds, inorganic or organic (excluding cerium), of rare-earth metals, of yttrium, scandium or of mixtures of these metals","2024","241834.96"
"Spain","Austria","Export","Rare Earth Elements","284690","Compounds, inorganic or organic (excluding cerium), of rare-earth metals, of yttrium, scandium or of mixtures of these metals","2024","447.97"
"Spain","Belgium","Import","Rare Earth Elements","284690","Compounds, inorganic or organic (excluding cerium), of rare-earth metals, of yttrium, scandium or of mixtures of these metals","2024","5076.77"
"Spain","Belgium","Export","Rare Earth Elements","284690","Compounds, inorganic or organic (excluding cerium), of rare-earth metals, of yttrium, scandium or of mixtures of these metals","2024","3972.3"
"Spain","Bangladesh","Export","Rare Earth Elements","284690","Compounds, inorganic or organic (excluding cerium), of rare-earth metals, of yttrium, scandium or of mixtures of these metals","2024","752.02"
"Spain","Bulgaria","Export","Rare Earth Elements","284690","Compounds, inorganic or organic (excluding cerium), of rare-earth metals, of yttrium, scandium or of mixtures of these metals","2024","1347.11"
"Spain","Brazil","Export","Rare Earth Elements","284690","Compounds, inorganic or organic (excluding cerium), of rare-earth metals, of yttrium, scandium or of mixtures of these metals","2024","103.29"
"Spain","Canada","Import","Rare Earth Elements","284690","Compounds, inorganic or organic (excluding cerium), of rare-earth metals, of yttrium, scandium or of mixtures of these metals","2024","3805.18"
"Spain","Switzerland","Export","Rare Earth Elements","284690","Compounds, inorganic or organic (excluding cerium), of rare-earth metals, of yttrium, scandium or of mixtures of these metals","2024","45661.15"
"Spain","Chile","Export","Rare Earth Elements","284690","Compounds, inorganic or organic (excluding cerium), of rare-earth metals, of yttrium, scandium or of mixtures of these metals","2024","1640.79"
"Spain","China","Import","Rare Earth Elements","284690","Compounds, inorganic or organic (excluding cerium), of rare-earth metals, of yttrium, scandium or of mixtures of these metals","2024","751657.04"
"Spain","China","Export","Rare Earth Elements","284690","Compounds, inorganic or organic (excluding cerium), of rare-earth metals, of yttrium, scandium or of mixtures of these metals","2024","618.5"
"Spain","Chinese Taipei","Export","Rare Earth Elements","284690","Compounds, inorganic or organic (excluding cerium), of rare-earth metals, of yttrium, scandium or of mixtures of these metals","2024","9310.55"
"Spain","Cote d'Ivoire","Export","Rare Earth Elements","284690","Compounds, inorganic or organic (excluding cerium), of rare-earth metals, of yttrium, scandium or of mixtures of these metals","2024","130.39"
"Spain","Colombia","Export","Rare Earth Elements","284690","Compounds, inorganic or organic (excluding cerium), of rare-earth metals, of yttrium, scandium or of mixtures of these metals","2024","11996.97"
"Spain","Cyprus","Export","Rare Earth Elements","284690","Compounds, inorganic or organic (excluding cerium), of rare-earth metals, of yttrium, scandium or of mixtures of these metals","2024","22805.19"
"Spain","Germany","Import","Rare Earth Elements","284690","Compounds, inorganic or organic (excluding cerium), of rare-earth metals, of yttrium, scandium or of mixtures of these metals","2024","149300.6"
"Spain","Germany","Export","Rare Earth Elements","284690","Compounds, inorganic or organic (excluding cerium), of rare-earth metals, of yttrium, scandium or of mixtures of these metals","2024","12269.13"
"Spain","Egypt","Export","Rare Earth Elements","284690","Compounds, inorganic or organic (excluding cerium), of rare-earth metals, of yttrium, scandium or of mixtures of these metals","2024","238.39"
"Spain","Estonia","Import","Rare Earth Elements","284690","Compounds, inorganic or organic (excluding cerium), of rare-earth metals, of yttrium, scandium or of mixtures of these metals","2024","2451516.12"
"Spain","Estonia","Export","Rare Earth Elements","284690","Compounds, inorganic or organic (excluding cerium), of rare-earth metals, of yttrium, scandium or of mixtures of these metals","2024","109.61"
"Spain","France","Import","Rare Earth Elements","284690","Compounds, inorganic or organic (excluding cerium), of rare-earth metals, of yttrium, scandium or of mixtures of these metals","2024","684444.53"
"Spain","France","Export","Rare Earth Elements","284690","Compounds, inorganic or organic (excluding cerium), of rare-earth metals, of yttrium, scandium or of mixtures of these metals","2024","670491.8"
"Spain","United Kingdom","Import","Rare Earth Elements","284690","Compounds, inorganic or organic (excluding cerium), of rare-earth metals, of yttrium, scandium or of mixtures of these metals","2024","69903.97"
"Spain","United Kingdom","Export","Rare Earth Elements","284690","Compounds, inorganic or organic (excluding cerium), of rare-earth metals, of yttrium, scandium or of mixtures of these metals","2024","417.6"
"Spain","Greece","Export","Rare Earth Elements","284690","Compounds, inorganic or organic (excluding cerium), of rare-earth metals, of yttrium, scandium or of mixtures of these metals","2024","7158.03"
"Spain","Hong Kong, China","Import","Rare Earth Elements","284690","Compounds, inorganic or organic (excluding cerium), of rare-earth metals, of yttrium, scandium or of mixtures of these metals","2024","725.67"
"Spain","Croatia","Export","Rare Earth Elements","284690","Compounds, inorganic or organic (excluding cerium), of rare-earth metals, of yttrium, scandium or of mixtures of these metals","2024","122.85"
"Spain","Hungary","Export","Rare Earth Elements","284690","Compounds, inorganic or organic (excluding cerium), of rare-earth metals, of yttrium, scandium or of mixtures of these metals","2024","359.09"
"Spain","India","Import","Rare Earth Elements","284690","Compounds, inorganic or organic (excluding cerium), of rare-earth metals, of yttrium, scandium or of mixtures of these metals","2024","241845.04"
"Spain","Ireland","Export","Rare Earth Elements","284690","Compounds, inorganic or organic (excluding cerium), of rare-earth metals, of yttrium, scandium or of mixtures of these metals","2024","148.34"
"Spain","Italy","Import","Rare Earth Elements","284690","Compounds, inorganic or organic (excluding cerium), of rare-earth metals, of yttrium, scandium or of mixtures of these metals","2024","222673.44"
"Spain","Italy","Export","Rare Earth Elements","284690","Compounds, inorganic or organic (excluding cerium), of rare-earth metals, of yttrium, scandium or of mixtures of these metals","2024","70668.43"
"Spain","Jordan","Export","Rare Earth Elements","284690","Compounds, inorganic or organic (excluding cerium), of rare-earth metals, of yttrium, scandium or of mixtures of these metals","2024","201.57"
"Spain","Japan","Import","Rare Earth Elements","284690","Compounds, inorganic or organic (excluding cerium), of rare-earth metals, of yttrium, scandium or of mixtures of these metals","2024","12598.61"
"Spain","Kazakhstan","Export","Rare Earth Elements","284690","Compounds, inorganic or organic (excluding cerium), of rare-earth metals, of yttrium, scandium or of mixtures of these metals","2024","670.77"
"Spain","Korea, Republic of","Import","Rare Earth Elements","284690","Compounds, inorganic or organic (excluding cerium), of rare-earth metals, of yttrium, scandium or of mixtures of these metals","2024","12957.49"
"Spain","Luxembourg","Export","Rare Earth Elements","284690","Compounds, inorganic or organic (excluding cerium), of rare-earth metals, of yttrium, scandium or of mixtures of these metals","2024","997.45"
"Spain","Latvia","Export","Rare Earth Elements","284690","Compounds, inorganic or organic (excluding cerium), of rare-earth metals, of yttrium, scandium or of mixtures of these metals","2024","54.65"
"Spain","Mexico","Import","Rare Earth Elements","284690","Compounds, inorganic or organic (excluding cerium), of rare-earth metals, of yttrium, scandium or of mixtures of these metals","2024","410431.68"
"Spain","Malaysia","Import","Rare Earth Elements","284690","Compounds, inorganic or organic (excluding cerium), of rare-earth metals, of yttrium, scandium or of mixtures of these metals","2024","4416249.58"
"Spain","Netherlands","Export","Rare Earth Elements","284690","Compounds, inorganic or organic (excluding cerium), of rare-earth metals, of yttrium, scandium or of mixtures of these metals","2024","914741.28"
"Spain","Netherlands","Import","Rare Earth Elements","284690","Compounds, inorganic or organic (excluding cerium), of rare-earth metals, of yttrium, scandium or of mixtures of these metals","2024","235654.35"
"Spain","Norway","Import","Rare Earth Elements","284690","Compounds, inorganic or organic (excluding cerium), of rare-earth metals, of yttrium, scandium or of mixtures of these metals","2024","10757.38"
"Spain","Peru","Export","Rare Earth Elements","284690","Compounds, inorganic or organic (excluding cerium), of rare-earth metals, of yttrium, scandium or of mixtures of these metals","2024","3922.26"
"Spain","Philippines","Export","Rare Earth Elements","284690","Compounds, inorganic or organic (excluding cerium), of rare-earth metals, of yttrium, scandium or of mixtures of these metals","2024","1048.95"
"Spain","Poland","Import","Rare Earth Elements","284690","Compounds, inorganic or organic (excluding cerium), of rare-earth metals, of yttrium, scandium or of mixtures of these metals","2024","4810.25"
"Spain","Portugal","Export","Rare Earth Elements","284690","Compounds, inorganic or organic (excluding cerium), of rare-earth metals, of yttrium, scandium or of mixtures of these metals","2024","52776.85"
"Spain","Paraguay","Export","Rare Earth Elements","284690","Compounds, inorganic or organic (excluding cerium), of rare-earth metals, of yttrium, scandium or of mixtures of these metals","2024","1081.89"
"Spain","Romania","Export","Rare Earth Elements","284690","Compounds, inorganic or organic (excluding cerium), of rare-earth metals, of yttrium, scandium or of mixtures of these metals","2024","657.09"
"Spain","Russian Federation","Export","Rare Earth Elements","284690","Compounds, inorganic or organic (excluding cerium), of rare-earth metals, of yttrium, scandium or of mixtures of these metals","2024","4240.12"
"Spain","Senegal","Export","Rare Earth Elements","284690","Compounds, inorganic or organic (excluding cerium), of rare-earth metals, of yttrium, scandium or of mixtures of these metals","2024","190.49"
"Spain","Serbia","Export","Rare Earth Elements","284690","Compounds, inorganic or organic (excluding cerium), of rare-earth metals, of yttrium, scandium or of mixtures of these metals","2024","551.18"
"Spain","Sweden","Import","Rare Earth Elements","284690","Compounds, inorganic or organic (excluding cerium), of rare-earth metals, of yttrium, scandium or of mixtures of these metals","2024","17399.69"
"Spain","Thailand","Export","Rare Earth Elements","284690","Compounds, inorganic or organic (excluding cerium), of rare-earth metals, of yttrium, scandium or of mixtures of these metals","2024","12855.75"
"Spain","Turkiye","Import","Rare Earth Elements","284690","Compounds, inorganic or organic (excluding cerium), of rare-earth metals, of yttrium, scandium or of mixtures of these metals","2024","300.74"
"Spain","United States of America","Import","Rare Earth Elements","284690","Compounds, inorganic or organic (excluding cerium), of rare-earth metals, of yttrium, scandium or of mixtures of these metals","2024","66651.15"
"Spain","Viet Nam","Import","Rare Earth Elements","284690","Compounds, inorganic or organic (excluding cerium), of rare-earth metals, of yttrium, scandium or of mixtures of these metals","2024","476122.49"
"Spain","Viet Nam","Export","Rare Earth Elements","284690","Compounds, inorganic or organic (excluding cerium), of rare-earth metals, of yttrium, scandium or of mixtures of these metals","2024","335.08"
"Spain","World","Import","Rare Earth Elements","284690","Compounds, inorganic or organic (excluding cerium), of rare-earth metals, of yttrium, scandium or of mixtures of these metals","2024","10486987.36"
"Spain","World","Export","Rare Earth Elements","284690","Compounds, inorganic or organic (excluding cerium), of rare-earth metals, of yttrium, scandium or of mixtures of these metals","2024","1865768.58"
"Spain","South Africa","Import","Rare Earth Elements","284690","Compounds, inorganic or organic (excluding cerium), of rare-earth metals, of yttrium, scandium or of mixtures of these metals","2024","171.76"
"Estonia","Belgium","Import","Rare Earth Elements","280530","Earth-metals, rare; scandium and yttrium, whether or not intermixed or interalloyed","2024","225.74"
"Estonia","Thailand","Import","Rare Earth Elements","280530","Earth-metals, rare; scandium and yttrium, whether or not intermixed or interalloyed","2024","32590.41"
"Estonia","Viet Nam","Import","Rare Earth Elements","280530","Earth-metals, rare; scandium and yttrium, whether or not intermixed or interalloyed","2024","587309.73"
"Estonia","World","Import","Rare Earth Elements","280530","Earth-metals, rare; scandium and yttrium, whether or not intermixed or interalloyed","2024","620125.88"
"Estonia","Armenia","Import","Rare Earth Elements","284610","Cerium compounds","2024","15524.53"
"Estonia","Austria","Export","Rare Earth Elements","284610","Cerium compounds","2024","327594.15"
"Estonia","Austria","Import","Rare Earth Elements","284610","Cerium compounds","2024","60.77"
"Estonia","Belgium","Export","Rare Earth Elements","284610","Cerium compounds","2024","10436.53"
"Estonia","Belgium","Import","Rare Earth Elements","284610","Cerium compounds","2024","109.16"
"Estonia","Switzerland","Export","Rare Earth Elements","284610","Cerium compounds","2024","162484.79"
"Estonia","Germany","Export","Rare Earth Elements","284610","Cerium compounds","2024","155893.58"
"Estonia","Germany","Import","Rare Earth Elements","284610","Cerium compounds","2024","225.56"
"Estonia","France","Import","Rare Earth Elements","284610","Cerium compounds","2024","278.68"
"Estonia","United Kingdom","Export","Rare Earth Elements","284610","Cerium compounds","2024","89338.89"
"Estonia","Japan","Export","Rare Earth Elements","284610","Cerium compounds","2024","1267592.23"
"Estonia","Japan","Import","Rare Earth Elements","284610","Cerium compounds","2024","1799.11"
"Estonia","Latvia","Export","Rare Earth Elements","284610","Cerium compounds","2024","49.59"
"Estonia","Netherlands","Export","Rare Earth Elements","284610","Cerium compounds","2024","211379.58"
"Estonia","Norway","Import","Rare Earth Elements","284610","Cerium compounds","2024","9543.07"
"Estonia","Poland","Import","Rare Earth Elements","284610","Cerium compounds","2024","138.63"
"Estonia","Russian Federation","Import","Rare Earth Elements","284610","Cerium compounds","2024","13673851.52"
"Estonia","United States of America","Export","Rare Earth Elements","284610","Cerium compounds","2024","981910.63"
"Estonia","United States of America","Import","Rare Earth Elements","284610","Cerium compounds","2024","416.69"
"Estonia","World","Import","Rare Earth Elements","284610","Cerium compounds","2024","13701947.72"
"Estonia","World","Export","Rare Earth Elements","284610","Cerium compounds","2024","3206679.97"
"Estonia","Austria","Export","Rare Earth Elements","284690","Compounds, inorganic or organic (excluding cerium), of rare-earth metals, of yttrium, scandium or of mixtures of these metals","2024","330112.07"
"Estonia","Belgium","Import","Rare Earth Elements","284690","Compounds, inorganic or organic (excluding cerium), of rare-earth metals, of yttrium, scandium or of mixtures of these metals","2024","432.17"
"Estonia","Switzerland","Export","Rare Earth Elements","284690","Compounds, inorganic or organic (excluding cerium), of rare-earth metals, of yttrium, scandium or of mixtures of these metals","2024","841888.08"
"Estonia","China","Export","Rare Earth Elements","284690","Compounds, inorganic or organic (excluding cerium), of rare-earth metals, of yttrium, scandium or of mixtures of these metals","2024","2772865.61"
"Estonia","China","Import","Rare Earth Elements","284690","Compounds, inorganic or organic (excluding cerium), of rare-earth metals, of yttrium, scandium or of mixtures of these metals","2024","115064.5"
"Estonia","Germany","Export","Rare Earth Elements","284690","Compounds, inorganic or organic (excluding cerium), of rare-earth metals, of yttrium, scandium or of mixtures of these metals","2024","3918.03"
"Estonia","Germany","Import","Rare Earth Elements","284690","Compounds, inorganic or organic (excluding cerium), of rare-earth metals, of yttrium, scandium or of mixtures of these metals","2024","70.88"
"Estonia","Spain","Export","Rare Earth Elements","284690","Compounds, inorganic or organic (excluding cerium), of rare-earth metals, of yttrium, scandium or of mixtures of these metals","2024","2185665.65"
"Estonia","France","Import","Rare Earth Elements","284690","Compounds, inorganic or organic (excluding cerium), of rare-earth metals, of yttrium, scandium or of mixtures of these metals","2024","436.77"
"Estonia","United Kingdom","Export","Rare Earth Elements","284690","Compounds, inorganic or organic (excluding cerium), of rare-earth metals, of yttrium, scandium or of mixtures of these metals","2024","356402.15"
"Estonia","Japan","Export","Rare Earth Elements","284690","Compounds, inorganic or organic (excluding cerium), of rare-earth metals, of yttrium, scandium or of mixtures of these metals","2024","1210670.87"
"Estonia","Netherlands","Export","Rare Earth Elements","284690","Compounds, inorganic or organic (excluding cerium), of rare-earth metals, of yttrium, scandium or of mixtures of these metals","2024","271937.95"
"Estonia","Norway","Import","Rare Earth Elements","284690","Compounds, inorganic or organic (excluding cerium), of rare-earth metals, of yttrium, scandium or of mixtures of these metals","2024","4006.06"
"Estonia","Thailand","Export","Rare Earth Elements","284690","Compounds, inorganic or organic (excluding cerium), of rare-earth metals, of yttrium, scandium or of mixtures of these metals","2024","793944.83"
"Estonia","Turkiye","Export","Rare Earth Elements","284690","Compounds, inorganic or organic (excluding cerium), of rare-earth metals, of yttrium, scandium or of mixtures of these metals","2024","705.56"
"Estonia","United States of America","Export","Rare Earth Elements","284690","Compounds, inorganic or organic (excluding cerium), of rare-earth metals, of yttrium, scandium or of mixtures of these metals","2024","1555628.3"
"Estonia","United States of America","Import","Rare Earth Elements","284690","Compounds, inorganic or organic (excluding cerium), of rare-earth metals, of yttrium, scandium or of mixtures of these metals","2024","2876.96"
"Estonia","World","Export","Rare Earth Elements","284690","Compounds, inorganic or organic (excluding cerium), of rare-earth metals, of yttrium, scandium or of mixtures of these metals","2024","12260404.39"
"Estonia","World","Import","Rare Earth Elements","284690","Compounds, inorganic or organic (excluding cerium), of rare-earth metals, of yttrium, scandium or of mixtures of these metals","2024","122887.34"
"Estonia","South Africa","Export","Rare Earth Elements","284690","Compounds, inorganic or organic (excluding cerium), of rare-earth metals, of yttrium, scandium or of mixtures of these metals","2024","1936665.29"
"Ethiopia","China","Import","Rare Earth Elements","284610","Cerium compounds","2024","626"
"Ethiopia","World","Import","Rare Earth Elements","284610","Cerium compounds","2024","626"
"Ethiopia","China","Import","Rare Earth Elements","284690","Compounds, inorganic or organic (excluding cerium), of rare-earth metals, of yttrium, scandium or of mixtures of these metals","2024","811"
"Ethiopia","World","Import","Rare Earth Elements","284690","Compounds, inorganic or organic (excluding cerium), of rare-earth metals, of yttrium, scandium or of mixtures of these metals","2024","862"
"Ethiopia","South Africa","Import","Rare Earth Elements","284690","Compounds, inorganic or organic (excluding cerium), of rare-earth metals, of yttrium, scandium or of mixtures of these metals","2024","51"
"Finland","Australia","Import","Rare Earth Elements","280530","Earth-metals, rare; scandium and yttrium, whether or not intermixed or interalloyed","2024","12611.18"
"Finland","Belgium","Import","Rare Earth Elements","280530","Earth-metals, rare; scandium and yttrium, whether or not intermixed or interalloyed","2024","159.28"
"Finland","Germany","Import","Rare Earth Elements","280530","Earth-metals, rare; scandium and yttrium, whether or not intermixed or interalloyed","2024","9217.11"
"Finland","Germany","Export","Rare Earth Elements","280530","Earth-metals, rare; scandium and yttrium, whether or not intermixed or interalloyed","2024","1.05"
"Finland","United Kingdom","Import","Rare Earth Elements","280530","Earth-metals, rare; scandium and yttrium, whether or not intermixed or interalloyed","2024","1055.21"
"Finland","United Kingdom","Export","Rare Earth Elements","280530","Earth-metals, rare; scandium and yttrium, whether or not intermixed or interalloyed","2024","48.2"
"Finland","Latvia","Export","Rare Earth Elements","280530","Earth-metals, rare; scandium and yttrium, whether or not intermixed or interalloyed","2024","366.76"
"Finland","Norway","Export","Rare Earth Elements","280530","Earth-metals, rare; scandium and yttrium, whether or not intermixed or interalloyed","2024","10.48"
"Finland","Sweden","Import","Rare Earth Elements","280530","Earth-metals, rare; scandium and yttrium, whether or not intermixed or interalloyed","2024","300.74"
"Finland","Turkiye","Import","Rare Earth Elements","280530","Earth-metals, rare; scandium and yttrium, whether or not intermixed or interalloyed","2024","129.94"
"Finland","United States of America","Import","Rare Earth Elements","280530","Earth-metals, rare; scandium and yttrium, whether or not intermixed or interalloyed","2024","1760.43"
"Finland","World","Import","Rare Earth Elements","280530","Earth-metals, rare; scandium and yttrium, whether or not intermixed or interalloyed","2024","25233.89"
"Finland","World","Export","Rare Earth Elements","280530","Earth-metals, rare; scandium and yttrium, whether or not intermixed or interalloyed","2024","426.49"
"Finland","Armenia","Import","Rare Earth Elements","284610","Cerium compounds","2024","4065.76"
"Finland","Austria","Import","Rare Earth Elements","284610","Cerium compounds","2024","8890.17"
"Finland","Belgium","Import","Rare Earth Elements","284610","Cerium compounds","2024","238.91"
"Finland","China","Import","Rare Earth Elements","284610","Cerium compounds","2024","96.4"
"Finland","Germany","Import","Rare Earth Elements","284610","Cerium compounds","2024","959.85"
"Finland","France","Import","Rare Earth Elements","284610","Cerium compounds","2024","215.86"
"Finland","United Kingdom","Import","Rare Earth Elements","284610","Cerium compounds","2024","26298.52"
"Finland","United Kingdom","Export","Rare Earth Elements","284610","Cerium compounds","2024","1.05"
"Finland","India","Import","Rare Earth Elements","284610","Cerium compounds","2024","100.6"
"Finland","Italy","Import","Rare Earth Elements","284610","Cerium compounds","2024","918.99"
"Finland","Japan","Import","Rare Earth Elements","284610","Cerium compounds","2024","12155.35"
"Finland","Norway","Import","Rare Earth Elements","284610","Cerium compounds","2024","2665.79"
"Finland","Sweden","Import","Rare Earth Elements","284610","Cerium compounds","2024","824.68"
"Finland","Turkiye","Import","Rare Earth Elements","284610","Cerium compounds","2024","180.23"
"Finland","United States of America","Import","Rare Earth Elements","284610","Cerium compounds","2024","28360.74"
"Finland","World","Import","Rare Earth Elements","284610","Cerium compounds","2024","85971.85"
"Finland","World","Export","Rare Earth Elements","284610","Cerium compounds","2024","1.05"
"Finland","Armenia","Import","Rare Earth Elements","284690","Compounds, inorganic or organic (excluding cerium), of rare-earth metals, of yttrium, scandium or of mixtures of these metals","2024","9886.7"
"Finland","Australia","Import","Rare Earth Elements","284690","Compounds, inorganic or organic (excluding cerium), of rare-earth metals, of yttrium, scandium or of mixtures of these metals","2024","90.12"
"Finland","Austria","Import","Rare Earth Elements","284690","Compounds, inorganic or organic (excluding cerium), of rare-earth metals, of yttrium, scandium or of mixtures of these metals","2024","172504.33"
"Finland","Belgium","Import","Rare Earth Elements","284690","Compounds, inorganic or organic (excluding cerium), of rare-earth metals, of yttrium, scandium or of mixtures of these metals","2024","532.32"
"Finland","Canada","Export","Rare Earth Elements","284690","Compounds, inorganic or organic (excluding cerium), of rare-earth metals, of yttrium, scandium or of mixtures of these metals","2024","2.1"
"Finland","China","Import","Rare Earth Elements","284690","Compounds, inorganic or organic (excluding cerium), of rare-earth metals, of yttrium, scandium or of mixtures of these metals","2024","1107.6"
"Finland","Germany","Import","Rare Earth Elements","284690","Compounds, inorganic or organic (excluding cerium), of rare-earth metals, of yttrium, scandium or of mixtures of these metals","2024","4316.2"
"Finland","Denmark","Import","Rare Earth Elements","284690","Compounds, inorganic or organic (excluding cerium), of rare-earth metals, of yttrium, scandium or of mixtures of these metals","2024","1118.08"
"Finland","France","Import","Rare Earth Elements","284690","Compounds, inorganic or organic (excluding cerium), of rare-earth metals, of yttrium, scandium or of mixtures of these metals","2024","15049.58"
"Finland","United Kingdom","Export","Rare Earth Elements","284690","Compounds, inorganic or organic (excluding cerium), of rare-earth metals, of yttrium, scandium or of mixtures of these metals","2024","32247.31"
"Finland","India","Import","Rare Earth Elements","284690","Compounds, inorganic or organic (excluding cerium), of rare-earth metals, of yttrium, scandium or of mixtures of these metals","2024","58.68"
"Finland","Japan","Import","Rare Earth Elements","284690","Compounds, inorganic or organic (excluding cerium), of rare-earth metals, of yttrium, scandium or of mixtures of these metals","2024","5225.75"
"Finland","Korea, Republic of","Import","Rare Earth Elements","284690","Compounds, inorganic or organic (excluding cerium), of rare-earth metals, of yttrium, scandium or of mixtures of these metals","2024","5794.75"
"Finland","Netherlands","Export","Rare Earth Elements","284690","Compounds, inorganic or organic (excluding cerium), of rare-earth metals, of yttrium, scandium or of mixtures of these metals","2024","509.27"
"Finland","Norway","Export","Rare Earth Elements","284690","Compounds, inorganic or organic (excluding cerium), of rare-earth metals, of yttrium, scandium or of mixtures of these metals","2024","8549.61"
"Finland","Sweden","Export","Rare Earth Elements","284690","Compounds, inorganic or organic (excluding cerium), of rare-earth metals, of yttrium, scandium or of mixtures of these metals","2024","66079"
"Finland","Sweden","Import","Rare Earth Elements","284690","Compounds, inorganic or organic (excluding cerium), of rare-earth metals, of yttrium, scandium or of mixtures of these metals","2024","585.76"
"Finland","Turkiye","Import","Rare Earth Elements","284690","Compounds, inorganic or organic (excluding cerium), of rare-earth metals, of yttrium, scandium or of mixtures of these metals","2024","2645.88"
"Finland","United States of America","Import","Rare Earth Elements","284690","Compounds, inorganic or organic (excluding cerium), of rare-earth metals, of yttrium, scandium or of mixtures of these metals","2024","45423.29"
"Finland","United States of America","Export","Rare Earth Elements","284690","Compounds, inorganic or organic (excluding cerium), of rare-earth metals, of yttrium, scandium or of mixtures of these metals","2024","4960.64"
"Finland","World","Import","Rare Earth Elements","284690","Compounds, inorganic or organic (excluding cerium), of rare-earth metals, of yttrium, scandium or of mixtures of these metals","2024","264339.04"
"Finland","World","Export","Rare Earth Elements","284690","Compounds, inorganic or organic (excluding cerium), of rare-earth metals, of yttrium, scandium or of mixtures of these metals","2024","112347.93"
"France","Austria","Import","Rare Earth Elements","280530","Earth-metals, rare; scandium and yttrium, whether or not intermixed or interalloyed","2024","4047.02"
"France","Belgium","Import","Rare Earth Elements","280530","Earth-metals, rare; scandium and yttrium, whether or not intermixed or interalloyed","2024","1242.57"
"France","Belgium","Export","Rare Earth Elements","280530","Earth-metals, rare; scandium and yttrium, whether or not intermixed or interalloyed","2024","930.85"
"France","Canada","Import","Rare Earth Elements","280530","Earth-metals, rare; scandium and yttrium, whether or not intermixed or interalloyed","2024","1317.26"
"France","Canada","Export","Rare Earth Elements","280530","Earth-metals, rare; scandium and yttrium, whether or not intermixed or interalloyed","2024","1183.04"
"France","Switzerland","Export","Rare Earth Elements","280530","Earth-metals, rare; scandium and yttrium, whether or not intermixed or interalloyed","2024","33758.36"
"France","Switzerland","Import","Rare Earth Elements","280530","Earth-metals, rare; scandium and yttrium, whether or not intermixed or interalloyed","2024","13586.04"
"France","China","Import","Rare Earth Elements","280530","Earth-metals, rare; scandium and yttrium, whether or not intermixed or interalloyed","2024","283889.99"
"France","Czech Republic","Export","Rare Earth Elements","280530","Earth-metals, rare; scandium and yttrium, whether or not intermixed or interalloyed","2024","674.32"
"France","Germany","Import","Rare Earth Elements","280530","Earth-metals, rare; scandium and yttrium, whether or not intermixed or interalloyed","2024","80281.24"
"France","Germany","Export","Rare Earth Elements","280530","Earth-metals, rare; scandium and yttrium, whether or not intermixed or interalloyed","2024","35928.54"
"France","Algeria","Export","Rare Earth Elements","280530","Earth-metals, rare; scandium and yttrium, whether or not intermixed or interalloyed","2024","697.05"
"France","Spain","Export","Rare Earth Elements","280530","Earth-metals, rare; scandium and yttrium, whether or not intermixed or interalloyed","2024","20359.58"
"France","United Kingdom","Import","Rare Earth Elements","280530","Earth-metals, rare; scandium and yttrium, whether or not intermixed or interalloyed","2024","58078.37"
"France","United Kingdom","Export","Rare Earth Elements","280530","Earth-metals, rare; scandium and yttrium, whether or not intermixed or interalloyed","2024","10920.14"
"France","India","Import","Rare Earth Elements","280530","Earth-metals, rare; scandium and yttrium, whether or not intermixed or interalloyed","2024","93.08"
"France","Italy","Export","Rare Earth Elements","280530","Earth-metals, rare; scandium and yttrium, whether or not intermixed or interalloyed","2024","704.63"
"France","Japan","Import","Rare Earth Elements","280530","Earth-metals, rare; scandium and yttrium, whether or not intermixed or interalloyed","2024","405272.47"
"France","Latvia","Export","Rare Earth Elements","280530","Earth-metals, rare; scandium and yttrium, whether or not intermixed or interalloyed","2024","5628.38"
"France","Morocco","Export","Rare Earth Elements","280530","Earth-metals, rare; scandium and yttrium, whether or not intermixed or interalloyed","2024","1363.8"
"France","Malaysia","Export","Rare Earth Elements","280530","Earth-metals, rare; scandium and yttrium, whether or not intermixed or interalloyed","2024","17751.04"
"France","Netherlands","Import","Rare Earth Elements","280530","Earth-metals, rare; scandium and yttrium, whether or not intermixed or interalloyed","2024","98789.95"
"France","Netherlands","Export","Rare Earth Elements","280530","Earth-metals, rare; scandium and yttrium, whether or not intermixed or interalloyed","2024","373.42"
"France","Portugal","Export","Rare Earth Elements","280530","Earth-metals, rare; scandium and yttrium, whether or not intermixed or interalloyed","2024","21542.62"
"France","Tunisia","Export","Rare Earth Elements","280530","Earth-metals, rare; scandium and yttrium, whether or not intermixed or interalloyed","2024","8047.5"
"France","Turkiye","Export","Rare Earth Elements","280530","Earth-metals, rare; scandium and yttrium, whether or not intermixed or interalloyed","2024","855.08"
"France","United States of America","Import","Rare Earth Elements","280530","Earth-metals, rare; scandium and yttrium, whether or not intermixed or interalloyed","2024","208897.26"
"France","United States of America","Export","Rare Earth Elements","280530","Earth-metals, rare; scandium and yttrium, whether or not intermixed or interalloyed","2024","72.52"
"France","Viet Nam","Import","Rare Earth Elements","280530","Earth-metals, rare; scandium and yttrium, whether or not intermixed or interalloyed","2024","4791.7"
"France","World","Import","Rare Earth Elements","280530","Earth-metals, rare; scandium and yttrium, whether or not intermixed or interalloyed","2024","1160286.95"
"France","World","Export","Rare Earth Elements","280530","Earth-metals, rare; scandium and yttrium, whether or not intermixed or interalloyed","2024","160790.87"
"France","United Arab Emirates","Export","Rare Earth Elements","284610","Cerium compounds","2024","3347.8"
"France","Austria","Import","Rare Earth Elements","284610","Cerium compounds","2024","229360.75"
"France","Austria","Export","Rare Earth Elements","284610","Cerium compounds","2024","201.32"
"France","Belgium","Export","Rare Earth Elements","284610","Cerium compounds","2024","59258.17"
"France","Belgium","Import","Rare Earth Elements","284610","Cerium compounds","2024","31098.96"
"France","Benin","Export","Rare Earth Elements","284610","Cerium compounds","2024","25.98"
"France","Canada","Import","Rare Earth Elements","284610","Cerium compounds","2024","139.63"
"France","Switzerland","Export","Rare Earth Elements","284610","Cerium compounds","2024","15535.41"
"France","China","Import","Rare Earth Elements","284610","Cerium compounds","2024","381948.25"
"France","Chinese Taipei","Import","Rare Earth Elements","284610","Cerium compounds","2024","19.48"
"France","Czech Republic","Export","Rare Earth Elements","284610","Cerium compounds","2024","44.38"
"France","Germany","Export","Rare Earth Elements","284610","Cerium compounds","2024","1659604.22"
"France","Germany","Import","Rare Earth Elements","284610","Cerium compounds","2024","88547.38"
"France","Denmark","Export","Rare Earth Elements","284610","Cerium compounds","2024","15.15"
"France","Algeria","Export","Rare Earth Elements","284610","Cerium compounds","2024","1593.26"
"France","Spain","Export","Rare Earth Elements","284610","Cerium compounds","2024","81258.63"
"France","Spain","Import","Rare Earth Elements","284610","Cerium compounds","2024","1588.93"
"France","Estonia","Import","Rare Earth Elements","284610","Cerium compounds","2024","20383.39"
"France","United Kingdom","Export","Rare Earth Elements","284610","Cerium compounds","2024","53252.04"
"France","United Kingdom","Import","Rare Earth Elements","284610","Cerium compounds","2024","29613.93"
"France","Croatia","Export","Rare Earth Elements","284610","Cerium compounds","2024","1900.66"
"France","Hungary","Export","Rare Earth Elements","284610","Cerium compounds","2024","205.65"
"France","India","Import","Rare Earth Elements","284610","Cerium compounds","2024","937.34"
"France","Ireland","Export","Rare Earth Elements","284610","Cerium compounds","2024","15.15"
"France","Italy","Export","Rare Earth Elements","284610","Cerium compounds","2024","103801.37"
"France","Italy","Import","Rare Earth Elements","284610","Cerium compounds","2024","637.52"
"France","Jordan","Export","Rare Earth Elements","284610","Cerium compounds","2024","348.53"
"France","Japan","Export","Rare Earth Elements","284610","Cerium compounds","2024","33898963.22"
"France","Japan","Import","Rare Earth Elements","284610","Cerium compounds","2024","1377408.15"
"France","Korea, Republic of","Export","Rare Earth Elements","284610","Cerium compounds","2024","8666723.17"
"France","Morocco","Export","Rare Earth Elements","284610","Cerium compounds","2024","13747.31"
"France","Malaysia","Import","Rare Earth Elements","284610","Cerium compounds","2024","1971558.17"
"France","Malaysia","Export","Rare Earth Elements","284610","Cerium compounds","2024","125636.23"
"France","Nigeria","Export","Rare Earth Elements","284610","Cerium compounds","2024","3491.76"
"France","Netherlands","Import","Rare Earth Elements","284610","Cerium compounds","2024","113119.58"
"France","Netherlands","Export","Rare Earth Elements","284610","Cerium compounds","2024","8572.45"
"France","Norway","Import","Rare Earth Elements","284610","Cerium compounds","2024","912.45"
"France","Norway","Export","Rare Earth Elements","284610","Cerium compounds","2024","129.89"
"France","Poland","Export","Rare Earth Elements","284610","Cerium compounds","2024","1895205.97"
"France","Portugal","Export","Rare Earth Elements","284610","Cerium compounds","2024","35004.18"
"France","Senegal","Export","Rare Earth Elements","284610","Cerium compounds","2024","368.01"
"France","Singapore","Export","Rare Earth Elements","284610","Cerium compounds","2024","842.09"
"France","Serbia","Export","Rare Earth Elements","284610","Cerium compounds","2024","5483.34"
"France","Sweden","Export","Rare Earth Elements","284610","Cerium compounds","2024","2247.02"
"France","Thailand","Export","Rare Earth Elements","284610","Cerium compounds","2024","3107.51"
"France","Turkiye","Export","Rare Earth Elements","284610","Cerium compounds","2024","41393.48"
"France","Turkiye","Import","Rare Earth Elements","284610","Cerium compounds","2024","666.75"
"France","United States of America","Import","Rare Earth Elements","284610","Cerium compounds","2024","102471.12"
"France","United States of America","Export","Rare Earth Elements","284610","Cerium compounds","2024","94923.68"
"France","World","Export","Rare Earth Elements","284610","Cerium compounds","2024","46843356.78"
"France","World","Import","Rare Earth Elements","284610","Cerium compounds","2024","4350411.78"
"France","South Africa","Export","Rare Earth Elements","284610","Cerium compounds","2024","67109.75"
"France","United Arab Emirates","Import","Rare Earth Elements","284690","Compounds, inorganic or organic (excluding cerium), of rare-earth metals, of yttrium, scandium or of mixtures of these metals","2024","45.46"
"France","Argentina","Export","Rare Earth Elements","284690","Compounds, inorganic or organic (excluding cerium), of rare-earth metals, of yttrium, scandium or of mixtures of these metals","2024","268.43"
"France","Australia","Import","Rare Earth Elements","284690","Compounds, inorganic or organic (excluding cerium), of rare-earth metals, of yttrium, scandium or of mixtures of these metals","2024","7343.95"
"France","Austria","Import","Rare Earth Elements","284690","Compounds, inorganic or organic (excluding cerium), of rare-earth metals, of yttrium, scandium or of mixtures of these metals","2024","628635.75"
"France","Austria","Export","Rare Earth Elements","284690","Compounds, inorganic or organic (excluding cerium), of rare-earth metals, of yttrium, scandium or of mixtures of these metals","2024","11029.46"
"France","Belgium","Export","Rare Earth Elements","284690","Compounds, inorganic or organic (excluding cerium), of rare-earth metals, of yttrium, scandium or of mixtures of these metals","2024","2013891.16"
"France","Belgium","Import","Rare Earth Elements","284690","Compounds, inorganic or organic (excluding cerium), of rare-earth metals, of yttrium, scandium or of mixtures of these metals","2024","16191.33"
"France","Benin","Export","Rare Earth Elements","284690","Compounds, inorganic or organic (excluding cerium), of rare-earth metals, of yttrium, scandium or of mixtures of these metals","2024","364.76"
"France","Brazil","Export","Rare Earth Elements","284690","Compounds, inorganic or organic (excluding cerium), of rare-earth metals, of yttrium, scandium or of mixtures of these metals","2024","930508.41"
"France","Botswana","Import","Rare Earth Elements","284690","Compounds, inorganic or organic (excluding cerium), of rare-earth metals, of yttrium, scandium or of mixtures of these metals","2024","9.74"
"France","Canada","Export","Rare Earth Elements","284690","Compounds, inorganic or organic (excluding cerium), of rare-earth metals, of yttrium, scandium or of mixtures of these metals","2024","253750.03"
"France","Canada","Import","Rare Earth Elements","284690","Compounds, inorganic or organic (excluding cerium), of rare-earth metals, of yttrium, scandium or of mixtures of these metals","2024","40101.11"
"France","Switzerland","Export","Rare Earth Elements","284690","Compounds, inorganic or organic (excluding cerium), of rare-earth metals, of yttrium, scandium or of mixtures of these metals","2024","372245.79"
"France","Switzerland","Import","Rare Earth Elements","284690","Compounds, inorganic or organic (excluding cerium), of rare-earth metals, of yttrium, scandium or of mixtures of these metals","2024","9413.46"
"France","China","Import","Rare Earth Elements","284690","Compounds, inorganic or organic (excluding cerium), of rare-earth metals, of yttrium, scandium or of mixtures of these metals","2024","3052191.67"
"France","China","Export","Rare Earth Elements","284690","Compounds, inorganic or organic (excluding cerium), of rare-earth metals, of yttrium, scandium or of mixtures of these metals","2024","24748.63"
"France","Chinese Taipei","Export","Rare Earth Elements","284690","Compounds, inorganic or organic (excluding cerium), of rare-earth metals, of yttrium, scandium or of mixtures of these metals","2024","88456.46"
"France","Chinese Taipei","Import","Rare Earth Elements","284690","Compounds, inorganic or organic (excluding cerium), of rare-earth metals, of yttrium, scandium or of mixtures of these metals","2024","86.59"
"France","Cote d'Ivoire","Export","Rare Earth Elements","284690","Compounds, inorganic or organic (excluding cerium), of rare-earth metals, of yttrium, scandium or of mixtures of these metals","2024","521.71"
"France","Czech Republic","Export","Rare Earth Elements","284690","Compounds, inorganic or organic (excluding cerium), of rare-earth metals, of yttrium, scandium or of mixtures of these metals","2024","32157.52"
"France","Czech Republic","Import","Rare Earth Elements","284690","Compounds, inorganic or organic (excluding cerium), of rare-earth metals, of yttrium, scandium or of mixtures of these metals","2024","698.13"
"France","Germany","Export","Rare Earth Elements","284690","Compounds, inorganic or organic (excluding cerium), of rare-earth metals, of yttrium, scandium or of mixtures of these metals","2024","8336722.68"
"France","Germany","Import","Rare Earth Elements","284690","Compounds, inorganic or organic (excluding cerium), of rare-earth metals, of yttrium, scandium or of mixtures of these metals","2024","476394.61"
"France","Denmark","Export","Rare Earth Elements","284690","Compounds, inorganic or organic (excluding cerium), of rare-earth metals, of yttrium, scandium or of mixtures of these metals","2024","831.27"
"France","Algeria","Export","Rare Earth Elements","284690","Compounds, inorganic or organic (excluding cerium), of rare-earth metals, of yttrium, scandium or of mixtures of these metals","2024","2187.49"
"France","Egypt","Export","Rare Earth Elements","284690","Compounds, inorganic or organic (excluding cerium), of rare-earth metals, of yttrium, scandium or of mixtures of these metals","2024","171.02"
"France","Spain","Export","Rare Earth Elements","284690","Compounds, inorganic or organic (excluding cerium), of rare-earth metals, of yttrium, scandium or of mixtures of these metals","2024","726356.3"
"France","Spain","Import","Rare Earth Elements","284690","Compounds, inorganic or organic (excluding cerium), of rare-earth metals, of yttrium, scandium or of mixtures of these metals","2024","141292.86"
"France","Estonia","Import","Rare Earth Elements","284690","Compounds, inorganic or organic (excluding cerium), of rare-earth metals, of yttrium, scandium or of mixtures of these metals","2024","4381.48"
"France","Finland","Export","Rare Earth Elements","284690","Compounds, inorganic or organic (excluding cerium), of rare-earth metals, of yttrium, scandium or of mixtures of these metals","2024","3013.35"
"France","United Kingdom","Export","Rare Earth Elements","284690","Compounds, inorganic or organic (excluding cerium), of rare-earth metals, of yttrium, scandium or of mixtures of these metals","2024","297640.56"
"France","United Kingdom","Import","Rare Earth Elements","284690","Compounds, inorganic or organic (excluding cerium), of rare-earth metals, of yttrium, scandium or of mixtures of these metals","2024","245034.7"
"France","Greece","Export","Rare Earth Elements","284690","Compounds, inorganic or organic (excluding cerium), of rare-earth metals, of yttrium, scandium or of mixtures of these metals","2024","129.89"
"France","Hungary","Export","Rare Earth Elements","284690","Compounds, inorganic or organic (excluding cerium), of rare-earth metals, of yttrium, scandium or of mixtures of these metals","2024","382684.27"
"France","India","Import","Rare Earth Elements","284690","Compounds, inorganic or organic (excluding cerium), of rare-earth metals, of yttrium, scandium or of mixtures of these metals","2024","306798.58"
"France","India","Export","Rare Earth Elements","284690","Compounds, inorganic or organic (excluding cerium), of rare-earth metals, of yttrium, scandium or of mixtures of these metals","2024","8037.76"
"France","Ireland","Export","Rare Earth Elements","284690","Compounds, inorganic or organic (excluding cerium), of rare-earth metals, of yttrium, scandium or of mixtures of these metals","2024","292.24"
"France","Iran","Export","Rare Earth Elements","284690","Compounds, inorganic or organic (excluding cerium), of rare-earth metals, of yttrium, scandium or of mixtures of these metals","2024","85.51"
"France","Israel","Import","Rare Earth Elements","284690","Compounds, inorganic or organic (excluding cerium), of rare-earth metals, of yttrium, scandium or of mixtures of these metals","2024","87457.42"
"France","Israel","Export","Rare Earth Elements","284690","Compounds, inorganic or organic (excluding cerium), of rare-earth metals, of yttrium, scandium or of mixtures of these metals","2024","37822.7"
"France","Italy","Export","Rare Earth Elements","284690","Compounds, inorganic or organic (excluding cerium), of rare-earth metals, of yttrium, scandium or of mixtures of these metals","2024","4400812.83"
"France","Jordan","Export","Rare Earth Elements","284690","Compounds, inorganic or organic (excluding cerium), of rare-earth metals, of yttrium, scandium or of mixtures of these metals","2024","66.03"
"France","Japan","Import","Rare Earth Elements","284690","Compounds, inorganic or organic (excluding cerium), of rare-earth metals, of yttrium, scandium or of mixtures of these metals","2024","8661552.64"
"France","Japan","Export","Rare Earth Elements","284690","Compounds, inorganic or organic (excluding cerium), of rare-earth metals, of yttrium, scandium or of mixtures of these metals","2024","295032.02"
"France","Korea, Republic of","Export","Rare Earth Elements","284690","Compounds, inorganic or organic (excluding cerium), of rare-earth metals, of yttrium, scandium or of mixtures of these metals","2024","392615.11"
"France","Korea, Republic of","Import","Rare Earth Elements","284690","Compounds, inorganic or organic (excluding cerium), of rare-earth metals, of yttrium, scandium or of mixtures of these metals","2024","15971.61"
"France","Luxembourg","Export","Rare Earth Elements","284690","Compounds, inorganic or organic (excluding cerium), of rare-earth metals, of yttrium, scandium or of mixtures of these metals","2024","689.48"
"France","Latvia","Export","Rare Earth Elements","284690","Compounds, inorganic or organic (excluding cerium), of rare-earth metals, of yttrium, scandium or of mixtures of these metals","2024","15714"
"France","Morocco","Export","Rare Earth Elements","284690","Compounds, inorganic or organic (excluding cerium), of rare-earth metals, of yttrium, scandium or of mixtures of these metals","2024","816.12"
"France","Mexico","Export","Rare Earth Elements","284690","Compounds, inorganic or organic (excluding cerium), of rare-earth metals, of yttrium, scandium or of mixtures of these metals","2024","121.23"
"France","Malaysia","Import","Rare Earth Elements","284690","Compounds, inorganic or organic (excluding cerium), of rare-earth metals, of yttrium, scandium or of mixtures of these metals","2024","2067896.53"
"France","Netherlands","Import","Rare Earth Elements","284690","Compounds, inorganic or organic (excluding cerium), of rare-earth metals, of yttrium, scandium or of mixtures of these metals","2024","196178.21"
"France","Netherlands","Export","Rare Earth Elements","284690","Compounds, inorganic or organic (excluding cerium), of rare-earth metals, of yttrium, scandium or of mixtures of these metals","2024","101670.16"
"France","Norway","Import","Rare Earth Elements","284690","Compounds, inorganic or organic (excluding cerium), of rare-earth metals, of yttrium, scandium or of mixtures of these metals","2024","5790.73"
"France","Poland","Export","Rare Earth Elements","284690","Compounds, inorganic or organic (excluding cerium), of rare-earth metals, of yttrium, scandium or of mixtures of these metals","2024","723.03"
"France","Portugal","Export","Rare Earth Elements","284690","Compounds, inorganic or organic (excluding cerium), of rare-earth metals, of yttrium, scandium or of mixtures of these metals","2024","13883.69"
"France","Portugal","Import","Rare Earth Elements","284690","Compounds, inorganic or organic (excluding cerium), of rare-earth metals, of yttrium, scandium or of mixtures of these metals","2024","1115.93"
"France","Romania","Export","Rare Earth Elements","284690","Compounds, inorganic or organic (excluding cerium), of rare-earth metals, of yttrium, scandium or of mixtures of these metals","2024","33.55"
"France","Russian Federation","Import","Rare Earth Elements","284690","Compounds, inorganic or organic (excluding cerium), of rare-earth metals, of yttrium, scandium or of mixtures of these metals","2024","659.17"
"France","Senegal","Export","Rare Earth Elements","284690","Compounds, inorganic or organic (excluding cerium), of rare-earth metals, of yttrium, scandium or of mixtures of these metals","2024","2247.02"
"France","Slovak Republic","Import","Rare Earth Elements","284690","Compounds, inorganic or organic (excluding cerium), of rare-earth metals, of yttrium, scandium or of mixtures of these metals","2024","2673.48"
"France","Slovenia","Export","Rare Earth Elements","284690","Compounds, inorganic or organic (excluding cerium), of rare-earth metals, of yttrium, scandium or of mixtures of these metals","2024","33.55"
"France","Sweden","Export","Rare Earth Elements","284690","Compounds, inorganic or organic (excluding cerium), of rare-earth metals, of yttrium, scandium or of mixtures of these metals","2024","507294.4"
"France","Thailand","Export","Rare Earth Elements","284690","Compounds, inorganic or organic (excluding cerium), of rare-earth metals, of yttrium, scandium or of mixtures of these metals","2024","3459.29"
"France","Thailand","Import","Rare Earth Elements","284690","Compounds, inorganic or organic (excluding cerium), of rare-earth metals, of yttrium, scandium or of mixtures of these metals","2024","559.59"
"France","Tunisia","Export","Rare Earth Elements","284690","Compounds, inorganic or organic (excluding cerium), of rare-earth metals, of yttrium, scandium or of mixtures of these metals","2024","173.18"
"France","Turkiye","Export","Rare Earth Elements","284690","Compounds, inorganic or organic (excluding cerium), of rare-earth metals, of yttrium, scandium or of mixtures of these metals","2024","62778.07"
"France","Ukraine","Export","Rare Earth Elements","284690","Compounds, inorganic or organic (excluding cerium), of rare-earth metals, of yttrium, scandium or of mixtures of these metals","2024","152745.53"
"France","Uruguay","Export","Rare Earth Elements","284690","Compounds, inorganic or organic (excluding cerium), of rare-earth metals, of yttrium, scandium or of mixtures of these metals","2024","85.51"
"France","United States of America","Export","Rare Earth Elements","284690","Compounds, inorganic or organic (excluding cerium), of rare-earth metals, of yttrium, scandium or of mixtures of these metals","2024","12746877.54"
"France","United States of America","Import","Rare Earth Elements","284690","Compounds, inorganic or organic (excluding cerium), of rare-earth metals, of yttrium, scandium or of mixtures of these metals","2024","1471835.02"
"France","Viet Nam","Export","Rare Earth Elements","284690","Compounds, inorganic or organic (excluding cerium), of rare-earth metals, of yttrium, scandium or of mixtures of these metals","2024","2543.59"
"France","World","Export","Rare Earth Elements","284690","Compounds, inorganic or organic (excluding cerium), of rare-earth metals, of yttrium, scandium or of mixtures of these metals","2024","32224332.33000001"
"France","World","Import","Rare Earth Elements","284690","Compounds, inorganic or organic (excluding cerium), of rare-earth metals, of yttrium, scandium or of mixtures of these metals","2024","17440309.75"
"United Kingdom","Australia","Export","Rare Earth Elements","280530","Earth-metals, rare; scandium and yttrium, whether or not intermixed or interalloyed","2024","214308.46"
"United Kingdom","Austria","Import","Rare Earth Elements","280530","Earth-metals, rare; scandium and yttrium, whether or not intermixed or interalloyed","2024","6672.9329014"
"United Kingdom","Belgium","Import","Rare Earth Elements","280530","Earth-metals, rare; scandium and yttrium, whether or not intermixed or interalloyed","2024","1460.8623456"
"United Kingdom","Switzerland","Export","Rare Earth Elements","280530","Earth-metals, rare; scandium and yttrium, whether or not intermixed or interalloyed","2024","17855.13"
"United Kingdom","China","Import","Rare Earth Elements","280530","Earth-metals, rare; scandium and yttrium, whether or not intermixed or interalloyed","2024","2084540.6509987"
"United Kingdom","China","Export","Rare Earth Elements","280530","Earth-metals, rare; scandium and yttrium, whether or not intermixed or interalloyed","2024","3542.36"
"United Kingdom","Chinese Taipei","Import","Rare Earth Elements","280530","Earth-metals, rare; scandium and yttrium, whether or not intermixed or interalloyed","2024","15201.6594387"
"United Kingdom","Czech Republic","Export","Rare Earth Elements","280530","Earth-metals, rare; scandium and yttrium, whether or not intermixed or interalloyed","2024","14203.69"
"United Kingdom","Germany","Export","Rare Earth Elements","280530","Earth-metals, rare; scandium and yttrium, whether or not intermixed or interalloyed","2024","65085.35"
"United Kingdom","European Union","Export","Rare Earth Elements","280530","Earth-metals, rare; scandium and yttrium, whether or not intermixed or interalloyed","2024","200336.859375"
"United Kingdom","European Union","Import","Rare Earth Elements","280530","Earth-metals, rare; scandium and yttrium, whether or not intermixed or interalloyed","2024","16973.0988184"
"United Kingdom","Finland","Export","Rare Earth Elements","280530","Earth-metals, rare; scandium and yttrium, whether or not intermixed or interalloyed","2024","1239.13"
"United Kingdom","France","Export","Rare Earth Elements","280530","Earth-metals, rare; scandium and yttrium, whether or not intermixed or interalloyed","2024","89240.13"
"United Kingdom","Hong Kong, China","Export","Rare Earth Elements","280530","Earth-metals, rare; scandium and yttrium, whether or not intermixed or interalloyed","2024","1215.03"
"United Kingdom","Hungary","Export","Rare Earth Elements","280530","Earth-metals, rare; scandium and yttrium, whether or not intermixed or interalloyed","2024","2384.4"
"United Kingdom","India","Export","Rare Earth Elements","280530","Earth-metals, rare; scandium and yttrium, whether or not intermixed or interalloyed","2024","4220.9"
"United Kingdom","Ireland","Export","Rare Earth Elements","280530","Earth-metals, rare; scandium and yttrium, whether or not intermixed or interalloyed","2024","1696.98"
"United Kingdom","Israel","Export","Rare Earth Elements","280530","Earth-metals, rare; scandium and yttrium, whether or not intermixed or interalloyed","2024","6758.77"
"United Kingdom","Japan","Export","Rare Earth Elements","280530","Earth-metals, rare; scandium and yttrium, whether or not intermixed or interalloyed","2024","29277.44"
"United Kingdom","Korea, Republic of","Export","Rare Earth Elements","280530","Earth-metals, rare; scandium and yttrium, whether or not intermixed or interalloyed","2024","6558.38"
"United Kingdom","Netherlands","Export","Rare Earth Elements","280530","Earth-metals, rare; scandium and yttrium, whether or not intermixed or interalloyed","2024","26487.18"
"United Kingdom","Netherlands","Import","Rare Earth Elements","280530","Earth-metals, rare; scandium and yttrium, whether or not intermixed or interalloyed","2024","8839.3035714"
"United Kingdom","Norway","Import","Rare Earth Elements","280530","Earth-metals, rare; scandium and yttrium, whether or not intermixed or interalloyed","2024","1216.7462406"
"United Kingdom","Philippines","Export","Rare Earth Elements","280530","Earth-metals, rare; scandium and yttrium, whether or not intermixed or interalloyed","2024","8254.1"
"United Kingdom","Singapore","Export","Rare Earth Elements","280530","Earth-metals, rare; scandium and yttrium, whether or not intermixed or interalloyed","2024","2345.09"
"United Kingdom","Thailand","Import","Rare Earth Elements","280530","Earth-metals, rare; scandium and yttrium, whether or not intermixed or interalloyed","2024","77552.2357003"
"United Kingdom","Turkiye","Export","Rare Earth Elements","280530","Earth-metals, rare; scandium and yttrium, whether or not intermixed or interalloyed","2024","1275.91"
"United Kingdom","Ukraine","Export","Rare Earth Elements","280530","Earth-metals, rare; scandium and yttrium, whether or not intermixed or interalloyed","2024","1984.89"
"United Kingdom","United States of America","Export","Rare Earth Elements","280530","Earth-metals, rare; scandium and yttrium, whether or not intermixed or interalloyed","2024","747552.51"
"United Kingdom","United States of America","Import","Rare Earth Elements","280530","Earth-metals, rare; scandium and yttrium, whether or not intermixed or interalloyed","2024","129519.5698836"
"United Kingdom","World","Import","Rare Earth Elements","280530","Earth-metals, rare; scandium and yttrium, whether or not intermixed or interalloyed","2024","2325003.9610803"
"United Kingdom","World","Export","Rare Earth Elements","280530","Earth-metals, rare; scandium and yttrium, whether or not intermixed or interalloyed","2024","1280781.35"
"United Kingdom","South Africa","Export","Rare Earth Elements","280530","Earth-metals, rare; scandium and yttrium, whether or not intermixed or interalloyed","2024","35295.52"
"United Kingdom","Australia","Export","Rare Earth Elements","284610","Cerium compounds","2024","65673.84"
"United Kingdom","Austria","Import","Rare Earth Elements","284610","Cerium compounds","2024","154557.4468303"
"United Kingdom","Belgium","Export","Rare Earth Elements","284610","Cerium compounds","2024","10531.96"
"United Kingdom","Switzerland","Export","Rare Earth Elements","284610","Cerium compounds","2024","3674.26"
"United Kingdom","China","Import","Rare Earth Elements","284610","Cerium compounds","2024","528083.2055547"
"United Kingdom","China","Export","Rare Earth Elements","284610","Cerium compounds","2024","85732.01"
"United Kingdom","Chinese Taipei","Export","Rare Earth Elements","284610","Cerium compounds","2024","6680.14"
"United Kingdom","Germany","Import","Rare Earth Elements","284610","Cerium compounds","2024","23671.5936156"
"United Kingdom","Germany","Export","Rare Earth Elements","284610","Cerium compounds","2024","4507.54"
"United Kingdom","European Union","Export","Rare Earth Elements","284610","Cerium compounds","2024","602295.375"
"United Kingdom","European Union","Import","Rare Earth Elements","284610","Cerium compounds","2024","396227.2783942"
"United Kingdom","Egypt","Export","Rare Earth Elements","284610","Cerium compounds","2024","33404.49"
"United Kingdom","Spain","Export","Rare Earth Elements","284610","Cerium compounds","2024","438992.87"
"United Kingdom","Estonia","Import","Rare Earth Elements","284610","Cerium compounds","2024","140785.9754622"
"United Kingdom","Finland","Export","Rare Earth Elements","284610","Cerium compounds","2024","13324.76"
"United Kingdom","France","Import","Rare Earth Elements","284610","Cerium compounds","2024","71543.91209"
"United Kingdom","France","Export","Rare Earth Elements","284610","Cerium compounds","2024","43155.18"
"United Kingdom","India","Import","Rare Earth Elements","284610","Cerium compounds","2024","14957.5433337"
"United Kingdom","Ireland","Export","Rare Earth Elements","284610","Cerium compounds","2024","1288.59"
"United Kingdom","Italy","Export","Rare Earth Elements","284610","Cerium compounds","2024","12556.17"
"United Kingdom","Italy","Import","Rare Earth Elements","284610","Cerium compounds","2024","3447.0216501"
"United Kingdom","Japan","Import","Rare Earth Elements","284610","Cerium compounds","2024","62984.5112777"
"United Kingdom","Japan","Export","Rare Earth Elements","284610","Cerium compounds","2024","3827.73"
"United Kingdom","Korea, Republic of","Export","Rare Earth Elements","284610","Cerium compounds","2024","24998.19"
"United Kingdom","Lithuania","Export","Rare Earth Elements","284610","Cerium compounds","2024","4489.78"
"United Kingdom","Latvia","Export","Rare Earth Elements","284610","Cerium compounds","2024","3589.29"
"United Kingdom","North Macedonia","Export","Rare Earth Elements","284610","Cerium compounds","2024","91821.12"
"United Kingdom","Netherlands","Export","Rare Earth Elements","284610","Cerium compounds","2024","15346.43"
"United Kingdom","Netherlands","Import","Rare Earth Elements","284610","Cerium compounds","2024","2221.328746"
"United Kingdom","Norway","Import","Rare Earth Elements","284610","Cerium compounds","2024","4418.3736909"
"United Kingdom","Poland","Export","Rare Earth Elements","284610","Cerium compounds","2024","39971.74"
"United Kingdom","Rwanda","Export","Rare Earth Elements","284610","Cerium compounds","2024","1785.77"
"United Kingdom","Sweden","Export","Rare Earth Elements","284610","Cerium compounds","2024","14541.06"
"United Kingdom","Turkiye","Export","Rare Earth Elements","284610","Cerium compounds","2024","3419.34"
"United Kingdom","United States of America","Import","Rare Earth Elements","284610","Cerium compounds","2024","76465.8551283"
"United Kingdom","United States of America","Export","Rare Earth Elements","284610","Cerium compounds","2024","25231.56"
"United Kingdom","World","Import","Rare Earth Elements","284610","Cerium compounds","2024","1083136.7673795"
"United Kingdom","World","Export","Rare Earth Elements","284610","Cerium compounds","2024","948543.82"
"United Kingdom","Australia","Export","Rare Earth Elements","284690","Compounds, inorganic or organic (excluding cerium), of rare-earth metals, of yttrium, scandium or of mixtures of these metals","2024","22720.33"
"United Kingdom","Australia","Import","Rare Earth Elements","284690","Compounds, inorganic or organic (excluding cerium), of rare-earth metals, of yttrium, scandium or of mixtures of these metals","2024","9893.7317736"
"United Kingdom","Austria","Import","Rare Earth Elements","284690","Compounds, inorganic or organic (excluding cerium), of rare-earth metals, of yttrium, scandium or of mixtures of these metals","2024","631473.4055406"
"United Kingdom","Belgium","Export","Rare Earth Elements","284690","Compounds, inorganic or organic (excluding cerium), of rare-earth metals, of yttrium, scandium or of mixtures of these metals","2024","62818.9"
"United Kingdom","Brazil","Export","Rare Earth Elements","284690","Compounds, inorganic or organic (excluding cerium), of rare-earth metals, of yttrium, scandium or of mixtures of these metals","2024","1864.4"
"United Kingdom","Canada","Export","Rare Earth Elements","284690","Compounds, inorganic or organic (excluding cerium), of rare-earth metals, of yttrium, scandium or of mixtures of these metals","2024","14383.79"
"United Kingdom","Canada","Import","Rare Earth Elements","284690","Compounds, inorganic or organic (excluding cerium), of rare-earth metals, of yttrium, scandium or of mixtures of these metals","2024","13267.9020206"
"United Kingdom","Switzerland","Export","Rare Earth Elements","284690","Compounds, inorganic or organic (excluding cerium), of rare-earth metals, of yttrium, scandium or of mixtures of these metals","2024","21003.05"
"United Kingdom","Switzerland","Import","Rare Earth Elements","284690","Compounds, inorganic or organic (excluding cerium), of rare-earth metals, of yttrium, scandium or of mixtures of these metals","2024","3112.160815"
"United Kingdom","China","Import","Rare Earth Elements","284690","Compounds, inorganic or organic (excluding cerium), of rare-earth metals, of yttrium, scandium or of mixtures of these metals","2024","991721.0374861"
"United Kingdom","China","Export","Rare Earth Elements","284690","Compounds, inorganic or organic (excluding cerium), of rare-earth metals, of yttrium, scandium or of mixtures of these metals","2024","319418.82"
"United Kingdom","Chinese Taipei","Export","Rare Earth Elements","284690","Compounds, inorganic or organic (excluding cerium), of rare-earth metals, of yttrium, scandium or of mixtures of these metals","2024","3368.61"
"United Kingdom","Cyprus","Export","Rare Earth Elements","284690","Compounds, inorganic or organic (excluding cerium), of rare-earth metals, of yttrium, scandium or of mixtures of these metals","2024","12865.64"
"United Kingdom","Germany","Export","Rare Earth Elements","284690","Compounds, inorganic or organic (excluding cerium), of rare-earth metals, of yttrium, scandium or of mixtures of these metals","2024","537109.83"
"United Kingdom","Germany","Import","Rare Earth Elements","284690","Compounds, inorganic or organic (excluding cerium), of rare-earth metals, of yttrium, scandium or of mixtures of these metals","2024","98936.0396408"
"United Kingdom","European Union","Import","Rare Earth Elements","284690","Compounds, inorganic or organic (excluding cerium), of rare-earth metals, of yttrium, scandium or of mixtures of these metals","2024","3126904.9164651"
"United Kingdom","European Union","Export","Rare Earth Elements","284690","Compounds, inorganic or organic (excluding cerium), of rare-earth metals, of yttrium, scandium or of mixtures of these metals","2024","1001198.5625"
"United Kingdom","Spain","Export","Rare Earth Elements","284690","Compounds, inorganic or organic (excluding cerium), of rare-earth metals, of yttrium, scandium or of mixtures of these metals","2024","109365.51"
"United Kingdom","Estonia","Import","Rare Earth Elements","284690","Compounds, inorganic or organic (excluding cerium), of rare-earth metals, of yttrium, scandium or of mixtures of these metals","2024","356481.0865979"
"United Kingdom","Finland","Import","Rare Earth Elements","284690","Compounds, inorganic or organic (excluding cerium), of rare-earth metals, of yttrium, scandium or of mixtures of these metals","2024","31591.9470325"
"United Kingdom","France","Export","Rare Earth Elements","284690","Compounds, inorganic or organic (excluding cerium), of rare-earth metals, of yttrium, scandium or of mixtures of these metals","2024","203971.81"
"United Kingdom","France","Import","Rare Earth Elements","284690","Compounds, inorganic or organic (excluding cerium), of rare-earth metals, of yttrium, scandium or of mixtures of these metals","2024","147858.952033"
"United Kingdom","Greece","Export","Rare Earth Elements","284690","Compounds, inorganic or organic (excluding cerium), of rare-earth metals, of yttrium, scandium or of mixtures of these metals","2024","22102.66"
"United Kingdom","India","Export","Rare Earth Elements","284690","Compounds, inorganic or organic (excluding cerium), of rare-earth metals, of yttrium, scandium or of mixtures of these metals","2024","75175.95"
"United Kingdom","India","Import","Rare Earth Elements","284690","Compounds, inorganic or organic (excluding cerium), of rare-earth metals, of yttrium, scandium or of mixtures of these metals","2024","2474.3915145"
"United Kingdom","Ireland","Export","Rare Earth Elements","284690","Compounds, inorganic or organic (excluding cerium), of rare-earth metals, of yttrium, scandium or of mixtures of these metals","2024","1132.59"
"United Kingdom","Israel","Export","Rare Earth Elements","284690","Compounds, inorganic or organic (excluding cerium), of rare-earth metals, of yttrium, scandium or of mixtures of these metals","2024","7371.36"
"United Kingdom","Italy","Import","Rare Earth Elements","284690","Compounds, inorganic or organic (excluding cerium), of rare-earth metals, of yttrium, scandium or of mixtures of these metals","2024","1858067.3664944"
"United Kingdom","Italy","Export","Rare Earth Elements","284690","Compounds, inorganic or organic (excluding cerium), of rare-earth metals, of yttrium, scandium or of mixtures of these metals","2024","20748.12"
"United Kingdom","Japan","Import","Rare Earth Elements","284690","Compounds, inorganic or organic (excluding cerium), of rare-earth metals, of yttrium, scandium or of mixtures of these metals","2024","425485.4243391"
"United Kingdom","Japan","Export","Rare Earth Elements","284690","Compounds, inorganic or organic (excluding cerium), of rare-earth metals, of yttrium, scandium or of mixtures of these metals","2024","75717.51"
"United Kingdom","Korea, Republic of","Import","Rare Earth Elements","284690","Compounds, inorganic or organic (excluding cerium), of rare-earth metals, of yttrium, scandium or of mixtures of these metals","2024","28812.0908631"
"United Kingdom","Korea, Republic of","Export","Rare Earth Elements","284690","Compounds, inorganic or organic (excluding cerium), of rare-earth metals, of yttrium, scandium or of mixtures of these metals","2024","5883.64"
"United Kingdom","Liechtenstein","Import","Rare Earth Elements","284690","Compounds, inorganic or organic (excluding cerium), of rare-earth metals, of yttrium, scandium or of mixtures of these metals","2024","23522.0565251"
"United Kingdom","Latvia","Export","Rare Earth Elements","284690","Compounds, inorganic or organic (excluding cerium), of rare-earth metals, of yttrium, scandium or of mixtures of these metals","2024","1764.2"
"United Kingdom","Malta","Export","Rare Earth Elements","284690","Compounds, inorganic or organic (excluding cerium), of rare-earth metals, of yttrium, scandium or of mixtures of these metals","2024","7949.7"
"United Kingdom","Malaysia","Export","Rare Earth Elements","284690","Compounds, inorganic or organic (excluding cerium), of rare-earth metals, of yttrium, scandium or of mixtures of these metals","2024","10653.72"
"United Kingdom","Netherlands","Import","Rare Earth Elements","284690","Compounds, inorganic or organic (excluding cerium), of rare-earth metals, of yttrium, scandium or of mixtures of these metals","2024","1334.3309613"
"United Kingdom","Poland","Export","Rare Earth Elements","284690","Compounds, inorganic or organic (excluding cerium), of rare-earth metals, of yttrium, scandium or of mixtures of these metals","2024","8588.93"
"United Kingdom","Portugal","Export","Rare Earth Elements","284690","Compounds, inorganic or organic (excluding cerium), of rare-earth metals, of yttrium, scandium or of mixtures of these metals","2024","7073.31"
"United Kingdom","Portugal","Import","Rare Earth Elements","284690","Compounds, inorganic or organic (excluding cerium), of rare-earth metals, of yttrium, scandium or of mixtures of these metals","2024","1161.7881646"
"United Kingdom","Romania","Export","Rare Earth Elements","284690","Compounds, inorganic or organic (excluding cerium), of rare-earth metals, of yttrium, scandium or of mixtures of these metals","2024","5707.35"
"United Kingdom","Saudi Arabia, Kingdom of","Export","Rare Earth Elements","284690","Compounds, inorganic or organic (excluding cerium), of rare-earth metals, of yttrium, scandium or of mixtures of these metals","2024","3172.02"
"United Kingdom","Singapore","Export","Rare Earth Elements","284690","Compounds, inorganic or organic (excluding cerium), of rare-earth metals, of yttrium, scandium or of mixtures of these metals","2024","1879.62"
"United Kingdom","Thailand","Import","Rare Earth Elements","284690","Compounds, inorganic or organic (excluding cerium), of rare-earth metals, of yttrium, scandium or of mixtures of these metals","2024","679872.2990687"
"United Kingdom","Turkiye","Export","Rare Earth Elements","284690","Compounds, inorganic or organic (excluding cerium), of rare-earth metals, of yttrium, scandium or of mixtures of these metals","2024","6293.31"
"United Kingdom","United States of America","Import","Rare Earth Elements","284690","Compounds, inorganic or organic (excluding cerium), of rare-earth metals, of yttrium, scandium or of mixtures of these metals","2024","717587.5982427"
"United Kingdom","United States of America","Export","Rare Earth Elements","284690","Compounds, inorganic or organic (excluding cerium), of rare-earth metals, of yttrium, scandium or of mixtures of these metals","2024","65805.74"
"United Kingdom","World","Import","Rare Earth Elements","284690","Compounds, inorganic or organic (excluding cerium), of rare-earth metals, of yttrium, scandium or of mixtures of these metals","2024","6035387.2675117"
"United Kingdom","World","Export","Rare Earth Elements","284690","Compounds, inorganic or organic (excluding cerium), of rare-earth metals, of yttrium, scandium or of mixtures of these metals","2024","1637133.06"
"United Kingdom","South Africa","Import","Rare Earth Elements","284690","Compounds, inorganic or organic (excluding cerium), of rare-earth metals, of yttrium, scandium or of mixtures of these metals","2024","12733.6583981"
"United Kingdom","South Africa","Export","Rare Earth Elements","284690","Compounds, inorganic or organic (excluding cerium), of rare-earth metals, of yttrium, scandium or of mixtures of these metals","2024","1222.64"
"Georgia","Germany","Import","Rare Earth Elements","284610","Cerium compounds","2024","96"
"Georgia","European Union","Import","Rare Earth Elements","284610","Cerium compounds","2024","96"
"Georgia","World","Import","Rare Earth Elements","284610","Cerium compounds","2024","96"
"Georgia","Germany","Import","Rare Earth Elements","284690","Compounds, inorganic or organic (excluding cerium), of rare-earth metals, of yttrium, scandium or of mixtures of these metals","2024","53.95"
"Georgia","European Union","Import","Rare Earth Elements","284690","Compounds, inorganic or organic (excluding cerium), of rare-earth metals, of yttrium, scandium or of mixtures of these metals","2024","53.95"
"Georgia","World","Import","Rare Earth Elements","284690","Compounds, inorganic or organic (excluding cerium), of rare-earth metals, of yttrium, scandium or of mixtures of these metals","2024","53.95"
"Ghana","India","Import","Rare Earth Elements","284610","Cerium compounds","2024","82"
"Ghana","World","Import","Rare Earth Elements","284610","Cerium compounds","2024","82"
"Ghana","Germany","Import","Rare Earth Elements","284690","Compounds, inorganic or organic (excluding cerium), of rare-earth metals, of yttrium, scandium or of mixtures of these metals","2024","284"
"Ghana","European Union","Import","Rare Earth Elements","284690","Compounds, inorganic or organic (excluding cerium), of rare-earth metals, of yttrium, scandium or of mixtures of these metals","2024","284"
"Ghana","India","Import","Rare Earth Elements","284690","Compounds, inorganic or organic (excluding cerium), of rare-earth metals, of yttrium, scandium or of mixtures of these metals","2024","2520"
"Ghana","World","Import","Rare Earth Elements","284690","Compounds, inorganic or organic (excluding cerium), of rare-earth metals, of yttrium, scandium or of mixtures of these metals","2024","2804"
"Guinea","Belgium","Import","Rare Earth Elements","284690","Compounds, inorganic or organic (excluding cerium), of rare-earth metals, of yttrium, scandium or of mixtures of these metals","2024","1148"
"Guinea","European Union","Import","Rare Earth Elements","284690","Compounds, inorganic or organic (excluding cerium), of rare-earth metals, of yttrium, scandium or of mixtures of these metals","2024","1148"
"Guinea","World","Import","Rare Earth Elements","284690","Compounds, inorganic or organic (excluding cerium), of rare-earth metals, of yttrium, scandium or of mixtures of these metals","2024","1148"
"Greece","Germany","Import","Rare Earth Elements","280530","Earth-metals, rare; scandium and yttrium, whether or not intermixed or interalloyed","2024","8464.22"
"Greece","Italy","Import","Rare Earth Elements","280530","Earth-metals, rare; scandium and yttrium, whether or not intermixed or interalloyed","2024","3483.1"
"Greece","World","Import","Rare Earth Elements","280530","Earth-metals, rare; scandium and yttrium, whether or not intermixed or interalloyed","2024","11947.32"
"Greece","Austria","Import","Rare Earth Elements","284610","Cerium compounds","2024","8892.84"
"Greece","Belgium","Import","Rare Earth Elements","284610","Cerium compounds","2024","215.39"
"Greece","China","Import","Rare Earth Elements","284610","Cerium compounds","2024","4963.8"
"Greece","Germany","Import","Rare Earth Elements","284610","Cerium compounds","2024","1384.37"
"Greece","Italy","Import","Rare Earth Elements","284610","Cerium compounds","2024","3540.47"
"Greece","Poland","Import","Rare Earth Elements","284610","Cerium compounds","2024","286.83"
"Greece","Tunisia","Export","Rare Earth Elements","284610","Cerium compounds","2024","3095.61"
"Greece","World","Import","Rare Earth Elements","284610","Cerium compounds","2024","19283.7"
"Greece","World","Export","Rare Earth Elements","284610","Cerium compounds","2024","3095.61"
"Greece","Austria","Import","Rare Earth Elements","284690","Compounds, inorganic or organic (excluding cerium), of rare-earth metals, of yttrium, scandium or of mixtures of these metals","2024","73.6"
"Greece","Belgium","Import","Rare Earth Elements","284690","Compounds, inorganic or organic (excluding cerium), of rare-earth metals, of yttrium, scandium or of mixtures of these metals","2024","329.04"
"Greece","Germany","Import","Rare Earth Elements","284690","Compounds, inorganic or organic (excluding cerium), of rare-earth metals, of yttrium, scandium or of mixtures of these metals","2024","6444.49"
"Greece","Spain","Import","Rare Earth Elements","284690","Compounds, inorganic or organic (excluding cerium), of rare-earth metals, of yttrium, scandium or of mixtures of these metals","2024","1911.48"
"Greece","United Kingdom","Import","Rare Earth Elements","284690","Compounds, inorganic or organic (excluding cerium), of rare-earth metals, of yttrium, scandium or of mixtures of these metals","2024","24655.54"
"Greece","India","Import","Rare Earth Elements","284690","Compounds, inorganic or organic (excluding cerium), of rare-earth metals, of yttrium, scandium or of mixtures of these metals","2024","57904.11"
"Greece","Italy","Import","Rare Earth Elements","284690","Compounds, inorganic or organic (excluding cerium), of rare-earth metals, of yttrium, scandium or of mixtures of these metals","2024","7187.01"
"Greece","United States of America","Import","Rare Earth Elements","284690","Compounds, inorganic or organic (excluding cerium), of rare-earth metals, of yttrium, scandium or of mixtures of these metals","2024","1061.82"
"Greece","World","Import","Rare Earth Elements","284690","Compounds, inorganic or organic (excluding cerium), of rare-earth metals, of yttrium, scandium or of mixtures of these metals","2024","99567.09"
"Grenada","United States of America","Import","Rare Earth Elements","284690","Compounds, inorganic or organic (excluding cerium), of rare-earth metals, of yttrium, scandium or of mixtures of these metals","2024","25.93"
"Grenada","World","Import","Rare Earth Elements","284690","Compounds, inorganic or organic (excluding cerium), of rare-earth metals, of yttrium, scandium or of mixtures of these metals","2024","25.93"
"Guatemala","Israel","Import","Rare Earth Elements","284610","Cerium compounds","2024","152"
"Guatemala","Mexico","Import","Rare Earth Elements","284610","Cerium compounds","2024","45"
"Guatemala","United States of America","Import","Rare Earth Elements","284610","Cerium compounds","2024","2189"
"Guatemala","World","Import","Rare Earth Elements","284610","Cerium compounds","2024","2386"
"Guatemala","Austria","Import","Rare Earth Elements","284690","Compounds, inorganic or organic (excluding cerium), of rare-earth metals, of yttrium, scandium or of mixtures of these metals","2024","1581"
"Guatemala","Belgium","Import","Rare Earth Elements","284690","Compounds, inorganic or organic (excluding cerium), of rare-earth metals, of yttrium, scandium or of mixtures of these metals","2024","1042"
"Guatemala","China","Import","Rare Earth Elements","284690","Compounds, inorganic or organic (excluding cerium), of rare-earth metals, of yttrium, scandium or of mixtures of these metals","2024","1411"
"Guatemala","Costa Rica","Export","Rare Earth Elements","284690","Compounds, inorganic or organic (excluding cerium), of rare-earth metals, of yttrium, scandium or of mixtures of these metals","2024","793"
"Guatemala","Germany","Import","Rare Earth Elements","284690","Compounds, inorganic or organic (excluding cerium), of rare-earth metals, of yttrium, scandium or of mixtures of these metals","2024","3276"
"Guatemala","Dominican Republic","Export","Rare Earth Elements","284690","Compounds, inorganic or organic (excluding cerium), of rare-earth metals, of yttrium, scandium or of mixtures of these metals","2024","2457"
"Guatemala","European Union","Import","Rare Earth Elements","284690","Compounds, inorganic or organic (excluding cerium), of rare-earth metals, of yttrium, scandium or of mixtures of these metals","2024","6648"
"Guatemala","France","Import","Rare Earth Elements","284690","Compounds, inorganic or organic (excluding cerium), of rare-earth metals, of yttrium, scandium or of mixtures of these metals","2024","639"
"Guatemala","India","Import","Rare Earth Elements","284690","Compounds, inorganic or organic (excluding cerium), of rare-earth metals, of yttrium, scandium or of mixtures of these metals","2024","794"
"Guatemala","Italy","Import","Rare Earth Elements","284690","Compounds, inorganic or organic (excluding cerium), of rare-earth metals, of yttrium, scandium or of mixtures of these metals","2024","110"
"Guatemala","Korea, Republic of","Import","Rare Earth Elements","284690","Compounds, inorganic or organic (excluding cerium), of rare-earth metals, of yttrium, scandium or of mixtures of these metals","2024","112"
"Guatemala","El Salvador","Export","Rare Earth Elements","284690","Compounds, inorganic or organic (excluding cerium), of rare-earth metals, of yttrium, scandium or of mixtures of these metals","2024","13453"
"Guatemala","United States of America","Import","Rare Earth Elements","284690","Compounds, inorganic or organic (excluding cerium), of rare-earth metals, of yttrium, scandium or of mixtures of these metals","2024","1732"
"Guatemala","World","Export","Rare Earth Elements","284690","Compounds, inorganic or organic (excluding cerium), of rare-earth metals, of yttrium, scandium or of mixtures of these metals","2024","16703"
"Guatemala","World","Import","Rare Earth Elements","284690","Compounds, inorganic or organic (excluding cerium), of rare-earth metals, of yttrium, scandium or of mixtures of these metals","2024","10697"
"Hong Kong, China","Switzerland","Export","Rare Earth Elements","280530","Earth-metals, rare; scandium and yttrium, whether or not intermixed or interalloyed","2024","11776.26"
"Hong Kong, China","China","Import","Rare Earth Elements","280530","Earth-metals, rare; scandium and yttrium, whether or not intermixed or interalloyed","2024","27049.1425154"
"Hong Kong, China","China","Export","Rare Earth Elements","280530","Earth-metals, rare; scandium and yttrium, whether or not intermixed or interalloyed","2024","6520.64"
"Hong Kong, China","Germany","Export","Rare Earth Elements","280530","Earth-metals, rare; scandium and yttrium, whether or not intermixed or interalloyed","2024","14278.88"
"Hong Kong, China","European Union","Export","Rare Earth Elements","280530","Earth-metals, rare; scandium and yttrium, whether or not intermixed or interalloyed","2024","18581.25"
"Hong Kong, China","France","Export","Rare Earth Elements","280530","Earth-metals, rare; scandium and yttrium, whether or not intermixed or interalloyed","2024","4302.37"
"Hong Kong, China","United Kingdom","Export","Rare Earth Elements","280530","Earth-metals, rare; scandium and yttrium, whether or not intermixed or interalloyed","2024","2592.44"
"Hong Kong, China","Pakistan","Export","Rare Earth Elements","280530","Earth-metals, rare; scandium and yttrium, whether or not intermixed or interalloyed","2024","28319.42"
"Hong Kong, China","Russian Federation","Export","Rare Earth Elements","280530","Earth-metals, rare; scandium and yttrium, whether or not intermixed or interalloyed","2024","18769.62"
"Hong Kong, China","United States of America","Export","Rare Earth Elements","280530","Earth-metals, rare; scandium and yttrium, whether or not intermixed or interalloyed","2024","1021.93"
"Hong Kong, China","World","Export","Rare Earth Elements","280530","Earth-metals, rare; scandium and yttrium, whether or not intermixed or interalloyed","2024","87581.55999999998"
"Hong Kong, China","World","Import","Rare Earth Elements","280530","Earth-metals, rare; scandium and yttrium, whether or not intermixed or interalloyed","2024","27049.1425154"
"Hong Kong, China","Egypt","Export","Rare Earth Elements","284610","Cerium compounds","2024","38780.17"
"Hong Kong, China","United States of America","Export","Rare Earth Elements","284610","Cerium compounds","2024","12731.31"
"Hong Kong, China","World","Export","Rare Earth Elements","284610","Cerium compounds","2024","51511.48"
"Hong Kong, China","Australia","Import","Rare Earth Elements","284690","Compounds, inorganic or organic (excluding cerium), of rare-earth metals, of yttrium, scandium or of mixtures of these metals","2024","413.3865835"
"Hong Kong, China","China","Export","Rare Earth Elements","284690","Compounds, inorganic or organic (excluding cerium), of rare-earth metals, of yttrium, scandium or of mixtures of these metals","2024","57775.96"
"Hong Kong, China","China","Import","Rare Earth Elements","284690","Compounds, inorganic or organic (excluding cerium), of rare-earth metals, of yttrium, scandium or of mixtures of these metals","2024","28289.302266"
"Hong Kong, China","Chinese Taipei","Export","Rare Earth Elements","284690","Compounds, inorganic or organic (excluding cerium), of rare-earth metals, of yttrium, scandium or of mixtures of these metals","2024","13400.72"
"Hong Kong, China","Germany","Export","Rare Earth Elements","284690","Compounds, inorganic or organic (excluding cerium), of rare-earth metals, of yttrium, scandium or of mixtures of these metals","2024","30416.08"
"Hong Kong, China","European Union","Export","Rare Earth Elements","284690","Compounds, inorganic or organic (excluding cerium), of rare-earth metals, of yttrium, scandium or of mixtures of these metals","2024","83417.71875"
"Hong Kong, China","France","Export","Rare Earth Elements","284690","Compounds, inorganic or organic (excluding cerium), of rare-earth metals, of yttrium, scandium or of mixtures of these metals","2024","53001.64"
"Hong Kong, China","Japan","Export","Rare Earth Elements","284690","Compounds, inorganic or organic (excluding cerium), of rare-earth metals, of yttrium, scandium or of mixtures of these metals","2024","53527.67"
"Hong Kong, China","Japan","Import","Rare Earth Elements","284690","Compounds, inorganic or organic (excluding cerium), of rare-earth metals, of yttrium, scandium or of mixtures of these metals","2024","17736.6678769"
"Hong Kong, China","Korea, Republic of","Export","Rare Earth Elements","284690","Compounds, inorganic or organic (excluding cerium), of rare-earth metals, of yttrium, scandium or of mixtures of these metals","2024","48417.87"
"Hong Kong, China","Malaysia","Export","Rare Earth Elements","284690","Compounds, inorganic or organic (excluding cerium), of rare-earth metals, of yttrium, scandium or of mixtures of these metals","2024","3339536.41"
"Hong Kong, China","Russian Federation","Import","Rare Earth Elements","284690","Compounds, inorganic or organic (excluding cerium), of rare-earth metals, of yttrium, scandium or of mixtures of these metals","2024","42102.0011533"
"Hong Kong, China","Russian Federation","Export","Rare Earth Elements","284690","Compounds, inorganic or organic (excluding cerium), of rare-earth metals, of yttrium, scandium or of mixtures of these metals","2024","9495.33"
"Hong Kong, China","Thailand","Export","Rare Earth Elements","284690","Compounds, inorganic or organic (excluding cerium), of rare-earth metals, of yttrium, scandium or of mixtures of these metals","2024","13612.8"
"Hong Kong, China","Turkiye","Export","Rare Earth Elements","284690","Compounds, inorganic or organic (excluding cerium), of rare-earth metals, of yttrium, scandium or of mixtures of these metals","2024","117242.38"
"Hong Kong, China","United States of America","Export","Rare Earth Elements","284690","Compounds, inorganic or organic (excluding cerium), of rare-earth metals, of yttrium, scandium or of mixtures of these metals","2024","6211.05"
"Hong Kong, China","World","Export","Rare Earth Elements","284690","Compounds, inorganic or organic (excluding cerium), of rare-earth metals, of yttrium, scandium or of mixtures of these metals","2024","3746418.74"
"Hong Kong, China","World","Import","Rare Earth Elements","284690","Compounds, inorganic or organic (excluding cerium), of rare-earth metals, of yttrium, scandium or of mixtures of these metals","2024","88541.35787970001"
"Hong Kong, China","South Africa","Export","Rare Earth Elements","284690","Compounds, inorganic or organic (excluding cerium), of rare-earth metals, of yttrium, scandium or of mixtures of these metals","2024","3780.83"
"Honduras","China","Import","Rare Earth Elements","284610","Cerium compounds","2024","103.69"
"Honduras","World","Import","Rare Earth Elements","284610","Cerium compounds","2024","103.69"
"Honduras","China","Import","Rare Earth Elements","284690","Compounds, inorganic or organic (excluding cerium), of rare-earth metals, of yttrium, scandium or of mixtures of these metals","2024","1025.58"
"Honduras","World","Import","Rare Earth Elements","284690","Compounds, inorganic or organic (excluding cerium), of rare-earth metals, of yttrium, scandium or of mixtures of these metals","2024","1025.58"
"Croatia","Austria","Import","Rare Earth Elements","280530","Earth-metals, rare; scandium and yttrium, whether or not intermixed or interalloyed","2024","2881"
"Croatia","Germany","Import","Rare Earth Elements","280530","Earth-metals, rare; scandium and yttrium, whether or not intermixed or interalloyed","2024","99"
"Croatia","World","Import","Rare Earth Elements","280530","Earth-metals, rare; scandium and yttrium, whether or not intermixed or interalloyed","2024","2980"
"Croatia","Austria","Import","Rare Earth Elements","284610","Cerium compounds","2024","5647"
"Croatia","Bosnia and Herzegovina","Export","Rare Earth Elements","284610","Cerium compounds","2024","585"
"Croatia","China","Import","Rare Earth Elements","284610","Cerium compounds","2024","600"
"Croatia","Germany","Import","Rare Earth Elements","284610","Cerium compounds","2024","665"
"Croatia","Spain","Import","Rare Earth Elements","284610","Cerium compounds","2024","89"
"Croatia","France","Import","Rare Earth Elements","284610","Cerium compounds","2024","3510"
"Croatia","Slovenia","Import","Rare Earth Elements","284610","Cerium compounds","2024","501"
"Croatia","World","Import","Rare Earth Elements","284610","Cerium compounds","2024","11012"
"Croatia","World","Export","Rare Earth Elements","284610","Cerium compounds","2024","585"
"Croatia","Austria","Import","Rare Earth Elements","284690","Compounds, inorganic or organic (excluding cerium), of rare-earth metals, of yttrium, scandium or of mixtures of these metals","2024","457"
"Croatia","Germany","Import","Rare Earth Elements","284690","Compounds, inorganic or organic (excluding cerium), of rare-earth metals, of yttrium, scandium or of mixtures of these metals","2024","1352"
"Croatia","Spain","Import","Rare Earth Elements","284690","Compounds, inorganic or organic (excluding cerium), of rare-earth metals, of yttrium, scandium or of mixtures of these metals","2024","127"
"Croatia","Slovenia","Import","Rare Earth Elements","284690","Compounds, inorganic or organic (excluding cerium), of rare-earth metals, of yttrium, scandium or of mixtures of these metals","2024","3403"
"Croatia","World","Import","Rare Earth Elements","284690","Compounds, inorganic or organic (excluding cerium), of rare-earth metals, of yttrium, scandium or of mixtures of these metals","2024","5339"
"Hungary","Canada","Import","Rare Earth Elements","280530","Earth-metals, rare; scandium and yttrium, whether or not intermixed or interalloyed","2024","999.06"
"Hungary","Germany","Import","Rare Earth Elements","280530","Earth-metals, rare; scandium and yttrium, whether or not intermixed or interalloyed","2024","344.57"
"Hungary","United Kingdom","Import","Rare Earth Elements","280530","Earth-metals, rare; scandium and yttrium, whether or not intermixed or interalloyed","2024","2318.93"
"Hungary","Slovak Republic","Import","Rare Earth Elements","280530","Earth-metals, rare; scandium and yttrium, whether or not intermixed or interalloyed","2024","95.51"
"Hungary","United States of America","Export","Rare Earth Elements","280530","Earth-metals, rare; scandium and yttrium, whether or not intermixed or interalloyed","2024","719.57"
"Hungary","United States of America","Import","Rare Earth Elements","280530","Earth-metals, rare; scandium and yttrium, whether or not intermixed or interalloyed","2024","279.07"
"Hungary","World","Import","Rare Earth Elements","280530","Earth-metals, rare; scandium and yttrium, whether or not intermixed or interalloyed","2024","4037.14"
"Hungary","World","Export","Rare Earth Elements","280530","Earth-metals, rare; scandium and yttrium, whether or not intermixed or interalloyed","2024","719.57"
"Hungary","Austria","Import","Rare Earth Elements","284610","Cerium compounds","2024","99709.6"
"Hungary","Belgium","Import","Rare Earth Elements","284610","Cerium compounds","2024","1724.99"
"Hungary","Germany","Import","Rare Earth Elements","284610","Cerium compounds","2024","13302.08"
"Hungary","France","Import","Rare Earth Elements","284610","Cerium compounds","2024","34292.91"
"Hungary","United Kingdom","Import","Rare Earth Elements","284610","Cerium compounds","2024","17.29"
"Hungary","Serbia","Export","Rare Earth Elements","284610","Cerium compounds","2024","6.53"
"Hungary","United States of America","Import","Rare Earth Elements","284610","Cerium compounds","2024","30.23"
"Hungary","World","Import","Rare Earth Elements","284610","Cerium compounds","2024","149077.1"
"Hungary","World","Export","Rare Earth Elements","284610","Cerium compounds","2024","6.53"
"Hungary","Austria","Import","Rare Earth Elements","284690","Compounds, inorganic or organic (excluding cerium), of rare-earth metals, of yttrium, scandium or of mixtures of these metals","2024","10368.67"
"Hungary","Belgium","Import","Rare Earth Elements","284690","Compounds, inorganic or organic (excluding cerium), of rare-earth metals, of yttrium, scandium or of mixtures of these metals","2024","807.38"
"Hungary","Bulgaria","Import","Rare Earth Elements","284690","Compounds, inorganic or organic (excluding cerium), of rare-earth metals, of yttrium, scandium or of mixtures of these metals","2024","34.56"
"Hungary","China","Import","Rare Earth Elements","284690","Compounds, inorganic or organic (excluding cerium), of rare-earth metals, of yttrium, scandium or of mixtures of these metals","2024","44845.07"
"Hungary","Germany","Import","Rare Earth Elements","284690","Compounds, inorganic or organic (excluding cerium), of rare-earth metals, of yttrium, scandium or of mixtures of these metals","2024","21427.81"
"Hungary","Spain","Import","Rare Earth Elements","284690","Compounds, inorganic or organic (excluding cerium), of rare-earth metals, of yttrium, scandium or of mixtures of these metals","2024","109.89"
"Hungary","Slovak Republic","Export","Rare Earth Elements","284690","Compounds, inorganic or organic (excluding cerium), of rare-earth metals, of yttrium, scandium or of mixtures of these metals","2024","3576.65"
"Hungary","Slovenia","Export","Rare Earth Elements","284690","Compounds, inorganic or organic (excluding cerium), of rare-earth metals, of yttrium, scandium or of mixtures of these metals","2024","350.86"
"Hungary","United States of America","Export","Rare Earth Elements","284690","Compounds, inorganic or organic (excluding cerium), of rare-earth metals, of yttrium, scandium or of mixtures of these metals","2024","706.54"
"Hungary","United States of America","Import","Rare Earth Elements","284690","Compounds, inorganic or organic (excluding cerium), of rare-earth metals, of yttrium, scandium or of mixtures of these metals","2024","53.48"
"Hungary","World","Import","Rare Earth Elements","284690","Compounds, inorganic or organic (excluding cerium), of rare-earth metals, of yttrium, scandium or of mixtures of these metals","2024","77646.86"
"Hungary","World","Export","Rare Earth Elements","284690","Compounds, inorganic or organic (excluding cerium), of rare-earth metals, of yttrium, scandium or of mixtures of these metals","2024","4634.05"
"Indonesia","Belgium","Import","Rare Earth Elements","280530","Earth-metals, rare; scandium and yttrium, whether or not intermixed or interalloyed","2024","17"
"Indonesia","China","Import","Rare Earth Elements","280530","Earth-metals, rare; scandium and yttrium, whether or not intermixed or interalloyed","2024","16151"
"Indonesia","Germany","Import","Rare Earth Elements","280530","Earth-metals, rare; scandium and yttrium, whether or not intermixed or interalloyed","2024","1551"
"Indonesia","European Union","Import","Rare Earth Elements","280530","Earth-metals, rare; scandium and yttrium, whether or not intermixed or interalloyed","2024","1568"
"Indonesia","Japan","Import","Rare Earth Elements","280530","Earth-metals, rare; scandium and yttrium, whether or not intermixed or interalloyed","2024","237"
"Indonesia","World","Import","Rare Earth Elements","280530","Earth-metals, rare; scandium and yttrium, whether or not intermixed or interalloyed","2024","17956"
"Indonesia","Austria","Import","Rare Earth Elements","284610","Cerium compounds","2024","28254"
"Indonesia","Belgium","Import","Rare Earth Elements","284610","Cerium compounds","2024","66"
"Indonesia","China","Import","Rare Earth Elements","284610","Cerium compounds","2024","12329"
"Indonesia","Germany","Import","Rare Earth Elements","284610","Cerium compounds","2024","25528"
"Indonesia","European Union","Import","Rare Earth Elements","284610","Cerium compounds","2024","53848"
"Indonesia","United Kingdom","Import","Rare Earth Elements","284610","Cerium compounds","2024","2351"
"Indonesia","India","Import","Rare Earth Elements","284610","Cerium compounds","2024","985"
"Indonesia","Japan","Import","Rare Earth Elements","284610","Cerium compounds","2024","183692"
"Indonesia","United States of America","Import","Rare Earth Elements","284610","Cerium compounds","2024","130"
"Indonesia","World","Import","Rare Earth Elements","284610","Cerium compounds","2024","253335"
"Indonesia","China","Import","Rare Earth Elements","284690","Compounds, inorganic or organic (excluding cerium), of rare-earth metals, of yttrium, scandium or of mixtures of these metals","2024","219304"
"Indonesia","Germany","Import","Rare Earth Elements","284690","Compounds, inorganic or organic (excluding cerium), of rare-earth metals, of yttrium, scandium or of mixtures of these metals","2024","117835"
"Indonesia","European Union","Import","Rare Earth Elements","284690","Compounds, inorganic or organic (excluding cerium), of rare-earth metals, of yttrium, scandium or of mixtures of these metals","2024","118018"
"Indonesia","India","Import","Rare Earth Elements","284690","Compounds, inorganic or organic (excluding cerium), of rare-earth metals, of yttrium, scandium or of mixtures of these metals","2024","2"
"Indonesia","Ireland","Import","Rare Earth Elements","284690","Compounds, inorganic or organic (excluding cerium), of rare-earth metals, of yttrium, scandium or of mixtures of these metals","2024","183"
"Indonesia","Japan","Import","Rare Earth Elements","284690","Compounds, inorganic or organic (excluding cerium), of rare-earth metals, of yttrium, scandium or of mixtures of these metals","2024","39355"
"Indonesia","World","Import","Rare Earth Elements","284690","Compounds, inorganic or organic (excluding cerium), of rare-earth metals, of yttrium, scandium or of mixtures of these metals","2024","376679"
"India","United Arab Emirates","Export","Rare Earth Elements","280530","Earth-metals, rare; scandium and yttrium, whether or not intermixed or interalloyed","2024","19320.28"
"India","Belgium","Import","Rare Earth Elements","280530","Earth-metals, rare; scandium and yttrium, whether or not intermixed or interalloyed","2024","52.09"
"India","Bhutan","Export","Rare Earth Elements","280530","Earth-metals, rare; scandium and yttrium, whether or not intermixed or interalloyed","2024","5883.31"
"India","China","Import","Rare Earth Elements","280530","Earth-metals, rare; scandium and yttrium, whether or not intermixed or interalloyed","2024","3609469.03"
"India","European Union","Import","Rare Earth Elements","280530","Earth-metals, rare; scandium and yttrium, whether or not intermixed or interalloyed","2024","52.09"
"India","European Union","Export","Rare Earth Elements","280530","Earth-metals, rare; scandium and yttrium, whether or not intermixed or interalloyed","2024","49.40999984741211"
"India","France","Export","Rare Earth Elements","280530","Earth-metals, rare; scandium and yttrium, whether or not intermixed or interalloyed","2024","49.41"
"India","United Kingdom","Import","Rare Earth Elements","280530","Earth-metals, rare; scandium and yttrium, whether or not intermixed or interalloyed","2024","4491.93"
"India","Hong Kong, China","Export","Rare Earth Elements","280530","Earth-metals, rare; scandium and yttrium, whether or not intermixed or interalloyed","2024","1071.7"
"India","Korea, Republic of","Import","Rare Earth Elements","280530","Earth-metals, rare; scandium and yttrium, whether or not intermixed or interalloyed","2024","1182.45"
"India","Korea, Republic of","Export","Rare Earth Elements","280530","Earth-metals, rare; scandium and yttrium, whether or not intermixed or interalloyed","2024","364.47"
"India","Singapore","Export","Rare Earth Elements","280530","Earth-metals, rare; scandium and yttrium, whether or not intermixed or interalloyed","2024","1457.88"
"India","United States of America","Import","Rare Earth Elements","280530","Earth-metals, rare; scandium and yttrium, whether or not intermixed or interalloyed","2024","1320634.8"
"India","United States of America","Export","Rare Earth Elements","280530","Earth-metals, rare; scandium and yttrium, whether or not intermixed or interalloyed","2024","6.71"
"India","World","Import","Rare Earth Elements","280530","Earth-metals, rare; scandium and yttrium, whether or not intermixed or interalloyed","2024","4935830.3"
"India","World","Export","Rare Earth Elements","280530","Earth-metals, rare; scandium and yttrium, whether or not intermixed or interalloyed","2024","28153.76"
"India","Angola","Export","Rare Earth Elements","284610","Cerium compounds","2024","53.5"
"India","United Arab Emirates","Export","Rare Earth Elements","284610","Cerium compounds","2024","8590.53"
"India","Argentina","Export","Rare Earth Elements","284610","Cerium compounds","2024","105.97"
"India","Austria","Import","Rare Earth Elements","284610","Cerium compounds","2024","4280.66"
"India","Belgium","Export","Rare Earth Elements","284610","Cerium compounds","2024","4255.31"
"India","Belgium","Import","Rare Earth Elements","284610","Cerium compounds","2024","608.44"
"India","Bangladesh","Export","Rare Earth Elements","284610","Cerium compounds","2024","495.49"
"India","Brazil","Export","Rare Earth Elements","284610","Cerium compounds","2024","25369.27"
"India","Bhutan","Export","Rare Earth Elements","284610","Cerium compounds","2024","72.81"
"India","Switzerland","Import","Rare Earth Elements","284610","Cerium compounds","2024","2526.28"
"India","China","Import","Rare Earth Elements","284610","Cerium compounds","2024","2253678.38"
"India","China","Export","Rare Earth Elements","284610","Cerium compounds","2024","25490.57"
"India","Chinese Taipei","Export","Rare Earth Elements","284610","Cerium compounds","2024","29.48"
"India","Colombia","Export","Rare Earth Elements","284610","Cerium compounds","2024","53.46"
"India","Germany","Export","Rare Earth Elements","284610","Cerium compounds","2024","20737.76"
"India","Germany","Import","Rare Earth Elements","284610","Cerium compounds","2024","14331.04"
"India","Ecuador","Export","Rare Earth Elements","284610","Cerium compounds","2024","15.67"
"India","European Union","Import","Rare Earth Elements","284610","Cerium compounds","2024","403277.56"
"India","European Union","Export","Rare Earth Elements","284610","Cerium compounds","2024","91002.59375"
"India","Egypt","Export","Rare Earth Elements","284610","Cerium compounds","2024","705.84"
"India","Spain","Export","Rare Earth Elements","284610","Cerium compounds","2024","2196.77"
"India","Spain","Import","Rare Earth Elements","284610","Cerium compounds","2024","166.43"
"India","Estonia","Import","Rare Earth Elements","284610","Cerium compounds","2024","32050.21"
"India","France","Import","Rare Earth Elements","284610","Cerium compounds","2024","351840.78"
"India","France","Export","Rare Earth Elements","284610","Cerium compounds","2024","383.91"
"India","United Kingdom","Import","Rare Earth Elements","284610","Cerium compounds","2024","1221.74"
"India","United Kingdom","Export","Rare Earth Elements","284610","Cerium compounds","2024","689.95"
"India","Ghana","Export","Rare Earth Elements","284610","Cerium compounds","2024","1608.24"
"India","Hong Kong, China","Import","Rare Earth Elements","284610","Cerium compounds","2024","1802.07"
"India","Indonesia","Export","Rare Earth Elements","284610","Cerium compounds","2024","549.97"
"India","Israel","Export","Rare Earth Elements","284610","Cerium compounds","2024","2379.64"
"India","Italy","Export","Rare Earth Elements","284610","Cerium compounds","2024","63237.23"
"India","Japan","Import","Rare Earth Elements","284610","Cerium compounds","2024","1151662.17"
"India","Japan","Export","Rare Earth Elements","284610","Cerium compounds","2024","402793.71"
"India","Kazakhstan","Export","Rare Earth Elements","284610","Cerium compounds","2024","230.78"
"India","Kenya","Export","Rare Earth Elements","284610","Cerium compounds","2024","349.69"
"India","Korea, Republic of","Import","Rare Earth Elements","284610","Cerium compounds","2024","3132004.54"
"India","Korea, Republic of","Export","Rare Earth Elements","284610","Cerium compounds","2024","522756.5"
"India","Sri Lanka","Export","Rare Earth Elements","284610","Cerium compounds","2024","22.36"
"India","Myanmar","Export","Rare Earth Elements","284610","Cerium compounds","2024","10.6"
"India","Mauritius","Export","Rare Earth Elements","284610","Cerium compounds","2024","815.13"
"India","Nigeria","Export","Rare Earth Elements","284610","Cerium compounds","2024","180.3"
"India","Nepal","Export","Rare Earth Elements","284610","Cerium compounds","2024","1384.66"
"India","Oman","Export","Rare Earth Elements","284610","Cerium compounds","2024","37.65"
"India","Peru","Export","Rare Earth Elements","284610","Cerium compounds","2024","5605.14"
"India","Philippines","Export","Rare Earth Elements","284610","Cerium compounds","2024","767.12"
"India","Qatar","Export","Rare Earth Elements","284610","Cerium compounds","2024","73.23"
"India","Romania","Export","Rare Earth Elements","284610","Cerium compounds","2024","191.61"
"India","Russian Federation","Export","Rare Earth Elements","284610","Cerium compounds","2024","551.78"
"India","Saudi Arabia, Kingdom of","Export","Rare Earth Elements","284610","Cerium compounds","2024","25476.94"
"India","Singapore","Export","Rare Earth Elements","284610","Cerium compounds","2024","881.37"
"India","Thailand","Export","Rare Earth Elements","284610","Cerium compounds","2024","3985.93"
"India","Tunisia","Export","Rare Earth Elements","284610","Cerium compounds","2024","118.58"
"India","Turkiye","Import","Rare Earth Elements","284610","Cerium compounds","2024","1219.86"
"India","Turkiye","Export","Rare Earth Elements","284610","Cerium compounds","2024","31.22"
"India","Tanzania","Export","Rare Earth Elements","284610","Cerium compounds","2024","813.21"
"India","Uganda","Export","Rare Earth Elements","284610","Cerium compounds","2024","167.78"
"India","United States of America","Import","Rare Earth Elements","284610","Cerium compounds","2024","54800.6"
"India","United States of America","Export","Rare Earth Elements","284610","Cerium compounds","2024","18857.53"
"India","World","Import","Rare Earth Elements","284610","Cerium compounds","2024","7002193.200000001"
"India","World","Export","Rare Earth Elements","284610","Cerium compounds","2024","1155247.14"
"India","Yemen","Export","Rare Earth Elements","284610","Cerium compounds","2024","11971.75"
"India","South Africa","Export","Rare Earth Elements","284610","Cerium compounds","2024","151.2"
"India","Afghanistan","Export","Rare Earth Elements","284690","Compounds, inorganic or organic (excluding cerium), of rare-earth metals, of yttrium, scandium or of mixtures of these metals","2024","23.03"
"India","United Arab Emirates","Export","Rare Earth Elements","284690","Compounds, inorganic or organic (excluding cerium), of rare-earth metals, of yttrium, scandium or of mixtures of these metals","2024","2760506.81"
"India","Argentina","Export","Rare Earth Elements","284690","Compounds, inorganic or organic (excluding cerium), of rare-earth metals, of yttrium, scandium or of mixtures of these metals","2024","409.03"
"India","Austria","Import","Rare Earth Elements","284690","Compounds, inorganic or organic (excluding cerium), of rare-earth metals, of yttrium, scandium or of mixtures of these metals","2024","1113273.31"
"India","Belgium","Import","Rare Earth Elements","284690","Compounds, inorganic or organic (excluding cerium), of rare-earth metals, of yttrium, scandium or of mixtures of these metals","2024","2294.34"
"India","Belgium","Export","Rare Earth Elements","284690","Compounds, inorganic or organic (excluding cerium), of rare-earth metals, of yttrium, scandium or of mixtures of these metals","2024","1330.91"
"India","Bangladesh","Export","Rare Earth Elements","284690","Compounds, inorganic or organic (excluding cerium), of rare-earth metals, of yttrium, scandium or of mixtures of these metals","2024","69280.07"
"India","Brazil","Export","Rare Earth Elements","284690","Compounds, inorganic or organic (excluding cerium), of rare-earth metals, of yttrium, scandium or of mixtures of these metals","2024","5456.41"
"India","Switzerland","Import","Rare Earth Elements","284690","Compounds, inorganic or organic (excluding cerium), of rare-earth metals, of yttrium, scandium or of mixtures of these metals","2024","10583.71"
"India","China","Export","Rare Earth Elements","284690","Compounds, inorganic or organic (excluding cerium), of rare-earth metals, of yttrium, scandium or of mixtures of these metals","2024","2727892.19"
"India","China","Import","Rare Earth Elements","284690","Compounds, inorganic or organic (excluding cerium), of rare-earth metals, of yttrium, scandium or of mixtures of these metals","2024","2061423.27"
"India","Chinese Taipei","Export","Rare Earth Elements","284690","Compounds, inorganic or organic (excluding cerium), of rare-earth metals, of yttrium, scandium or of mixtures of these metals","2024","1320.04"
"India","Cote d'Ivoire","Export","Rare Earth Elements","284690","Compounds, inorganic or organic (excluding cerium), of rare-earth metals, of yttrium, scandium or of mixtures of these metals","2024","95.69"
"India","Cameroon","Export","Rare Earth Elements","284690","Compounds, inorganic or organic (excluding cerium), of rare-earth metals, of yttrium, scandium or of mixtures of these metals","2024","497.19"
"India","Colombia","Export","Rare Earth Elements","284690","Compounds, inorganic or organic (excluding cerium), of rare-earth metals, of yttrium, scandium or of mixtures of these metals","2024","320"
"India","Germany","Import","Rare Earth Elements","284690","Compounds, inorganic or organic (excluding cerium), of rare-earth metals, of yttrium, scandium or of mixtures of these metals","2024","56337.76"
"India","Germany","Export","Rare Earth Elements","284690","Compounds, inorganic or organic (excluding cerium), of rare-earth metals, of yttrium, scandium or of mixtures of these metals","2024","10532.41"
"India","Denmark","Export","Rare Earth Elements","284690","Compounds, inorganic or organic (excluding cerium), of rare-earth metals, of yttrium, scandium or of mixtures of these metals","2024","14.12"
"India","Algeria","Export","Rare Earth Elements","284690","Compounds, inorganic or organic (excluding cerium), of rare-earth metals, of yttrium, scandium or of mixtures of these metals","2024","1512.48"
"India","Ecuador","Export","Rare Earth Elements","284690","Compounds, inorganic or organic (excluding cerium), of rare-earth metals, of yttrium, scandium or of mixtures of these metals","2024","66.27"
"India","European Union","Export","Rare Earth Elements","284690","Compounds, inorganic or organic (excluding cerium), of rare-earth metals, of yttrium, scandium or of mixtures of these metals","2024","2289813"
"India","European Union","Import","Rare Earth Elements","284690","Compounds, inorganic or organic (excluding cerium), of rare-earth metals, of yttrium, scandium or of mixtures of these metals","2024","1703011.5"
"India","Egypt","Export","Rare Earth Elements","284690","Compounds, inorganic or organic (excluding cerium), of rare-earth metals, of yttrium, scandium or of mixtures of these metals","2024","861.33"
"India","Spain","Export","Rare Earth Elements","284690","Compounds, inorganic or organic (excluding cerium), of rare-earth metals, of yttrium, scandium or of mixtures of these metals","2024","236550.27"
"India","Spain","Import","Rare Earth Elements","284690","Compounds, inorganic or organic (excluding cerium), of rare-earth metals, of yttrium, scandium or of mixtures of these metals","2024","2869.92"
"India","Estonia","Import","Rare Earth Elements","284690","Compounds, inorganic or organic (excluding cerium), of rare-earth metals, of yttrium, scandium or of mixtures of these metals","2024","5784.67"
"India","France","Import","Rare Earth Elements","284690","Compounds, inorganic or organic (excluding cerium), of rare-earth metals, of yttrium, scandium or of mixtures of these metals","2024","439977.17"
"India","France","Export","Rare Earth Elements","284690","Compounds, inorganic or organic (excluding cerium), of rare-earth metals, of yttrium, scandium or of mixtures of these metals","2024","278130.02"
"India","United Kingdom","Import","Rare Earth Elements","284690","Compounds, inorganic or organic (excluding cerium), of rare-earth metals, of yttrium, scandium or of mixtures of these metals","2024","4385.04"
"India","Hong Kong, China","Import","Rare Earth Elements","284690","Compounds, inorganic or organic (excluding cerium), of rare-earth metals, of yttrium, scandium or of mixtures of these metals","2024","15352.04"
"India","Indonesia","Export","Rare Earth Elements","284690","Compounds, inorganic or organic (excluding cerium), of rare-earth metals, of yttrium, scandium or of mixtures of these metals","2024","12.91"
"India","Italy","Export","Rare Earth Elements","284690","Compounds, inorganic or organic (excluding cerium), of rare-earth metals, of yttrium, scandium or of mixtures of these metals","2024","1763255.17"
"India","Italy","Import","Rare Earth Elements","284690","Compounds, inorganic or organic (excluding cerium), of rare-earth metals, of yttrium, scandium or of mixtures of these metals","2024","81928.71"
"India","Japan","Export","Rare Earth Elements","284690","Compounds, inorganic or organic (excluding cerium), of rare-earth metals, of yttrium, scandium or of mixtures of these metals","2024","12764724.28"
"India","Japan","Import","Rare Earth Elements","284690","Compounds, inorganic or organic (excluding cerium), of rare-earth metals, of yttrium, scandium or of mixtures of these metals","2024","1494437.6"
"India","Kazakhstan","Export","Rare Earth Elements","284690","Compounds, inorganic or organic (excluding cerium), of rare-earth metals, of yttrium, scandium or of mixtures of these metals","2024","26.33"
"India","Kenya","Export","Rare Earth Elements","284690","Compounds, inorganic or organic (excluding cerium), of rare-earth metals, of yttrium, scandium or of mixtures of these metals","2024","806.26"
"India","Korea, Republic of","Export","Rare Earth Elements","284690","Compounds, inorganic or organic (excluding cerium), of rare-earth metals, of yttrium, scandium or of mixtures of these metals","2024","3737.43"
"India","Korea, Republic of","Import","Rare Earth Elements","284690","Compounds, inorganic or organic (excluding cerium), of rare-earth metals, of yttrium, scandium or of mixtures of these metals","2024","600.54"
"India","Lebanese Republic","Export","Rare Earth Elements","284690","Compounds, inorganic or organic (excluding cerium), of rare-earth metals, of yttrium, scandium or of mixtures of these metals","2024","1827.53"
"India","Sri Lanka","Export","Rare Earth Elements","284690","Compounds, inorganic or organic (excluding cerium), of rare-earth metals, of yttrium, scandium or of mixtures of these metals","2024","1065.42"
"India","Morocco","Export","Rare Earth Elements","284690","Compounds, inorganic or organic (excluding cerium), of rare-earth metals, of yttrium, scandium or of mixtures of these metals","2024","79.45"
"India","Mozambique","Export","Rare Earth Elements","284690","Compounds, inorganic or organic (excluding cerium), of rare-earth metals, of yttrium, scandium or of mixtures of these metals","2024","22.26"
"India","Mauritius","Export","Rare Earth Elements","284690","Compounds, inorganic or organic (excluding cerium), of rare-earth metals, of yttrium, scandium or of mixtures of these metals","2024","85.5"
"India","Malaysia","Export","Rare Earth Elements","284690","Compounds, inorganic or organic (excluding cerium), of rare-earth metals, of yttrium, scandium or of mixtures of these metals","2024","242.69"
"India","Nepal","Export","Rare Earth Elements","284690","Compounds, inorganic or organic (excluding cerium), of rare-earth metals, of yttrium, scandium or of mixtures of these metals","2024","569.87"
"India","Oman","Export","Rare Earth Elements","284690","Compounds, inorganic or organic (excluding cerium), of rare-earth metals, of yttrium, scandium or of mixtures of these metals","2024","309.8"
"India","Peru","Export","Rare Earth Elements","284690","Compounds, inorganic or organic (excluding cerium), of rare-earth metals, of yttrium, scandium or of mixtures of these metals","2024","2023.95"
"India","Philippines","Export","Rare Earth Elements","284690","Compounds, inorganic or organic (excluding cerium), of rare-earth metals, of yttrium, scandium or of mixtures of these metals","2024","3845.57"
"India","Russian Federation","Export","Rare Earth Elements","284690","Compounds, inorganic or organic (excluding cerium), of rare-earth metals, of yttrium, scandium or of mixtures of these metals","2024","776.05"
"India","Senegal","Export","Rare Earth Elements","284690","Compounds, inorganic or organic (excluding cerium), of rare-earth metals, of yttrium, scandium or of mixtures of these metals","2024","105.92"
"India","Singapore","Import","Rare Earth Elements","284690","Compounds, inorganic or organic (excluding cerium), of rare-earth metals, of yttrium, scandium or of mixtures of these metals","2024","10190.16"
"India","Singapore","Export","Rare Earth Elements","284690","Compounds, inorganic or organic (excluding cerium), of rare-earth metals, of yttrium, scandium or of mixtures of these metals","2024","58.09"
"India","Serbia","Export","Rare Earth Elements","284690","Compounds, inorganic or organic (excluding cerium), of rare-earth metals, of yttrium, scandium or of mixtures of these metals","2024","20.84"
"India","Sweden","Import","Rare Earth Elements","284690","Compounds, inorganic or organic (excluding cerium), of rare-earth metals, of yttrium, scandium or of mixtures of these metals","2024","545.62"
"India","Seychelles","Export","Rare Earth Elements","284690","Compounds, inorganic or organic (excluding cerium), of rare-earth metals, of yttrium, scandium or of mixtures of these metals","2024","1076.86"
"India","Thailand","Export","Rare Earth Elements","284690","Compounds, inorganic or organic (excluding cerium), of rare-earth metals, of yttrium, scandium or of mixtures of these metals","2024","1446.62"
"India","Turkmenistan","Export","Rare Earth Elements","284690","Compounds, inorganic or organic (excluding cerium), of rare-earth metals, of yttrium, scandium or of mixtures of these metals","2024","33.15"
"India","Tunisia","Export","Rare Earth Elements","284690","Compounds, inorganic or organic (excluding cerium), of rare-earth metals, of yttrium, scandium or of mixtures of these metals","2024","636.15"
"India","Turkiye","Export","Rare Earth Elements","284690","Compounds, inorganic or organic (excluding cerium), of rare-earth metals, of yttrium, scandium or of mixtures of these metals","2024","214365.07"
"India","Tanzania","Export","Rare Earth Elements","284690","Compounds, inorganic or organic (excluding cerium), of rare-earth metals, of yttrium, scandium or of mixtures of these metals","2024","902.03"
"India","Uganda","Export","Rare Earth Elements","284690","Compounds, inorganic or organic (excluding cerium), of rare-earth metals, of yttrium, scandium or of mixtures of these metals","2024","723.06"
"India","United States of America","Export","Rare Earth Elements","284690","Compounds, inorganic or organic (excluding cerium), of rare-earth metals, of yttrium, scandium or of mixtures of these metals","2024","1730633.96"
"India","United States of America","Import","Rare Earth Elements","284690","Compounds, inorganic or organic (excluding cerium), of rare-earth metals, of yttrium, scandium or of mixtures of these metals","2024","312511.3"
"India","Uzbekistan","Export","Rare Earth Elements","284690","Compounds, inorganic or organic (excluding cerium), of rare-earth metals, of yttrium, scandium or of mixtures of these metals","2024","55.86"
"India","Viet Nam","Export","Rare Earth Elements","284690","Compounds, inorganic or organic (excluding cerium), of rare-earth metals, of yttrium, scandium or of mixtures of these metals","2024","13933513.89"
"India","World","Export","Rare Earth Elements","284690","Compounds, inorganic or organic (excluding cerium), of rare-earth metals, of yttrium, scandium or of mixtures of these metals","2024","36527515.34999999"
"India","World","Import","Rare Earth Elements","284690","Compounds, inorganic or organic (excluding cerium), of rare-earth metals, of yttrium, scandium or of mixtures of these metals","2024","5612495.160000001"
"India","South Africa","Export","Rare Earth Elements","284690","Compounds, inorganic or organic (excluding cerium), of rare-earth metals, of yttrium, scandium or of mixtures of these metals","2024","3648.91"
"India","Zambia","Export","Rare Earth Elements","284690","Compounds, inorganic or organic (excluding cerium), of rare-earth metals, of yttrium, scandium or of mixtures of these metals","2024","1816.13"
"India","Zimbabwe","Export","Rare Earth Elements","284690","Compounds, inorganic or organic (excluding cerium), of rare-earth metals, of yttrium, scandium or of mixtures of these metals","2024","270.07"
"Ireland","China","Import","Rare Earth Elements","280530","Earth-metals, rare; scandium and yttrium, whether or not intermixed or interalloyed","2024","8.66"
"Ireland","United Kingdom","Import","Rare Earth Elements","280530","Earth-metals, rare; scandium and yttrium, whether or not intermixed or interalloyed","2024","159.11"
"Ireland","Netherlands","Import","Rare Earth Elements","280530","Earth-metals, rare; scandium and yttrium, whether or not intermixed or interalloyed","2024","687.31"
"Ireland","United States of America","Import","Rare Earth Elements","280530","Earth-metals, rare; scandium and yttrium, whether or not intermixed or interalloyed","2024","34786.63"
"Ireland","World","Import","Rare Earth Elements","280530","Earth-metals, rare; scandium and yttrium, whether or not intermixed or interalloyed","2024","35641.71"
"Ireland","United Arab Emirates","Export","Rare Earth Elements","284610","Cerium compounds","2024","350.69"
"Ireland","United Arab Emirates","Import","Rare Earth Elements","284610","Cerium compounds","2024","94.17"
"Ireland","Belgium","Import","Rare Earth Elements","284610","Cerium compounds","2024","754.42"
"Ireland","China","Import","Rare Earth Elements","284610","Cerium compounds","2024","1223.09"
"Ireland","Czech Republic","Import","Rare Earth Elements","284610","Cerium compounds","2024","2348.77"
"Ireland","Germany","Import","Rare Earth Elements","284610","Cerium compounds","2024","11492.72"
"Ireland","Germany","Export","Rare Earth Elements","284610","Cerium compounds","2024","1128.92"
"Ireland","Spain","Import","Rare Earth Elements","284610","Cerium compounds","2024","130.97"
"Ireland","France","Import","Rare Earth Elements","284610","Cerium compounds","2024","15.15"
"Ireland","United Kingdom","Export","Rare Earth Elements","284610","Cerium compounds","2024","1653.88"
"Ireland","United Kingdom","Import","Rare Earth Elements","284610","Cerium compounds","2024","590.98"
"Ireland","Italy","Import","Rare Earth Elements","284610","Cerium compounds","2024","357.19"
"Ireland","Netherlands","Import","Rare Earth Elements","284610","Cerium compounds","2024","989.3"
"Ireland","Qatar","Export","Rare Earth Elements","284610","Cerium compounds","2024","47.63"
"Ireland","United States of America","Import","Rare Earth Elements","284610","Cerium compounds","2024","3176.79"
"Ireland","United States of America","Export","Rare Earth Elements","284610","Cerium compounds","2024","2002.4"
"Ireland","World","Import","Rare Earth Elements","284610","Cerium compounds","2024","21173.55"
"Ireland","World","Export","Rare Earth Elements","284610","Cerium compounds","2024","5183.52"
"Ireland","United Arab Emirates","Export","Rare Earth Elements","284690","Compounds, inorganic or organic (excluding cerium), of rare-earth metals, of yttrium, scandium or of mixtures of these metals","2024","155.86"
"Ireland","Australia","Import","Rare Earth Elements","284690","Compounds, inorganic or organic (excluding cerium), of rare-earth metals, of yttrium, scandium or of mixtures of these metals","2024","116.9"
"Ireland","Austria","Import","Rare Earth Elements","284690","Compounds, inorganic or organic (excluding cerium), of rare-earth metals, of yttrium, scandium or of mixtures of these metals","2024","45.46"
"Ireland","Belgium","Import","Rare Earth Elements","284690","Compounds, inorganic or organic (excluding cerium), of rare-earth metals, of yttrium, scandium or of mixtures of these metals","2024","109.32"
"Ireland","China","Import","Rare Earth Elements","284690","Compounds, inorganic or organic (excluding cerium), of rare-earth metals, of yttrium, scandium or of mixtures of these metals","2024","2947.32"
"Ireland","Germany","Import","Rare Earth Elements","284690","Compounds, inorganic or organic (excluding cerium), of rare-earth metals, of yttrium, scandium or of mixtures of these metals","2024","3114.01"
"Ireland","Spain","Import","Rare Earth Elements","284690","Compounds, inorganic or organic (excluding cerium), of rare-earth metals, of yttrium, scandium or of mixtures of these metals","2024","122.31"
"Ireland","France","Import","Rare Earth Elements","284690","Compounds, inorganic or organic (excluding cerium), of rare-earth metals, of yttrium, scandium or of mixtures of these metals","2024","285.75"
"Ireland","United Kingdom","Export","Rare Earth Elements","284690","Compounds, inorganic or organic (excluding cerium), of rare-earth metals, of yttrium, scandium or of mixtures of these metals","2024","5344.8"
"Ireland","United Kingdom","Import","Rare Earth Elements","284690","Compounds, inorganic or organic (excluding cerium), of rare-earth metals, of yttrium, scandium or of mixtures of these metals","2024","4425.85"
"Ireland","India","Import","Rare Earth Elements","284690","Compounds, inorganic or organic (excluding cerium), of rare-earth metals, of yttrium, scandium or of mixtures of these metals","2024","150.45"
"Ireland","Japan","Import","Rare Earth Elements","284690","Compounds, inorganic or organic (excluding cerium), of rare-earth metals, of yttrium, scandium or of mixtures of these metals","2024","2114.97"
"Ireland","Netherlands","Import","Rare Earth Elements","284690","Compounds, inorganic or organic (excluding cerium), of rare-earth metals, of yttrium, scandium or of mixtures of these metals","2024","143610.24"
"Ireland","Norway","Import","Rare Earth Elements","284690","Compounds, inorganic or organic (excluding cerium), of rare-earth metals, of yttrium, scandium or of mixtures of these metals","2024","25130889.2"
"Ireland","United States of America","Import","Rare Earth Elements","284690","Compounds, inorganic or organic (excluding cerium), of rare-earth metals, of yttrium, scandium or of mixtures of these metals","2024","18913.52"
"Ireland","World","Import","Rare Earth Elements","284690","Compounds, inorganic or organic (excluding cerium), of rare-earth metals, of yttrium, scandium or of mixtures of these metals","2024","25306845.3"
"Ireland","World","Export","Rare Earth Elements","284690","Compounds, inorganic or organic (excluding cerium), of rare-earth metals, of yttrium, scandium or of mixtures of these metals","2024","5500.66"
"Iran","China","Import","Rare Earth Elements","280530","Earth-metals, rare; scandium and yttrium, whether or not intermixed or interalloyed","2024","437889"
"Iran","World","Import","Rare Earth Elements","280530","Earth-metals, rare; scandium and yttrium, whether or not intermixed or interalloyed","2024","437889"
"Iran","China","Import","Rare Earth Elements","284610","Cerium compounds","2024","745840"
"Iran","India","Import","Rare Earth Elements","284610","Cerium compounds","2024","13355"
"Iran","World","Import","Rare Earth Elements","284610","Cerium compounds","2024","759195"
"Iran","Malaysia","Import","Rare Earth Elements","284690","Compounds, inorganic or organic (excluding cerium), of rare-earth metals, of yttrium, scandium or of mixtures of these metals","2024","868658"
"Iran","Turkiye","Import","Rare Earth Elements","284690","Compounds, inorganic or organic (excluding cerium), of rare-earth metals, of yttrium, scandium or of mixtures of these metals","2024","245377"
"Iran","World","Import","Rare Earth Elements","284690","Compounds, inorganic or organic (excluding cerium), of rare-earth metals, of yttrium, scandium or of mixtures of these metals","2024","1114035"
"Iceland","China","Import","Rare Earth Elements","280530","Earth-metals, rare; scandium and yttrium, whether or not intermixed or interalloyed","2024","604.0967853"
"Iceland","European Union","Import","Rare Earth Elements","280530","Earth-metals, rare; scandium and yttrium, whether or not intermixed or interalloyed","2024","175.4973647"
"Iceland","Italy","Import","Rare Earth Elements","280530","Earth-metals, rare; scandium and yttrium, whether or not intermixed or interalloyed","2024","24.27318"
"Iceland","Poland","Import","Rare Earth Elements","280530","Earth-metals, rare; scandium and yttrium, whether or not intermixed or interalloyed","2024","151.2241847"
"Iceland","World","Import","Rare Earth Elements","280530","Earth-metals, rare; scandium and yttrium, whether or not intermixed or interalloyed","2024","779.59415"
"Iceland","Belgium","Import","Rare Earth Elements","284610","Cerium compounds","2024","3979.0299702"
"Iceland","Belgium","Export","Rare Earth Elements","284610","Cerium compounds","2024","88.3"
"Iceland","Canada","Import","Rare Earth Elements","284610","Cerium compounds","2024","566.1244385"
"Iceland","Switzerland","Import","Rare Earth Elements","284610","Cerium compounds","2024","283.0594286"
"Iceland","China","Import","Rare Earth Elements","284610","Cerium compounds","2024","108799.5705475"
"Iceland","Chinese Taipei","Import","Rare Earth Elements","284610","Cerium compounds","2024","7844.7576524"
"Iceland","Costa Rica","Import","Rare Earth Elements","284610","Cerium compounds","2024","1639.4060324"
"Iceland","Czech Republic","Import","Rare Earth Elements","284610","Cerium compounds","2024","4197.8924089"
"Iceland","Germany","Import","Rare Earth Elements","284610","Cerium compounds","2024","84603.737095"
"Iceland","Denmark","Import","Rare Earth Elements","284610","Cerium compounds","2024","12627.921628"
"Iceland","European Union","Import","Rare Earth Elements","284610","Cerium compounds","2024","232178.6425465"
"Iceland","European Union","Export","Rare Earth Elements","284610","Cerium compounds","2024","88.30000305175781"
"Iceland","Spain","Import","Rare Earth Elements","284610","Cerium compounds","2024","3765.2495846"
"Iceland","Finland","Import","Rare Earth Elements","284610","Cerium compounds","2024","2647.1478365"
"Iceland","France","Import","Rare Earth Elements","284610","Cerium compounds","2024","14751.7970453"
"Iceland","United Kingdom","Import","Rare Earth Elements","284610","Cerium compounds","2024","12731.8312041"
"Iceland","Hong Kong, China","Import","Rare Earth Elements","284610","Cerium compounds","2024","89.2249647"
"Iceland","Hungary","Import","Rare Earth Elements","284610","Cerium compounds","2024","80.4281586"
"Iceland","India","Import","Rare Earth Elements","284610","Cerium compounds","2024","182.3062473"
"Iceland","Ireland","Import","Rare Earth Elements","284610","Cerium compounds","2024","43729.0860552"
"Iceland","Israel","Import","Rare Earth Elements","284610","Cerium compounds","2024","1528.0483937"
"Iceland","Italy","Import","Rare Earth Elements","284610","Cerium compounds","2024","52.5414882"
"Iceland","Japan","Import","Rare Earth Elements","284610","Cerium compounds","2024","206.2534586"
"Iceland","Malaysia","Import","Rare Earth Elements","284610","Cerium compounds","2024","88.5759992"
"Iceland","Netherlands","Import","Rare Earth Elements","284610","Cerium compounds","2024","13422.9100255"
"Iceland","Norway","Import","Rare Earth Elements","284610","Cerium compounds","2024","135728.374607"
"Iceland","Pakistan","Import","Rare Earth Elements","284610","Cerium compounds","2024","75.1983071"
"Iceland","Poland","Import","Rare Earth Elements","284610","Cerium compounds","2024","341.7132832"
"Iceland","Romania","Import","Rare Earth Elements","284610","Cerium compounds","2024","20.6171405"
"Iceland","Singapore","Import","Rare Earth Elements","284610","Cerium compounds","2024","479345.9813673"
"Iceland","Slovak Republic","Import","Rare Earth Elements","284610","Cerium compounds","2024","1866.7532981"
"Iceland","Sweden","Import","Rare Earth Elements","284610","Cerium compounds","2024","46091.8175287"
"Iceland","United States of America","Import","Rare Earth Elements","284610","Cerium compounds","2024","51189.298991"
"Iceland","World","Import","Rare Earth Elements","284610","Cerium compounds","2024","1032476.6541859"
"Iceland","World","Export","Rare Earth Elements","284610","Cerium compounds","2024","88.3"
"Iceland","Germany","Import","Rare Earth Elements","284690","Compounds, inorganic or organic (excluding cerium), of rare-earth metals, of yttrium, scandium or of mixtures of these metals","2024","302.0536116"
"Iceland","European Union","Import","Rare Earth Elements","284690","Compounds, inorganic or organic (excluding cerium), of rare-earth metals, of yttrium, scandium or of mixtures of these metals","2024","302.0536116"
"Iceland","World","Import","Rare Earth Elements","284690","Compounds, inorganic or organic (excluding cerium), of rare-earth metals, of yttrium, scandium or of mixtures of these metals","2024","302.0536116"
"Israel","Brazil","Export","Rare Earth Elements","280530","Earth-metals, rare; scandium and yttrium, whether or not intermixed or interalloyed","2024","1000"
"Israel","China","Import","Rare Earth Elements","280530","Earth-metals, rare; scandium and yttrium, whether or not intermixed or interalloyed","2024","5000"
"Israel","Germany","Import","Rare Earth Elements","280530","Earth-metals, rare; scandium and yttrium, whether or not intermixed or interalloyed","2024","4000"
"Israel","European Union","Import","Rare Earth Elements","280530","Earth-metals, rare; scandium and yttrium, whether or not intermixed or interalloyed","2024","9000"
"Israel","United Kingdom","Import","Rare Earth Elements","280530","Earth-metals, rare; scandium and yttrium, whether or not intermixed or interalloyed","2024","10000"
"Israel","Netherlands","Import","Rare Earth Elements","280530","Earth-metals, rare; scandium and yttrium, whether or not intermixed or interalloyed","2024","5000"
"Israel","United States of America","Import","Rare Earth Elements","280530","Earth-metals, rare; scandium and yttrium, whether or not intermixed or interalloyed","2024","7000"
"Israel","World","Import","Rare Earth Elements","280530","Earth-metals, rare; scandium and yttrium, whether or not intermixed or interalloyed","2024","31000"
"Israel","World","Export","Rare Earth Elements","280530","Earth-metals, rare; scandium and yttrium, whether or not intermixed or interalloyed","2024","1000"
"Israel","Belgium","Import","Rare Earth Elements","284610","Cerium compounds","2024","15000"
"Israel","Switzerland","Import","Rare Earth Elements","284610","Cerium compounds","2024","10000"
"Israel","Germany","Import","Rare Earth Elements","284610","Cerium compounds","2024","120000"
"Israel","European Union","Import","Rare Earth Elements","284610","Cerium compounds","2024","135000"
"Israel","United Kingdom","Import","Rare Earth Elements","284610","Cerium compounds","2024","2000"
"Israel","India","Import","Rare Earth Elements","284610","Cerium compounds","2024","5000"
"Israel","United States of America","Import","Rare Earth Elements","284610","Cerium compounds","2024","21000"
"Israel","World","Import","Rare Earth Elements","284610","Cerium compounds","2024","173000"
"Israel","Belgium","Import","Rare Earth Elements","284690","Compounds, inorganic or organic (excluding cerium), of rare-earth metals, of yttrium, scandium or of mixtures of these metals","2024","2000"
"Israel","Canada","Import","Rare Earth Elements","284690","Compounds, inorganic or organic (excluding cerium), of rare-earth metals, of yttrium, scandium or of mixtures of these metals","2024","20000"
"Israel","Switzerland","Import","Rare Earth Elements","284690","Compounds, inorganic or organic (excluding cerium), of rare-earth metals, of yttrium, scandium or of mixtures of these metals","2024","62000"
"Israel","China","Import","Rare Earth Elements","284690","Compounds, inorganic or organic (excluding cerium), of rare-earth metals, of yttrium, scandium or of mixtures of these metals","2024","17000"
"Israel","Germany","Import","Rare Earth Elements","284690","Compounds, inorganic or organic (excluding cerium), of rare-earth metals, of yttrium, scandium or of mixtures of these metals","2024","67000"
"Israel","European Union","Import","Rare Earth Elements","284690","Compounds, inorganic or organic (excluding cerium), of rare-earth metals, of yttrium, scandium or of mixtures of these metals","2024","73000"
"Israel","European Union","Export","Rare Earth Elements","284690","Compounds, inorganic or organic (excluding cerium), of rare-earth metals, of yttrium, scandium or of mixtures of these metals","2024","8000"
"Israel","France","Import","Rare Earth Elements","284690","Compounds, inorganic or organic (excluding cerium), of rare-earth metals, of yttrium, scandium or of mixtures of these metals","2024","4000"
"Israel","United Kingdom","Import","Rare Earth Elements","284690","Compounds, inorganic or organic (excluding cerium), of rare-earth metals, of yttrium, scandium or of mixtures of these metals","2024","12000"
"Israel","Hong Kong, China","Import","Rare Earth Elements","284690","Compounds, inorganic or organic (excluding cerium), of rare-earth metals, of yttrium, scandium or of mixtures of these metals","2024","1000"
"Israel","Netherlands","Export","Rare Earth Elements","284690","Compounds, inorganic or organic (excluding cerium), of rare-earth metals, of yttrium, scandium or of mixtures of these metals","2024","4000"
"Israel","Romania","Export","Rare Earth Elements","284690","Compounds, inorganic or organic (excluding cerium), of rare-earth metals, of yttrium, scandium or of mixtures of these metals","2024","4000"
"Israel","Turkiye","Export","Rare Earth Elements","284690","Compounds, inorganic or organic (excluding cerium), of rare-earth metals, of yttrium, scandium or of mixtures of these metals","2024","729000"
"Israel","United States of America","Import","Rare Earth Elements","284690","Compounds, inorganic or organic (excluding cerium), of rare-earth metals, of yttrium, scandium or of mixtures of these metals","2024","138000"
"Israel","World","Export","Rare Earth Elements","284690","Compounds, inorganic or organic (excluding cerium), of rare-earth metals, of yttrium, scandium or of mixtures of these metals","2024","737000"
"Israel","World","Import","Rare Earth Elements","284690","Compounds, inorganic or organic (excluding cerium), of rare-earth metals, of yttrium, scandium or of mixtures of these metals","2024","323000"
"Italy","Austria","Import","Rare Earth Elements","280530","Earth-metals, rare; scandium and yttrium, whether or not intermixed or interalloyed","2024","40972.96"
"Italy","Belgium","Import","Rare Earth Elements","280530","Earth-metals, rare; scandium and yttrium, whether or not intermixed or interalloyed","2024","357.32"
"Italy","China","Import","Rare Earth Elements","280530","Earth-metals, rare; scandium and yttrium, whether or not intermixed or interalloyed","2024","51106.96"
"Italy","Germany","Import","Rare Earth Elements","280530","Earth-metals, rare; scandium and yttrium, whether or not intermixed or interalloyed","2024","8272.97"
"Italy","France","Import","Rare Earth Elements","280530","Earth-metals, rare; scandium and yttrium, whether or not intermixed or interalloyed","2024","349.99"
"Italy","Luxembourg","Import","Rare Earth Elements","280530","Earth-metals, rare; scandium and yttrium, whether or not intermixed or interalloyed","2024","80.69"
"Italy","United States of America","Import","Rare Earth Elements","280530","Earth-metals, rare; scandium and yttrium, whether or not intermixed or interalloyed","2024","299788.65"
"Italy","World","Import","Rare Earth Elements","280530","Earth-metals, rare; scandium and yttrium, whether or not intermixed or interalloyed","2024","400929.54"
"Italy","Austria","Import","Rare Earth Elements","284610","Cerium compounds","2024","112409.74"
"Italy","Austria","Export","Rare Earth Elements","284610","Cerium compounds","2024","11022.6"
"Italy","Belgium","Import","Rare Earth Elements","284610","Cerium compounds","2024","4784.6"
"Italy","Belgium","Export","Rare Earth Elements","284610","Cerium compounds","2024","1232.3"
"Italy","Brazil","Export","Rare Earth Elements","284610","Cerium compounds","2024","2305.32"
"Italy","Switzerland","Import","Rare Earth Elements","284610","Cerium compounds","2024","6883.49"
"Italy","China","Import","Rare Earth Elements","284610","Cerium compounds","2024","262751.51"
"Italy","Chinese Taipei","Import","Rare Earth Elements","284610","Cerium compounds","2024","25370.1"
"Italy","Germany","Import","Rare Earth Elements","284610","Cerium compounds","2024","107156.74"
"Italy","Germany","Export","Rare Earth Elements","284610","Cerium compounds","2024","20406.32"
"Italy","Spain","Import","Rare Earth Elements","284610","Cerium compounds","2024","22076.63"
"Italy","Spain","Export","Rare Earth Elements","284610","Cerium compounds","2024","15702.41"
"Italy","Estonia","Export","Rare Earth Elements","284610","Cerium compounds","2024","2182.72"
"Italy","Finland","Export","Rare Earth Elements","284610","Cerium compounds","2024","2643.79"
"Italy","France","Import","Rare Earth Elements","284610","Cerium compounds","2024","115940.03"
"Italy","France","Export","Rare Earth Elements","284610","Cerium compounds","2024","6379.46"
"Italy","United Kingdom","Import","Rare Earth Elements","284610","Cerium compounds","2024","13462.05"
"Italy","Greece","Export","Rare Earth Elements","284610","Cerium compounds","2024","579.48"
"Italy","India","Import","Rare Earth Elements","284610","Cerium compounds","2024","2793.64"
"Italy","Japan","Import","Rare Earth Elements","284610","Cerium compounds","2024","553012.89"
"Italy","Lithuania","Export","Rare Earth Elements","284610","Cerium compounds","2024","502.98"
"Italy","Mexico","Export","Rare Earth Elements","284610","Cerium compounds","2024","267356.92"
"Italy","Malta","Export","Rare Earth Elements","284610","Cerium compounds","2024","2095.75"
"Italy","Netherlands","Import","Rare Earth Elements","284610","Cerium compounds","2024","45412.81"
"Italy","Netherlands","Export","Rare Earth Elements","284610","Cerium compounds","2024","1014.34"
"Italy","Norway","Import","Rare Earth Elements","284610","Cerium compounds","2024","2672.08"
"Italy","Poland","Export","Rare Earth Elements","284610","Cerium compounds","2024","574.24"
"Italy","Portugal","Export","Rare Earth Elements","284610","Cerium compounds","2024","775.43"
"Italy","Romania","Export","Rare Earth Elements","284610","Cerium compounds","2024","553.28"
"Italy","Slovenia","Import","Rare Earth Elements","284610","Cerium compounds","2024","30933.27"
"Italy","Sweden","Export","Rare Earth Elements","284610","Cerium compounds","2024","50.3"
"Italy","Turkiye","Export","Rare Earth Elements","284610","Cerium compounds","2024","47154.38"
"Italy","United States of America","Import","Rare Earth Elements","284610","Cerium compounds","2024","13346.78"
"Italy","World","Import","Rare Earth Elements","284610","Cerium compounds","2024","1319006.36"
"Italy","World","Export","Rare Earth Elements","284610","Cerium compounds","2024","382532.02"
"Italy","Australia","Export","Rare Earth Elements","284690","Compounds, inorganic or organic (excluding cerium), of rare-earth metals, of yttrium, scandium or of mixtures of these metals","2024","3274.61"
"Italy","Austria","Import","Rare Earth Elements","284690","Compounds, inorganic or organic (excluding cerium), of rare-earth metals, of yttrium, scandium or of mixtures of these metals","2024","74055.42"
"Italy","Austria","Export","Rare Earth Elements","284690","Compounds, inorganic or organic (excluding cerium), of rare-earth metals, of yttrium, scandium or of mixtures of these metals","2024","5683.67"
"Italy","Belgium","Import","Rare Earth Elements","284690","Compounds, inorganic or organic (excluding cerium), of rare-earth metals, of yttrium, scandium or of mixtures of these metals","2024","291510.44"
"Italy","Belgium","Export","Rare Earth Elements","284690","Compounds, inorganic or organic (excluding cerium), of rare-earth metals, of yttrium, scandium or of mixtures of these metals","2024","68350.79"
"Italy","Switzerland","Import","Rare Earth Elements","284690","Compounds, inorganic or organic (excluding cerium), of rare-earth metals, of yttrium, scandium or of mixtures of these metals","2024","4537.3"
"Italy","China","Import","Rare Earth Elements","284690","Compounds, inorganic or organic (excluding cerium), of rare-earth metals, of yttrium, scandium or of mixtures of these metals","2024","950960.19"
"Italy","Germany","Export","Rare Earth Elements","284690","Compounds, inorganic or organic (excluding cerium), of rare-earth metals, of yttrium, scandium or of mixtures of these metals","2024","733561.75"
"Italy","Germany","Import","Rare Earth Elements","284690","Compounds, inorganic or organic (excluding cerium), of rare-earth metals, of yttrium, scandium or of mixtures of these metals","2024","82668.95"
"Italy","Spain","Export","Rare Earth Elements","284690","Compounds, inorganic or organic (excluding cerium), of rare-earth metals, of yttrium, scandium or of mixtures of these metals","2024","222149.5"
"Italy","Spain","Import","Rare Earth Elements","284690","Compounds, inorganic or organic (excluding cerium), of rare-earth metals, of yttrium, scandium or of mixtures of these metals","2024","6219.14"
"Italy","Estonia","Import","Rare Earth Elements","284690","Compounds, inorganic or organic (excluding cerium), of rare-earth metals, of yttrium, scandium or of mixtures of these metals","2024","369669.34"
"Italy","France","Import","Rare Earth Elements","284690","Compounds, inorganic or organic (excluding cerium), of rare-earth metals, of yttrium, scandium or of mixtures of these metals","2024","1040294.67"
"Italy","United Kingdom","Export","Rare Earth Elements","284690","Compounds, inorganic or organic (excluding cerium), of rare-earth metals, of yttrium, scandium or of mixtures of these metals","2024","1765363.4"
"Italy","India","Import","Rare Earth Elements","284690","Compounds, inorganic or organic (excluding cerium), of rare-earth metals, of yttrium, scandium or of mixtures of these metals","2024","10929.34"
"Italy","Japan","Export","Rare Earth Elements","284690","Compounds, inorganic or organic (excluding cerium), of rare-earth metals, of yttrium, scandium or of mixtures of these metals","2024","3530009"
"Italy","Japan","Import","Rare Earth Elements","284690","Compounds, inorganic or organic (excluding cerium), of rare-earth metals, of yttrium, scandium or of mixtures of these metals","2024","62245.87"
"Italy","Korea, Republic of","Import","Rare Earth Elements","284690","Compounds, inorganic or organic (excluding cerium), of rare-earth metals, of yttrium, scandium or of mixtures of these metals","2024","517961.47"
"Italy","Mexico","Export","Rare Earth Elements","284690","Compounds, inorganic or organic (excluding cerium), of rare-earth metals, of yttrium, scandium or of mixtures of these metals","2024","9692.84"
"Italy","Netherlands","Import","Rare Earth Elements","284690","Compounds, inorganic or organic (excluding cerium), of rare-earth metals, of yttrium, scandium or of mixtures of these metals","2024","472345.37"
"Italy","Slovenia","Import","Rare Earth Elements","284690","Compounds, inorganic or organic (excluding cerium), of rare-earth metals, of yttrium, scandium or of mixtures of these metals","2024","328378.88"
"Italy","United States of America","Export","Rare Earth Elements","284690","Compounds, inorganic or organic (excluding cerium), of rare-earth metals, of yttrium, scandium or of mixtures of these metals","2024","253386.65"
"Italy","United States of America","Import","Rare Earth Elements","284690","Compounds, inorganic or organic (excluding cerium), of rare-earth metals, of yttrium, scandium or of mixtures of these metals","2024","13534.35"
"Italy","World","Export","Rare Earth Elements","284690","Compounds, inorganic or organic (excluding cerium), of rare-earth metals, of yttrium, scandium or of mixtures of these metals","2024","6591472.21"
"Italy","World","Import","Rare Earth Elements","284690","Compounds, inorganic or organic (excluding cerium), of rare-earth metals, of yttrium, scandium or of mixtures of these metals","2024","4225310.73"
"Jordan","Germany","Import","Rare Earth Elements","284610","Cerium compounds","2024","1649.15"
"Jordan","European Union","Import","Rare Earth Elements","284610","Cerium compounds","2024","1649.15"
"Jordan","World","Import","Rare Earth Elements","284610","Cerium compounds","2024","1649.15"
"Jordan","China","Import","Rare Earth Elements","284690","Compounds, inorganic or organic (excluding cerium), of rare-earth metals, of yttrium, scandium or of mixtures of these metals","2024","1183.17"
"Jordan","United States of America","Import","Rare Earth Elements","284690","Compounds, inorganic or organic (excluding cerium), of rare-earth metals, of yttrium, scandium or of mixtures of these metals","2024","13752.04"
"Jordan","World","Import","Rare Earth Elements","284690","Compounds, inorganic or organic (excluding cerium), of rare-earth metals, of yttrium, scandium or of mixtures of these metals","2024","14935.21"
"Japan","China","Import","Rare Earth Elements","280530","Earth-metals, rare; scandium and yttrium, whether or not intermixed or interalloyed","2024","62137487.2770567"
"Japan","China","Export","Rare Earth Elements","280530","Earth-metals, rare; scandium and yttrium, whether or not intermixed or interalloyed","2024","19396.65"
"Japan","Chinese Taipei","Export","Rare Earth Elements","280530","Earth-metals, rare; scandium and yttrium, whether or not intermixed or interalloyed","2024","3567.51"
"Japan","United Kingdom","Import","Rare Earth Elements","280530","Earth-metals, rare; scandium and yttrium, whether or not intermixed or interalloyed","2024","19535.3930822"
"Japan","India","Export","Rare Earth Elements","280530","Earth-metals, rare; scandium and yttrium, whether or not intermixed or interalloyed","2024","1724.29"
"Japan","Korea, Republic of","Export","Rare Earth Elements","280530","Earth-metals, rare; scandium and yttrium, whether or not intermixed or interalloyed","2024","22263.87"
"Japan","Korea, Republic of","Import","Rare Earth Elements","280530","Earth-metals, rare; scandium and yttrium, whether or not intermixed or interalloyed","2024","6837.7179033"
"Japan","Philippines","Import","Rare Earth Elements","280530","Earth-metals, rare; scandium and yttrium, whether or not intermixed or interalloyed","2024","101938.1519307"
"Japan","Thailand","Import","Rare Earth Elements","280530","Earth-metals, rare; scandium and yttrium, whether or not intermixed or interalloyed","2024","21779822.783701"
"Japan","United States of America","Import","Rare Earth Elements","280530","Earth-metals, rare; scandium and yttrium, whether or not intermixed or interalloyed","2024","47520.4878054"
"Japan","United States of America","Export","Rare Earth Elements","280530","Earth-metals, rare; scandium and yttrium, whether or not intermixed or interalloyed","2024","24126.9"
"Japan","Viet Nam","Import","Rare Earth Elements","280530","Earth-metals, rare; scandium and yttrium, whether or not intermixed or interalloyed","2024","161425716.318358"
"Japan","Viet Nam","Export","Rare Earth Elements","280530","Earth-metals, rare; scandium and yttrium, whether or not intermixed or interalloyed","2024","10136740.6"
"Japan","World","Import","Rare Earth Elements","280530","Earth-metals, rare; scandium and yttrium, whether or not intermixed or interalloyed","2024","245518858.1298373"
"Japan","World","Export","Rare Earth Elements","280530","Earth-metals, rare; scandium and yttrium, whether or not intermixed or interalloyed","2024","10207819.82"
"Japan","Australia","Export","Rare Earth Elements","284610","Cerium compounds","2024","7676.74"
"Japan","Austria","Export","Rare Earth Elements","284610","Cerium compounds","2024","90726.93"
"Japan","Austria","Import","Rare Earth Elements","284610","Cerium compounds","2024","3593.9309559"
"Japan","Bangladesh","Export","Rare Earth Elements","284610","Cerium compounds","2024","18062.14"
"Japan","Switzerland","Export","Rare Earth Elements","284610","Cerium compounds","2024","130273.38"
"Japan","China","Import","Rare Earth Elements","284610","Cerium compounds","2024","8638416.0485554"
"Japan","China","Export","Rare Earth Elements","284610","Cerium compounds","2024","7743665.12"
"Japan","Chinese Taipei","Export","Rare Earth Elements","284610","Cerium compounds","2024","24990501.85"
"Japan","Chinese Taipei","Import","Rare Earth Elements","284610","Cerium compounds","2024","4395621.9992813"
"Japan","Germany","Export","Rare Earth Elements","284610","Cerium compounds","2024","427413.48"
"Japan","Germany","Import","Rare Earth Elements","284610","Cerium compounds","2024","44626.8448666"
"Japan","Denmark","Export","Rare Earth Elements","284610","Cerium compounds","2024","47579.94"
"Japan","European Union","Import","Rare Earth Elements","284610","Cerium compounds","2024","33806238.8657267"
"Japan","European Union","Export","Rare Earth Elements","284610","Cerium compounds","2024","1238525.25"
"Japan","Estonia","Import","Rare Earth Elements","284610","Cerium compounds","2024","1622930.6927304"
"Japan","France","Import","Rare Earth Elements","284610","Cerium compounds","2024","32135087.3971738"
"Japan","France","Export","Rare Earth Elements","284610","Cerium compounds","2024","629195.5"
"Japan","United Kingdom","Import","Rare Earth Elements","284610","Cerium compounds","2024","2635.9898004"
"Japan","United Kingdom","Export","Rare Earth Elements","284610","Cerium compounds","2024","2001.77"
"Japan","Indonesia","Export","Rare Earth Elements","284610","Cerium compounds","2024","171669.64"
"Japan","India","Export","Rare Earth Elements","284610","Cerium compounds","2024","237985.59"
"Japan","India","Import","Rare Earth Elements","284610","Cerium compounds","2024","50936.0435117"
"Japan","Israel","Export","Rare Earth Elements","284610","Cerium compounds","2024","33693.1"
"Japan","Italy","Export","Rare Earth Elements","284610","Cerium compounds","2024","27344.26"
"Japan","Korea, Republic of","Export","Rare Earth Elements","284610","Cerium compounds","2024","18414441.35"
"Japan","Korea, Republic of","Import","Rare Earth Elements","284610","Cerium compounds","2024","27278.2002153"
"Japan","North Macedonia","Export","Rare Earth Elements","284610","Cerium compounds","2024","49046.58"
"Japan","Malaysia","Export","Rare Earth Elements","284610","Cerium compounds","2024","55117.95"
"Japan","Netherlands","Export","Rare Earth Elements","284610","Cerium compounds","2024","16265.18"
"Japan","Philippines","Export","Rare Earth Elements","284610","Cerium compounds","2024","56934.73"
"Japan","Russian Federation","Import","Rare Earth Elements","284610","Cerium compounds","2024","1499.6733952"
"Japan","Singapore","Export","Rare Earth Elements","284610","Cerium compounds","2024","3701563.5"
"Japan","Thailand","Export","Rare Earth Elements","284610","Cerium compounds","2024","230407.95"
"Japan","Turkiye","Import","Rare Earth Elements","284610","Cerium compounds","2024","1420.3955065"
"Japan","United States of America","Export","Rare Earth Elements","284610","Cerium compounds","2024","14931698.01"
"Japan","United States of America","Import","Rare Earth Elements","284610","Cerium compounds","2024","37247.3947236"
"Japan","Viet Nam","Export","Rare Earth Elements","284610","Cerium compounds","2024","190795.43"
"Japan","World","Export","Rare Earth Elements","284610","Cerium compounds","2024","72204060.12"
"Japan","World","Import","Rare Earth Elements","284610","Cerium compounds","2024","46961294.61071611"
"Japan","United Arab Emirates","Export","Rare Earth Elements","284690","Compounds, inorganic or organic (excluding cerium), of rare-earth metals, of yttrium, scandium or of mixtures of these metals","2024","2021.59"
"Japan","Argentina","Export","Rare Earth Elements","284690","Compounds, inorganic or organic (excluding cerium), of rare-earth metals, of yttrium, scandium or of mixtures of these metals","2024","94109.45"
"Japan","Australia","Export","Rare Earth Elements","284690","Compounds, inorganic or organic (excluding cerium), of rare-earth metals, of yttrium, scandium or of mixtures of these metals","2024","7544.61"
"Japan","Austria","Import","Rare Earth Elements","284690","Compounds, inorganic or organic (excluding cerium), of rare-earth metals, of yttrium, scandium or of mixtures of these metals","2024","2257001.8533167"
"Japan","Austria","Export","Rare Earth Elements","284690","Compounds, inorganic or organic (excluding cerium), of rare-earth metals, of yttrium, scandium or of mixtures of these metals","2024","96322.62"
"Japan","Belgium","Import","Rare Earth Elements","284690","Compounds, inorganic or organic (excluding cerium), of rare-earth metals, of yttrium, scandium or of mixtures of these metals","2024","2219.7808846"
"Japan","Brazil","Export","Rare Earth Elements","284690","Compounds, inorganic or organic (excluding cerium), of rare-earth metals, of yttrium, scandium or of mixtures of these metals","2024","550386.68"
"Japan","Canada","Export","Rare Earth Elements","284690","Compounds, inorganic or organic (excluding cerium), of rare-earth metals, of yttrium, scandium or of mixtures of these metals","2024","2959.71"
"Japan","Switzerland","Export","Rare Earth Elements","284690","Compounds, inorganic or organic (excluding cerium), of rare-earth metals, of yttrium, scandium or of mixtures of these metals","2024","3488.23"
"Japan","China","Import","Rare Earth Elements","284690","Compounds, inorganic or organic (excluding cerium), of rare-earth metals, of yttrium, scandium or of mixtures of these metals","2024","123920569.359018"
"Japan","China","Export","Rare Earth Elements","284690","Compounds, inorganic or organic (excluding cerium), of rare-earth metals, of yttrium, scandium or of mixtures of these metals","2024","17026325.31"
"Japan","Chinese Taipei","Export","Rare Earth Elements","284690","Compounds, inorganic or organic (excluding cerium), of rare-earth metals, of yttrium, scandium or of mixtures of these metals","2024","8524572.06"
"Japan","Germany","Export","Rare Earth Elements","284690","Compounds, inorganic or organic (excluding cerium), of rare-earth metals, of yttrium, scandium or of mixtures of these metals","2024","2720360.99"
"Japan","Germany","Import","Rare Earth Elements","284690","Compounds, inorganic or organic (excluding cerium), of rare-earth metals, of yttrium, scandium or of mixtures of these metals","2024","991647.471231"
"Japan","Denmark","Export","Rare Earth Elements","284690","Compounds, inorganic or organic (excluding cerium), of rare-earth metals, of yttrium, scandium or of mixtures of these metals","2024","654227.49"
"Japan","European Union","Import","Rare Earth Elements","284690","Compounds, inorganic or organic (excluding cerium), of rare-earth metals, of yttrium, scandium or of mixtures of these metals","2024","15052618.2572762"
"Japan","European Union","Export","Rare Earth Elements","284690","Compounds, inorganic or organic (excluding cerium), of rare-earth metals, of yttrium, scandium or of mixtures of these metals","2024","13729522"
"Japan","Spain","Export","Rare Earth Elements","284690","Compounds, inorganic or organic (excluding cerium), of rare-earth metals, of yttrium, scandium or of mixtures of these metals","2024","11726.52"
"Japan","Estonia","Import","Rare Earth Elements","284690","Compounds, inorganic or organic (excluding cerium), of rare-earth metals, of yttrium, scandium or of mixtures of these metals","2024","2563338.2218763"
"Japan","Finland","Export","Rare Earth Elements","284690","Compounds, inorganic or organic (excluding cerium), of rare-earth metals, of yttrium, scandium or of mixtures of these metals","2024","4954.87"
"Japan","France","Export","Rare Earth Elements","284690","Compounds, inorganic or organic (excluding cerium), of rare-earth metals, of yttrium, scandium or of mixtures of these metals","2024","9995315.47"
"Japan","France","Import","Rare Earth Elements","284690","Compounds, inorganic or organic (excluding cerium), of rare-earth metals, of yttrium, scandium or of mixtures of these metals","2024","296261.4701995"
"Japan","United Kingdom","Export","Rare Earth Elements","284690","Compounds, inorganic or organic (excluding cerium), of rare-earth metals, of yttrium, scandium or of mixtures of these metals","2024","184274.83"
"Japan","United Kingdom","Import","Rare Earth Elements","284690","Compounds, inorganic or organic (excluding cerium), of rare-earth metals, of yttrium, scandium or of mixtures of these metals","2024","150713.8729743"
"Japan","Hong Kong, China","Export","Rare Earth Elements","284690","Compounds, inorganic or organic (excluding cerium), of rare-earth metals, of yttrium, scandium or of mixtures of these metals","2024","24576.14"
"Japan","Indonesia","Export","Rare Earth Elements","284690","Compounds, inorganic or organic (excluding cerium), of rare-earth metals, of yttrium, scandium or of mixtures of these metals","2024","22442.25"
"Japan","India","Export","Rare Earth Elements","284690","Compounds, inorganic or organic (excluding cerium), of rare-earth metals, of yttrium, scandium or of mixtures of these metals","2024","8199777.19"
"Japan","India","Import","Rare Earth Elements","284690","Compounds, inorganic or organic (excluding cerium), of rare-earth metals, of yttrium, scandium or of mixtures of these metals","2024","2135818.9938959"
"Japan","Italy","Import","Rare Earth Elements","284690","Compounds, inorganic or organic (excluding cerium), of rare-earth metals, of yttrium, scandium or of mixtures of these metals","2024","8942149.4597681"
"Japan","Italy","Export","Rare Earth Elements","284690","Compounds, inorganic or organic (excluding cerium), of rare-earth metals, of yttrium, scandium or of mixtures of these metals","2024","31440.29"
"Japan","Cambodia","Import","Rare Earth Elements","284690","Compounds, inorganic or organic (excluding cerium), of rare-earth metals, of yttrium, scandium or of mixtures of these metals","2024","15749.8738952"
"Japan","Korea, Republic of","Export","Rare Earth Elements","284690","Compounds, inorganic or organic (excluding cerium), of rare-earth metals, of yttrium, scandium or of mixtures of these metals","2024","14488039.18"
"Japan","Korea, Republic of","Import","Rare Earth Elements","284690","Compounds, inorganic or organic (excluding cerium), of rare-earth metals, of yttrium, scandium or of mixtures of these metals","2024","1885783.1393192"
"Japan","North Macedonia","Export","Rare Earth Elements","284690","Compounds, inorganic or organic (excluding cerium), of rare-earth metals, of yttrium, scandium or of mixtures of these metals","2024","552573.43"
"Japan","Malaysia","Export","Rare Earth Elements","284690","Compounds, inorganic or organic (excluding cerium), of rare-earth metals, of yttrium, scandium or of mixtures of these metals","2024","5309972.94"
"Japan","Netherlands","Export","Rare Earth Elements","284690","Compounds, inorganic or organic (excluding cerium), of rare-earth metals, of yttrium, scandium or of mixtures of these metals","2024","58678.84"
"Japan","Philippines","Export","Rare Earth Elements","284690","Compounds, inorganic or organic (excluding cerium), of rare-earth metals, of yttrium, scandium or of mixtures of these metals","2024","22906477.98"
"Japan","Philippines","Import","Rare Earth Elements","284690","Compounds, inorganic or organic (excluding cerium), of rare-earth metals, of yttrium, scandium or of mixtures of these metals","2024","4192545.0807981"
"Japan","Poland","Export","Rare Earth Elements","284690","Compounds, inorganic or organic (excluding cerium), of rare-earth metals, of yttrium, scandium or of mixtures of these metals","2024","154869.34"
"Japan","Russian Federation","Import","Rare Earth Elements","284690","Compounds, inorganic or organic (excluding cerium), of rare-earth metals, of yttrium, scandium or of mixtures of these metals","2024","7333.2047079"
"Japan","Singapore","Export","Rare Earth Elements","284690","Compounds, inorganic or organic (excluding cerium), of rare-earth metals, of yttrium, scandium or of mixtures of these metals","2024","69784.35"
"Japan","El Salvador","Export","Rare Earth Elements","284690","Compounds, inorganic or organic (excluding cerium), of rare-earth metals, of yttrium, scandium or of mixtures of these metals","2024","93871.62"
"Japan","Slovenia","Export","Rare Earth Elements","284690","Compounds, inorganic or organic (excluding cerium), of rare-earth metals, of yttrium, scandium or of mixtures of these metals","2024","1625.2"
"Japan","Thailand","Export","Rare Earth Elements","284690","Compounds, inorganic or organic (excluding cerium), of rare-earth metals, of yttrium, scandium or of mixtures of these metals","2024","9362314.63"
"Japan","Thailand","Import","Rare Earth Elements","284690","Compounds, inorganic or organic (excluding cerium), of rare-earth metals, of yttrium, scandium or of mixtures of these metals","2024","24252.4274619"
"Japan","United States of America","Export","Rare Earth Elements","284690","Compounds, inorganic or organic (excluding cerium), of rare-earth metals, of yttrium, scandium or of mixtures of these metals","2024","7552327.96"
"Japan","United States of America","Import","Rare Earth Elements","284690","Compounds, inorganic or organic (excluding cerium), of rare-earth metals, of yttrium, scandium or of mixtures of these metals","2024","426891.6113612"
"Japan","Viet Nam","Export","Rare Earth Elements","284690","Compounds, inorganic or organic (excluding cerium), of rare-earth metals, of yttrium, scandium or of mixtures of these metals","2024","45319246.35"
"Japan","Viet Nam","Import","Rare Earth Elements","284690","Compounds, inorganic or organic (excluding cerium), of rare-earth metals, of yttrium, scandium or of mixtures of these metals","2024","1668753.3124187"
"Japan","World","Export","Rare Earth Elements","284690","Compounds, inorganic or organic (excluding cerium), of rare-earth metals, of yttrium, scandium or of mixtures of these metals","2024","154809074.19"
"Japan","World","Import","Rare Earth Elements","284690","Compounds, inorganic or organic (excluding cerium), of rare-earth metals, of yttrium, scandium or of mixtures of these metals","2024","149481029.1331266"
"Japan","South Africa","Export","Rare Earth Elements","284690","Compounds, inorganic or organic (excluding cerium), of rare-earth metals, of yttrium, scandium or of mixtures of these metals","2024","782466.07"
"Kazakhstan","China","Import","Rare Earth Elements","280530","Earth-metals, rare; scandium and yttrium, whether or not intermixed or interalloyed","2024","612"
"Kazakhstan","Germany","Import","Rare Earth Elements","280530","Earth-metals, rare; scandium and yttrium, whether or not intermixed or interalloyed","2024","143.35"
"Kazakhstan","European Union","Import","Rare Earth Elements","280530","Earth-metals, rare; scandium and yttrium, whether or not intermixed or interalloyed","2024","143.35"
"Kazakhstan","Russian Federation","Import","Rare Earth Elements","280530","Earth-metals, rare; scandium and yttrium, whether or not intermixed or interalloyed","2024","5129.86"
"Kazakhstan","Russian Federation","Export","Rare Earth Elements","280530","Earth-metals, rare; scandium and yttrium, whether or not intermixed or interalloyed","2024","54.29"
"Kazakhstan","United States of America","Import","Rare Earth Elements","280530","Earth-metals, rare; scandium and yttrium, whether or not intermixed or interalloyed","2024","205.94"
"Kazakhstan","World","Import","Rare Earth Elements","280530","Earth-metals, rare; scandium and yttrium, whether or not intermixed or interalloyed","2024","6091.15"
"Kazakhstan","World","Export","Rare Earth Elements","280530","Earth-metals, rare; scandium and yttrium, whether or not intermixed or interalloyed","2024","54.29"
"Kazakhstan","Austria","Import","Rare Earth Elements","284610","Cerium compounds","2024","499.82"
"Kazakhstan","China","Import","Rare Earth Elements","284610","Cerium compounds","2024","114474.52"
"Kazakhstan","Germany","Import","Rare Earth Elements","284610","Cerium compounds","2024","3430.07"
"Kazakhstan","European Union","Import","Rare Earth Elements","284610","Cerium compounds","2024","4523.77"
"Kazakhstan","France","Import","Rare Earth Elements","284610","Cerium compounds","2024","593.88"
"Kazakhstan","India","Import","Rare Earth Elements","284610","Cerium compounds","2024","175.76"
"Kazakhstan","Russian Federation","Export","Rare Earth Elements","284610","Cerium compounds","2024","137371.6"
"Kazakhstan","Russian Federation","Import","Rare Earth Elements","284610","Cerium compounds","2024","11191"
"Kazakhstan","United States of America","Import","Rare Earth Elements","284610","Cerium compounds","2024","143.91"
"Kazakhstan","World","Export","Rare Earth Elements","284610","Cerium compounds","2024","137371.6"
"Kazakhstan","World","Import","Rare Earth Elements","284610","Cerium compounds","2024","130508.96"
"Kazakhstan","Austria","Import","Rare Earth Elements","284690","Compounds, inorganic or organic (excluding cerium), of rare-earth metals, of yttrium, scandium or of mixtures of these metals","2024","175.72"
"Kazakhstan","China","Import","Rare Earth Elements","284690","Compounds, inorganic or organic (excluding cerium), of rare-earth metals, of yttrium, scandium or of mixtures of these metals","2024","307329.72"
"Kazakhstan","China","Export","Rare Earth Elements","284690","Compounds, inorganic or organic (excluding cerium), of rare-earth metals, of yttrium, scandium or of mixtures of these metals","2024","99303.21"
"Kazakhstan","Germany","Import","Rare Earth Elements","284690","Compounds, inorganic or organic (excluding cerium), of rare-earth metals, of yttrium, scandium or of mixtures of these metals","2024","2435.33"
"Kazakhstan","European Union","Import","Rare Earth Elements","284690","Compounds, inorganic or organic (excluding cerium), of rare-earth metals, of yttrium, scandium or of mixtures of these metals","2024","4682.96"
"Kazakhstan","Spain","Import","Rare Earth Elements","284690","Compounds, inorganic or organic (excluding cerium), of rare-earth metals, of yttrium, scandium or of mixtures of these metals","2024","266.01"
"Kazakhstan","France","Import","Rare Earth Elements","284690","Compounds, inorganic or organic (excluding cerium), of rare-earth metals, of yttrium, scandium or of mixtures of these metals","2024","1805.9"
"Kazakhstan","United Kingdom","Import","Rare Earth Elements","284690","Compounds, inorganic or organic (excluding cerium), of rare-earth metals, of yttrium, scandium or of mixtures of these metals","2024","596.42"
"Kazakhstan","India","Import","Rare Earth Elements","284690","Compounds, inorganic or organic (excluding cerium), of rare-earth metals, of yttrium, scandium or of mixtures of these metals","2024","75.67"
"Kazakhstan","Norway","Import","Rare Earth Elements","284690","Compounds, inorganic or organic (excluding cerium), of rare-earth metals, of yttrium, scandium or of mixtures of these metals","2024","1634.87"
"Kazakhstan","Russian Federation","Import","Rare Earth Elements","284690","Compounds, inorganic or organic (excluding cerium), of rare-earth metals, of yttrium, scandium or of mixtures of these metals","2024","726.93"
"Kazakhstan","Russian Federation","Export","Rare Earth Elements","284690","Compounds, inorganic or organic (excluding cerium), of rare-earth metals, of yttrium, scandium or of mixtures of these metals","2024","595.83"
"Kazakhstan","Turkiye","Import","Rare Earth Elements","284690","Compounds, inorganic or organic (excluding cerium), of rare-earth metals, of yttrium, scandium or of mixtures of these metals","2024","280.08"
"Kazakhstan","United States of America","Import","Rare Earth Elements","284690","Compounds, inorganic or organic (excluding cerium), of rare-earth metals, of yttrium, scandium or of mixtures of these metals","2024","5197.69"
"Kazakhstan","World","Import","Rare Earth Elements","284690","Compounds, inorganic or organic (excluding cerium), of rare-earth metals, of yttrium, scandium or of mixtures of these metals","2024","320524.34"
"Kazakhstan","World","Export","Rare Earth Elements","284690","Compounds, inorganic or organic (excluding cerium), of rare-earth metals, of yttrium, scandium or of mixtures of these metals","2024","99899.04"
"Kenya","Germany","Import","Rare Earth Elements","284610","Cerium compounds","2024","667.88"
"Kenya","European Union","Import","Rare Earth Elements","284610","Cerium compounds","2024","667.88"
"Kenya","India","Import","Rare Earth Elements","284610","Cerium compounds","2024","345.3"
"Kenya","World","Import","Rare Earth Elements","284610","Cerium compounds","2024","1013.18"
"Kenya","Austria","Import","Rare Earth Elements","284690","Compounds, inorganic or organic (excluding cerium), of rare-earth metals, of yttrium, scandium or of mixtures of these metals","2024","535.49"
"Kenya","European Union","Import","Rare Earth Elements","284690","Compounds, inorganic or organic (excluding cerium), of rare-earth metals, of yttrium, scandium or of mixtures of these metals","2024","535.49"
"Kenya","United Kingdom","Import","Rare Earth Elements","284690","Compounds, inorganic or organic (excluding cerium), of rare-earth metals, of yttrium, scandium or of mixtures of these metals","2024","426.89"
"Kenya","India","Import","Rare Earth Elements","284690","Compounds, inorganic or organic (excluding cerium), of rare-earth metals, of yttrium, scandium or of mixtures of these metals","2024","5011.49"
"Kenya","Israel","Import","Rare Earth Elements","284690","Compounds, inorganic or organic (excluding cerium), of rare-earth metals, of yttrium, scandium or of mixtures of these metals","2024","151.3"
"Kenya","Rwanda","Export","Rare Earth Elements","284690","Compounds, inorganic or organic (excluding cerium), of rare-earth metals, of yttrium, scandium or of mixtures of these metals","2024","22089.67"
"Kenya","World","Export","Rare Earth Elements","284690","Compounds, inorganic or organic (excluding cerium), of rare-earth metals, of yttrium, scandium or of mixtures of these metals","2024","22089.67"
"Kenya","World","Import","Rare Earth Elements","284690","Compounds, inorganic or organic (excluding cerium), of rare-earth metals, of yttrium, scandium or of mixtures of these metals","2024","6469.21"
"Kenya","South Africa","Import","Rare Earth Elements","284690","Compounds, inorganic or organic (excluding cerium), of rare-earth metals, of yttrium, scandium or of mixtures of these metals","2024","344.04"
"Korea, Republic of","Australia","Export","Rare Earth Elements","280530","Earth-metals, rare; scandium and yttrium, whether or not intermixed or interalloyed","2024","552"
"Korea, Republic of","Belgium","Import","Rare Earth Elements","280530","Earth-metals, rare; scandium and yttrium, whether or not intermixed or interalloyed","2024","1653"
"Korea, Republic of","Canada","Import","Rare Earth Elements","280530","Earth-metals, rare; scandium and yttrium, whether or not intermixed or interalloyed","2024","10"
"Korea, Republic of","China","Import","Rare Earth Elements","280530","Earth-metals, rare; scandium and yttrium, whether or not intermixed or interalloyed","2024","7901697"
"Korea, Republic of","China","Export","Rare Earth Elements","280530","Earth-metals, rare; scandium and yttrium, whether or not intermixed or interalloyed","2024","776830"
"Korea, Republic of","Chinese Taipei","Export","Rare Earth Elements","280530","Earth-metals, rare; scandium and yttrium, whether or not intermixed or interalloyed","2024","5447"
"Korea, Republic of","Germany","Import","Rare Earth Elements","280530","Earth-metals, rare; scandium and yttrium, whether or not intermixed or interalloyed","2024","25712"
"Korea, Republic of","Germany","Export","Rare Earth Elements","280530","Earth-metals, rare; scandium and yttrium, whether or not intermixed or interalloyed","2024","7000"
"Korea, Republic of","European Union","Import","Rare Earth Elements","280530","Earth-metals, rare; scandium and yttrium, whether or not intermixed or interalloyed","2024","27537"
"Korea, Republic of","European Union","Export","Rare Earth Elements","280530","Earth-metals, rare; scandium and yttrium, whether or not intermixed or interalloyed","2024","7000"
"Korea, Republic of","United Kingdom","Import","Rare Earth Elements","280530","Earth-metals, rare; scandium and yttrium, whether or not intermixed or interalloyed","2024","9447"
"Korea, Republic of","Indonesia","Export","Rare Earth Elements","280530","Earth-metals, rare; scandium and yttrium, whether or not intermixed or interalloyed","2024","115"
"Korea, Republic of","India","Export","Rare Earth Elements","280530","Earth-metals, rare; scandium and yttrium, whether or not intermixed or interalloyed","2024","980"
"Korea, Republic of","India","Import","Rare Earth Elements","280530","Earth-metals, rare; scandium and yttrium, whether or not intermixed or interalloyed","2024","256"
"Korea, Republic of","Japan","Import","Rare Earth Elements","280530","Earth-metals, rare; scandium and yttrium, whether or not intermixed or interalloyed","2024","1015333"
"Korea, Republic of","Japan","Export","Rare Earth Elements","280530","Earth-metals, rare; scandium and yttrium, whether or not intermixed or interalloyed","2024","7836"
"Korea, Republic of","Nigeria","Export","Rare Earth Elements","280530","Earth-metals, rare; scandium and yttrium, whether or not intermixed or interalloyed","2024","15218"
"Korea, Republic of","Netherlands","Import","Rare Earth Elements","280530","Earth-metals, rare; scandium and yttrium, whether or not intermixed or interalloyed","2024","172"
"Korea, Republic of","Singapore","Export","Rare Earth Elements","280530","Earth-metals, rare; scandium and yttrium, whether or not intermixed or interalloyed","2024","4984"
"Korea, Republic of","Thailand","Export","Rare Earth Elements","280530","Earth-metals, rare; scandium and yttrium, whether or not intermixed or interalloyed","2024","157"
"Korea, Republic of","United States of America","Import","Rare Earth Elements","280530","Earth-metals, rare; scandium and yttrium, whether or not intermixed or interalloyed","2024","423148"
"Korea, Republic of","United States of America","Export","Rare Earth Elements","280530","Earth-metals, rare; scandium and yttrium, whether or not intermixed or interalloyed","2024","112435"
"Korea, Republic of","Viet Nam","Export","Rare Earth Elements","280530","Earth-metals, rare; scandium and yttrium, whether or not intermixed or interalloyed","2024","251883"
"Korea, Republic of","Viet Nam","Import","Rare Earth Elements","280530","Earth-metals, rare; scandium and yttrium, whether or not intermixed or interalloyed","2024","225"
"Korea, Republic of","World","Import","Rare Earth Elements","280530","Earth-metals, rare; scandium and yttrium, whether or not intermixed or interalloyed","2024","9900180"
"Korea, Republic of","World","Export","Rare Earth Elements","280530","Earth-metals, rare; scandium and yttrium, whether or not intermixed or interalloyed","2024","1183437"
"Korea, Republic of","South Africa","Import","Rare Earth Elements","280530","Earth-metals, rare; scandium and yttrium, whether or not intermixed or interalloyed","2024","522527"
"Korea, Republic of","United Arab Emirates","Export","Rare Earth Elements","284610","Cerium compounds","2024","1050"
"Korea, Republic of","Australia","Export","Rare Earth Elements","284610","Cerium compounds","2024","48"
"Korea, Republic of","Austria","Import","Rare Earth Elements","284610","Cerium compounds","2024","120818"
"Korea, Republic of","Belgium","Import","Rare Earth Elements","284610","Cerium compounds","2024","67"
"Korea, Republic of","Switzerland","Import","Rare Earth Elements","284610","Cerium compounds","2024","2113"
"Korea, Republic of","China","Import","Rare Earth Elements","284610","Cerium compounds","2024","3390663"
"Korea, Republic of","China","Export","Rare Earth Elements","284610","Cerium compounds","2024","225946"
"Korea, Republic of","Chinese Taipei","Import","Rare Earth Elements","284610","Cerium compounds","2024","7025537"
"Korea, Republic of","Chinese Taipei","Export","Rare Earth Elements","284610","Cerium compounds","2024","147084"
"Korea, Republic of","Germany","Import","Rare Earth Elements","284610","Cerium compounds","2024","115107"
"Korea, Republic of","Germany","Export","Rare Earth Elements","284610","Cerium compounds","2024","1335"
"Korea, Republic of","European Union","Import","Rare Earth Elements","284610","Cerium compounds","2024","6945600"
"Korea, Republic of","European Union","Export","Rare Earth Elements","284610","Cerium compounds","2024","1335"
"Korea, Republic of","Spain","Import","Rare Earth Elements","284610","Cerium compounds","2024","2085"
"Korea, Republic of","France","Import","Rare Earth Elements","284610","Cerium compounds","2024","6707523"
"Korea, Republic of","United Kingdom","Import","Rare Earth Elements","284610","Cerium compounds","2024","500"
"Korea, Republic of","Hong Kong, China","Import","Rare Earth Elements","284610","Cerium compounds","2024","200"
"Korea, Republic of","Hong Kong, China","Export","Rare Earth Elements","284610","Cerium compounds","2024","188"
"Korea, Republic of","Indonesia","Export","Rare Earth Elements","284610","Cerium compounds","2024","488"
"Korea, Republic of","India","Import","Rare Earth Elements","284610","Cerium compounds","2024","507461"
"Korea, Republic of","India","Export","Rare Earth Elements","284610","Cerium compounds","2024","1301"
"Korea, Republic of","Japan","Import","Rare Earth Elements","284610","Cerium compounds","2024","6953067"
"Korea, Republic of","Japan","Export","Rare Earth Elements","284610","Cerium compounds","2024","640"
"Korea, Republic of","Malaysia","Import","Rare Earth Elements","284610","Cerium compounds","2024","2112"
"Korea, Republic of","Malaysia","Export","Rare Earth Elements","284610","Cerium compounds","2024","1022"
"Korea, Republic of","New Zealand","Export","Rare Earth Elements","284610","Cerium compounds","2024","106"
"Korea, Republic of","Pakistan","Export","Rare Earth Elements","284610","Cerium compounds","2024","343"
"Korea, Republic of","Philippines","Export","Rare Earth Elements","284610","Cerium compounds","2024","495"
"Korea, Republic of","Russian Federation","Import","Rare Earth Elements","284610","Cerium compounds","2024","844"
"Korea, Republic of","Singapore","Export","Rare Earth Elements","284610","Cerium compounds","2024","2028"
"Korea, Republic of","Thailand","Export","Rare Earth Elements","284610","Cerium compounds","2024","2748"
"Korea, Republic of","Turkiye","Import","Rare Earth Elements","284610","Cerium compounds","2024","3655"
"Korea, Republic of","Ukraine","Import","Rare Earth Elements","284610","Cerium compounds","2024","35"
"Korea, Republic of","United States of America","Import","Rare Earth Elements","284610","Cerium compounds","2024","263111"
"Korea, Republic of","United States of America","Export","Rare Earth Elements","284610","Cerium compounds","2024","7265"
"Korea, Republic of","Viet Nam","Export","Rare Earth Elements","284610","Cerium compounds","2024","862"
"Korea, Republic of","World","Import","Rare Earth Elements","284610","Cerium compounds","2024","25094898"
"Korea, Republic of","World","Export","Rare Earth Elements","284610","Cerium compounds","2024","392949"
"Korea, Republic of","United Arab Emirates","Export","Rare Earth Elements","284690","Compounds, inorganic or organic (excluding cerium), of rare-earth metals, of yttrium, scandium or of mixtures of these metals","2024","5260"
"Korea, Republic of","Armenia","Import","Rare Earth Elements","284690","Compounds, inorganic or organic (excluding cerium), of rare-earth metals, of yttrium, scandium or of mixtures of these metals","2024","7411"
"Korea, Republic of","Australia","Export","Rare Earth Elements","284690","Compounds, inorganic or organic (excluding cerium), of rare-earth metals, of yttrium, scandium or of mixtures of these metals","2024","68543"
"Korea, Republic of","Australia","Import","Rare Earth Elements","284690","Compounds, inorganic or organic (excluding cerium), of rare-earth metals, of yttrium, scandium or of mixtures of these metals","2024","290"
"Korea, Republic of","Austria","Import","Rare Earth Elements","284690","Compounds, inorganic or organic (excluding cerium), of rare-earth metals, of yttrium, scandium or of mixtures of these metals","2024","215438"
"Korea, Republic of","Austria","Export","Rare Earth Elements","284690","Compounds, inorganic or organic (excluding cerium), of rare-earth metals, of yttrium, scandium or of mixtures of these metals","2024","2598"
"Korea, Republic of","Brazil","Export","Rare Earth Elements","284690","Compounds, inorganic or organic (excluding cerium), of rare-earth metals, of yttrium, scandium or of mixtures of these metals","2024","21860"
"Korea, Republic of","Brazil","Import","Rare Earth Elements","284690","Compounds, inorganic or organic (excluding cerium), of rare-earth metals, of yttrium, scandium or of mixtures of these metals","2024","18"
"Korea, Republic of","Canada","Import","Rare Earth Elements","284690","Compounds, inorganic or organic (excluding cerium), of rare-earth metals, of yttrium, scandium or of mixtures of these metals","2024","2741"
"Korea, Republic of","Canada","Export","Rare Earth Elements","284690","Compounds, inorganic or organic (excluding cerium), of rare-earth metals, of yttrium, scandium or of mixtures of these metals","2024","1232"
"Korea, Republic of","Switzerland","Export","Rare Earth Elements","284690","Compounds, inorganic or organic (excluding cerium), of rare-earth metals, of yttrium, scandium or of mixtures of these metals","2024","858200"
"Korea, Republic of","Switzerland","Import","Rare Earth Elements","284690","Compounds, inorganic or organic (excluding cerium), of rare-earth metals, of yttrium, scandium or of mixtures of these metals","2024","1617"
"Korea, Republic of","China","Import","Rare Earth Elements","284690","Compounds, inorganic or organic (excluding cerium), of rare-earth metals, of yttrium, scandium or of mixtures of these metals","2024","38426576"
"Korea, Republic of","China","Export","Rare Earth Elements","284690","Compounds, inorganic or organic (excluding cerium), of rare-earth metals, of yttrium, scandium or of mixtures of these metals","2024","8412527"
"Korea, Republic of","Chinese Taipei","Export","Rare Earth Elements","284690","Compounds, inorganic or organic (excluding cerium), of rare-earth metals, of yttrium, scandium or of mixtures of these metals","2024","488150"
"Korea, Republic of","Chinese Taipei","Import","Rare Earth Elements","284690","Compounds, inorganic or organic (excluding cerium), of rare-earth metals, of yttrium, scandium or of mixtures of these metals","2024","13"
"Korea, Republic of","Czech Republic","Import","Rare Earth Elements","284690","Compounds, inorganic or organic (excluding cerium), of rare-earth metals, of yttrium, scandium or of mixtures of these metals","2024","8783"
"Korea, Republic of","Germany","Import","Rare Earth Elements","284690","Compounds, inorganic or organic (excluding cerium), of rare-earth metals, of yttrium, scandium or of mixtures of these metals","2024","901033"
"Korea, Republic of","Germany","Export","Rare Earth Elements","284690","Compounds, inorganic or organic (excluding cerium), of rare-earth metals, of yttrium, scandium or of mixtures of these metals","2024","621816"
"Korea, Republic of","Denmark","Export","Rare Earth Elements","284690","Compounds, inorganic or organic (excluding cerium), of rare-earth metals, of yttrium, scandium or of mixtures of these metals","2024","1345"
"Korea, Republic of","European Union","Import","Rare Earth Elements","284690","Compounds, inorganic or organic (excluding cerium), of rare-earth metals, of yttrium, scandium or of mixtures of these metals","2024","1432432"
"Korea, Republic of","European Union","Export","Rare Earth Elements","284690","Compounds, inorganic or organic (excluding cerium), of rare-earth metals, of yttrium, scandium or of mixtures of these metals","2024","873705"
"Korea, Republic of","Spain","Export","Rare Earth Elements","284690","Compounds, inorganic or organic (excluding cerium), of rare-earth metals, of yttrium, scandium or of mixtures of these metals","2024","19127"
"Korea, Republic of","Finland","Export","Rare Earth Elements","284690","Compounds, inorganic or organic (excluding cerium), of rare-earth metals, of yttrium, scandium or of mixtures of these metals","2024","5998"
"Korea, Republic of","France","Import","Rare Earth Elements","284690","Compounds, inorganic or organic (excluding cerium), of rare-earth metals, of yttrium, scandium or of mixtures of these metals","2024","305798"
"Korea, Republic of","France","Export","Rare Earth Elements","284690","Compounds, inorganic or organic (excluding cerium), of rare-earth metals, of yttrium, scandium or of mixtures of these metals","2024","15436"
"Korea, Republic of","United Kingdom","Export","Rare Earth Elements","284690","Compounds, inorganic or organic (excluding cerium), of rare-earth metals, of yttrium, scandium or of mixtures of these metals","2024","29113"
"Korea, Republic of","United Kingdom","Import","Rare Earth Elements","284690","Compounds, inorganic or organic (excluding cerium), of rare-earth metals, of yttrium, scandium or of mixtures of these metals","2024","299"
"Korea, Republic of","Hong Kong, China","Import","Rare Earth Elements","284690","Compounds, inorganic or organic (excluding cerium), of rare-earth metals, of yttrium, scandium or of mixtures of these metals","2024","688"
"Korea, Republic of","Hong Kong, China","Export","Rare Earth Elements","284690","Compounds, inorganic or organic (excluding cerium), of rare-earth metals, of yttrium, scandium or of mixtures of these metals","2024","462"
"Korea, Republic of","Indonesia","Export","Rare Earth Elements","284690","Compounds, inorganic or organic (excluding cerium), of rare-earth metals, of yttrium, scandium or of mixtures of these metals","2024","845"
"Korea, Republic of","India","Export","Rare Earth Elements","284690","Compounds, inorganic or organic (excluding cerium), of rare-earth metals, of yttrium, scandium or of mixtures of these metals","2024","384261"
"Korea, Republic of","India","Import","Rare Earth Elements","284690","Compounds, inorganic or organic (excluding cerium), of rare-earth metals, of yttrium, scandium or of mixtures of these metals","2024","6140"
"Korea, Republic of","Ireland","Import","Rare Earth Elements","284690","Compounds, inorganic or organic (excluding cerium), of rare-earth metals, of yttrium, scandium or of mixtures of these metals","2024","1380"
"Korea, Republic of","Italy","Export","Rare Earth Elements","284690","Compounds, inorganic or organic (excluding cerium), of rare-earth metals, of yttrium, scandium or of mixtures of these metals","2024","188620"
"Korea, Republic of","Japan","Import","Rare Earth Elements","284690","Compounds, inorganic or organic (excluding cerium), of rare-earth metals, of yttrium, scandium or of mixtures of these metals","2024","14218532"
"Korea, Republic of","Japan","Export","Rare Earth Elements","284690","Compounds, inorganic or organic (excluding cerium), of rare-earth metals, of yttrium, scandium or of mixtures of these metals","2024","2293831"
"Korea, Republic of","Malaysia","Export","Rare Earth Elements","284690","Compounds, inorganic or organic (excluding cerium), of rare-earth metals, of yttrium, scandium or of mixtures of these metals","2024","3193"
"Korea, Republic of","Netherlands","Export","Rare Earth Elements","284690","Compounds, inorganic or organic (excluding cerium), of rare-earth metals, of yttrium, scandium or of mixtures of these metals","2024","3950"
"Korea, Republic of","Norway","Export","Rare Earth Elements","284690","Compounds, inorganic or organic (excluding cerium), of rare-earth metals, of yttrium, scandium or of mixtures of these metals","2024","8208146"
"Korea, Republic of","New Zealand","Export","Rare Earth Elements","284690","Compounds, inorganic or organic (excluding cerium), of rare-earth metals, of yttrium, scandium or of mixtures of these metals","2024","25"
"Korea, Republic of","Philippines","Export","Rare Earth Elements","284690","Compounds, inorganic or organic (excluding cerium), of rare-earth metals, of yttrium, scandium or of mixtures of these metals","2024","43760"
"Korea, Republic of","Poland","Export","Rare Earth Elements","284690","Compounds, inorganic or organic (excluding cerium), of rare-earth metals, of yttrium, scandium or of mixtures of these metals","2024","14815"
"Korea, Republic of","Russian Federation","Import","Rare Earth Elements","284690","Compounds, inorganic or organic (excluding cerium), of rare-earth metals, of yttrium, scandium or of mixtures of these metals","2024","381402"
"Korea, Republic of","Singapore","Export","Rare Earth Elements","284690","Compounds, inorganic or organic (excluding cerium), of rare-earth metals, of yttrium, scandium or of mixtures of these metals","2024","338573"
"Korea, Republic of","Thailand","Export","Rare Earth Elements","284690","Compounds, inorganic or organic (excluding cerium), of rare-earth metals, of yttrium, scandium or of mixtures of these metals","2024","1882"
"Korea, Republic of","Turkiye","Export","Rare Earth Elements","284690","Compounds, inorganic or organic (excluding cerium), of rare-earth metals, of yttrium, scandium or of mixtures of these metals","2024","134587"
"Korea, Republic of","Turkiye","Import","Rare Earth Elements","284690","Compounds, inorganic or organic (excluding cerium), of rare-earth metals, of yttrium, scandium or of mixtures of these metals","2024","16709"
"Korea, Republic of","Ukraine","Import","Rare Earth Elements","284690","Compounds, inorganic or organic (excluding cerium), of rare-earth metals, of yttrium, scandium or of mixtures of these metals","2024","506"
"Korea, Republic of","United States of America","Import","Rare Earth Elements","284690","Compounds, inorganic or organic (excluding cerium), of rare-earth metals, of yttrium, scandium or of mixtures of these metals","2024","8400339"
"Korea, Republic of","United States of America","Export","Rare Earth Elements","284690","Compounds, inorganic or organic (excluding cerium), of rare-earth metals, of yttrium, scandium or of mixtures of these metals","2024","4018104"
"Korea, Republic of","Viet Nam","Export","Rare Earth Elements","284690","Compounds, inorganic or organic (excluding cerium), of rare-earth metals, of yttrium, scandium or of mixtures of these metals","2024","91756"
"Korea, Republic of","Viet Nam","Import","Rare Earth Elements","284690","Compounds, inorganic or organic (excluding cerium), of rare-earth metals, of yttrium, scandium or of mixtures of these metals","2024","13"
"Korea, Republic of","World","Import","Rare Earth Elements","284690","Compounds, inorganic or organic (excluding cerium), of rare-earth metals, of yttrium, scandium or of mixtures of these metals","2024","62895726"
"Korea, Republic of","World","Export","Rare Earth Elements","284690","Compounds, inorganic or organic (excluding cerium), of rare-earth metals, of yttrium, scandium or of mixtures of these metals","2024","26278015"
"Kuwait, the State of","India","Import","Rare Earth Elements","284690","Compounds, inorganic or organic (excluding cerium), of rare-earth metals, of yttrium, scandium or of mixtures of these metals","2024","263"
"Kuwait, the State of","World","Import","Rare Earth Elements","284690","Compounds, inorganic or organic (excluding cerium), of rare-earth metals, of yttrium, scandium or of mixtures of these metals","2024","263"
"Lebanese Republic","United States of America","Import","Rare Earth Elements","280530","Earth-metals, rare; scandium and yttrium, whether or not intermixed or interalloyed","2024","271"
"Lebanese Republic","World","Import","Rare Earth Elements","280530","Earth-metals, rare; scandium and yttrium, whether or not intermixed or interalloyed","2024","271"
"Lebanese Republic","European Union","Import","Rare Earth Elements","284610","Cerium compounds","2024","611"
"Lebanese Republic","Italy","Import","Rare Earth Elements","284610","Cerium compounds","2024","611"
"Lebanese Republic","United States of America","Import","Rare Earth Elements","284610","Cerium compounds","2024","564"
"Lebanese Republic","World","Import","Rare Earth Elements","284610","Cerium compounds","2024","1175"
"Lebanese Republic","China","Import","Rare Earth Elements","284690","Compounds, inorganic or organic (excluding cerium), of rare-earth metals, of yttrium, scandium or of mixtures of these metals","2024","190"
"Lebanese Republic","India","Import","Rare Earth Elements","284690","Compounds, inorganic or organic (excluding cerium), of rare-earth metals, of yttrium, scandium or of mixtures of these metals","2024","50"
"Lebanese Republic","Turkiye","Import","Rare Earth Elements","284690","Compounds, inorganic or organic (excluding cerium), of rare-earth metals, of yttrium, scandium or of mixtures of these metals","2024","527"
"Lebanese Republic","Ukraine","Import","Rare Earth Elements","284690","Compounds, inorganic or organic (excluding cerium), of rare-earth metals, of yttrium, scandium or of mixtures of these metals","2024","72"
"Lebanese Republic","United States of America","Import","Rare Earth Elements","284690","Compounds, inorganic or organic (excluding cerium), of rare-earth metals, of yttrium, scandium or of mixtures of these metals","2024","925"
"Lebanese Republic","World","Import","Rare Earth Elements","284690","Compounds, inorganic or organic (excluding cerium), of rare-earth metals, of yttrium, scandium or of mixtures of these metals","2024","1764"
"Sri Lanka","China","Import","Rare Earth Elements","280530","Earth-metals, rare; scandium and yttrium, whether or not intermixed or interalloyed","2024","1.4"
"Sri Lanka","World","Import","Rare Earth Elements","280530","Earth-metals, rare; scandium and yttrium, whether or not intermixed or interalloyed","2024","1.4"
"Sri Lanka","United Arab Emirates","Import","Rare Earth Elements","284610","Cerium compounds","2024","58.97"
"Sri Lanka","United Kingdom","Import","Rare Earth Elements","284610","Cerium compounds","2024","98.53"
"Sri Lanka","India","Import","Rare Earth Elements","284610","Cerium compounds","2024","145.08"
"Sri Lanka","World","Import","Rare Earth Elements","284610","Cerium compounds","2024","302.58"
"Sri Lanka","Belgium","Import","Rare Earth Elements","284690","Compounds, inorganic or organic (excluding cerium), of rare-earth metals, of yttrium, scandium or of mixtures of these metals","2024","82.71"
"Sri Lanka","China","Import","Rare Earth Elements","284690","Compounds, inorganic or organic (excluding cerium), of rare-earth metals, of yttrium, scandium or of mixtures of these metals","2024","880.81"
"Sri Lanka","Denmark","Import","Rare Earth Elements","284690","Compounds, inorganic or organic (excluding cerium), of rare-earth metals, of yttrium, scandium or of mixtures of these metals","2024","969.48"
"Sri Lanka","European Union","Import","Rare Earth Elements","284690","Compounds, inorganic or organic (excluding cerium), of rare-earth metals, of yttrium, scandium or of mixtures of these metals","2024","1088.82"
"Sri Lanka","India","Import","Rare Earth Elements","284690","Compounds, inorganic or organic (excluding cerium), of rare-earth metals, of yttrium, scandium or of mixtures of these metals","2024","709.78"
"Sri Lanka","Japan","Import","Rare Earth Elements","284690","Compounds, inorganic or organic (excluding cerium), of rare-earth metals, of yttrium, scandium or of mixtures of these metals","2024","11387.29"
"Sri Lanka","Portugal","Import","Rare Earth Elements","284690","Compounds, inorganic or organic (excluding cerium), of rare-earth metals, of yttrium, scandium or of mixtures of these metals","2024","36.63"
"Sri Lanka","World","Import","Rare Earth Elements","284690","Compounds, inorganic or organic (excluding cerium), of rare-earth metals, of yttrium, scandium or of mixtures of these metals","2024","14066.7"
"Lesotho","World","Import","Rare Earth Elements","280530","Earth-metals, rare; scandium and yttrium, whether or not intermixed or interalloyed","2024","411.2"
"Lesotho","South Africa","Import","Rare Earth Elements","280530","Earth-metals, rare; scandium and yttrium, whether or not intermixed or interalloyed","2024","411.2"
"Lesotho","World","Import","Rare Earth Elements","284690","Compounds, inorganic or organic (excluding cerium), of rare-earth metals, of yttrium, scandium or of mixtures of these metals","2024","1650.18"
"Lesotho","South Africa","Import","Rare Earth Elements","284690","Compounds, inorganic or organic (excluding cerium), of rare-earth metals, of yttrium, scandium or of mixtures of these metals","2024","1650.18"
"Lithuania","China","Import","Rare Earth Elements","280530","Earth-metals, rare; scandium and yttrium, whether or not intermixed or interalloyed","2024","246"
"Lithuania","France","Import","Rare Earth Elements","280530","Earth-metals, rare; scandium and yttrium, whether or not intermixed or interalloyed","2024","707"
"Lithuania","United Kingdom","Export","Rare Earth Elements","280530","Earth-metals, rare; scandium and yttrium, whether or not intermixed or interalloyed","2024","2760"
"Lithuania","United States of America","Import","Rare Earth Elements","280530","Earth-metals, rare; scandium and yttrium, whether or not intermixed or interalloyed","2024","91"
"Lithuania","World","Export","Rare Earth Elements","280530","Earth-metals, rare; scandium and yttrium, whether or not intermixed or interalloyed","2024","2760"
"Lithuania","World","Import","Rare Earth Elements","280530","Earth-metals, rare; scandium and yttrium, whether or not intermixed or interalloyed","2024","1044"
"Lithuania","Austria","Import","Rare Earth Elements","284610","Cerium compounds","2024","102803"
"Lithuania","Belgium","Import","Rare Earth Elements","284610","Cerium compounds","2024","64"
"Lithuania","Belarus","Export","Rare Earth Elements","284610","Cerium compounds","2024","167518"
"Lithuania","Germany","Import","Rare Earth Elements","284610","Cerium compounds","2024","267"
"Lithuania","Estonia","Export","Rare Earth Elements","284610","Cerium compounds","2024","2268"
"Lithuania","United Kingdom","Export","Rare Earth Elements","284610","Cerium compounds","2024","54312"
"Lithuania","United Kingdom","Import","Rare Earth Elements","284610","Cerium compounds","2024","19100"
"Lithuania","Poland","Import","Rare Earth Elements","284610","Cerium compounds","2024","40324"
"Lithuania","United States of America","Import","Rare Earth Elements","284610","Cerium compounds","2024","4861"
"Lithuania","World","Export","Rare Earth Elements","284610","Cerium compounds","2024","224098"
"Lithuania","World","Import","Rare Earth Elements","284610","Cerium compounds","2024","167419"
"Lithuania","Austria","Import","Rare Earth Elements","284690","Compounds, inorganic or organic (excluding cerium), of rare-earth metals, of yttrium, scandium or of mixtures of these metals","2024","6352"
"Lithuania","Belgium","Import","Rare Earth Elements","284690","Compounds, inorganic or organic (excluding cerium), of rare-earth metals, of yttrium, scandium or of mixtures of these metals","2024","171501"
"Lithuania","China","Import","Rare Earth Elements","284690","Compounds, inorganic or organic (excluding cerium), of rare-earth metals, of yttrium, scandium or of mixtures of these metals","2024","57"
"Lithuania","Germany","Import","Rare Earth Elements","284690","Compounds, inorganic or organic (excluding cerium), of rare-earth metals, of yttrium, scandium or of mixtures of these metals","2024","17646"
"Lithuania","Kazakhstan","Export","Rare Earth Elements","284690","Compounds, inorganic or organic (excluding cerium), of rare-earth metals, of yttrium, scandium or of mixtures of these metals","2024","1027"
"Lithuania","United States of America","Import","Rare Earth Elements","284690","Compounds, inorganic or organic (excluding cerium), of rare-earth metals, of yttrium, scandium or of mixtures of these metals","2024","268"
"Lithuania","World","Import","Rare Earth Elements","284690","Compounds, inorganic or organic (excluding cerium), of rare-earth metals, of yttrium, scandium or of mixtures of these metals","2024","195824"
"Lithuania","World","Export","Rare Earth Elements","284690","Compounds, inorganic or organic (excluding cerium), of rare-earth metals, of yttrium, scandium or of mixtures of these metals","2024","1027"
"Luxembourg","United States of America","Import","Rare Earth Elements","280530","Earth-metals, rare; scandium and yttrium, whether or not intermixed or interalloyed","2024","29.94"
"Luxembourg","World","Import","Rare Earth Elements","280530","Earth-metals, rare; scandium and yttrium, whether or not intermixed or interalloyed","2024","29.94"
"Luxembourg","Belgium","Import","Rare Earth Elements","284610","Cerium compounds","2024","669.75"
"Luxembourg","Germany","Import","Rare Earth Elements","284610","Cerium compounds","2024","164.52"
"Luxembourg","United Kingdom","Import","Rare Earth Elements","284610","Cerium compounds","2024","538.05"
"Luxembourg","World","Import","Rare Earth Elements","284610","Cerium compounds","2024","1372.32"
"Luxembourg","Belgium","Import","Rare Earth Elements","284690","Compounds, inorganic or organic (excluding cerium), of rare-earth metals, of yttrium, scandium or of mixtures of these metals","2024","53.57"
"Luxembourg","Germany","Import","Rare Earth Elements","284690","Compounds, inorganic or organic (excluding cerium), of rare-earth metals, of yttrium, scandium or of mixtures of these metals","2024","48893.17"
"Luxembourg","Germany","Export","Rare Earth Elements","284690","Compounds, inorganic or organic (excluding cerium), of rare-earth metals, of yttrium, scandium or of mixtures of these metals","2024","1454.72"
"Luxembourg","Netherlands","Import","Rare Earth Elements","284690","Compounds, inorganic or organic (excluding cerium), of rare-earth metals, of yttrium, scandium or of mixtures of these metals","2024","93192.96"
"Luxembourg","World","Import","Rare Earth Elements","284690","Compounds, inorganic or organic (excluding cerium), of rare-earth metals, of yttrium, scandium or of mixtures of these metals","2024","142139.7"
"Luxembourg","World","Export","Rare Earth Elements","284690","Compounds, inorganic or organic (excluding cerium), of rare-earth metals, of yttrium, scandium or of mixtures of these metals","2024","1454.72"
"Latvia","Finland","Import","Rare Earth Elements","280530","Earth-metals, rare; scandium and yttrium, whether or not intermixed or interalloyed","2024","365.71"
"Latvia","World","Import","Rare Earth Elements","280530","Earth-metals, rare; scandium and yttrium, whether or not intermixed or interalloyed","2024","365.71"
"Latvia","China","Import","Rare Earth Elements","284610","Cerium compounds","2024","1406.25"
"Latvia","Germany","Import","Rare Earth Elements","284610","Cerium compounds","2024","1567.62"
"Latvia","Germany","Export","Rare Earth Elements","284610","Cerium compounds","2024","356.28"
"Latvia","Poland","Export","Rare Earth Elements","284610","Cerium compounds","2024","660.16"
"Latvia","United States of America","Import","Rare Earth Elements","284610","Cerium compounds","2024","11854.61"
"Latvia","World","Import","Rare Earth Elements","284610","Cerium compounds","2024","14828.48"
"Latvia","World","Export","Rare Earth Elements","284610","Cerium compounds","2024","1016.44"
"Latvia","Germany","Import","Rare Earth Elements","284690","Compounds, inorganic or organic (excluding cerium), of rare-earth metals, of yttrium, scandium or of mixtures of these metals","2024","741.89"
"Latvia","Germany","Export","Rare Earth Elements","284690","Compounds, inorganic or organic (excluding cerium), of rare-earth metals, of yttrium, scandium or of mixtures of these metals","2024","575.28"
"Latvia","France","Import","Rare Earth Elements","284690","Compounds, inorganic or organic (excluding cerium), of rare-earth metals, of yttrium, scandium or of mixtures of these metals","2024","20455.57"
"Latvia","United Kingdom","Import","Rare Earth Elements","284690","Compounds, inorganic or organic (excluding cerium), of rare-earth metals, of yttrium, scandium or of mixtures of these metals","2024","5405.99"
"Latvia","United States of America","Import","Rare Earth Elements","284690","Compounds, inorganic or organic (excluding cerium), of rare-earth metals, of yttrium, scandium or of mixtures of these metals","2024","298.64"
"Latvia","World","Import","Rare Earth Elements","284690","Compounds, inorganic or organic (excluding cerium), of rare-earth metals, of yttrium, scandium or of mixtures of these metals","2024","26902.09"
"Latvia","World","Export","Rare Earth Elements","284690","Compounds, inorganic or organic (excluding cerium), of rare-earth metals, of yttrium, scandium or of mixtures of these metals","2024","575.28"
"Morocco","China","Import","Rare Earth Elements","280530","Earth-metals, rare; scandium and yttrium, whether or not intermixed or interalloyed","2024","2019.94"
"Morocco","World","Import","Rare Earth Elements","280530","Earth-metals, rare; scandium and yttrium, whether or not intermixed or interalloyed","2024","2019.94"
"Morocco","Australia","Import","Rare Earth Elements","284610","Cerium compounds","2024","69.2"
"Morocco","Belgium","Import","Rare Earth Elements","284610","Cerium compounds","2024","148.05"
"Morocco","China","Import","Rare Earth Elements","284610","Cerium compounds","2024","14298.62"
"Morocco","Germany","Import","Rare Earth Elements","284610","Cerium compounds","2024","480.87"
"Morocco","European Union","Import","Rare Earth Elements","284610","Cerium compounds","2024","5577.14"
"Morocco","France","Import","Rare Earth Elements","284610","Cerium compounds","2024","1170.14"
"Morocco","India","Import","Rare Earth Elements","284610","Cerium compounds","2024","1593.89"
"Morocco","Italy","Import","Rare Earth Elements","284610","Cerium compounds","2024","3778.08"
"Morocco","Russian Federation","Import","Rare Earth Elements","284610","Cerium compounds","2024","107.72"
"Morocco","United States of America","Import","Rare Earth Elements","284610","Cerium compounds","2024","4412.73"
"Morocco","World","Import","Rare Earth Elements","284610","Cerium compounds","2024","26059.3"
"Morocco","Austria","Import","Rare Earth Elements","284690","Compounds, inorganic or organic (excluding cerium), of rare-earth metals, of yttrium, scandium or of mixtures of these metals","2024","175.91"
"Morocco","Belgium","Import","Rare Earth Elements","284690","Compounds, inorganic or organic (excluding cerium), of rare-earth metals, of yttrium, scandium or of mixtures of these metals","2024","353.04"
"Morocco","China","Import","Rare Earth Elements","284690","Compounds, inorganic or organic (excluding cerium), of rare-earth metals, of yttrium, scandium or of mixtures of these metals","2024","2396.61"
"Morocco","Czech Republic","Import","Rare Earth Elements","284690","Compounds, inorganic or organic (excluding cerium), of rare-earth metals, of yttrium, scandium or of mixtures of these metals","2024","383.81"
"Morocco","Germany","Import","Rare Earth Elements","284690","Compounds, inorganic or organic (excluding cerium), of rare-earth metals, of yttrium, scandium or of mixtures of these metals","2024","21540.36"
"Morocco","European Union","Import","Rare Earth Elements","284690","Compounds, inorganic or organic (excluding cerium), of rare-earth metals, of yttrium, scandium or of mixtures of these metals","2024","24346.13"
"Morocco","France","Import","Rare Earth Elements","284690","Compounds, inorganic or organic (excluding cerium), of rare-earth metals, of yttrium, scandium or of mixtures of these metals","2024","1893.01"
"Morocco","India","Import","Rare Earth Elements","284690","Compounds, inorganic or organic (excluding cerium), of rare-earth metals, of yttrium, scandium or of mixtures of these metals","2024","1458.51"
"Morocco","Korea, Republic of","Import","Rare Earth Elements","284690","Compounds, inorganic or organic (excluding cerium), of rare-earth metals, of yttrium, scandium or of mixtures of these metals","2024","32.39"
"Morocco","Russian Federation","Import","Rare Earth Elements","284690","Compounds, inorganic or organic (excluding cerium), of rare-earth metals, of yttrium, scandium or of mixtures of these metals","2024","126.73"
"Morocco","Turkiye","Import","Rare Earth Elements","284690","Compounds, inorganic or organic (excluding cerium), of rare-earth metals, of yttrium, scandium or of mixtures of these metals","2024","130.45"
"Morocco","United States of America","Import","Rare Earth Elements","284690","Compounds, inorganic or organic (excluding cerium), of rare-earth metals, of yttrium, scandium or of mixtures of these metals","2024","66.18"
"Morocco","World","Import","Rare Earth Elements","284690","Compounds, inorganic or organic (excluding cerium), of rare-earth metals, of yttrium, scandium or of mixtures of these metals","2024","28557"
"Moldova, Republic of","Austria","Import","Rare Earth Elements","284610","Cerium compounds","2024","60"
"Moldova, Republic of","China","Import","Rare Earth Elements","284610","Cerium compounds","2024","15630"
"Moldova, Republic of","Germany","Import","Rare Earth Elements","284610","Cerium compounds","2024","92"
"Moldova, Republic of","European Union","Import","Rare Earth Elements","284610","Cerium compounds","2024","3358"
"Moldova, Republic of","India","Import","Rare Earth Elements","284610","Cerium compounds","2024","41"
"Moldova, Republic of","Italy","Import","Rare Earth Elements","284610","Cerium compounds","2024","3206"
"Moldova, Republic of","World","Import","Rare Earth Elements","284610","Cerium compounds","2024","19029"
"Moldova, Republic of","Austria","Import","Rare Earth Elements","284690","Compounds, inorganic or organic (excluding cerium), of rare-earth metals, of yttrium, scandium or of mixtures of these metals","2024","73"
"Moldova, Republic of","Belgium","Import","Rare Earth Elements","284690","Compounds, inorganic or organic (excluding cerium), of rare-earth metals, of yttrium, scandium or of mixtures of these metals","2024","168"
"Moldova, Republic of","China","Import","Rare Earth Elements","284690","Compounds, inorganic or organic (excluding cerium), of rare-earth metals, of yttrium, scandium or of mixtures of these metals","2024","777"
"Moldova, Republic of","Germany","Import","Rare Earth Elements","284690","Compounds, inorganic or organic (excluding cerium), of rare-earth metals, of yttrium, scandium or of mixtures of these metals","2024","74"
"Moldova, Republic of","European Union","Import","Rare Earth Elements","284690","Compounds, inorganic or organic (excluding cerium), of rare-earth metals, of yttrium, scandium or of mixtures of these metals","2024","315"
"Moldova, Republic of","India","Import","Rare Earth Elements","284690","Compounds, inorganic or organic (excluding cerium), of rare-earth metals, of yttrium, scandium or of mixtures of these metals","2024","82"
"Moldova, Republic of","United States of America","Import","Rare Earth Elements","284690","Compounds, inorganic or organic (excluding cerium), of rare-earth metals, of yttrium, scandium or of mixtures of these metals","2024","464"
"Moldova, Republic of","World","Import","Rare Earth Elements","284690","Compounds, inorganic or organic (excluding cerium), of rare-earth metals, of yttrium, scandium or of mixtures of these metals","2024","1638"
"Mexico","United States of America","Import","Rare Earth Elements","280530","Earth-metals, rare; scandium and yttrium, whether or not intermixed or interalloyed","2024","30059"
"Mexico","World","Import","Rare Earth Elements","280530","Earth-metals, rare; scandium and yttrium, whether or not intermixed or interalloyed","2024","30059"
"Mexico","China","Import","Rare Earth Elements","284610","Cerium compounds","2024","814928"
"Mexico","Germany","Import","Rare Earth Elements","284610","Cerium compounds","2024","3871"
"Mexico","European Union","Import","Rare Earth Elements","284610","Cerium compounds","2024","3871"
"Mexico","United States of America","Import","Rare Earth Elements","284610","Cerium compounds","2024","261951"
"Mexico","World","Import","Rare Earth Elements","284610","Cerium compounds","2024","1080750"
"Mexico","China","Import","Rare Earth Elements","284690","Compounds, inorganic or organic (excluding cerium), of rare-earth metals, of yttrium, scandium or of mixtures of these metals","2024","288301"
"Mexico","United States of America","Import","Rare Earth Elements","284690","Compounds, inorganic or organic (excluding cerium), of rare-earth metals, of yttrium, scandium or of mixtures of these metals","2024","4420043"
"Mexico","World","Import","Rare Earth Elements","284690","Compounds, inorganic or organic (excluding cerium), of rare-earth metals, of yttrium, scandium or of mixtures of these metals","2024","4708344"
"North Macedonia","China","Import","Rare Earth Elements","284610","Cerium compounds","2024","728353.18"
"North Macedonia","Germany","Import","Rare Earth Elements","284610","Cerium compounds","2024","820.66"
"North Macedonia","European Union","Export","Rare Earth Elements","284610","Cerium compounds","2024","9466.2900390625"
"North Macedonia","European Union","Import","Rare Earth Elements","284610","Cerium compounds","2024","3700.51"
"North Macedonia","Japan","Import","Rare Earth Elements","284610","Cerium compounds","2024","518905.53"
"North Macedonia","Poland","Export","Rare Earth Elements","284610","Cerium compounds","2024","9466.29"
"North Macedonia","Serbia","Export","Rare Earth Elements","284610","Cerium compounds","2024","97.53"
"North Macedonia","Slovenia","Import","Rare Earth Elements","284610","Cerium compounds","2024","2879.85"
"North Macedonia","World","Import","Rare Earth Elements","284610","Cerium compounds","2024","1250959.22"
"North Macedonia","World","Export","Rare Earth Elements","284610","Cerium compounds","2024","9563.820000000002"
"North Macedonia","Belgium","Import","Rare Earth Elements","284690","Compounds, inorganic or organic (excluding cerium), of rare-earth metals, of yttrium, scandium or of mixtures of these metals","2024","213.05"
"North Macedonia","China","Import","Rare Earth Elements","284690","Compounds, inorganic or organic (excluding cerium), of rare-earth metals, of yttrium, scandium or of mixtures of these metals","2024","2120118.27"
"North Macedonia","European Union","Import","Rare Earth Elements","284690","Compounds, inorganic or organic (excluding cerium), of rare-earth metals, of yttrium, scandium or of mixtures of these metals","2024","4087909.7"
"North Macedonia","France","Import","Rare Earth Elements","284690","Compounds, inorganic or organic (excluding cerium), of rare-earth metals, of yttrium, scandium or of mixtures of these metals","2024","4015673.51"
"North Macedonia","United Kingdom","Import","Rare Earth Elements","284690","Compounds, inorganic or organic (excluding cerium), of rare-earth metals, of yttrium, scandium or of mixtures of these metals","2024","5786429.53"
"North Macedonia","Japan","Import","Rare Earth Elements","284690","Compounds, inorganic or organic (excluding cerium), of rare-earth metals, of yttrium, scandium or of mixtures of these metals","2024","3809641.4"
"North Macedonia","Poland","Import","Rare Earth Elements","284690","Compounds, inorganic or organic (excluding cerium), of rare-earth metals, of yttrium, scandium or of mixtures of these metals","2024","72023.14"
"North Macedonia","United States of America","Import","Rare Earth Elements","284690","Compounds, inorganic or organic (excluding cerium), of rare-earth metals, of yttrium, scandium or of mixtures of these metals","2024","226241.9"
"North Macedonia","World","Import","Rare Earth Elements","284690","Compounds, inorganic or organic (excluding cerium), of rare-earth metals, of yttrium, scandium or of mixtures of these metals","2024","16030340.8"
"Malta","Germany","Import","Rare Earth Elements","284610","Cerium compounds","2024","57.37"
"Malta","Italy","Import","Rare Earth Elements","284610","Cerium compounds","2024","2202.64"
"Malta","World","Import","Rare Earth Elements","284610","Cerium compounds","2024","2260.01"
"Malta","Germany","Import","Rare Earth Elements","284690","Compounds, inorganic or organic (excluding cerium), of rare-earth metals, of yttrium, scandium or of mixtures of these metals","2024","132.05"
"Malta","United Kingdom","Import","Rare Earth Elements","284690","Compounds, inorganic or organic (excluding cerium), of rare-earth metals, of yttrium, scandium or of mixtures of these metals","2024","17023.68"
"Malta","Italy","Import","Rare Earth Elements","284690","Compounds, inorganic or organic (excluding cerium), of rare-earth metals, of yttrium, scandium or of mixtures of these metals","2024","9545.51"
"Malta","World","Import","Rare Earth Elements","284690","Compounds, inorganic or organic (excluding cerium), of rare-earth metals, of yttrium, scandium or of mixtures of these metals","2024","26701.24"
"Myanmar","China","Import","Rare Earth Elements","284690","Compounds, inorganic or organic (excluding cerium), of rare-earth metals, of yttrium, scandium or of mixtures of these metals","2024","69480"
"Myanmar","India","Import","Rare Earth Elements","284690","Compounds, inorganic or organic (excluding cerium), of rare-earth metals, of yttrium, scandium or of mixtures of these metals","2024","146.11"
"Myanmar","World","Import","Rare Earth Elements","284690","Compounds, inorganic or organic (excluding cerium), of rare-earth metals, of yttrium, scandium or of mixtures of these metals","2024","69626.11"
"Mauritius","China","Import","Rare Earth Elements","284610","Cerium compounds","2024","1184.1298038"
"Mauritius","United States of America","Import","Rare Earth Elements","284610","Cerium compounds","2024","239.0407775"
"Mauritius","World","Import","Rare Earth Elements","284610","Cerium compounds","2024","1423.1705813"
"Mauritius","China","Import","Rare Earth Elements","284690","Compounds, inorganic or organic (excluding cerium), of rare-earth metals, of yttrium, scandium or of mixtures of these metals","2024","236.6708374"
"Mauritius","India","Import","Rare Earth Elements","284690","Compounds, inorganic or organic (excluding cerium), of rare-earth metals, of yttrium, scandium or of mixtures of these metals","2024","960.9460801"
"Mauritius","World","Import","Rare Earth Elements","284690","Compounds, inorganic or organic (excluding cerium), of rare-earth metals, of yttrium, scandium or of mixtures of these metals","2024","1197.6169175"
"Malaysia","Australia","Import","Rare Earth Elements","280530","Earth-metals, rare; scandium and yttrium, whether or not intermixed or interalloyed","2024","128057264.41"
"Malaysia","Canada","Import","Rare Earth Elements","280530","Earth-metals, rare; scandium and yttrium, whether or not intermixed or interalloyed","2024","442.05"
"Malaysia","China","Import","Rare Earth Elements","280530","Earth-metals, rare; scandium and yttrium, whether or not intermixed or interalloyed","2024","95842.87"
"Malaysia","Chinese Taipei","Import","Rare Earth Elements","280530","Earth-metals, rare; scandium and yttrium, whether or not intermixed or interalloyed","2024","697.71"
"Malaysia","European Union","Import","Rare Earth Elements","280530","Earth-metals, rare; scandium and yttrium, whether or not intermixed or interalloyed","2024","43647.58"
"Malaysia","Netherlands","Import","Rare Earth Elements","280530","Earth-metals, rare; scandium and yttrium, whether or not intermixed or interalloyed","2024","43647.58"
"Malaysia","United States of America","Import","Rare Earth Elements","280530","Earth-metals, rare; scandium and yttrium, whether or not intermixed or interalloyed","2024","288.22"
"Malaysia","World","Import","Rare Earth Elements","280530","Earth-metals, rare; scandium and yttrium, whether or not intermixed or interalloyed","2024","128198182.84"
"Malaysia","Australia","Import","Rare Earth Elements","284610","Cerium compounds","2024","59.22"
"Malaysia","Austria","Import","Rare Earth Elements","284610","Cerium compounds","2024","1487.19"
"Malaysia","Belgium","Import","Rare Earth Elements","284610","Cerium compounds","2024","44403.19"
"Malaysia","Canada","Import","Rare Earth Elements","284610","Cerium compounds","2024","68464.31"
"Malaysia","China","Import","Rare Earth Elements","284610","Cerium compounds","2024","16189.48"
"Malaysia","Chinese Taipei","Import","Rare Earth Elements","284610","Cerium compounds","2024","306.79"
"Malaysia","Germany","Import","Rare Earth Elements","284610","Cerium compounds","2024","30184.02"
"Malaysia","European Union","Import","Rare Earth Elements","284610","Cerium compounds","2024","154411.7"
"Malaysia","France","Import","Rare Earth Elements","284610","Cerium compounds","2024","78337.3"
"Malaysia","India","Import","Rare Earth Elements","284610","Cerium compounds","2024","4165.91"
"Malaysia","Japan","Import","Rare Earth Elements","284610","Cerium compounds","2024","51494.75"
"Malaysia","Singapore","Import","Rare Earth Elements","284610","Cerium compounds","2024","3523.93"
"Malaysia","United States of America","Import","Rare Earth Elements","284610","Cerium compounds","2024","2817.7"
"Malaysia","World","Import","Rare Earth Elements","284610","Cerium compounds","2024","301433.79"
"Malaysia","Australia","Export","Rare Earth Elements","284690","Compounds, inorganic or organic (excluding cerium), of rare-earth metals, of yttrium, scandium or of mixtures of these metals","2024","14436.81"
"Malaysia","Australia","Import","Rare Earth Elements","284690","Compounds, inorganic or organic (excluding cerium), of rare-earth metals, of yttrium, scandium or of mixtures of these metals","2024","2939.85"
"Malaysia","Austria","Import","Rare Earth Elements","284690","Compounds, inorganic or organic (excluding cerium), of rare-earth metals, of yttrium, scandium or of mixtures of these metals","2024","200.37"
"Malaysia","Canada","Export","Rare Earth Elements","284690","Compounds, inorganic or organic (excluding cerium), of rare-earth metals, of yttrium, scandium or of mixtures of these metals","2024","381010.25"
"Malaysia","Canada","Import","Rare Earth Elements","284690","Compounds, inorganic or organic (excluding cerium), of rare-earth metals, of yttrium, scandium or of mixtures of these metals","2024","948.12"
"Malaysia","China","Export","Rare Earth Elements","284690","Compounds, inorganic or organic (excluding cerium), of rare-earth metals, of yttrium, scandium or of mixtures of these metals","2024","187928377.23"
"Malaysia","China","Import","Rare Earth Elements","284690","Compounds, inorganic or organic (excluding cerium), of rare-earth metals, of yttrium, scandium or of mixtures of these metals","2024","1012097.66"
"Malaysia","Germany","Export","Rare Earth Elements","284690","Compounds, inorganic or organic (excluding cerium), of rare-earth metals, of yttrium, scandium or of mixtures of these metals","2024","609798.29"
"Malaysia","Germany","Import","Rare Earth Elements","284690","Compounds, inorganic or organic (excluding cerium), of rare-earth metals, of yttrium, scandium or of mixtures of these metals","2024","18692.75"
"Malaysia","European Union","Export","Rare Earth Elements","284690","Compounds, inorganic or organic (excluding cerium), of rare-earth metals, of yttrium, scandium or of mixtures of these metals","2024","11131766"
"Malaysia","European Union","Import","Rare Earth Elements","284690","Compounds, inorganic or organic (excluding cerium), of rare-earth metals, of yttrium, scandium or of mixtures of these metals","2024","18893.12"
"Malaysia","Spain","Export","Rare Earth Elements","284690","Compounds, inorganic or organic (excluding cerium), of rare-earth metals, of yttrium, scandium or of mixtures of these metals","2024","4960969.54"
"Malaysia","France","Export","Rare Earth Elements","284690","Compounds, inorganic or organic (excluding cerium), of rare-earth metals, of yttrium, scandium or of mixtures of these metals","2024","5346637.79"
"Malaysia","United Kingdom","Import","Rare Earth Elements","284690","Compounds, inorganic or organic (excluding cerium), of rare-earth metals, of yttrium, scandium or of mixtures of these metals","2024","857.44"
"Malaysia","Hong Kong, China","Import","Rare Earth Elements","284690","Compounds, inorganic or organic (excluding cerium), of rare-earth metals, of yttrium, scandium or of mixtures of these metals","2024","377748.33"
"Malaysia","India","Import","Rare Earth Elements","284690","Compounds, inorganic or organic (excluding cerium), of rare-earth metals, of yttrium, scandium or of mixtures of these metals","2024","1120.31"
"Malaysia","Japan","Export","Rare Earth Elements","284690","Compounds, inorganic or organic (excluding cerium), of rare-earth metals, of yttrium, scandium or of mixtures of these metals","2024","64334994.63"
"Malaysia","Japan","Import","Rare Earth Elements","284690","Compounds, inorganic or organic (excluding cerium), of rare-earth metals, of yttrium, scandium or of mixtures of these metals","2024","2848506.36"
"Malaysia","Korea, Republic of","Import","Rare Earth Elements","284690","Compounds, inorganic or organic (excluding cerium), of rare-earth metals, of yttrium, scandium or of mixtures of these metals","2024","605.49"
"Malaysia","Netherlands","Export","Rare Earth Elements","284690","Compounds, inorganic or organic (excluding cerium), of rare-earth metals, of yttrium, scandium or of mixtures of these metals","2024","214360.85"
"Malaysia","Russian Federation","Import","Rare Earth Elements","284690","Compounds, inorganic or organic (excluding cerium), of rare-earth metals, of yttrium, scandium or of mixtures of these metals","2024","1845.11"
"Malaysia","Singapore","Export","Rare Earth Elements","284690","Compounds, inorganic or organic (excluding cerium), of rare-earth metals, of yttrium, scandium or of mixtures of these metals","2024","419185.44"
"Malaysia","Singapore","Import","Rare Earth Elements","284690","Compounds, inorganic or organic (excluding cerium), of rare-earth metals, of yttrium, scandium or of mixtures of these metals","2024","409750.8"
"Malaysia","Thailand","Export","Rare Earth Elements","284690","Compounds, inorganic or organic (excluding cerium), of rare-earth metals, of yttrium, scandium or of mixtures of these metals","2024","27521962.65"
"Malaysia","Turkiye","Import","Rare Earth Elements","284690","Compounds, inorganic or organic (excluding cerium), of rare-earth metals, of yttrium, scandium or of mixtures of these metals","2024","161.26"
"Malaysia","United States of America","Export","Rare Earth Elements","284690","Compounds, inorganic or organic (excluding cerium), of rare-earth metals, of yttrium, scandium or of mixtures of these metals","2024","2156974.38"
"Malaysia","United States of America","Import","Rare Earth Elements","284690","Compounds, inorganic or organic (excluding cerium), of rare-earth metals, of yttrium, scandium or of mixtures of these metals","2024","91096.81"
"Malaysia","Viet Nam","Export","Rare Earth Elements","284690","Compounds, inorganic or organic (excluding cerium), of rare-earth metals, of yttrium, scandium or of mixtures of these metals","2024","72919171.82"
"Malaysia","World","Export","Rare Earth Elements","284690","Compounds, inorganic or organic (excluding cerium), of rare-earth metals, of yttrium, scandium or of mixtures of these metals","2024","367122820.0699999"
"Malaysia","World","Import","Rare Earth Elements","284690","Compounds, inorganic or organic (excluding cerium), of rare-earth metals, of yttrium, scandium or of mixtures of these metals","2024","4766570.659999999"
"Malaysia","South Africa","Export","Rare Earth Elements","284690","Compounds, inorganic or organic (excluding cerium), of rare-earth metals, of yttrium, scandium or of mixtures of these metals","2024","314940.39"
"Namibia","Germany","Export","Rare Earth Elements","280530","Earth-metals, rare; scandium and yttrium, whether or not intermixed or interalloyed","2024","2.75"
"Namibia","European Union","Export","Rare Earth Elements","280530","Earth-metals, rare; scandium and yttrium, whether or not intermixed or interalloyed","2024","2.75"
"Namibia","World","Import","Rare Earth Elements","280530","Earth-metals, rare; scandium and yttrium, whether or not intermixed or interalloyed","2024","2614.65"
"Namibia","World","Export","Rare Earth Elements","280530","Earth-metals, rare; scandium and yttrium, whether or not intermixed or interalloyed","2024","2.75"
"Namibia","South Africa","Import","Rare Earth Elements","280530","Earth-metals, rare; scandium and yttrium, whether or not intermixed or interalloyed","2024","2614.65"
"Namibia","Austria","Import","Rare Earth Elements","284690","Compounds, inorganic or organic (excluding cerium), of rare-earth metals, of yttrium, scandium or of mixtures of these metals","2024","200.76"
"Namibia","Germany","Import","Rare Earth Elements","284690","Compounds, inorganic or organic (excluding cerium), of rare-earth metals, of yttrium, scandium or of mixtures of these metals","2024","7413.09"
"Namibia","European Union","Import","Rare Earth Elements","284690","Compounds, inorganic or organic (excluding cerium), of rare-earth metals, of yttrium, scandium or of mixtures of these metals","2024","7613.85"
"Namibia","World","Import","Rare Earth Elements","284690","Compounds, inorganic or organic (excluding cerium), of rare-earth metals, of yttrium, scandium or of mixtures of these metals","2024","7615.42"
"Namibia","South Africa","Import","Rare Earth Elements","284690","Compounds, inorganic or organic (excluding cerium), of rare-earth metals, of yttrium, scandium or of mixtures of these metals","2024","1.57"
"Niger","Belgium","Import","Rare Earth Elements","284690","Compounds, inorganic or organic (excluding cerium), of rare-earth metals, of yttrium, scandium or of mixtures of these metals","2024","3477.55"
"Niger","European Union","Import","Rare Earth Elements","284690","Compounds, inorganic or organic (excluding cerium), of rare-earth metals, of yttrium, scandium or of mixtures of these metals","2024","3477.55"
"Niger","World","Import","Rare Earth Elements","284690","Compounds, inorganic or organic (excluding cerium), of rare-earth metals, of yttrium, scandium or of mixtures of these metals","2024","3477.55"
"Nigeria","China","Import","Rare Earth Elements","284690","Compounds, inorganic or organic (excluding cerium), of rare-earth metals, of yttrium, scandium or of mixtures of these metals","2024","34575.82"
"Nigeria","World","Import","Rare Earth Elements","284690","Compounds, inorganic or organic (excluding cerium), of rare-earth metals, of yttrium, scandium or of mixtures of these metals","2024","34575.82"
"Nicaragua","China","Import","Rare Earth Elements","284610","Cerium compounds","2024","54.32"
"Nicaragua","World","Import","Rare Earth Elements","284610","Cerium compounds","2024","54.32"
"Netherlands","United Arab Emirates","Export","Rare Earth Elements","280530","Earth-metals, rare; scandium and yttrium, whether or not intermixed or interalloyed","2024","86.59"
"Netherlands","Austria","Export","Rare Earth Elements","280530","Earth-metals, rare; scandium and yttrium, whether or not intermixed or interalloyed","2024","17972.93"
"Netherlands","Austria","Import","Rare Earth Elements","280530","Earth-metals, rare; scandium and yttrium, whether or not intermixed or interalloyed","2024","3617.32"
"Netherlands","Belgium","Export","Rare Earth Elements","280530","Earth-metals, rare; scandium and yttrium, whether or not intermixed or interalloyed","2024","101856.33"
"Netherlands","Belgium","Import","Rare Earth Elements","280530","Earth-metals, rare; scandium and yttrium, whether or not intermixed or interalloyed","2024","383.16"
"Netherlands","Bulgaria","Export","Rare Earth Elements","280530","Earth-metals, rare; scandium and yttrium, whether or not intermixed or interalloyed","2024","7656.76"
"Netherlands","China","Import","Rare Earth Elements","280530","Earth-metals, rare; scandium and yttrium, whether or not intermixed or interalloyed","2024","69302.66"
"Netherlands","Cyprus","Export","Rare Earth Elements","280530","Earth-metals, rare; scandium and yttrium, whether or not intermixed or interalloyed","2024","766.33"
"Netherlands","Cyprus","Import","Rare Earth Elements","280530","Earth-metals, rare; scandium and yttrium, whether or not intermixed or interalloyed","2024","1.08"
"Netherlands","Czech Republic","Export","Rare Earth Elements","280530","Earth-metals, rare; scandium and yttrium, whether or not intermixed or interalloyed","2024","8423.08"
"Netherlands","Czech Republic","Import","Rare Earth Elements","280530","Earth-metals, rare; scandium and yttrium, whether or not intermixed or interalloyed","2024","8.66"
"Netherlands","Germany","Export","Rare Earth Elements","280530","Earth-metals, rare; scandium and yttrium, whether or not intermixed or interalloyed","2024","152440.3"
"Netherlands","Germany","Import","Rare Earth Elements","280530","Earth-metals, rare; scandium and yttrium, whether or not intermixed or interalloyed","2024","28749.11"
"Netherlands","Denmark","Export","Rare Earth Elements","280530","Earth-metals, rare; scandium and yttrium, whether or not intermixed or interalloyed","2024","36231.6"
"Netherlands","Denmark","Import","Rare Earth Elements","280530","Earth-metals, rare; scandium and yttrium, whether or not intermixed or interalloyed","2024","12.99"
"Netherlands","Spain","Export","Rare Earth Elements","280530","Earth-metals, rare; scandium and yttrium, whether or not intermixed or interalloyed","2024","75233.02"
"Netherlands","Spain","Import","Rare Earth Elements","280530","Earth-metals, rare; scandium and yttrium, whether or not intermixed or interalloyed","2024","7864.58"
"Netherlands","Estonia","Export","Rare Earth Elements","280530","Earth-metals, rare; scandium and yttrium, whether or not intermixed or interalloyed","2024","2539.26"
"Netherlands","Finland","Export","Rare Earth Elements","280530","Earth-metals, rare; scandium and yttrium, whether or not intermixed or interalloyed","2024","26717.48"
"Netherlands","Finland","Import","Rare Earth Elements","280530","Earth-metals, rare; scandium and yttrium, whether or not intermixed or interalloyed","2024","1.08"
"Netherlands","France","Export","Rare Earth Elements","280530","Earth-metals, rare; scandium and yttrium, whether or not intermixed or interalloyed","2024","193042.55"
"Netherlands","France","Import","Rare Earth Elements","280530","Earth-metals, rare; scandium and yttrium, whether or not intermixed or interalloyed","2024","3930.12"
"Netherlands","United Kingdom","Import","Rare Earth Elements","280530","Earth-metals, rare; scandium and yttrium, whether or not intermixed or interalloyed","2024","18200.23"
"Netherlands","United Kingdom","Export","Rare Earth Elements","280530","Earth-metals, rare; scandium and yttrium, whether or not intermixed or interalloyed","2024","8423.08"
"Netherlands","Greece","Export","Rare Earth Elements","280530","Earth-metals, rare; scandium and yttrium, whether or not intermixed or interalloyed","2024","7877.56"
"Netherlands","Greece","Import","Rare Earth Elements","280530","Earth-metals, rare; scandium and yttrium, whether or not intermixed or interalloyed","2024","2.17"
"Netherlands","Croatia","Export","Rare Earth Elements","280530","Earth-metals, rare; scandium and yttrium, whether or not intermixed or interalloyed","2024","15859.04"
"Netherlands","Croatia","Import","Rare Earth Elements","280530","Earth-metals, rare; scandium and yttrium, whether or not intermixed or interalloyed","2024","1.08"
"Netherlands","Hungary","Export","Rare Earth Elements","280530","Earth-metals, rare; scandium and yttrium, whether or not intermixed or interalloyed","2024","21750.44"
"Netherlands","Ireland","Export","Rare Earth Elements","280530","Earth-metals, rare; scandium and yttrium, whether or not intermixed or interalloyed","2024","10148.4"
"Netherlands","Italy","Export","Rare Earth Elements","280530","Earth-metals, rare; scandium and yttrium, whether or not intermixed or interalloyed","2024","65803.32"
"Netherlands","Italy","Import","Rare Earth Elements","280530","Earth-metals, rare; scandium and yttrium, whether or not intermixed or interalloyed","2024","2.17"
"Netherlands","Lithuania","Import","Rare Earth Elements","280530","Earth-metals, rare; scandium and yttrium, whether or not intermixed or interalloyed","2024","1943925"
"Netherlands","Lithuania","Export","Rare Earth Elements","280530","Earth-metals, rare; scandium and yttrium, whether or not intermixed or interalloyed","2024","5760.43"
"Netherlands","Luxembourg","Export","Rare Earth Elements","280530","Earth-metals, rare; scandium and yttrium, whether or not intermixed or interalloyed","2024","29735.16"
"Netherlands","Latvia","Export","Rare Earth Elements","280530","Earth-metals, rare; scandium and yttrium, whether or not intermixed or interalloyed","2024","3699.58"
"Netherlands","Malta","Export","Rare Earth Elements","280530","Earth-metals, rare; scandium and yttrium, whether or not intermixed or interalloyed","2024","73.6"
"Netherlands","Malaysia","Export","Rare Earth Elements","280530","Earth-metals, rare; scandium and yttrium, whether or not intermixed or interalloyed","2024","8767.28"
"Netherlands","Norway","Export","Rare Earth Elements","280530","Earth-metals, rare; scandium and yttrium, whether or not intermixed or interalloyed","2024","55930.93"
"Netherlands","Poland","Export","Rare Earth Elements","280530","Earth-metals, rare; scandium and yttrium, whether or not intermixed or interalloyed","2024","46822.7"
"Netherlands","Poland","Import","Rare Earth Elements","280530","Earth-metals, rare; scandium and yttrium, whether or not intermixed or interalloyed","2024","1.08"
"Netherlands","Portugal","Export","Rare Earth Elements","280530","Earth-metals, rare; scandium and yttrium, whether or not intermixed or interalloyed","2024","2033.79"
"Netherlands","Portugal","Import","Rare Earth Elements","280530","Earth-metals, rare; scandium and yttrium, whether or not intermixed or interalloyed","2024","3.25"
"Netherlands","Romania","Export","Rare Earth Elements","280530","Earth-metals, rare; scandium and yttrium, whether or not intermixed or interalloyed","2024","3.25"
"Netherlands","Slovak Republic","Export","Rare Earth Elements","280530","Earth-metals, rare; scandium and yttrium, whether or not intermixed or interalloyed","2024","11057.6"
"Netherlands","Slovak Republic","Import","Rare Earth Elements","280530","Earth-metals, rare; scandium and yttrium, whether or not intermixed or interalloyed","2024","1.08"
"Netherlands","Slovenia","Export","Rare Earth Elements","280530","Earth-metals, rare; scandium and yttrium, whether or not intermixed or interalloyed","2024","85768.91"
"Netherlands","Sweden","Export","Rare Earth Elements","280530","Earth-metals, rare; scandium and yttrium, whether or not intermixed or interalloyed","2024","97913.22"
"Netherlands","Sweden","Import","Rare Earth Elements","280530","Earth-metals, rare; scandium and yttrium, whether or not intermixed or interalloyed","2024","47.63"
"Netherlands","Ukraine","Export","Rare Earth Elements","280530","Earth-metals, rare; scandium and yttrium, whether or not intermixed or interalloyed","2024","11265.42"
"Netherlands","United States of America","Export","Rare Earth Elements","280530","Earth-metals, rare; scandium and yttrium, whether or not intermixed or interalloyed","2024","105127.29"
"Netherlands","United States of America","Import","Rare Earth Elements","280530","Earth-metals, rare; scandium and yttrium, whether or not intermixed or interalloyed","2024","90017.25"
"Netherlands","World","Import","Rare Earth Elements","280530","Earth-metals, rare; scandium and yttrium, whether or not intermixed or interalloyed","2024","2166071.700000001"
"Netherlands","World","Export","Rare Earth Elements","280530","Earth-metals, rare; scandium and yttrium, whether or not intermixed or interalloyed","2024","1216787.23"
"Netherlands","Austria","Import","Rare Earth Elements","284610","Cerium compounds","2024","154385.34"
"Netherlands","Belgium","Import","Rare Earth Elements","284610","Cerium compounds","2024","3519.9"
"Netherlands","Belgium","Export","Rare Earth Elements","284610","Cerium compounds","2024","1487.19"
"Netherlands","Bulgaria","Export","Rare Earth Elements","284610","Cerium compounds","2024","2342.27"
"Netherlands","Bulgaria","Import","Rare Earth Elements","284610","Cerium compounds","2024","35.72"
"Netherlands","China","Import","Rare Earth Elements","284610","Cerium compounds","2024","64805.36"
"Netherlands","Cyprus","Export","Rare Earth Elements","284610","Cerium compounds","2024","192.66"
"Netherlands","Cyprus","Import","Rare Earth Elements","284610","Cerium compounds","2024","6.49"
"Netherlands","Czech Republic","Import","Rare Earth Elements","284610","Cerium compounds","2024","83.34"
"Netherlands","Germany","Export","Rare Earth Elements","284610","Cerium compounds","2024","287407.73"
"Netherlands","Germany","Import","Rare Earth Elements","284610","Cerium compounds","2024","98471.73"
"Netherlands","Estonia","Import","Rare Earth Elements","284610","Cerium compounds","2024","236988.28"
"Netherlands","Estonia","Export","Rare Earth Elements","284610","Cerium compounds","2024","871.32"
"Netherlands","Finland","Export","Rare Earth Elements","284610","Cerium compounds","2024","6859.05"
"Netherlands","Finland","Import","Rare Earth Elements","284610","Cerium compounds","2024","126.64"
"Netherlands","France","Export","Rare Earth Elements","284610","Cerium compounds","2024","108317.06"
"Netherlands","France","Import","Rare Earth Elements","284610","Cerium compounds","2024","80428.45"
"Netherlands","United Kingdom","Export","Rare Earth Elements","284610","Cerium compounds","2024","41237.61"
"Netherlands","United Kingdom","Import","Rare Earth Elements","284610","Cerium compounds","2024","18153.69"
"Netherlands","Greece","Export","Rare Earth Elements","284610","Cerium compounds","2024","2639.93"
"Netherlands","Greece","Import","Rare Earth Elements","284610","Cerium compounds","2024","5.41"
"Netherlands","Croatia","Export","Rare Earth Elements","284610","Cerium compounds","2024","5494.16"
"Netherlands","Hungary","Export","Rare Earth Elements","284610","Cerium compounds","2024","4409.62"
"Netherlands","Hungary","Import","Rare Earth Elements","284610","Cerium compounds","2024","2.17"
"Netherlands","Ireland","Export","Rare Earth Elements","284610","Cerium compounds","2024","48.71"
"Netherlands","Ireland","Import","Rare Earth Elements","284610","Cerium compounds","2024","31.39"
"Netherlands","Italy","Export","Rare Earth Elements","284610","Cerium compounds","2024","60894.72"
"Netherlands","Italy","Import","Rare Earth Elements","284610","Cerium compounds","2024","789.05"
"Netherlands","Japan","Import","Rare Earth Elements","284610","Cerium compounds","2024","97.41"
"Netherlands","Lithuania","Export","Rare Earth Elements","284610","Cerium compounds","2024","361.51"
"Netherlands","Lithuania","Import","Rare Earth Elements","284610","Cerium compounds","2024","22.73"
"Netherlands","Luxembourg","Export","Rare Earth Elements","284610","Cerium compounds","2024","2330.36"
"Netherlands","Luxembourg","Import","Rare Earth Elements","284610","Cerium compounds","2024","17.32"
"Netherlands","Latvia","Export","Rare Earth Elements","284610","Cerium compounds","2024","203.49"
"Netherlands","Latvia","Import","Rare Earth Elements","284610","Cerium compounds","2024","1.08"
"Netherlands","Malta","Export","Rare Earth Elements","284610","Cerium compounds","2024","180.76"
"Netherlands","Norway","Import","Rare Earth Elements","284610","Cerium compounds","2024","1791230.34"
"Netherlands","Norway","Export","Rare Earth Elements","284610","Cerium compounds","2024","719.78"
"Netherlands","Portugal","Import","Rare Earth Elements","284610","Cerium compounds","2024","383.16"
"Netherlands","Portugal","Export","Rare Earth Elements","284610","Cerium compounds","2024","1.08"
"Netherlands","Romania","Import","Rare Earth Elements","284610","Cerium compounds","2024","64.94"
"Netherlands","Slovak Republic","Export","Rare Earth Elements","284610","Cerium compounds","2024","3913.89"
"Netherlands","Slovak Republic","Import","Rare Earth Elements","284610","Cerium compounds","2024","4.33"
"Netherlands","Slovenia","Export","Rare Earth Elements","284610","Cerium compounds","2024","21387.84"
"Netherlands","Slovenia","Import","Rare Earth Elements","284610","Cerium compounds","2024","27.06"
"Netherlands","Sweden","Export","Rare Earth Elements","284610","Cerium compounds","2024","14471.43"
"Netherlands","Sweden","Import","Rare Earth Elements","284610","Cerium compounds","2024","3.25"
"Netherlands","Turkiye","Export","Rare Earth Elements","284610","Cerium compounds","2024","35017.17"
"Netherlands","United States of America","Export","Rare Earth Elements","284610","Cerium compounds","2024","164347.57"
"Netherlands","United States of America","Import","Rare Earth Elements","284610","Cerium compounds","2024","8020.44"
"Netherlands","World","Import","Rare Earth Elements","284610","Cerium compounds","2024","2457705.02"
"Netherlands","World","Export","Rare Earth Elements","284610","Cerium compounds","2024","765136.91"
"Netherlands","United Arab Emirates","Import","Rare Earth Elements","284690","Compounds, inorganic or organic (excluding cerium), of rare-earth metals, of yttrium, scandium or of mixtures of these metals","2024","173.18"
"Netherlands","Australia","Import","Rare Earth Elements","284690","Compounds, inorganic or organic (excluding cerium), of rare-earth metals, of yttrium, scandium or of mixtures of these metals","2024","6848.22"
"Netherlands","Austria","Export","Rare Earth Elements","284690","Compounds, inorganic or organic (excluding cerium), of rare-earth metals, of yttrium, scandium or of mixtures of these metals","2024","81642.88"
"Netherlands","Austria","Import","Rare Earth Elements","284690","Compounds, inorganic or organic (excluding cerium), of rare-earth metals, of yttrium, scandium or of mixtures of these metals","2024","33376.28"
"Netherlands","Belgium","Export","Rare Earth Elements","284690","Compounds, inorganic or organic (excluding cerium), of rare-earth metals, of yttrium, scandium or of mixtures of these metals","2024","2149254.74"
"Netherlands","Belgium","Import","Rare Earth Elements","284690","Compounds, inorganic or organic (excluding cerium), of rare-earth metals, of yttrium, scandium or of mixtures of these metals","2024","36317.11"
"Netherlands","Bulgaria","Export","Rare Earth Elements","284690","Compounds, inorganic or organic (excluding cerium), of rare-earth metals, of yttrium, scandium or of mixtures of these metals","2024","16154.53"
"Netherlands","Bulgaria","Import","Rare Earth Elements","284690","Compounds, inorganic or organic (excluding cerium), of rare-earth metals, of yttrium, scandium or of mixtures of these metals","2024","8.66"
"Netherlands","Canada","Import","Rare Earth Elements","284690","Compounds, inorganic or organic (excluding cerium), of rare-earth metals, of yttrium, scandium or of mixtures of these metals","2024","80785.63"
"Netherlands","Canada","Export","Rare Earth Elements","284690","Compounds, inorganic or organic (excluding cerium), of rare-earth metals, of yttrium, scandium or of mixtures of these metals","2024","3896.57"
"Netherlands","Switzerland","Import","Rare Earth Elements","284690","Compounds, inorganic or organic (excluding cerium), of rare-earth metals, of yttrium, scandium or of mixtures of these metals","2024","7.58"
"Netherlands","China","Import","Rare Earth Elements","284690","Compounds, inorganic or organic (excluding cerium), of rare-earth metals, of yttrium, scandium or of mixtures of these metals","2024","3035266.49"
"Netherlands","Cuba","Export","Rare Earth Elements","284690","Compounds, inorganic or organic (excluding cerium), of rare-earth metals, of yttrium, scandium or of mixtures of these metals","2024","10758.86"
"Netherlands","Cyprus","Export","Rare Earth Elements","284690","Compounds, inorganic or organic (excluding cerium), of rare-earth metals, of yttrium, scandium or of mixtures of these metals","2024","59909.76"
"Netherlands","Czech Republic","Export","Rare Earth Elements","284690","Compounds, inorganic or organic (excluding cerium), of rare-earth metals, of yttrium, scandium or of mixtures of these metals","2024","762443.95"
"Netherlands","Czech Republic","Import","Rare Earth Elements","284690","Compounds, inorganic or organic (excluding cerium), of rare-earth metals, of yttrium, scandium or of mixtures of these metals","2024","51.95"
"Netherlands","Germany","Export","Rare Earth Elements","284690","Compounds, inorganic or organic (excluding cerium), of rare-earth metals, of yttrium, scandium or of mixtures of these metals","2024","11142909.84"
"Netherlands","Germany","Import","Rare Earth Elements","284690","Compounds, inorganic or organic (excluding cerium), of rare-earth metals, of yttrium, scandium or of mixtures of these metals","2024","910073.07"
"Netherlands","Denmark","Export","Rare Earth Elements","284690","Compounds, inorganic or organic (excluding cerium), of rare-earth metals, of yttrium, scandium or of mixtures of these metals","2024","1105773.95"
"Netherlands","Spain","Export","Rare Earth Elements","284690","Compounds, inorganic or organic (excluding cerium), of rare-earth metals, of yttrium, scandium or of mixtures of these metals","2024","2041337.08"
"Netherlands","Spain","Import","Rare Earth Elements","284690","Compounds, inorganic or organic (excluding cerium), of rare-earth metals, of yttrium, scandium or of mixtures of these metals","2024","1989197.73"
"Netherlands","Estonia","Export","Rare Earth Elements","284690","Compounds, inorganic or organic (excluding cerium), of rare-earth metals, of yttrium, scandium or of mixtures of these metals","2024","99378.76"
"Netherlands","Estonia","Import","Rare Earth Elements","284690","Compounds, inorganic or organic (excluding cerium), of rare-earth metals, of yttrium, scandium or of mixtures of these metals","2024","22210.45"
"Netherlands","Finland","Export","Rare Earth Elements","284690","Compounds, inorganic or organic (excluding cerium), of rare-earth metals, of yttrium, scandium or of mixtures of these metals","2024","34376.4"
"Netherlands","Finland","Import","Rare Earth Elements","284690","Compounds, inorganic or organic (excluding cerium), of rare-earth metals, of yttrium, scandium or of mixtures of these metals","2024","40.05"
"Netherlands","France","Export","Rare Earth Elements","284690","Compounds, inorganic or organic (excluding cerium), of rare-earth metals, of yttrium, scandium or of mixtures of these metals","2024","2580226.17"
"Netherlands","France","Import","Rare Earth Elements","284690","Compounds, inorganic or organic (excluding cerium), of rare-earth metals, of yttrium, scandium or of mixtures of these metals","2024","537.94"
"Netherlands","United Kingdom","Export","Rare Earth Elements","284690","Compounds, inorganic or organic (excluding cerium), of rare-earth metals, of yttrium, scandium or of mixtures of these metals","2024","234719.61"
"Netherlands","United Kingdom","Import","Rare Earth Elements","284690","Compounds, inorganic or organic (excluding cerium), of rare-earth metals, of yttrium, scandium or of mixtures of these metals","2024","1534.82"
"Netherlands","Greece","Export","Rare Earth Elements","284690","Compounds, inorganic or organic (excluding cerium), of rare-earth metals, of yttrium, scandium or of mixtures of these metals","2024","3150.81"
"Netherlands","Greece","Import","Rare Earth Elements","284690","Compounds, inorganic or organic (excluding cerium), of rare-earth metals, of yttrium, scandium or of mixtures of these metals","2024","22.73"
"Netherlands","Croatia","Export","Rare Earth Elements","284690","Compounds, inorganic or organic (excluding cerium), of rare-earth metals, of yttrium, scandium or of mixtures of these metals","2024","1545.64"
"Netherlands","Hungary","Export","Rare Earth Elements","284690","Compounds, inorganic or organic (excluding cerium), of rare-earth metals, of yttrium, scandium or of mixtures of these metals","2024","231720.34"
"Netherlands","Hungary","Import","Rare Earth Elements","284690","Compounds, inorganic or organic (excluding cerium), of rare-earth metals, of yttrium, scandium or of mixtures of these metals","2024","31.39"
"Netherlands","Ireland","Export","Rare Earth Elements","284690","Compounds, inorganic or organic (excluding cerium), of rare-earth metals, of yttrium, scandium or of mixtures of these metals","2024","12227.65"
"Netherlands","Ireland","Import","Rare Earth Elements","284690","Compounds, inorganic or organic (excluding cerium), of rare-earth metals, of yttrium, scandium or of mixtures of these metals","2024","98.5"
"Netherlands","Israel","Import","Rare Earth Elements","284690","Compounds, inorganic or organic (excluding cerium), of rare-earth metals, of yttrium, scandium or of mixtures of these metals","2024","3067.47"
"Netherlands","Italy","Export","Rare Earth Elements","284690","Compounds, inorganic or organic (excluding cerium), of rare-earth metals, of yttrium, scandium or of mixtures of these metals","2024","4487696.59"
"Netherlands","Japan","Import","Rare Earth Elements","284690","Compounds, inorganic or organic (excluding cerium), of rare-earth metals, of yttrium, scandium or of mixtures of these metals","2024","1161.39"
"Netherlands","Korea, Republic of","Import","Rare Earth Elements","284690","Compounds, inorganic or organic (excluding cerium), of rare-earth metals, of yttrium, scandium or of mixtures of these metals","2024","4107.63"
"Netherlands","Lithuania","Export","Rare Earth Elements","284690","Compounds, inorganic or organic (excluding cerium), of rare-earth metals, of yttrium, scandium or of mixtures of these metals","2024","1697.17"
"Netherlands","Lithuania","Import","Rare Earth Elements","284690","Compounds, inorganic or organic (excluding cerium), of rare-earth metals, of yttrium, scandium or of mixtures of these metals","2024","23.81"
"Netherlands","Luxembourg","Export","Rare Earth Elements","284690","Compounds, inorganic or organic (excluding cerium), of rare-earth metals, of yttrium, scandium or of mixtures of these metals","2024","118517.41"
"Netherlands","Luxembourg","Import","Rare Earth Elements","284690","Compounds, inorganic or organic (excluding cerium), of rare-earth metals, of yttrium, scandium or of mixtures of these metals","2024","208.9"
"Netherlands","Latvia","Export","Rare Earth Elements","284690","Compounds, inorganic or organic (excluding cerium), of rare-earth metals, of yttrium, scandium or of mixtures of these metals","2024","996.87"
"Netherlands","Malta","Export","Rare Earth Elements","284690","Compounds, inorganic or organic (excluding cerium), of rare-earth metals, of yttrium, scandium or of mixtures of these metals","2024","40.05"
"Netherlands","Malaysia","Import","Rare Earth Elements","284690","Compounds, inorganic or organic (excluding cerium), of rare-earth metals, of yttrium, scandium or of mixtures of these metals","2024","407266.21"
"Netherlands","Norway","Import","Rare Earth Elements","284690","Compounds, inorganic or organic (excluding cerium), of rare-earth metals, of yttrium, scandium or of mixtures of these metals","2024","8556.22"
"Netherlands","Poland","Export","Rare Earth Elements","284690","Compounds, inorganic or organic (excluding cerium), of rare-earth metals, of yttrium, scandium or of mixtures of these metals","2024","1777135.58"
"Netherlands","Portugal","Export","Rare Earth Elements","284690","Compounds, inorganic or organic (excluding cerium), of rare-earth metals, of yttrium, scandium or of mixtures of these metals","2024","75310.95"
"Netherlands","Portugal","Import","Rare Earth Elements","284690","Compounds, inorganic or organic (excluding cerium), of rare-earth metals, of yttrium, scandium or of mixtures of these metals","2024","298.74"
"Netherlands","Romania","Export","Rare Earth Elements","284690","Compounds, inorganic or organic (excluding cerium), of rare-earth metals, of yttrium, scandium or of mixtures of these metals","2024","34459.75"
"Netherlands","Romania","Import","Rare Earth Elements","284690","Compounds, inorganic or organic (excluding cerium), of rare-earth metals, of yttrium, scandium or of mixtures of these metals","2024","3.25"
"Netherlands","Slovak Republic","Export","Rare Earth Elements","284690","Compounds, inorganic or organic (excluding cerium), of rare-earth metals, of yttrium, scandium or of mixtures of these metals","2024","1896.33"
"Netherlands","Slovak Republic","Import","Rare Earth Elements","284690","Compounds, inorganic or organic (excluding cerium), of rare-earth metals, of yttrium, scandium or of mixtures of these metals","2024","90.92"
"Netherlands","Slovenia","Export","Rare Earth Elements","284690","Compounds, inorganic or organic (excluding cerium), of rare-earth metals, of yttrium, scandium or of mixtures of these metals","2024","21955.01"
"Netherlands","Slovenia","Import","Rare Earth Elements","284690","Compounds, inorganic or organic (excluding cerium), of rare-earth metals, of yttrium, scandium or of mixtures of these metals","2024","63.86"
"Netherlands","Sweden","Export","Rare Earth Elements","284690","Compounds, inorganic or organic (excluding cerium), of rare-earth metals, of yttrium, scandium or of mixtures of these metals","2024","2290917.77"
"Netherlands","Thailand","Export","Rare Earth Elements","284690","Compounds, inorganic or organic (excluding cerium), of rare-earth metals, of yttrium, scandium or of mixtures of these metals","2024","23882.72"
"Netherlands","Turkiye","Import","Rare Earth Elements","284690","Compounds, inorganic or organic (excluding cerium), of rare-earth metals, of yttrium, scandium or of mixtures of these metals","2024","1368791.32"
"Netherlands","United States of America","Export","Rare Earth Elements","284690","Compounds, inorganic or organic (excluding cerium), of rare-earth metals, of yttrium, scandium or of mixtures of these metals","2024","687364.63"
"Netherlands","United States of America","Import","Rare Earth Elements","284690","Compounds, inorganic or organic (excluding cerium), of rare-earth metals, of yttrium, scandium or of mixtures of these metals","2024","151138.2"
"Netherlands","World","Export","Rare Earth Elements","284690","Compounds, inorganic or organic (excluding cerium), of rare-earth metals, of yttrium, scandium or of mixtures of these metals","2024","30093298.37"
"Netherlands","World","Import","Rare Earth Elements","284690","Compounds, inorganic or organic (excluding cerium), of rare-earth metals, of yttrium, scandium or of mixtures of these metals","2024","8061359.7"
"Norway","Austria","Import","Rare Earth Elements","280530","Earth-metals, rare; scandium and yttrium, whether or not intermixed or interalloyed","2024","1863.2338116"
"Norway","China","Import","Rare Earth Elements","280530","Earth-metals, rare; scandium and yttrium, whether or not intermixed or interalloyed","2024","2390020.3179527"
"Norway","European Union","Import","Rare Earth Elements","280530","Earth-metals, rare; scandium and yttrium, whether or not intermixed or interalloyed","2024","1863.2338116"
"Norway","World","Import","Rare Earth Elements","280530","Earth-metals, rare; scandium and yttrium, whether or not intermixed or interalloyed","2024","2391883.5517643"
"Norway","Austria","Import","Rare Earth Elements","284610","Cerium compounds","2024","224.6452113"
"Norway","China","Export","Rare Earth Elements","284610","Cerium compounds","2024","8754.28"
"Norway","Germany","Export","Rare Earth Elements","284610","Cerium compounds","2024","13886.87"
"Norway","Germany","Import","Rare Earth Elements","284610","Cerium compounds","2024","1720.3877472"
"Norway","Denmark","Export","Rare Earth Elements","284610","Cerium compounds","2024","4096.94"
"Norway","European Union","Import","Rare Earth Elements","284610","Cerium compounds","2024","50830.1202016"
"Norway","European Union","Export","Rare Earth Elements","284610","Cerium compounds","2024","23084.310546875"
"Norway","Spain","Export","Rare Earth Elements","284610","Cerium compounds","2024","2070.76"
"Norway","Spain","Import","Rare Earth Elements","284610","Cerium compounds","2024","127.3982164"
"Norway","Estonia","Import","Rare Earth Elements","284610","Cerium compounds","2024","698.4102365"
"Norway","France","Import","Rare Earth Elements","284610","Cerium compounds","2024","161.8301667"
"Norway","United Kingdom","Export","Rare Earth Elements","284610","Cerium compounds","2024","4572.56"
"Norway","Italy","Export","Rare Earth Elements","284610","Cerium compounds","2024","2449.79"
"Norway","North Macedonia","Export","Rare Earth Elements","284610","Cerium compounds","2024","29362.45"
"Norway","Poland","Import","Rare Earth Elements","284610","Cerium compounds","2024","47897.4486235"
"Norway","Poland","Export","Rare Earth Elements","284610","Cerium compounds","2024","579.95"
"Norway","United States of America","Import","Rare Earth Elements","284610","Cerium compounds","2024","769.6006204"
"Norway","World","Export","Rare Earth Elements","284610","Cerium compounds","2024","65773.6"
"Norway","World","Import","Rare Earth Elements","284610","Cerium compounds","2024","51599.720822"
"Norway","Austria","Import","Rare Earth Elements","284690","Compounds, inorganic or organic (excluding cerium), of rare-earth metals, of yttrium, scandium or of mixtures of these metals","2024","157061.2485459"
"Norway","Belgium","Import","Rare Earth Elements","284690","Compounds, inorganic or organic (excluding cerium), of rare-earth metals, of yttrium, scandium or of mixtures of these metals","2024","876.4327259"
"Norway","Belgium","Export","Rare Earth Elements","284690","Compounds, inorganic or organic (excluding cerium), of rare-earth metals, of yttrium, scandium or of mixtures of these metals","2024","158.29"
"Norway","Brazil","Export","Rare Earth Elements","284690","Compounds, inorganic or organic (excluding cerium), of rare-earth metals, of yttrium, scandium or of mixtures of these metals","2024","2151.81"
"Norway","Canada","Import","Rare Earth Elements","284690","Compounds, inorganic or organic (excluding cerium), of rare-earth metals, of yttrium, scandium or of mixtures of these metals","2024","7549.5308259"
"Norway","Chile","Export","Rare Earth Elements","284690","Compounds, inorganic or organic (excluding cerium), of rare-earth metals, of yttrium, scandium or of mixtures of these metals","2024","1094.1"
"Norway","China","Import","Rare Earth Elements","284690","Compounds, inorganic or organic (excluding cerium), of rare-earth metals, of yttrium, scandium or of mixtures of these metals","2024","1139478.6816596"
"Norway","China","Export","Rare Earth Elements","284690","Compounds, inorganic or organic (excluding cerium), of rare-earth metals, of yttrium, scandium or of mixtures of these metals","2024","27715.39"
"Norway","Chinese Taipei","Import","Rare Earth Elements","284690","Compounds, inorganic or organic (excluding cerium), of rare-earth metals, of yttrium, scandium or of mixtures of these metals","2024","1550.7405971"
"Norway","Germany","Import","Rare Earth Elements","284690","Compounds, inorganic or organic (excluding cerium), of rare-earth metals, of yttrium, scandium or of mixtures of these metals","2024","2472.5862737"
"Norway","Germany","Export","Rare Earth Elements","284690","Compounds, inorganic or organic (excluding cerium), of rare-earth metals, of yttrium, scandium or of mixtures of these metals","2024","354.74"
"Norway","European Union","Export","Rare Earth Elements","284690","Compounds, inorganic or organic (excluding cerium), of rare-earth metals, of yttrium, scandium or of mixtures of these metals","2024","1735469.375"
"Norway","European Union","Import","Rare Earth Elements","284690","Compounds, inorganic or organic (excluding cerium), of rare-earth metals, of yttrium, scandium or of mixtures of these metals","2024","173998.2318728"
"Norway","Spain","Export","Rare Earth Elements","284690","Compounds, inorganic or organic (excluding cerium), of rare-earth metals, of yttrium, scandium or of mixtures of these metals","2024","3423.84"
"Norway","Finland","Import","Rare Earth Elements","284690","Compounds, inorganic or organic (excluding cerium), of rare-earth metals, of yttrium, scandium or of mixtures of these metals","2024","11250.1279566"
"Norway","France","Export","Rare Earth Elements","284690","Compounds, inorganic or organic (excluding cerium), of rare-earth metals, of yttrium, scandium or of mixtures of these metals","2024","9896.49"
"Norway","France","Import","Rare Earth Elements","284690","Compounds, inorganic or organic (excluding cerium), of rare-earth metals, of yttrium, scandium or of mixtures of these metals","2024","2337.8363707"
"Norway","United Kingdom","Import","Rare Earth Elements","284690","Compounds, inorganic or organic (excluding cerium), of rare-earth metals, of yttrium, scandium or of mixtures of these metals","2024","592.136487"
"Norway","India","Import","Rare Earth Elements","284690","Compounds, inorganic or organic (excluding cerium), of rare-earth metals, of yttrium, scandium or of mixtures of these metals","2024","665.932532"
"Norway","Ireland","Export","Rare Earth Elements","284690","Compounds, inorganic or organic (excluding cerium), of rare-earth metals, of yttrium, scandium or of mixtures of these metals","2024","1715461.27"
"Norway","Japan","Export","Rare Earth Elements","284690","Compounds, inorganic or organic (excluding cerium), of rare-earth metals, of yttrium, scandium or of mixtures of these metals","2024","815.2"
"Norway","Korea, Republic of","Import","Rare Earth Elements","284690","Compounds, inorganic or organic (excluding cerium), of rare-earth metals, of yttrium, scandium or of mixtures of these metals","2024","8583319.5191935"
"Norway","Netherlands","Export","Rare Earth Elements","284690","Compounds, inorganic or organic (excluding cerium), of rare-earth metals, of yttrium, scandium or of mixtures of these metals","2024","5249.29"
"Norway","Poland","Export","Rare Earth Elements","284690","Compounds, inorganic or organic (excluding cerium), of rare-earth metals, of yttrium, scandium or of mixtures of these metals","2024","925.48"
"Norway","Russian Federation","Import","Rare Earth Elements","284690","Compounds, inorganic or organic (excluding cerium), of rare-earth metals, of yttrium, scandium or of mixtures of these metals","2024","1640.3567274"
"Norway","Turkiye","Import","Rare Earth Elements","284690","Compounds, inorganic or organic (excluding cerium), of rare-earth metals, of yttrium, scandium or of mixtures of these metals","2024","249.6781698"
"Norway","United States of America","Import","Rare Earth Elements","284690","Compounds, inorganic or organic (excluding cerium), of rare-earth metals, of yttrium, scandium or of mixtures of these metals","2024","51362.4195425"
"Norway","World","Import","Rare Earth Elements","284690","Compounds, inorganic or organic (excluding cerium), of rare-earth metals, of yttrium, scandium or of mixtures of these metals","2024","9960407.227607602"
"Norway","World","Export","Rare Earth Elements","284690","Compounds, inorganic or organic (excluding cerium), of rare-earth metals, of yttrium, scandium or of mixtures of these metals","2024","1767245.9"
"New Zealand","Australia","Import","Rare Earth Elements","280530","Earth-metals, rare; scandium and yttrium, whether or not intermixed or interalloyed","2024","1649.81"
"New Zealand","United States of America","Import","Rare Earth Elements","280530","Earth-metals, rare; scandium and yttrium, whether or not intermixed or interalloyed","2024","830.96"
"New Zealand","World","Import","Rare Earth Elements","280530","Earth-metals, rare; scandium and yttrium, whether or not intermixed or interalloyed","2024","2480.77"
"New Zealand","Australia","Export","Rare Earth Elements","284610","Cerium compounds","2024","939.29"
"New Zealand","Australia","Import","Rare Earth Elements","284610","Cerium compounds","2024","539.25"
"New Zealand","Austria","Import","Rare Earth Elements","284610","Cerium compounds","2024","254.19"
"New Zealand","Switzerland","Import","Rare Earth Elements","284610","Cerium compounds","2024","80.49"
"New Zealand","China","Import","Rare Earth Elements","284610","Cerium compounds","2024","428.49"
"New Zealand","Germany","Import","Rare Earth Elements","284610","Cerium compounds","2024","152.51"
"New Zealand","European Union","Import","Rare Earth Elements","284610","Cerium compounds","2024","406.7"
"New Zealand","United Kingdom","Import","Rare Earth Elements","284610","Cerium compounds","2024","148.28"
"New Zealand","United States of America","Import","Rare Earth Elements","284610","Cerium compounds","2024","846.69"
"New Zealand","World","Import","Rare Earth Elements","284610","Cerium compounds","2024","2449.9"
"New Zealand","World","Export","Rare Earth Elements","284610","Cerium compounds","2024","939.29"
"New Zealand","Austria","Import","Rare Earth Elements","284690","Compounds, inorganic or organic (excluding cerium), of rare-earth metals, of yttrium, scandium or of mixtures of these metals","2024","153.12"
"New Zealand","Switzerland","Import","Rare Earth Elements","284690","Compounds, inorganic or organic (excluding cerium), of rare-earth metals, of yttrium, scandium or of mixtures of these metals","2024","237.85"
"New Zealand","China","Import","Rare Earth Elements","284690","Compounds, inorganic or organic (excluding cerium), of rare-earth metals, of yttrium, scandium or of mixtures of these metals","2024","18798.55"
"New Zealand","Czech Republic","Import","Rare Earth Elements","284690","Compounds, inorganic or organic (excluding cerium), of rare-earth metals, of yttrium, scandium or of mixtures of these metals","2024","291.71"
"New Zealand","European Union","Import","Rare Earth Elements","284690","Compounds, inorganic or organic (excluding cerium), of rare-earth metals, of yttrium, scandium or of mixtures of these metals","2024","444.83"
"New Zealand","India","Import","Rare Earth Elements","284690","Compounds, inorganic or organic (excluding cerium), of rare-earth metals, of yttrium, scandium or of mixtures of these metals","2024","93.2"
"New Zealand","Japan","Import","Rare Earth Elements","284690","Compounds, inorganic or organic (excluding cerium), of rare-earth metals, of yttrium, scandium or of mixtures of these metals","2024","1174.12"
"New Zealand","United States of America","Import","Rare Earth Elements","284690","Compounds, inorganic or organic (excluding cerium), of rare-earth metals, of yttrium, scandium or of mixtures of these metals","2024","1931.84"
"New Zealand","World","Import","Rare Earth Elements","284690","Compounds, inorganic or organic (excluding cerium), of rare-earth metals, of yttrium, scandium or of mixtures of these metals","2024","22680.39"
"Oman","India","Import","Rare Earth Elements","280530","Earth-metals, rare; scandium and yttrium, whether or not intermixed or interalloyed","2024","26.01"
"Oman","World","Import","Rare Earth Elements","280530","Earth-metals, rare; scandium and yttrium, whether or not intermixed or interalloyed","2024","26.01"
"Oman","United Kingdom","Import","Rare Earth Elements","284610","Cerium compounds","2024","83.22"
"Oman","India","Import","Rare Earth Elements","284610","Cerium compounds","2024","114.43"
"Oman","Qatar","Import","Rare Earth Elements","284610","Cerium compounds","2024","49.41"
"Oman","Singapore","Import","Rare Earth Elements","284610","Cerium compounds","2024","338.1"
"Oman","World","Import","Rare Earth Elements","284610","Cerium compounds","2024","585.16"
"Oman","United Arab Emirates","Export","Rare Earth Elements","284690","Compounds, inorganic or organic (excluding cerium), of rare-earth metals, of yttrium, scandium or of mixtures of these metals","2024","377.11"
"Oman","India","Import","Rare Earth Elements","284690","Compounds, inorganic or organic (excluding cerium), of rare-earth metals, of yttrium, scandium or of mixtures of these metals","2024","192.46"
"Oman","Qatar","Import","Rare Earth Elements","284690","Compounds, inorganic or organic (excluding cerium), of rare-earth metals, of yttrium, scandium or of mixtures of these metals","2024","540.96"
"Oman","Somalia","Export","Rare Earth Elements","284690","Compounds, inorganic or organic (excluding cerium), of rare-earth metals, of yttrium, scandium or of mixtures of these metals","2024","21027.31"
"Oman","World","Export","Rare Earth Elements","284690","Compounds, inorganic or organic (excluding cerium), of rare-earth metals, of yttrium, scandium or of mixtures of these metals","2024","21404.42"
"Oman","World","Import","Rare Earth Elements","284690","Compounds, inorganic or organic (excluding cerium), of rare-earth metals, of yttrium, scandium or of mixtures of these metals","2024","733.4200000000001"
"Pakistan","China","Import","Rare Earth Elements","280530","Earth-metals, rare; scandium and yttrium, whether or not intermixed or interalloyed","2024","870.26"
"Pakistan","World","Import","Rare Earth Elements","280530","Earth-metals, rare; scandium and yttrium, whether or not intermixed or interalloyed","2024","870.26"
"Pakistan","China","Import","Rare Earth Elements","284610","Cerium compounds","2024","87171.03"
"Pakistan","United Kingdom","Import","Rare Earth Elements","284610","Cerium compounds","2024","246.13"
"Pakistan","Korea, Republic of","Import","Rare Earth Elements","284610","Cerium compounds","2024","98.27"
"Pakistan","World","Import","Rare Earth Elements","284610","Cerium compounds","2024","87515.43"
"Pakistan","Belgium","Import","Rare Earth Elements","284690","Compounds, inorganic or organic (excluding cerium), of rare-earth metals, of yttrium, scandium or of mixtures of these metals","2024","0.94"
"Pakistan","China","Import","Rare Earth Elements","284690","Compounds, inorganic or organic (excluding cerium), of rare-earth metals, of yttrium, scandium or of mixtures of these metals","2024","290601.04"
"Pakistan","Germany","Import","Rare Earth Elements","284690","Compounds, inorganic or organic (excluding cerium), of rare-earth metals, of yttrium, scandium or of mixtures of these metals","2024","240.97"
"Pakistan","European Union","Import","Rare Earth Elements","284690","Compounds, inorganic or organic (excluding cerium), of rare-earth metals, of yttrium, scandium or of mixtures of these metals","2024","241.91"
"Pakistan","United States of America","Import","Rare Earth Elements","284690","Compounds, inorganic or organic (excluding cerium), of rare-earth metals, of yttrium, scandium or of mixtures of these metals","2024","4348.56"
"Pakistan","World","Import","Rare Earth Elements","284690","Compounds, inorganic or organic (excluding cerium), of rare-earth metals, of yttrium, scandium or of mixtures of these metals","2024","295191.51"
"Panama","China","Import","Rare Earth Elements","284610","Cerium compounds","2024","1547"
"Panama","World","Import","Rare Earth Elements","284610","Cerium compounds","2024","1547"
"Panama","China","Import","Rare Earth Elements","284690","Compounds, inorganic or organic (excluding cerium), of rare-earth metals, of yttrium, scandium or of mixtures of these metals","2024","159"
"Panama","United States of America","Import","Rare Earth Elements","284690","Compounds, inorganic or organic (excluding cerium), of rare-earth metals, of yttrium, scandium or of mixtures of these metals","2024","402"
"Panama","World","Import","Rare Earth Elements","284690","Compounds, inorganic or organic (excluding cerium), of rare-earth metals, of yttrium, scandium or of mixtures of these metals","2024","561"
"Peru","China","Import","Rare Earth Elements","280530","Earth-metals, rare; scandium and yttrium, whether or not intermixed or interalloyed","2024","22496.3"
"Peru","European Union","Import","Rare Earth Elements","280530","Earth-metals, rare; scandium and yttrium, whether or not intermixed or interalloyed","2024","1182.64"
"Peru","Spain","Import","Rare Earth Elements","280530","Earth-metals, rare; scandium and yttrium, whether or not intermixed or interalloyed","2024","1182.64"
"Peru","World","Import","Rare Earth Elements","280530","Earth-metals, rare; scandium and yttrium, whether or not intermixed or interalloyed","2024","23678.94"
"Peru","Austria","Export","Rare Earth Elements","284610","Cerium compounds","2024","1448"
"Peru","Austria","Import","Rare Earth Elements","284610","Cerium compounds","2024","459.11"
"Peru","Switzerland","Import","Rare Earth Elements","284610","Cerium compounds","2024","248.79"
"Peru","China","Import","Rare Earth Elements","284610","Cerium compounds","2024","17262.82"
"Peru","Germany","Import","Rare Earth Elements","284610","Cerium compounds","2024","6191.15"
"Peru","European Union","Import","Rare Earth Elements","284610","Cerium compounds","2024","7493.95"
"Peru","European Union","Export","Rare Earth Elements","284610","Cerium compounds","2024","1448"
"Peru","Spain","Import","Rare Earth Elements","284610","Cerium compounds","2024","540.04"
"Peru","France","Import","Rare Earth Elements","284610","Cerium compounds","2024","303.65"
"Peru","Guatemala","Export","Rare Earth Elements","284610","Cerium compounds","2024","11486.13"
"Peru","United States of America","Import","Rare Earth Elements","284610","Cerium compounds","2024","1653.47"
"Peru","World","Import","Rare Earth Elements","284610","Cerium compounds","2024","26659.03"
"Peru","World","Export","Rare Earth Elements","284610","Cerium compounds","2024","12934.13"
"Peru","Austria","Import","Rare Earth Elements","284690","Compounds, inorganic or organic (excluding cerium), of rare-earth metals, of yttrium, scandium or of mixtures of these metals","2024","136013.84"
"Peru","China","Import","Rare Earth Elements","284690","Compounds, inorganic or organic (excluding cerium), of rare-earth metals, of yttrium, scandium or of mixtures of these metals","2024","86207.02"
"Peru","Germany","Import","Rare Earth Elements","284690","Compounds, inorganic or organic (excluding cerium), of rare-earth metals, of yttrium, scandium or of mixtures of these metals","2024","125287.15"
"Peru","European Union","Import","Rare Earth Elements","284690","Compounds, inorganic or organic (excluding cerium), of rare-earth metals, of yttrium, scandium or of mixtures of these metals","2024","265833.11"
"Peru","Spain","Import","Rare Earth Elements","284690","Compounds, inorganic or organic (excluding cerium), of rare-earth metals, of yttrium, scandium or of mixtures of these metals","2024","4532.12"
"Peru","India","Import","Rare Earth Elements","284690","Compounds, inorganic or organic (excluding cerium), of rare-earth metals, of yttrium, scandium or of mixtures of these metals","2024","6823.46"
"Peru","United States of America","Import","Rare Earth Elements","284690","Compounds, inorganic or organic (excluding cerium), of rare-earth metals, of yttrium, scandium or of mixtures of these metals","2024","21930.06"
"Peru","World","Import","Rare Earth Elements","284690","Compounds, inorganic or organic (excluding cerium), of rare-earth metals, of yttrium, scandium or of mixtures of these metals","2024","380793.65"
"Philippines","China","Import","Rare Earth Elements","280530","Earth-metals, rare; scandium and yttrium, whether or not intermixed or interalloyed","2024","421861"
"Philippines","Japan","Import","Rare Earth Elements","280530","Earth-metals, rare; scandium and yttrium, whether or not intermixed or interalloyed","2024","2440"
"Philippines","Japan","Export","Rare Earth Elements","280530","Earth-metals, rare; scandium and yttrium, whether or not intermixed or interalloyed","2024","1322"
"Philippines","World","Import","Rare Earth Elements","280530","Earth-metals, rare; scandium and yttrium, whether or not intermixed or interalloyed","2024","424301"
"Philippines","World","Export","Rare Earth Elements","280530","Earth-metals, rare; scandium and yttrium, whether or not intermixed or interalloyed","2024","1322"
"Philippines","Belgium","Import","Rare Earth Elements","284610","Cerium compounds","2024","478"
"Philippines","Germany","Import","Rare Earth Elements","284610","Cerium compounds","2024","286"
"Philippines","European Union","Import","Rare Earth Elements","284610","Cerium compounds","2024","1338"
"Philippines","Spain","Import","Rare Earth Elements","284610","Cerium compounds","2024","574"
"Philippines","Japan","Import","Rare Earth Elements","284610","Cerium compounds","2024","33625"
"Philippines","Singapore","Import","Rare Earth Elements","284610","Cerium compounds","2024","398"
"Philippines","United States of America","Import","Rare Earth Elements","284610","Cerium compounds","2024","545"
"Philippines","World","Import","Rare Earth Elements","284610","Cerium compounds","2024","35906"
"Philippines","Australia","Import","Rare Earth Elements","284690","Compounds, inorganic or organic (excluding cerium), of rare-earth metals, of yttrium, scandium or of mixtures of these metals","2024","38512"
"Philippines","Belgium","Import","Rare Earth Elements","284690","Compounds, inorganic or organic (excluding cerium), of rare-earth metals, of yttrium, scandium or of mixtures of these metals","2024","923170"
"Philippines","China","Import","Rare Earth Elements","284690","Compounds, inorganic or organic (excluding cerium), of rare-earth metals, of yttrium, scandium or of mixtures of these metals","2024","5196915"
"Philippines","Germany","Import","Rare Earth Elements","284690","Compounds, inorganic or organic (excluding cerium), of rare-earth metals, of yttrium, scandium or of mixtures of these metals","2024","1320401"
"Philippines","European Union","Import","Rare Earth Elements","284690","Compounds, inorganic or organic (excluding cerium), of rare-earth metals, of yttrium, scandium or of mixtures of these metals","2024","13597550"
"Philippines","France","Import","Rare Earth Elements","284690","Compounds, inorganic or organic (excluding cerium), of rare-earth metals, of yttrium, scandium or of mixtures of these metals","2024","1349806"
"Philippines","India","Import","Rare Earth Elements","284690","Compounds, inorganic or organic (excluding cerium), of rare-earth metals, of yttrium, scandium or of mixtures of these metals","2024","550042"
"Philippines","Italy","Import","Rare Earth Elements","284690","Compounds, inorganic or organic (excluding cerium), of rare-earth metals, of yttrium, scandium or of mixtures of these metals","2024","3248777"
"Philippines","Japan","Import","Rare Earth Elements","284690","Compounds, inorganic or organic (excluding cerium), of rare-earth metals, of yttrium, scandium or of mixtures of these metals","2024","37383243"
"Philippines","Korea, Republic of","Import","Rare Earth Elements","284690","Compounds, inorganic or organic (excluding cerium), of rare-earth metals, of yttrium, scandium or of mixtures of these metals","2024","2951281"
"Philippines","Netherlands","Import","Rare Earth Elements","284690","Compounds, inorganic or organic (excluding cerium), of rare-earth metals, of yttrium, scandium or of mixtures of these metals","2024","1393281"
"Philippines","Poland","Import","Rare Earth Elements","284690","Compounds, inorganic or organic (excluding cerium), of rare-earth metals, of yttrium, scandium or of mixtures of these metals","2024","4347101"
"Philippines","Singapore","Import","Rare Earth Elements","284690","Compounds, inorganic or organic (excluding cerium), of rare-earth metals, of yttrium, scandium or of mixtures of these metals","2024","2578"
"Philippines","Slovenia","Import","Rare Earth Elements","284690","Compounds, inorganic or organic (excluding cerium), of rare-earth metals, of yttrium, scandium or of mixtures of these metals","2024","1015014"
"Philippines","Thailand","Import","Rare Earth Elements","284690","Compounds, inorganic or organic (excluding cerium), of rare-earth metals, of yttrium, scandium or of mixtures of these metals","2024","1009062"
"Philippines","United States of America","Import","Rare Earth Elements","284690","Compounds, inorganic or organic (excluding cerium), of rare-earth metals, of yttrium, scandium or of mixtures of these metals","2024","3719560"
"Philippines","World","Import","Rare Earth Elements","284690","Compounds, inorganic or organic (excluding cerium), of rare-earth metals, of yttrium, scandium or of mixtures of these metals","2024","64448743"
"Poland","Switzerland","Export","Rare Earth Elements","280530","Earth-metals, rare; scandium and yttrium, whether or not intermixed or interalloyed","2024","164"
"Poland","China","Import","Rare Earth Elements","280530","Earth-metals, rare; scandium and yttrium, whether or not intermixed or interalloyed","2024","161"
"Poland","Germany","Import","Rare Earth Elements","280530","Earth-metals, rare; scandium and yttrium, whether or not intermixed or interalloyed","2024","119"
"Poland","Spain","Import","Rare Earth Elements","280530","Earth-metals, rare; scandium and yttrium, whether or not intermixed or interalloyed","2024","74"
"Poland","United Kingdom","Import","Rare Earth Elements","280530","Earth-metals, rare; scandium and yttrium, whether or not intermixed or interalloyed","2024","678"
"Poland","Israel","Import","Rare Earth Elements","280530","Earth-metals, rare; scandium and yttrium, whether or not intermixed or interalloyed","2024","921"
"Poland","United States of America","Import","Rare Earth Elements","280530","Earth-metals, rare; scandium and yttrium, whether or not intermixed or interalloyed","2024","8977"
"Poland","World","Import","Rare Earth Elements","280530","Earth-metals, rare; scandium and yttrium, whether or not intermixed or interalloyed","2024","10930"
"Poland","World","Export","Rare Earth Elements","280530","Earth-metals, rare; scandium and yttrium, whether or not intermixed or interalloyed","2024","164"
"Poland","Austria","Import","Rare Earth Elements","284610","Cerium compounds","2024","2762"
"Poland","Belgium","Import","Rare Earth Elements","284610","Cerium compounds","2024","189"
"Poland","Belarus","Export","Rare Earth Elements","284610","Cerium compounds","2024","8099"
"Poland","China","Import","Rare Earth Elements","284610","Cerium compounds","2024","1089988"
"Poland","Czech Republic","Export","Rare Earth Elements","284610","Cerium compounds","2024","23"
"Poland","Germany","Import","Rare Earth Elements","284610","Cerium compounds","2024","97270"
"Poland","Germany","Export","Rare Earth Elements","284610","Cerium compounds","2024","1326"
"Poland","Spain","Import","Rare Earth Elements","284610","Cerium compounds","2024","510"
"Poland","Estonia","Import","Rare Earth Elements","284610","Cerium compounds","2024","36484"
"Poland","Estonia","Export","Rare Earth Elements","284610","Cerium compounds","2024","67"
"Poland","France","Export","Rare Earth Elements","284610","Cerium compounds","2024","390928"
"Poland","France","Import","Rare Earth Elements","284610","Cerium compounds","2024","21068"
"Poland","United Kingdom","Import","Rare Earth Elements","284610","Cerium compounds","2024","777155"
"Poland","United Kingdom","Export","Rare Earth Elements","284610","Cerium compounds","2024","1270"
"Poland","Hong Kong, China","Import","Rare Earth Elements","284610","Cerium compounds","2024","169"
"Poland","Croatia","Export","Rare Earth Elements","284610","Cerium compounds","2024","9"
"Poland","Hungary","Export","Rare Earth Elements","284610","Cerium compounds","2024","158"
"Poland","India","Import","Rare Earth Elements","284610","Cerium compounds","2024","9397"
"Poland","Japan","Import","Rare Earth Elements","284610","Cerium compounds","2024","1050917"
"Poland","Lithuania","Import","Rare Earth Elements","284610","Cerium compounds","2024","40"
"Poland","Lithuania","Export","Rare Earth Elements","284610","Cerium compounds","2024","7"
"Poland","North Macedonia","Export","Rare Earth Elements","284610","Cerium compounds","2024","183241"
"Poland","Netherlands","Import","Rare Earth Elements","284610","Cerium compounds","2024","4827"
"Poland","Norway","Export","Rare Earth Elements","284610","Cerium compounds","2024","197"
"Poland","Norway","Import","Rare Earth Elements","284610","Cerium compounds","2024","21"
"Poland","Slovak Republic","Export","Rare Earth Elements","284610","Cerium compounds","2024","11"
"Poland","Slovenia","Import","Rare Earth Elements","284610","Cerium compounds","2024","43437"
"Poland","Turkiye","Import","Rare Earth Elements","284610","Cerium compounds","2024","551"
"Poland","Ukraine","Export","Rare Earth Elements","284610","Cerium compounds","2024","45262"
"Poland","United States of America","Import","Rare Earth Elements","284610","Cerium compounds","2024","14934"
"Poland","Uzbekistan","Export","Rare Earth Elements","284610","Cerium compounds","2024","2480"
"Poland","World","Import","Rare Earth Elements","284610","Cerium compounds","2024","3149719"
"Poland","World","Export","Rare Earth Elements","284610","Cerium compounds","2024","633078"
"Poland","Austria","Import","Rare Earth Elements","284690","Compounds, inorganic or organic (excluding cerium), of rare-earth metals, of yttrium, scandium or of mixtures of these metals","2024","84214"
"Poland","Belgium","Import","Rare Earth Elements","284690","Compounds, inorganic or organic (excluding cerium), of rare-earth metals, of yttrium, scandium or of mixtures of these metals","2024","127"
"Poland","Belarus","Export","Rare Earth Elements","284690","Compounds, inorganic or organic (excluding cerium), of rare-earth metals, of yttrium, scandium or of mixtures of these metals","2024","23902"
"Poland","Canada","Import","Rare Earth Elements","284690","Compounds, inorganic or organic (excluding cerium), of rare-earth metals, of yttrium, scandium or of mixtures of these metals","2024","61"
"Poland","Switzerland","Import","Rare Earth Elements","284690","Compounds, inorganic or organic (excluding cerium), of rare-earth metals, of yttrium, scandium or of mixtures of these metals","2024","3910"
"Poland","China","Import","Rare Earth Elements","284690","Compounds, inorganic or organic (excluding cerium), of rare-earth metals, of yttrium, scandium or of mixtures of these metals","2024","1069258"
"Poland","Czech Republic","Export","Rare Earth Elements","284690","Compounds, inorganic or organic (excluding cerium), of rare-earth metals, of yttrium, scandium or of mixtures of these metals","2024","52395"
"Poland","Germany","Import","Rare Earth Elements","284690","Compounds, inorganic or organic (excluding cerium), of rare-earth metals, of yttrium, scandium or of mixtures of these metals","2024","45729"
"Poland","Germany","Export","Rare Earth Elements","284690","Compounds, inorganic or organic (excluding cerium), of rare-earth metals, of yttrium, scandium or of mixtures of these metals","2024","604"
"Poland","France","Import","Rare Earth Elements","284690","Compounds, inorganic or organic (excluding cerium), of rare-earth metals, of yttrium, scandium or of mixtures of these metals","2024","460267"
"Poland","United Kingdom","Import","Rare Earth Elements","284690","Compounds, inorganic or organic (excluding cerium), of rare-earth metals, of yttrium, scandium or of mixtures of these metals","2024","12198"
"Poland","Hungary","Export","Rare Earth Elements","284690","Compounds, inorganic or organic (excluding cerium), of rare-earth metals, of yttrium, scandium or of mixtures of these metals","2024","18639"
"Poland","India","Import","Rare Earth Elements","284690","Compounds, inorganic or organic (excluding cerium), of rare-earth metals, of yttrium, scandium or of mixtures of these metals","2024","109"
"Poland","Israel","Import","Rare Earth Elements","284690","Compounds, inorganic or organic (excluding cerium), of rare-earth metals, of yttrium, scandium or of mixtures of these metals","2024","1027"
"Poland","Korea, Republic of","Import","Rare Earth Elements","284690","Compounds, inorganic or organic (excluding cerium), of rare-earth metals, of yttrium, scandium or of mixtures of these metals","2024","1693"
"Poland","Netherlands","Import","Rare Earth Elements","284690","Compounds, inorganic or organic (excluding cerium), of rare-earth metals, of yttrium, scandium or of mixtures of these metals","2024","48032"
"Poland","Norway","Import","Rare Earth Elements","284690","Compounds, inorganic or organic (excluding cerium), of rare-earth metals, of yttrium, scandium or of mixtures of these metals","2024","724"
"Poland","Ukraine","Export","Rare Earth Elements","284690","Compounds, inorganic or organic (excluding cerium), of rare-earth metals, of yttrium, scandium or of mixtures of these metals","2024","5604"
"Poland","United States of America","Import","Rare Earth Elements","284690","Compounds, inorganic or organic (excluding cerium), of rare-earth metals, of yttrium, scandium or of mixtures of these metals","2024","105051"
"Poland","Uzbekistan","Export","Rare Earth Elements","284690","Compounds, inorganic or organic (excluding cerium), of rare-earth metals, of yttrium, scandium or of mixtures of these metals","2024","1400"
"Poland","World","Import","Rare Earth Elements","284690","Compounds, inorganic or organic (excluding cerium), of rare-earth metals, of yttrium, scandium or of mixtures of these metals","2024","1832452"
"Poland","World","Export","Rare Earth Elements","284690","Compounds, inorganic or organic (excluding cerium), of rare-earth metals, of yttrium, scandium or of mixtures of these metals","2024","102544"
"Poland","South Africa","Import","Rare Earth Elements","284690","Compounds, inorganic or organic (excluding cerium), of rare-earth metals, of yttrium, scandium or of mixtures of these metals","2024","52"
"Portugal","China","Import","Rare Earth Elements","280530","Earth-metals, rare; scandium and yttrium, whether or not intermixed or interalloyed","2024","434.87"
"Portugal","Cabo Verde","Export","Rare Earth Elements","280530","Earth-metals, rare; scandium and yttrium, whether or not intermixed or interalloyed","2024","149.85"
"Portugal","Germany","Import","Rare Earth Elements","280530","Earth-metals, rare; scandium and yttrium, whether or not intermixed or interalloyed","2024","108.98"
"Portugal","Spain","Import","Rare Earth Elements","280530","Earth-metals, rare; scandium and yttrium, whether or not intermixed or interalloyed","2024","1021.68"
"Portugal","France","Import","Rare Earth Elements","280530","Earth-metals, rare; scandium and yttrium, whether or not intermixed or interalloyed","2024","7284.83"
"Portugal","United States of America","Import","Rare Earth Elements","280530","Earth-metals, rare; scandium and yttrium, whether or not intermixed or interalloyed","2024","2332.57"
"Portugal","World","Import","Rare Earth Elements","280530","Earth-metals, rare; scandium and yttrium, whether or not intermixed or interalloyed","2024","11182.93"
"Portugal","World","Export","Rare Earth Elements","280530","Earth-metals, rare; scandium and yttrium, whether or not intermixed or interalloyed","2024","149.85"
"Portugal","United Arab Emirates","Import","Rare Earth Elements","284610","Cerium compounds","2024","11.53"
"Portugal","Austria","Import","Rare Earth Elements","284610","Cerium compounds","2024","26171.73"
"Portugal","Belgium","Import","Rare Earth Elements","284610","Cerium compounds","2024","179.19"
"Portugal","Brazil","Import","Rare Earth Elements","284610","Cerium compounds","2024","117.36"
"Portugal","China","Import","Rare Earth Elements","284610","Cerium compounds","2024","15.72"
"Portugal","Germany","Import","Rare Earth Elements","284610","Cerium compounds","2024","541.75"
"Portugal","Spain","Import","Rare Earth Elements","284610","Cerium compounds","2024","1307.75"
"Portugal","France","Import","Rare Earth Elements","284610","Cerium compounds","2024","33970.01"
"Portugal","United Kingdom","Import","Rare Earth Elements","284610","Cerium compounds","2024","204.34"
"Portugal","Indonesia","Import","Rare Earth Elements","284610","Cerium compounds","2024","36.68"
"Portugal","Ireland","Import","Rare Earth Elements","284610","Cerium compounds","2024","236.82"
"Portugal","Italy","Import","Rare Earth Elements","284610","Cerium compounds","2024","607.77"
"Portugal","Slovenia","Import","Rare Earth Elements","284610","Cerium compounds","2024","2908.9"
"Portugal","United States of America","Import","Rare Earth Elements","284610","Cerium compounds","2024","4791.93"
"Portugal","World","Import","Rare Earth Elements","284610","Cerium compounds","2024","71101.48000000001"
"Portugal","Austria","Import","Rare Earth Elements","284690","Compounds, inorganic or organic (excluding cerium), of rare-earth metals, of yttrium, scandium or of mixtures of these metals","2024","103893.66"
"Portugal","Belgium","Import","Rare Earth Elements","284690","Compounds, inorganic or organic (excluding cerium), of rare-earth metals, of yttrium, scandium or of mixtures of these metals","2024","495.64"
"Portugal","Belgium","Export","Rare Earth Elements","284690","Compounds, inorganic or organic (excluding cerium), of rare-earth metals, of yttrium, scandium or of mixtures of these metals","2024","80.69"
"Portugal","Bulgaria","Export","Rare Earth Elements","284690","Compounds, inorganic or organic (excluding cerium), of rare-earth metals, of yttrium, scandium or of mixtures of these metals","2024","134.13"
"Portugal","Brazil","Import","Rare Earth Elements","284690","Compounds, inorganic or organic (excluding cerium), of rare-earth metals, of yttrium, scandium or of mixtures of these metals","2024","33.53"
"Portugal","Switzerland","Export","Rare Earth Elements","284690","Compounds, inorganic or organic (excluding cerium), of rare-earth metals, of yttrium, scandium or of mixtures of these metals","2024","277722.5"
"Portugal","China","Import","Rare Earth Elements","284690","Compounds, inorganic or organic (excluding cerium), of rare-earth metals, of yttrium, scandium or of mixtures of these metals","2024","127513.81"
"Portugal","Germany","Import","Rare Earth Elements","284690","Compounds, inorganic or organic (excluding cerium), of rare-earth metals, of yttrium, scandium or of mixtures of these metals","2024","5114.68"
"Portugal","Spain","Import","Rare Earth Elements","284690","Compounds, inorganic or organic (excluding cerium), of rare-earth metals, of yttrium, scandium or of mixtures of these metals","2024","3178.2"
"Portugal","Spain","Export","Rare Earth Elements","284690","Compounds, inorganic or organic (excluding cerium), of rare-earth metals, of yttrium, scandium or of mixtures of these metals","2024","341.61"
"Portugal","France","Import","Rare Earth Elements","284690","Compounds, inorganic or organic (excluding cerium), of rare-earth metals, of yttrium, scandium or of mixtures of these metals","2024","4978.45"
"Portugal","France","Export","Rare Earth Elements","284690","Compounds, inorganic or organic (excluding cerium), of rare-earth metals, of yttrium, scandium or of mixtures of these metals","2024","2134.52"
"Portugal","United Kingdom","Import","Rare Earth Elements","284690","Compounds, inorganic or organic (excluding cerium), of rare-earth metals, of yttrium, scandium or of mixtures of these metals","2024","4023.84"
"Portugal","United Kingdom","Export","Rare Earth Elements","284690","Compounds, inorganic or organic (excluding cerium), of rare-earth metals, of yttrium, scandium or of mixtures of these metals","2024","2460.41"
"Portugal","India","Import","Rare Earth Elements","284690","Compounds, inorganic or organic (excluding cerium), of rare-earth metals, of yttrium, scandium or of mixtures of these metals","2024","31.44"
"Portugal","Norway","Import","Rare Earth Elements","284690","Compounds, inorganic or organic (excluding cerium), of rare-earth metals, of yttrium, scandium or of mixtures of these metals","2024","48.2"
"Portugal","United States of America","Import","Rare Earth Elements","284690","Compounds, inorganic or organic (excluding cerium), of rare-earth metals, of yttrium, scandium or of mixtures of these metals","2024","2996.92"
"Portugal","World","Export","Rare Earth Elements","284690","Compounds, inorganic or organic (excluding cerium), of rare-earth metals, of yttrium, scandium or of mixtures of these metals","2024","282873.86"
"Portugal","World","Import","Rare Earth Elements","284690","Compounds, inorganic or organic (excluding cerium), of rare-earth metals, of yttrium, scandium or of mixtures of these metals","2024","252308.37"
"Paraguay","China","Import","Rare Earth Elements","280530","Earth-metals, rare; scandium and yttrium, whether or not intermixed or interalloyed","2024","135620"
"Paraguay","World","Import","Rare Earth Elements","280530","Earth-metals, rare; scandium and yttrium, whether or not intermixed or interalloyed","2024","135620"
"Paraguay","Germany","Import","Rare Earth Elements","284610","Cerium compounds","2024","323"
"Paraguay","European Union","Import","Rare Earth Elements","284610","Cerium compounds","2024","765"
"Paraguay","Spain","Import","Rare Earth Elements","284610","Cerium compounds","2024","442"
"Paraguay","United States of America","Import","Rare Earth Elements","284610","Cerium compounds","2024","349"
"Paraguay","World","Import","Rare Earth Elements","284610","Cerium compounds","2024","1114"
"Paraguay","Germany","Import","Rare Earth Elements","284690","Compounds, inorganic or organic (excluding cerium), of rare-earth metals, of yttrium, scandium or of mixtures of these metals","2024","1916"
"Paraguay","European Union","Import","Rare Earth Elements","284690","Compounds, inorganic or organic (excluding cerium), of rare-earth metals, of yttrium, scandium or of mixtures of these metals","2024","2175"
"Paraguay","Spain","Import","Rare Earth Elements","284690","Compounds, inorganic or organic (excluding cerium), of rare-earth metals, of yttrium, scandium or of mixtures of these metals","2024","229"
"Paraguay","France","Import","Rare Earth Elements","284690","Compounds, inorganic or organic (excluding cerium), of rare-earth metals, of yttrium, scandium or of mixtures of these metals","2024","30"
"Paraguay","India","Import","Rare Earth Elements","284690","Compounds, inorganic or organic (excluding cerium), of rare-earth metals, of yttrium, scandium or of mixtures of these metals","2024","104"
"Paraguay","United States of America","Import","Rare Earth Elements","284690","Compounds, inorganic or organic (excluding cerium), of rare-earth metals, of yttrium, scandium or of mixtures of these metals","2024","873"
"Paraguay","World","Import","Rare Earth Elements","284690","Compounds, inorganic or organic (excluding cerium), of rare-earth metals, of yttrium, scandium or of mixtures of these metals","2024","3152"
"Romania","Austria","Import","Rare Earth Elements","280530","Earth-metals, rare; scandium and yttrium, whether or not intermixed or interalloyed","2024","95.6"
"Romania","Germany","Import","Rare Earth Elements","280530","Earth-metals, rare; scandium and yttrium, whether or not intermixed or interalloyed","2024","20295.91"
"Romania","Netherlands","Import","Rare Earth Elements","280530","Earth-metals, rare; scandium and yttrium, whether or not intermixed or interalloyed","2024","1.51"
"Romania","World","Import","Rare Earth Elements","280530","Earth-metals, rare; scandium and yttrium, whether or not intermixed or interalloyed","2024","20393.02"
"Romania","Austria","Import","Rare Earth Elements","284610","Cerium compounds","2024","998.75"
"Romania","Belgium","Import","Rare Earth Elements","284610","Cerium compounds","2024","327.41"
"Romania","Germany","Import","Rare Earth Elements","284610","Cerium compounds","2024","7266.48"
"Romania","Italy","Import","Rare Earth Elements","284610","Cerium compounds","2024","705.54"
"Romania","Malaysia","Import","Rare Earth Elements","284610","Cerium compounds","2024","72.72"
"Romania","Netherlands","Import","Rare Earth Elements","284610","Cerium compounds","2024","1327.3"
"Romania","Turkiye","Import","Rare Earth Elements","284610","Cerium compounds","2024","190.06"
"Romania","United States of America","Import","Rare Earth Elements","284610","Cerium compounds","2024","15919.14"
"Romania","World","Import","Rare Earth Elements","284610","Cerium compounds","2024","26807.4"
"Romania","United Arab Emirates","Export","Rare Earth Elements","284690","Compounds, inorganic or organic (excluding cerium), of rare-earth metals, of yttrium, scandium or of mixtures of these metals","2024","115.07"
"Romania","Austria","Import","Rare Earth Elements","284690","Compounds, inorganic or organic (excluding cerium), of rare-earth metals, of yttrium, scandium or of mixtures of these metals","2024","2248.1"
"Romania","Belgium","Import","Rare Earth Elements","284690","Compounds, inorganic or organic (excluding cerium), of rare-earth metals, of yttrium, scandium or of mixtures of these metals","2024","46657.37"
"Romania","Bulgaria","Import","Rare Earth Elements","284690","Compounds, inorganic or organic (excluding cerium), of rare-earth metals, of yttrium, scandium or of mixtures of these metals","2024","287.87"
"Romania","Switzerland","Import","Rare Earth Elements","284690","Compounds, inorganic or organic (excluding cerium), of rare-earth metals, of yttrium, scandium or of mixtures of these metals","2024","20614.52"
"Romania","Germany","Import","Rare Earth Elements","284690","Compounds, inorganic or organic (excluding cerium), of rare-earth metals, of yttrium, scandium or of mixtures of these metals","2024","18871.24"
"Romania","Spain","Import","Rare Earth Elements","284690","Compounds, inorganic or organic (excluding cerium), of rare-earth metals, of yttrium, scandium or of mixtures of these metals","2024","193.77"
"Romania","France","Import","Rare Earth Elements","284690","Compounds, inorganic or organic (excluding cerium), of rare-earth metals, of yttrium, scandium or of mixtures of these metals","2024","5.04"
"Romania","United States of America","Import","Rare Earth Elements","284690","Compounds, inorganic or organic (excluding cerium), of rare-earth metals, of yttrium, scandium or of mixtures of these metals","2024","51304.75"
"Romania","World","Import","Rare Earth Elements","284690","Compounds, inorganic or organic (excluding cerium), of rare-earth metals, of yttrium, scandium or of mixtures of these metals","2024","140182.66"
"Romania","World","Export","Rare Earth Elements","284690","Compounds, inorganic or organic (excluding cerium), of rare-earth metals, of yttrium, scandium or of mixtures of these metals","2024","115.07"
"Saudi Arabia, Kingdom of","Germany","Import","Rare Earth Elements","284610","Cerium compounds","2024","661.07"
"Saudi Arabia, Kingdom of","European Union","Import","Rare Earth Elements","284610","Cerium compounds","2024","1348"
"Saudi Arabia, Kingdom of","Spain","Import","Rare Earth Elements","284610","Cerium compounds","2024","686.93"
"Saudi Arabia, Kingdom of","United States of America","Import","Rare Earth Elements","284610","Cerium compounds","2024","987.47"
"Saudi Arabia, Kingdom of","World","Import","Rare Earth Elements","284610","Cerium compounds","2024","2335.47"
"Saudi Arabia, Kingdom of","Austria","Import","Rare Earth Elements","284690","Compounds, inorganic or organic (excluding cerium), of rare-earth metals, of yttrium, scandium or of mixtures of these metals","2024","1646.93"
"Saudi Arabia, Kingdom of","Switzerland","Import","Rare Earth Elements","284690","Compounds, inorganic or organic (excluding cerium), of rare-earth metals, of yttrium, scandium or of mixtures of these metals","2024","432"
"Saudi Arabia, Kingdom of","China","Import","Rare Earth Elements","284690","Compounds, inorganic or organic (excluding cerium), of rare-earth metals, of yttrium, scandium or of mixtures of these metals","2024","1182.13"
"Saudi Arabia, Kingdom of","Germany","Import","Rare Earth Elements","284690","Compounds, inorganic or organic (excluding cerium), of rare-earth metals, of yttrium, scandium or of mixtures of these metals","2024","5538.13"
"Saudi Arabia, Kingdom of","European Union","Import","Rare Earth Elements","284690","Compounds, inorganic or organic (excluding cerium), of rare-earth metals, of yttrium, scandium or of mixtures of these metals","2024","7596.79"
"Saudi Arabia, Kingdom of","Spain","Import","Rare Earth Elements","284690","Compounds, inorganic or organic (excluding cerium), of rare-earth metals, of yttrium, scandium or of mixtures of these metals","2024","411.73"
"Saudi Arabia, Kingdom of","United Kingdom","Import","Rare Earth Elements","284690","Compounds, inorganic or organic (excluding cerium), of rare-earth metals, of yttrium, scandium or of mixtures of these metals","2024","3953.6"
"Saudi Arabia, Kingdom of","India","Import","Rare Earth Elements","284690","Compounds, inorganic or organic (excluding cerium), of rare-earth metals, of yttrium, scandium or of mixtures of these metals","2024","1687.73"
"Saudi Arabia, Kingdom of","Russian Federation","Import","Rare Earth Elements","284690","Compounds, inorganic or organic (excluding cerium), of rare-earth metals, of yttrium, scandium or of mixtures of these metals","2024","1209.6"
"Saudi Arabia, Kingdom of","Turkiye","Import","Rare Earth Elements","284690","Compounds, inorganic or organic (excluding cerium), of rare-earth metals, of yttrium, scandium or of mixtures of these metals","2024","2890.67"
"Saudi Arabia, Kingdom of","United States of America","Import","Rare Earth Elements","284690","Compounds, inorganic or organic (excluding cerium), of rare-earth metals, of yttrium, scandium or of mixtures of these metals","2024","4874.93"
"Saudi Arabia, Kingdom of","World","Import","Rare Earth Elements","284690","Compounds, inorganic or organic (excluding cerium), of rare-earth metals, of yttrium, scandium or of mixtures of these metals","2024","23827.45"
"Singapore","China","Export","Rare Earth Elements","280530","Earth-metals, rare; scandium and yttrium, whether or not intermixed or interalloyed","2024","3505.38"
"Singapore","China","Import","Rare Earth Elements","280530","Earth-metals, rare; scandium and yttrium, whether or not intermixed or interalloyed","2024","398.1340584"
"Singapore","Germany","Export","Rare Earth Elements","280530","Earth-metals, rare; scandium and yttrium, whether or not intermixed or interalloyed","2024","282.14"
"Singapore","European Union","Export","Rare Earth Elements","280530","Earth-metals, rare; scandium and yttrium, whether or not intermixed or interalloyed","2024","282.1400146484375"
"Singapore","United Kingdom","Import","Rare Earth Elements","280530","Earth-metals, rare; scandium and yttrium, whether or not intermixed or interalloyed","2024","2941.1031008"
"Singapore","India","Import","Rare Earth Elements","280530","Earth-metals, rare; scandium and yttrium, whether or not intermixed or interalloyed","2024","1537.1566842"
"Singapore","Japan","Export","Rare Earth Elements","280530","Earth-metals, rare; scandium and yttrium, whether or not intermixed or interalloyed","2024","6304153.46"
"Singapore","Malaysia","Export","Rare Earth Elements","280530","Earth-metals, rare; scandium and yttrium, whether or not intermixed or interalloyed","2024","465.49"
"Singapore","Thailand","Import","Rare Earth Elements","280530","Earth-metals, rare; scandium and yttrium, whether or not intermixed or interalloyed","2024","2464674.333325"
"Singapore","United States of America","Import","Rare Earth Elements","280530","Earth-metals, rare; scandium and yttrium, whether or not intermixed or interalloyed","2024","7827.9741562"
"Singapore","Viet Nam","Import","Rare Earth Elements","280530","Earth-metals, rare; scandium and yttrium, whether or not intermixed or interalloyed","2024","11931089.8795121"
"Singapore","World","Import","Rare Earth Elements","280530","Earth-metals, rare; scandium and yttrium, whether or not intermixed or interalloyed","2024","14408468.5808367"
"Singapore","World","Export","Rare Earth Elements","280530","Earth-metals, rare; scandium and yttrium, whether or not intermixed or interalloyed","2024","6308406.47"
"Singapore","Austria","Import","Rare Earth Elements","284610","Cerium compounds","2024","669.0448275"
"Singapore","Belgium","Import","Rare Earth Elements","284610","Cerium compounds","2024","1388.9789707"
"Singapore","China","Import","Rare Earth Elements","284610","Cerium compounds","2024","328.5354354"
"Singapore","China","Export","Rare Earth Elements","284610","Cerium compounds","2024","74.84"
"Singapore","Germany","Import","Rare Earth Elements","284610","Cerium compounds","2024","11048.2201212"
"Singapore","European Union","Import","Rare Earth Elements","284610","Cerium compounds","2024","70557.2878987"
"Singapore","Spain","Import","Rare Earth Elements","284610","Cerium compounds","2024","143.6874797"
"Singapore","France","Import","Rare Earth Elements","284610","Cerium compounds","2024","55844.2886721"
"Singapore","Indonesia","Export","Rare Earth Elements","284610","Cerium compounds","2024","27895.58"
"Singapore","India","Import","Rare Earth Elements","284610","Cerium compounds","2024","2100.6810188"
"Singapore","Japan","Import","Rare Earth Elements","284610","Cerium compounds","2024","15195228.6277347"
"Singapore","Malaysia","Export","Rare Earth Elements","284610","Cerium compounds","2024","10898.55"
"Singapore","Oman","Export","Rare Earth Elements","284610","Cerium compounds","2024","336.77"
"Singapore","Philippines","Export","Rare Earth Elements","284610","Cerium compounds","2024","1018.53"
"Singapore","Slovenia","Import","Rare Earth Elements","284610","Cerium compounds","2024","1463.0678275"
"Singapore","Turkiye","Import","Rare Earth Elements","284610","Cerium compounds","2024","164.6419039"
"Singapore","United States of America","Import","Rare Earth Elements","284610","Cerium compounds","2024","87799.7854666"
"Singapore","Viet Nam","Export","Rare Earth Elements","284610","Cerium compounds","2024","4194.63"
"Singapore","World","Import","Rare Earth Elements","284610","Cerium compounds","2024","15356179.5594581"
"Singapore","World","Export","Rare Earth Elements","284610","Cerium compounds","2024","44418.9"
"Singapore","Australia","Import","Rare Earth Elements","284690","Compounds, inorganic or organic (excluding cerium), of rare-earth metals, of yttrium, scandium or of mixtures of these metals","2024","1052.9598124"
"Singapore","Austria","Import","Rare Earth Elements","284690","Compounds, inorganic or organic (excluding cerium), of rare-earth metals, of yttrium, scandium or of mixtures of these metals","2024","1020.0314316"
"Singapore","Switzerland","Import","Rare Earth Elements","284690","Compounds, inorganic or organic (excluding cerium), of rare-earth metals, of yttrium, scandium or of mixtures of these metals","2024","13973.6074039"
"Singapore","China","Import","Rare Earth Elements","284690","Compounds, inorganic or organic (excluding cerium), of rare-earth metals, of yttrium, scandium or of mixtures of these metals","2024","195185.9705141"
"Singapore","China","Export","Rare Earth Elements","284690","Compounds, inorganic or organic (excluding cerium), of rare-earth metals, of yttrium, scandium or of mixtures of these metals","2024","47082.35"
"Singapore","Chinese Taipei","Import","Rare Earth Elements","284690","Compounds, inorganic or organic (excluding cerium), of rare-earth metals, of yttrium, scandium or of mixtures of these metals","2024","677.2769227"
"Singapore","Germany","Import","Rare Earth Elements","284690","Compounds, inorganic or organic (excluding cerium), of rare-earth metals, of yttrium, scandium or of mixtures of these metals","2024","10586.4744181"
"Singapore","Denmark","Import","Rare Earth Elements","284690","Compounds, inorganic or organic (excluding cerium), of rare-earth metals, of yttrium, scandium or of mixtures of these metals","2024","45185.9705141"
"Singapore","European Union","Export","Rare Earth Elements","284690","Compounds, inorganic or organic (excluding cerium), of rare-earth metals, of yttrium, scandium or of mixtures of these metals","2024","795271.3125"
"Singapore","European Union","Import","Rare Earth Elements","284690","Compounds, inorganic or organic (excluding cerium), of rare-earth metals, of yttrium, scandium or of mixtures of these metals","2024","61335.844538"
"Singapore","Spain","Export","Rare Earth Elements","284690","Compounds, inorganic or organic (excluding cerium), of rare-earth metals, of yttrium, scandium or of mixtures of these metals","2024","795271.29"
"Singapore","France","Import","Rare Earth Elements","284690","Compounds, inorganic or organic (excluding cerium), of rare-earth metals, of yttrium, scandium or of mixtures of these metals","2024","4543.3681742"
"Singapore","United Kingdom","Import","Rare Earth Elements","284690","Compounds, inorganic or organic (excluding cerium), of rare-earth metals, of yttrium, scandium or of mixtures of these metals","2024","2331.1796842"
"Singapore","Indonesia","Export","Rare Earth Elements","284690","Compounds, inorganic or organic (excluding cerium), of rare-earth metals, of yttrium, scandium or of mixtures of these metals","2024","853.14"
"Singapore","India","Export","Rare Earth Elements","284690","Compounds, inorganic or organic (excluding cerium), of rare-earth metals, of yttrium, scandium or of mixtures of these metals","2024","2614.06"
"Singapore","India","Import","Rare Earth Elements","284690","Compounds, inorganic or organic (excluding cerium), of rare-earth metals, of yttrium, scandium or of mixtures of these metals","2024","514.1317634"
"Singapore","Japan","Import","Rare Earth Elements","284690","Compounds, inorganic or organic (excluding cerium), of rare-earth metals, of yttrium, scandium or of mixtures of these metals","2024","196333.9736074"
"Singapore","Korea, Republic of","Import","Rare Earth Elements","284690","Compounds, inorganic or organic (excluding cerium), of rare-earth metals, of yttrium, scandium or of mixtures of these metals","2024","49940.3796742"
"Singapore","Liechtenstein","Import","Rare Earth Elements","284690","Compounds, inorganic or organic (excluding cerium), of rare-earth metals, of yttrium, scandium or of mixtures of these metals","2024","15586.3496894"
"Singapore","Malaysia","Import","Rare Earth Elements","284690","Compounds, inorganic or organic (excluding cerium), of rare-earth metals, of yttrium, scandium or of mixtures of these metals","2024","910266.9194502"
"Singapore","Malaysia","Export","Rare Earth Elements","284690","Compounds, inorganic or organic (excluding cerium), of rare-earth metals, of yttrium, scandium or of mixtures of these metals","2024","392204.71"
"Singapore","Norway","Import","Rare Earth Elements","284690","Compounds, inorganic or organic (excluding cerium), of rare-earth metals, of yttrium, scandium or of mixtures of these metals","2024","512.6350188"
"Singapore","Philippines","Export","Rare Earth Elements","284690","Compounds, inorganic or organic (excluding cerium), of rare-earth metals, of yttrium, scandium or of mixtures of these metals","2024","2649.24"
"Singapore","Russian Federation","Import","Rare Earth Elements","284690","Compounds, inorganic or organic (excluding cerium), of rare-earth metals, of yttrium, scandium or of mixtures of these metals","2024","832.9383591"
"Singapore","Turkiye","Import","Rare Earth Elements","284690","Compounds, inorganic or organic (excluding cerium), of rare-earth metals, of yttrium, scandium or of mixtures of these metals","2024","264.9237908"
"Singapore","United States of America","Export","Rare Earth Elements","284690","Compounds, inorganic or organic (excluding cerium), of rare-earth metals, of yttrium, scandium or of mixtures of these metals","2024","15277757.62"
"Singapore","United States of America","Import","Rare Earth Elements","284690","Compounds, inorganic or organic (excluding cerium), of rare-earth metals, of yttrium, scandium or of mixtures of these metals","2024","96342.45516"
"Singapore","Viet Nam","Import","Rare Earth Elements","284690","Compounds, inorganic or organic (excluding cerium), of rare-earth metals, of yttrium, scandium or of mixtures of these metals","2024","39300.0224512"
"Singapore","Viet Nam","Export","Rare Earth Elements","284690","Compounds, inorganic or organic (excluding cerium), of rare-earth metals, of yttrium, scandium or of mixtures of these metals","2024","4562.08"
"Singapore","World","Export","Rare Earth Elements","284690","Compounds, inorganic or organic (excluding cerium), of rare-earth metals, of yttrium, scandium or of mixtures of these metals","2024","16637990.12"
"Singapore","World","Import","Rare Earth Elements","284690","Compounds, inorganic or organic (excluding cerium), of rare-earth metals, of yttrium, scandium or of mixtures of these metals","2024","1584451.5678398"
"Singapore","South Africa","Export","Rare Earth Elements","284690","Compounds, inorganic or organic (excluding cerium), of rare-earth metals, of yttrium, scandium or of mixtures of these metals","2024","114995.63"
"El Salvador","United Kingdom","Import","Rare Earth Elements","284610","Cerium compounds","2024","956.33"
"El Salvador","World","Import","Rare Earth Elements","284610","Cerium compounds","2024","956.33"
"El Salvador","Australia","Import","Rare Earth Elements","284690","Compounds, inorganic or organic (excluding cerium), of rare-earth metals, of yttrium, scandium or of mixtures of these metals","2024","592.94"
"El Salvador","Austria","Import","Rare Earth Elements","284690","Compounds, inorganic or organic (excluding cerium), of rare-earth metals, of yttrium, scandium or of mixtures of these metals","2024","2111.46"
"El Salvador","China","Import","Rare Earth Elements","284690","Compounds, inorganic or organic (excluding cerium), of rare-earth metals, of yttrium, scandium or of mixtures of these metals","2024","11263.08"
"El Salvador","European Union","Import","Rare Earth Elements","284690","Compounds, inorganic or organic (excluding cerium), of rare-earth metals, of yttrium, scandium or of mixtures of these metals","2024","2111.46"
"El Salvador","Guatemala","Import","Rare Earth Elements","284690","Compounds, inorganic or organic (excluding cerium), of rare-earth metals, of yttrium, scandium or of mixtures of these metals","2024","11282.21"
"El Salvador","Japan","Import","Rare Earth Elements","284690","Compounds, inorganic or organic (excluding cerium), of rare-earth metals, of yttrium, scandium or of mixtures of these metals","2024","102083.92"
"El Salvador","World","Import","Rare Earth Elements","284690","Compounds, inorganic or organic (excluding cerium), of rare-earth metals, of yttrium, scandium or of mixtures of these metals","2024","127333.61"
"Serbia","Belgium","Import","Rare Earth Elements","280530","Earth-metals, rare; scandium and yttrium, whether or not intermixed or interalloyed","2024","117"
"Serbia","Canada","Import","Rare Earth Elements","280530","Earth-metals, rare; scandium and yttrium, whether or not intermixed or interalloyed","2024","118"
"Serbia","China","Import","Rare Earth Elements","280530","Earth-metals, rare; scandium and yttrium, whether or not intermixed or interalloyed","2024","150045"
"Serbia","Germany","Import","Rare Earth Elements","280530","Earth-metals, rare; scandium and yttrium, whether or not intermixed or interalloyed","2024","732"
"Serbia","European Union","Import","Rare Earth Elements","280530","Earth-metals, rare; scandium and yttrium, whether or not intermixed or interalloyed","2024","849"
"Serbia","United Kingdom","Import","Rare Earth Elements","280530","Earth-metals, rare; scandium and yttrium, whether or not intermixed or interalloyed","2024","248"
"Serbia","World","Import","Rare Earth Elements","280530","Earth-metals, rare; scandium and yttrium, whether or not intermixed or interalloyed","2024","151260"
"Serbia","Austria","Import","Rare Earth Elements","284610","Cerium compounds","2024","222"
"Serbia","Austria","Export","Rare Earth Elements","284610","Cerium compounds","2024","23"
"Serbia","Belgium","Import","Rare Earth Elements","284610","Cerium compounds","2024","3198"
"Serbia","China","Import","Rare Earth Elements","284610","Cerium compounds","2024","7221"
"Serbia","Germany","Import","Rare Earth Elements","284610","Cerium compounds","2024","1247"
"Serbia","European Union","Import","Rare Earth Elements","284610","Cerium compounds","2024","15467"
"Serbia","European Union","Export","Rare Earth Elements","284610","Cerium compounds","2024","23"
"Serbia","France","Import","Rare Earth Elements","284610","Cerium compounds","2024","8950"
"Serbia","United Kingdom","Import","Rare Earth Elements","284610","Cerium compounds","2024","807"
"Serbia","Italy","Import","Rare Earth Elements","284610","Cerium compounds","2024","1850"
"Serbia","United States of America","Import","Rare Earth Elements","284610","Cerium compounds","2024","301"
"Serbia","World","Import","Rare Earth Elements","284610","Cerium compounds","2024","23796"
"Serbia","World","Export","Rare Earth Elements","284610","Cerium compounds","2024","23"
"Serbia","Austria","Import","Rare Earth Elements","284690","Compounds, inorganic or organic (excluding cerium), of rare-earth metals, of yttrium, scandium or of mixtures of these metals","2024","101"
"Serbia","Belgium","Import","Rare Earth Elements","284690","Compounds, inorganic or organic (excluding cerium), of rare-earth metals, of yttrium, scandium or of mixtures of these metals","2024","1558"
"Serbia","China","Import","Rare Earth Elements","284690","Compounds, inorganic or organic (excluding cerium), of rare-earth metals, of yttrium, scandium or of mixtures of these metals","2024","525"
"Serbia","Germany","Import","Rare Earth Elements","284690","Compounds, inorganic or organic (excluding cerium), of rare-earth metals, of yttrium, scandium or of mixtures of these metals","2024","5142"
"Serbia","Germany","Export","Rare Earth Elements","284690","Compounds, inorganic or organic (excluding cerium), of rare-earth metals, of yttrium, scandium or of mixtures of these metals","2024","113"
"Serbia","European Union","Import","Rare Earth Elements","284690","Compounds, inorganic or organic (excluding cerium), of rare-earth metals, of yttrium, scandium or of mixtures of these metals","2024","6801"
"Serbia","European Union","Export","Rare Earth Elements","284690","Compounds, inorganic or organic (excluding cerium), of rare-earth metals, of yttrium, scandium or of mixtures of these metals","2024","1917"
"Serbia","India","Import","Rare Earth Elements","284690","Compounds, inorganic or organic (excluding cerium), of rare-earth metals, of yttrium, scandium or of mixtures of these metals","2024","39"
"Serbia","Russian Federation","Import","Rare Earth Elements","284690","Compounds, inorganic or organic (excluding cerium), of rare-earth metals, of yttrium, scandium or of mixtures of these metals","2024","102"
"Serbia","Slovenia","Export","Rare Earth Elements","284690","Compounds, inorganic or organic (excluding cerium), of rare-earth metals, of yttrium, scandium or of mixtures of these metals","2024","1804"
"Serbia","Turkiye","Import","Rare Earth Elements","284690","Compounds, inorganic or organic (excluding cerium), of rare-earth metals, of yttrium, scandium or of mixtures of these metals","2024","57"
"Serbia","United States of America","Import","Rare Earth Elements","284690","Compounds, inorganic or organic (excluding cerium), of rare-earth metals, of yttrium, scandium or of mixtures of these metals","2024","2612"
"Serbia","World","Import","Rare Earth Elements","284690","Compounds, inorganic or organic (excluding cerium), of rare-earth metals, of yttrium, scandium or of mixtures of these metals","2024","10136"
"Serbia","World","Export","Rare Earth Elements","284690","Compounds, inorganic or organic (excluding cerium), of rare-earth metals, of yttrium, scandium or of mixtures of these metals","2024","1917"
"Suriname","United States of America","Import","Rare Earth Elements","284690","Compounds, inorganic or organic (excluding cerium), of rare-earth metals, of yttrium, scandium or of mixtures of these metals","2024","2104.55"
"Suriname","World","Import","Rare Earth Elements","284690","Compounds, inorganic or organic (excluding cerium), of rare-earth metals, of yttrium, scandium or of mixtures of these metals","2024","2104.55"
"Slovak Republic","China","Import","Rare Earth Elements","280530","Earth-metals, rare; scandium and yttrium, whether or not intermixed or interalloyed","2024","21.65"
"Slovak Republic","Czech Republic","Import","Rare Earth Elements","280530","Earth-metals, rare; scandium and yttrium, whether or not intermixed or interalloyed","2024","2365"
"Slovak Republic","World","Import","Rare Earth Elements","280530","Earth-metals, rare; scandium and yttrium, whether or not intermixed or interalloyed","2024","2386.65"
"Slovak Republic","Austria","Import","Rare Earth Elements","284610","Cerium compounds","2024","4788.45"
"Slovak Republic","China","Import","Rare Earth Elements","284610","Cerium compounds","2024","57.37"
"Slovak Republic","Czech Republic","Import","Rare Earth Elements","284610","Cerium compounds","2024","487.07"
"Slovak Republic","Germany","Import","Rare Earth Elements","284610","Cerium compounds","2024","494.65"
"Slovak Republic","France","Import","Rare Earth Elements","284610","Cerium compounds","2024","4472.4"
"Slovak Republic","Japan","Import","Rare Earth Elements","284610","Cerium compounds","2024","162.36"
"Slovak Republic","Lebanese Republic","Export","Rare Earth Elements","284610","Cerium compounds","2024","89.84"
"Slovak Republic","United States of America","Import","Rare Earth Elements","284610","Cerium compounds","2024","507.64"
"Slovak Republic","World","Import","Rare Earth Elements","284610","Cerium compounds","2024","10969.94"
"Slovak Republic","World","Export","Rare Earth Elements","284610","Cerium compounds","2024","89.84"
"Slovak Republic","Armenia","Import","Rare Earth Elements","284690","Compounds, inorganic or organic (excluding cerium), of rare-earth metals, of yttrium, scandium or of mixtures of these metals","2024","153.7"
"Slovak Republic","Austria","Import","Rare Earth Elements","284690","Compounds, inorganic or organic (excluding cerium), of rare-earth metals, of yttrium, scandium or of mixtures of these metals","2024","9106.07"
"Slovak Republic","Belgium","Export","Rare Earth Elements","284690","Compounds, inorganic or organic (excluding cerium), of rare-earth metals, of yttrium, scandium or of mixtures of these metals","2024","2855.32"
"Slovak Republic","China","Import","Rare Earth Elements","284690","Compounds, inorganic or organic (excluding cerium), of rare-earth metals, of yttrium, scandium or of mixtures of these metals","2024","324347.21"
"Slovak Republic","Germany","Import","Rare Earth Elements","284690","Compounds, inorganic or organic (excluding cerium), of rare-earth metals, of yttrium, scandium or of mixtures of these metals","2024","37831.36"
"Slovak Republic","Spain","Export","Rare Earth Elements","284690","Compounds, inorganic or organic (excluding cerium), of rare-earth metals, of yttrium, scandium or of mixtures of these metals","2024","1567.29"
"Slovak Republic","France","Export","Rare Earth Elements","284690","Compounds, inorganic or organic (excluding cerium), of rare-earth metals, of yttrium, scandium or of mixtures of these metals","2024","2164.76"
"Slovak Republic","Hungary","Import","Rare Earth Elements","284690","Compounds, inorganic or organic (excluding cerium), of rare-earth metals, of yttrium, scandium or of mixtures of these metals","2024","3604.33"
"Slovak Republic","India","Import","Rare Earth Elements","284690","Compounds, inorganic or organic (excluding cerium), of rare-earth metals, of yttrium, scandium or of mixtures of these metals","2024","36.8"
"Slovak Republic","Japan","Import","Rare Earth Elements","284690","Compounds, inorganic or organic (excluding cerium), of rare-earth metals, of yttrium, scandium or of mixtures of these metals","2024","1020.68"
"Slovak Republic","Lebanese Republic","Export","Rare Earth Elements","284690","Compounds, inorganic or organic (excluding cerium), of rare-earth metals, of yttrium, scandium or of mixtures of these metals","2024","77.93"
"Slovak Republic","United States of America","Import","Rare Earth Elements","284690","Compounds, inorganic or organic (excluding cerium), of rare-earth metals, of yttrium, scandium or of mixtures of these metals","2024","4794.94"
"Slovak Republic","World","Import","Rare Earth Elements","284690","Compounds, inorganic or organic (excluding cerium), of rare-earth metals, of yttrium, scandium or of mixtures of these metals","2024","380895.09"
"Slovak Republic","World","Export","Rare Earth Elements","284690","Compounds, inorganic or organic (excluding cerium), of rare-earth metals, of yttrium, scandium or of mixtures of these metals","2024","6665.300000000001"
"Slovenia","Austria","Import","Rare Earth Elements","280530","Earth-metals, rare; scandium and yttrium, whether or not intermixed or interalloyed","2024","462726.08"
"Slovenia","China","Import","Rare Earth Elements","280530","Earth-metals, rare; scandium and yttrium, whether or not intermixed or interalloyed","2024","118735.6"
"Slovenia","Germany","Import","Rare Earth Elements","280530","Earth-metals, rare; scandium and yttrium, whether or not intermixed or interalloyed","2024","2279.37"
"Slovenia","United States of America","Import","Rare Earth Elements","280530","Earth-metals, rare; scandium and yttrium, whether or not intermixed or interalloyed","2024","169.92"
"Slovenia","World","Import","Rare Earth Elements","280530","Earth-metals, rare; scandium and yttrium, whether or not intermixed or interalloyed","2024","583910.97"
"Slovenia","Austria","Export","Rare Earth Elements","284610","Cerium compounds","2024","42.48"
"Slovenia","Belgium","Import","Rare Earth Elements","284610","Cerium compounds","2024","3523.94"
"Slovenia","Bosnia and Herzegovina","Export","Rare Earth Elements","284610","Cerium compounds","2024","405.49"
"Slovenia","China","Import","Rare Earth Elements","284610","Cerium compounds","2024","257.6"
"Slovenia","Czech Republic","Import","Rare Earth Elements","284610","Cerium compounds","2024","10100.25"
"Slovenia","Germany","Import","Rare Earth Elements","284610","Cerium compounds","2024","1189.17"
"Slovenia","Croatia","Export","Rare Earth Elements","284610","Cerium compounds","2024","201.92"
"Slovenia","Singapore","Export","Rare Earth Elements","284610","Cerium compounds","2024","1022.45"
"Slovenia","Serbia","Export","Rare Earth Elements","284610","Cerium compounds","2024","3767.5"
"Slovenia","United States of America","Import","Rare Earth Elements","284610","Cerium compounds","2024","491.26"
"Slovenia","World","Import","Rare Earth Elements","284610","Cerium compounds","2024","15562.22"
"Slovenia","World","Export","Rare Earth Elements","284610","Cerium compounds","2024","5439.84"
"Slovenia","Belgium","Import","Rare Earth Elements","284690","Compounds, inorganic or organic (excluding cerium), of rare-earth metals, of yttrium, scandium or of mixtures of these metals","2024","2373.55"
"Slovenia","Bosnia and Herzegovina","Export","Rare Earth Elements","284690","Compounds, inorganic or organic (excluding cerium), of rare-earth metals, of yttrium, scandium or of mixtures of these metals","2024","287.36"
"Slovenia","China","Import","Rare Earth Elements","284690","Compounds, inorganic or organic (excluding cerium), of rare-earth metals, of yttrium, scandium or of mixtures of these metals","2024","2984.4"
"Slovenia","Czech Republic","Import","Rare Earth Elements","284690","Compounds, inorganic or organic (excluding cerium), of rare-earth metals, of yttrium, scandium or of mixtures of these metals","2024","58555.81"
"Slovenia","Germany","Import","Rare Earth Elements","284690","Compounds, inorganic or organic (excluding cerium), of rare-earth metals, of yttrium, scandium or of mixtures of these metals","2024","23686.42"
"Slovenia","France","Import","Rare Earth Elements","284690","Compounds, inorganic or organic (excluding cerium), of rare-earth metals, of yttrium, scandium or of mixtures of these metals","2024","35.07"
"Slovenia","United Kingdom","Import","Rare Earth Elements","284690","Compounds, inorganic or organic (excluding cerium), of rare-earth metals, of yttrium, scandium or of mixtures of these metals","2024","5907.1"
"Slovenia","Croatia","Export","Rare Earth Elements","284690","Compounds, inorganic or organic (excluding cerium), of rare-earth metals, of yttrium, scandium or of mixtures of these metals","2024","6095.49"
"Slovenia","Hungary","Import","Rare Earth Elements","284690","Compounds, inorganic or organic (excluding cerium), of rare-earth metals, of yttrium, scandium or of mixtures of these metals","2024","333.58"
"Slovenia","Italy","Import","Rare Earth Elements","284690","Compounds, inorganic or organic (excluding cerium), of rare-earth metals, of yttrium, scandium or of mixtures of these metals","2024","9383.11"
"Slovenia","Japan","Import","Rare Earth Elements","284690","Compounds, inorganic or organic (excluding cerium), of rare-earth metals, of yttrium, scandium or of mixtures of these metals","2024","2859.17"
"Slovenia","Latvia","Import","Rare Earth Elements","284690","Compounds, inorganic or organic (excluding cerium), of rare-earth metals, of yttrium, scandium or of mixtures of these metals","2024","8613.19"
"Slovenia","Serbia","Export","Rare Earth Elements","284690","Compounds, inorganic or organic (excluding cerium), of rare-earth metals, of yttrium, scandium or of mixtures of these metals","2024","6242.41"
"Slovenia","Turkiye","Import","Rare Earth Elements","284690","Compounds, inorganic or organic (excluding cerium), of rare-earth metals, of yttrium, scandium or of mixtures of these metals","2024","248.06"
"Slovenia","United States of America","Import","Rare Earth Elements","284690","Compounds, inorganic or organic (excluding cerium), of rare-earth metals, of yttrium, scandium or of mixtures of these metals","2024","1294.5"
"Slovenia","World","Import","Rare Earth Elements","284690","Compounds, inorganic or organic (excluding cerium), of rare-earth metals, of yttrium, scandium or of mixtures of these metals","2024","116273.96"
"Slovenia","World","Export","Rare Earth Elements","284690","Compounds, inorganic or organic (excluding cerium), of rare-earth metals, of yttrium, scandium or of mixtures of these metals","2024","12625.26"
"Sweden","Australia","Export","Rare Earth Elements","280530","Earth-metals, rare; scandium and yttrium, whether or not intermixed or interalloyed","2024","94.63"
"Sweden","Austria","Import","Rare Earth Elements","280530","Earth-metals, rare; scandium and yttrium, whether or not intermixed or interalloyed","2024","333849.45"
"Sweden","China","Import","Rare Earth Elements","280530","Earth-metals, rare; scandium and yttrium, whether or not intermixed or interalloyed","2024","851.66"
"Sweden","Germany","Import","Rare Earth Elements","280530","Earth-metals, rare; scandium and yttrium, whether or not intermixed or interalloyed","2024","6245.48"
"Sweden","United Kingdom","Export","Rare Earth Elements","280530","Earth-metals, rare; scandium and yttrium, whether or not intermixed or interalloyed","2024","473.14"
"Sweden","Netherlands","Import","Rare Earth Elements","280530","Earth-metals, rare; scandium and yttrium, whether or not intermixed or interalloyed","2024","27442.27"
"Sweden","United States of America","Import","Rare Earth Elements","280530","Earth-metals, rare; scandium and yttrium, whether or not intermixed or interalloyed","2024","32173.7"
"Sweden","United States of America","Export","Rare Earth Elements","280530","Earth-metals, rare; scandium and yttrium, whether or not intermixed or interalloyed","2024","662.4"
"Sweden","World","Import","Rare Earth Elements","280530","Earth-metals, rare; scandium and yttrium, whether or not intermixed or interalloyed","2024","400562.56"
"Sweden","World","Export","Rare Earth Elements","280530","Earth-metals, rare; scandium and yttrium, whether or not intermixed or interalloyed","2024","1230.17"
"Sweden","Belgium","Export","Rare Earth Elements","284610","Cerium compounds","2024","13910.39"
"Sweden","Belgium","Import","Rare Earth Elements","284610","Cerium compounds","2024","4542.17"
"Sweden","China","Import","Rare Earth Elements","284610","Cerium compounds","2024","94.63"
"Sweden","Czech Republic","Export","Rare Earth Elements","284610","Cerium compounds","2024","1892.57"
"Sweden","Germany","Import","Rare Earth Elements","284610","Cerium compounds","2024","67848.66"
"Sweden","Denmark","Import","Rare Earth Elements","284610","Cerium compounds","2024","567.77"
"Sweden","Finland","Export","Rare Earth Elements","284610","Cerium compounds","2024","1514.06"
"Sweden","France","Import","Rare Earth Elements","284610","Cerium compounds","2024","2744.23"
"Sweden","United Kingdom","Import","Rare Earth Elements","284610","Cerium compounds","2024","12964.11"
"Sweden","Italy","Export","Rare Earth Elements","284610","Cerium compounds","2024","1797.94"
"Sweden","Netherlands","Import","Rare Earth Elements","284610","Cerium compounds","2024","662.4"
"Sweden","Turkiye","Import","Rare Earth Elements","284610","Cerium compounds","2024","94.63"
"Sweden","United States of America","Import","Rare Earth Elements","284610","Cerium compounds","2024","1608.68"
"Sweden","World","Import","Rare Earth Elements","284610","Cerium compounds","2024","91127.28"
"Sweden","World","Export","Rare Earth Elements","284610","Cerium compounds","2024","19114.96"
"Sweden","Austria","Import","Rare Earth Elements","284690","Compounds, inorganic or organic (excluding cerium), of rare-earth metals, of yttrium, scandium or of mixtures of these metals","2024","104848.41"
"Sweden","Belgium","Import","Rare Earth Elements","284690","Compounds, inorganic or organic (excluding cerium), of rare-earth metals, of yttrium, scandium or of mixtures of these metals","2024","5015.31"
"Sweden","Switzerland","Import","Rare Earth Elements","284690","Compounds, inorganic or organic (excluding cerium), of rare-earth metals, of yttrium, scandium or of mixtures of these metals","2024","2838.86"
"Sweden","Switzerland","Export","Rare Earth Elements","284690","Compounds, inorganic or organic (excluding cerium), of rare-earth metals, of yttrium, scandium or of mixtures of these metals","2024","94.63"
"Sweden","China","Import","Rare Earth Elements","284690","Compounds, inorganic or organic (excluding cerium), of rare-earth metals, of yttrium, scandium or of mixtures of these metals","2024","65577.57"
"Sweden","Germany","Import","Rare Earth Elements","284690","Compounds, inorganic or organic (excluding cerium), of rare-earth metals, of yttrium, scandium or of mixtures of these metals","2024","28956.33"
"Sweden","Finland","Export","Rare Earth Elements","284690","Compounds, inorganic or organic (excluding cerium), of rare-earth metals, of yttrium, scandium or of mixtures of these metals","2024","1324.8"
"Sweden","France","Import","Rare Earth Elements","284690","Compounds, inorganic or organic (excluding cerium), of rare-earth metals, of yttrium, scandium or of mixtures of these metals","2024","258430.52"
"Sweden","Hong Kong, China","Import","Rare Earth Elements","284690","Compounds, inorganic or organic (excluding cerium), of rare-earth metals, of yttrium, scandium or of mixtures of these metals","2024","2933.48"
"Sweden","India","Export","Rare Earth Elements","284690","Compounds, inorganic or organic (excluding cerium), of rare-earth metals, of yttrium, scandium or of mixtures of these metals","2024","567.77"
"Sweden","Norway","Export","Rare Earth Elements","284690","Compounds, inorganic or organic (excluding cerium), of rare-earth metals, of yttrium, scandium or of mixtures of these metals","2024","2365.71"
"Sweden","Poland","Import","Rare Earth Elements","284690","Compounds, inorganic or organic (excluding cerium), of rare-earth metals, of yttrium, scandium or of mixtures of these metals","2024","11071.54"
"Sweden","Turkiye","Export","Rare Earth Elements","284690","Compounds, inorganic or organic (excluding cerium), of rare-earth metals, of yttrium, scandium or of mixtures of these metals","2024","1892.57"
"Sweden","United States of America","Import","Rare Earth Elements","284690","Compounds, inorganic or organic (excluding cerium), of rare-earth metals, of yttrium, scandium or of mixtures of these metals","2024","3690.51"
"Sweden","World","Import","Rare Earth Elements","284690","Compounds, inorganic or organic (excluding cerium), of rare-earth metals, of yttrium, scandium or of mixtures of these metals","2024","483362.53"
"Sweden","World","Export","Rare Earth Elements","284690","Compounds, inorganic or organic (excluding cerium), of rare-earth metals, of yttrium, scandium or of mixtures of these metals","2024","6245.48"
"Thailand","Belgium","Import","Rare Earth Elements","280530","Earth-metals, rare; scandium and yttrium, whether or not intermixed or interalloyed","2024","92.48"
"Thailand","China","Export","Rare Earth Elements","280530","Earth-metals, rare; scandium and yttrium, whether or not intermixed or interalloyed","2024","3558491.83"
"Thailand","China","Import","Rare Earth Elements","280530","Earth-metals, rare; scandium and yttrium, whether or not intermixed or interalloyed","2024","594225.56"
"Thailand","European Union","Import","Rare Earth Elements","280530","Earth-metals, rare; scandium and yttrium, whether or not intermixed or interalloyed","2024","1874612.74"
"Thailand","European Union","Export","Rare Earth Elements","280530","Earth-metals, rare; scandium and yttrium, whether or not intermixed or interalloyed","2024","166687.8125"
"Thailand","Estonia","Import","Rare Earth Elements","280530","Earth-metals, rare; scandium and yttrium, whether or not intermixed or interalloyed","2024","1874520.26"
"Thailand","Estonia","Export","Rare Earth Elements","280530","Earth-metals, rare; scandium and yttrium, whether or not intermixed or interalloyed","2024","89798.8"
"Thailand","United Kingdom","Export","Rare Earth Elements","280530","Earth-metals, rare; scandium and yttrium, whether or not intermixed or interalloyed","2024","813153.96"
"Thailand","Hong Kong, China","Export","Rare Earth Elements","280530","Earth-metals, rare; scandium and yttrium, whether or not intermixed or interalloyed","2024","850"
"Thailand","India","Import","Rare Earth Elements","280530","Earth-metals, rare; scandium and yttrium, whether or not intermixed or interalloyed","2024","18.04"
"Thailand","Japan","Export","Rare Earth Elements","280530","Earth-metals, rare; scandium and yttrium, whether or not intermixed or interalloyed","2024","45114690.97"
"Thailand","Malaysia","Import","Rare Earth Elements","280530","Earth-metals, rare; scandium and yttrium, whether or not intermixed or interalloyed","2024","12186274.02"
"Thailand","Netherlands","Export","Rare Earth Elements","280530","Earth-metals, rare; scandium and yttrium, whether or not intermixed or interalloyed","2024","76889.02"
"Thailand","Singapore","Export","Rare Earth Elements","280530","Earth-metals, rare; scandium and yttrium, whether or not intermixed or interalloyed","2024","2980094.01"
"Thailand","United States of America","Import","Rare Earth Elements","280530","Earth-metals, rare; scandium and yttrium, whether or not intermixed or interalloyed","2024","153.84"
"Thailand","Viet Nam","Export","Rare Earth Elements","280530","Earth-metals, rare; scandium and yttrium, whether or not intermixed or interalloyed","2024","13211999.88"
"Thailand","Viet Nam","Import","Rare Earth Elements","280530","Earth-metals, rare; scandium and yttrium, whether or not intermixed or interalloyed","2024","926649.99"
"Thailand","World","Export","Rare Earth Elements","280530","Earth-metals, rare; scandium and yttrium, whether or not intermixed or interalloyed","2024","65845968.47000001"
"Thailand","World","Import","Rare Earth Elements","280530","Earth-metals, rare; scandium and yttrium, whether or not intermixed or interalloyed","2024","15581934.19"
"Thailand","Australia","Import","Rare Earth Elements","284610","Cerium compounds","2024","64.78"
"Thailand","Austria","Import","Rare Earth Elements","284610","Cerium compounds","2024","3048.38"
"Thailand","Belgium","Import","Rare Earth Elements","284610","Cerium compounds","2024","1877.09"
"Thailand","China","Import","Rare Earth Elements","284610","Cerium compounds","2024","227652.29"
"Thailand","Germany","Import","Rare Earth Elements","284610","Cerium compounds","2024","13930.87"
"Thailand","European Union","Import","Rare Earth Elements","284610","Cerium compounds","2024","36305.45"
"Thailand","Spain","Import","Rare Earth Elements","284610","Cerium compounds","2024","12835.15"
"Thailand","France","Import","Rare Earth Elements","284610","Cerium compounds","2024","4613.96"
"Thailand","United Kingdom","Import","Rare Earth Elements","284610","Cerium compounds","2024","57.29"
"Thailand","India","Import","Rare Earth Elements","284610","Cerium compounds","2024","2962.22"
"Thailand","Japan","Import","Rare Earth Elements","284610","Cerium compounds","2024","227150.22"
"Thailand","Cambodia","Export","Rare Earth Elements","284610","Cerium compounds","2024","94.4"
"Thailand","Korea, Republic of","Import","Rare Earth Elements","284610","Cerium compounds","2024","241.53"
"Thailand","Norway","Export","Rare Earth Elements","284610","Cerium compounds","2024","4468.07"
"Thailand","Russian Federation","Import","Rare Earth Elements","284610","Cerium compounds","2024","84.8"
"Thailand","Turkiye","Import","Rare Earth Elements","284610","Cerium compounds","2024","64.11"
"Thailand","United States of America","Import","Rare Earth Elements","284610","Cerium compounds","2024","5029.6"
"Thailand","World","Import","Rare Earth Elements","284610","Cerium compounds","2024","499612.29"
"Thailand","World","Export","Rare Earth Elements","284610","Cerium compounds","2024","4562.469999999999"
"Thailand","Australia","Import","Rare Earth Elements","284690","Compounds, inorganic or organic (excluding cerium), of rare-earth metals, of yttrium, scandium or of mixtures of these metals","2024","104.6"
"Thailand","Austria","Import","Rare Earth Elements","284690","Compounds, inorganic or organic (excluding cerium), of rare-earth metals, of yttrium, scandium or of mixtures of these metals","2024","5772.22"
"Thailand","Belgium","Import","Rare Earth Elements","284690","Compounds, inorganic or organic (excluding cerium), of rare-earth metals, of yttrium, scandium or of mixtures of these metals","2024","1126.42"
"Thailand","Canada","Import","Rare Earth Elements","284690","Compounds, inorganic or organic (excluding cerium), of rare-earth metals, of yttrium, scandium or of mixtures of these metals","2024","114499.99"
"Thailand","China","Import","Rare Earth Elements","284690","Compounds, inorganic or organic (excluding cerium), of rare-earth metals, of yttrium, scandium or of mixtures of these metals","2024","2638804.59"
"Thailand","China","Export","Rare Earth Elements","284690","Compounds, inorganic or organic (excluding cerium), of rare-earth metals, of yttrium, scandium or of mixtures of these metals","2024","11089.6"
"Thailand","Germany","Import","Rare Earth Elements","284690","Compounds, inorganic or organic (excluding cerium), of rare-earth metals, of yttrium, scandium or of mixtures of these metals","2024","351596.75"
"Thailand","European Union","Import","Rare Earth Elements","284690","Compounds, inorganic or organic (excluding cerium), of rare-earth metals, of yttrium, scandium or of mixtures of these metals","2024","398392.39"
"Thailand","Spain","Import","Rare Earth Elements","284690","Compounds, inorganic or organic (excluding cerium), of rare-earth metals, of yttrium, scandium or of mixtures of these metals","2024","11522.66"
"Thailand","France","Import","Rare Earth Elements","284690","Compounds, inorganic or organic (excluding cerium), of rare-earth metals, of yttrium, scandium or of mixtures of these metals","2024","3681.23"
"Thailand","Hong Kong, China","Export","Rare Earth Elements","284690","Compounds, inorganic or organic (excluding cerium), of rare-earth metals, of yttrium, scandium or of mixtures of these metals","2024","36317.74"
"Thailand","India","Import","Rare Earth Elements","284690","Compounds, inorganic or organic (excluding cerium), of rare-earth metals, of yttrium, scandium or of mixtures of these metals","2024","8581.52"
"Thailand","Japan","Import","Rare Earth Elements","284690","Compounds, inorganic or organic (excluding cerium), of rare-earth metals, of yttrium, scandium or of mixtures of these metals","2024","91231.48"
"Thailand","Japan","Export","Rare Earth Elements","284690","Compounds, inorganic or organic (excluding cerium), of rare-earth metals, of yttrium, scandium or of mixtures of these metals","2024","17.72"
"Thailand","Korea, Republic of","Import","Rare Earth Elements","284690","Compounds, inorganic or organic (excluding cerium), of rare-earth metals, of yttrium, scandium or of mixtures of these metals","2024","459.84"
"Thailand","Malaysia","Import","Rare Earth Elements","284690","Compounds, inorganic or organic (excluding cerium), of rare-earth metals, of yttrium, scandium or of mixtures of these metals","2024","50530698.85"
"Thailand","Malaysia","Export","Rare Earth Elements","284690","Compounds, inorganic or organic (excluding cerium), of rare-earth metals, of yttrium, scandium or of mixtures of these metals","2024","64313.19"
"Thailand","Netherlands","Import","Rare Earth Elements","284690","Compounds, inorganic or organic (excluding cerium), of rare-earth metals, of yttrium, scandium or of mixtures of these metals","2024","24693.11"
"Thailand","Russian Federation","Import","Rare Earth Elements","284690","Compounds, inorganic or organic (excluding cerium), of rare-earth metals, of yttrium, scandium or of mixtures of these metals","2024","223.28"
"Thailand","Singapore","Export","Rare Earth Elements","284690","Compounds, inorganic or organic (excluding cerium), of rare-earth metals, of yttrium, scandium or of mixtures of these metals","2024","1711.48"
"Thailand","United States of America","Import","Rare Earth Elements","284690","Compounds, inorganic or organic (excluding cerium), of rare-earth metals, of yttrium, scandium or of mixtures of these metals","2024","5483792.41"
"Thailand","United States of America","Export","Rare Earth Elements","284690","Compounds, inorganic or organic (excluding cerium), of rare-earth metals, of yttrium, scandium or of mixtures of these metals","2024","0.45"
"Thailand","Viet Nam","Import","Rare Earth Elements","284690","Compounds, inorganic or organic (excluding cerium), of rare-earth metals, of yttrium, scandium or of mixtures of these metals","2024","4146956.17"
"Thailand","World","Import","Rare Earth Elements","284690","Compounds, inorganic or organic (excluding cerium), of rare-earth metals, of yttrium, scandium or of mixtures of these metals","2024","63429309.62"
"Thailand","World","Export","Rare Earth Elements","284690","Compounds, inorganic or organic (excluding cerium), of rare-earth metals, of yttrium, scandium or of mixtures of these metals","2024","113450.18"
"Thailand","South Africa","Import","Rare Earth Elements","284690","Compounds, inorganic or organic (excluding cerium), of rare-earth metals, of yttrium, scandium or of mixtures of these metals","2024","15564.5"
"Trinidad and Tobago","China","Import","Rare Earth Elements","284690","Compounds, inorganic or organic (excluding cerium), of rare-earth metals, of yttrium, scandium or of mixtures of these metals","2024","1571.82"
"Trinidad and Tobago","United States of America","Import","Rare Earth Elements","284690","Compounds, inorganic or organic (excluding cerium), of rare-earth metals, of yttrium, scandium or of mixtures of these metals","2024","1178.64"
"Trinidad and Tobago","World","Import","Rare Earth Elements","284690","Compounds, inorganic or organic (excluding cerium), of rare-earth metals, of yttrium, scandium or of mixtures of these metals","2024","2750.46"
"Tunisia","Bulgaria","Import","Rare Earth Elements","280530","Earth-metals, rare; scandium and yttrium, whether or not intermixed or interalloyed","2024","321.16"
"Tunisia","European Union","Import","Rare Earth Elements","280530","Earth-metals, rare; scandium and yttrium, whether or not intermixed or interalloyed","2024","1300.1"
"Tunisia","United Kingdom","Import","Rare Earth Elements","280530","Earth-metals, rare; scandium and yttrium, whether or not intermixed or interalloyed","2024","4916.25"
"Tunisia","Hungary","Import","Rare Earth Elements","280530","Earth-metals, rare; scandium and yttrium, whether or not intermixed or interalloyed","2024","716.99"
"Tunisia","Ireland","Import","Rare Earth Elements","280530","Earth-metals, rare; scandium and yttrium, whether or not intermixed or interalloyed","2024","261.95"
"Tunisia","United States of America","Import","Rare Earth Elements","280530","Earth-metals, rare; scandium and yttrium, whether or not intermixed or interalloyed","2024","15676.2"
"Tunisia","World","Import","Rare Earth Elements","280530","Earth-metals, rare; scandium and yttrium, whether or not intermixed or interalloyed","2024","21892.55"
"Tunisia","China","Import","Rare Earth Elements","284610","Cerium compounds","2024","688.35"
"Tunisia","European Union","Import","Rare Earth Elements","284610","Cerium compounds","2024","6013.94"
"Tunisia","France","Import","Rare Earth Elements","284610","Cerium compounds","2024","2624.34"
"Tunisia","Greece","Import","Rare Earth Elements","284610","Cerium compounds","2024","3389.6"
"Tunisia","India","Import","Rare Earth Elements","284610","Cerium compounds","2024","239.75"
"Tunisia","United States of America","Import","Rare Earth Elements","284610","Cerium compounds","2024","420.28"
"Tunisia","World","Import","Rare Earth Elements","284610","Cerium compounds","2024","7362.32"
"Tunisia","Belgium","Import","Rare Earth Elements","284690","Compounds, inorganic or organic (excluding cerium), of rare-earth metals, of yttrium, scandium or of mixtures of these metals","2024","43.44"
"Tunisia","China","Import","Rare Earth Elements","284690","Compounds, inorganic or organic (excluding cerium), of rare-earth metals, of yttrium, scandium or of mixtures of these metals","2024","158.01"
"Tunisia","European Union","Import","Rare Earth Elements","284690","Compounds, inorganic or organic (excluding cerium), of rare-earth metals, of yttrium, scandium or of mixtures of these metals","2024","2033.82"
"Tunisia","France","Import","Rare Earth Elements","284690","Compounds, inorganic or organic (excluding cerium), of rare-earth metals, of yttrium, scandium or of mixtures of these metals","2024","1990.38"
"Tunisia","India","Import","Rare Earth Elements","284690","Compounds, inorganic or organic (excluding cerium), of rare-earth metals, of yttrium, scandium or of mixtures of these metals","2024","1939.53"
"Tunisia","United States of America","Import","Rare Earth Elements","284690","Compounds, inorganic or organic (excluding cerium), of rare-earth metals, of yttrium, scandium or of mixtures of these metals","2024","1501.87"
"Tunisia","World","Import","Rare Earth Elements","284690","Compounds, inorganic or organic (excluding cerium), of rare-earth metals, of yttrium, scandium or of mixtures of these metals","2024","5633.23"
"Turkiye","Australia","Import","Rare Earth Elements","280530","Earth-metals, rare; scandium and yttrium, whether or not intermixed or interalloyed","2024","5383"
"Turkiye","Bulgaria","Export","Rare Earth Elements","280530","Earth-metals, rare; scandium and yttrium, whether or not intermixed or interalloyed","2024","822"
"Turkiye","Switzerland","Import","Rare Earth Elements","280530","Earth-metals, rare; scandium and yttrium, whether or not intermixed or interalloyed","2024","45"
"Turkiye","China","Import","Rare Earth Elements","280530","Earth-metals, rare; scandium and yttrium, whether or not intermixed or interalloyed","2024","161665"
"Turkiye","Germany","Import","Rare Earth Elements","280530","Earth-metals, rare; scandium and yttrium, whether or not intermixed or interalloyed","2024","451"
"Turkiye","European Union","Export","Rare Earth Elements","280530","Earth-metals, rare; scandium and yttrium, whether or not intermixed or interalloyed","2024","958"
"Turkiye","European Union","Import","Rare Earth Elements","280530","Earth-metals, rare; scandium and yttrium, whether or not intermixed or interalloyed","2024","451"
"Turkiye","Finland","Export","Rare Earth Elements","280530","Earth-metals, rare; scandium and yttrium, whether or not intermixed or interalloyed","2024","136"
"Turkiye","United Kingdom","Import","Rare Earth Elements","280530","Earth-metals, rare; scandium and yttrium, whether or not intermixed or interalloyed","2024","2648"
"Turkiye","India","Import","Rare Earth Elements","280530","Earth-metals, rare; scandium and yttrium, whether or not intermixed or interalloyed","2024","27"
"Turkiye","Russian Federation","Import","Rare Earth Elements","280530","Earth-metals, rare; scandium and yttrium, whether or not intermixed or interalloyed","2024","2428"
"Turkiye","Thailand","Import","Rare Earth Elements","280530","Earth-metals, rare; scandium and yttrium, whether or not intermixed or interalloyed","2024","373"
"Turkiye","United States of America","Export","Rare Earth Elements","280530","Earth-metals, rare; scandium and yttrium, whether or not intermixed or interalloyed","2024","11200"
"Turkiye","United States of America","Import","Rare Earth Elements","280530","Earth-metals, rare; scandium and yttrium, whether or not intermixed or interalloyed","2024","1018"
"Turkiye","World","Import","Rare Earth Elements","280530","Earth-metals, rare; scandium and yttrium, whether or not intermixed or interalloyed","2024","174038"
"Turkiye","World","Export","Rare Earth Elements","280530","Earth-metals, rare; scandium and yttrium, whether or not intermixed or interalloyed","2024","12158"
"Turkiye","Austria","Import","Rare Earth Elements","284610","Cerium compounds","2024","508712"
"Turkiye","Belgium","Import","Rare Earth Elements","284610","Cerium compounds","2024","693"
"Turkiye","Bulgaria","Export","Rare Earth Elements","284610","Cerium compounds","2024","32221"
"Turkiye","Brazil","Import","Rare Earth Elements","284610","Cerium compounds","2024","124"
"Turkiye","China","Import","Rare Earth Elements","284610","Cerium compounds","2024","699491"
"Turkiye","China","Export","Rare Earth Elements","284610","Cerium compounds","2024","716"
"Turkiye","Chinese Taipei","Import","Rare Earth Elements","284610","Cerium compounds","2024","608"
"Turkiye","Germany","Import","Rare Earth Elements","284610","Cerium compounds","2024","7074"
"Turkiye","Germany","Export","Rare Earth Elements","284610","Cerium compounds","2024","800"
"Turkiye","Denmark","Export","Rare Earth Elements","284610","Cerium compounds","2024","77"
"Turkiye","European Union","Import","Rare Earth Elements","284610","Cerium compounds","2024","576227"
"Turkiye","European Union","Export","Rare Earth Elements","284610","Cerium compounds","2024","42494"
"Turkiye","Egypt","Import","Rare Earth Elements","284610","Cerium compounds","2024","15"
"Turkiye","Spain","Import","Rare Earth Elements","284610","Cerium compounds","2024","2488"
"Turkiye","Finland","Export","Rare Earth Elements","284610","Cerium compounds","2024","189"
"Turkiye","France","Import","Rare Earth Elements","284610","Cerium compounds","2024","56679"
"Turkiye","France","Export","Rare Earth Elements","284610","Cerium compounds","2024","536"
"Turkiye","United Kingdom","Import","Rare Earth Elements","284610","Cerium compounds","2024","4849"
"Turkiye","United Kingdom","Export","Rare Earth Elements","284610","Cerium compounds","2024","161"
"Turkiye","India","Export","Rare Earth Elements","284610","Cerium compounds","2024","1124"
"Turkiye","India","Import","Rare Earth Elements","284610","Cerium compounds","2024","971"
"Turkiye","Iran","Export","Rare Earth Elements","284610","Cerium compounds","2024","45"
"Turkiye","Italy","Export","Rare Earth Elements","284610","Cerium compounds","2024","8671"
"Turkiye","Italy","Import","Rare Earth Elements","284610","Cerium compounds","2024","581"
"Turkiye","Kazakhstan","Export","Rare Earth Elements","284610","Cerium compounds","2024","7895"
"Turkiye","Korea, Republic of","Import","Rare Earth Elements","284610","Cerium compounds","2024","292"
"Turkiye","Russian Federation","Import","Rare Earth Elements","284610","Cerium compounds","2024","4771"
"Turkiye","Russian Federation","Export","Rare Earth Elements","284610","Cerium compounds","2024","4148"
"Turkiye","United States of America","Export","Rare Earth Elements","284610","Cerium compounds","2024","4666"
"Turkiye","United States of America","Import","Rare Earth Elements","284610","Cerium compounds","2024","2061"
"Turkiye","World","Import","Rare Earth Elements","284610","Cerium compounds","2024","1289409"
"Turkiye","World","Export","Rare Earth Elements","284610","Cerium compounds","2024","61249"
"Turkiye","United Arab Emirates","Export","Rare Earth Elements","284690","Compounds, inorganic or organic (excluding cerium), of rare-earth metals, of yttrium, scandium or of mixtures of these metals","2024","160"
"Turkiye","Australia","Export","Rare Earth Elements","284690","Compounds, inorganic or organic (excluding cerium), of rare-earth metals, of yttrium, scandium or of mixtures of these metals","2024","36"
"Turkiye","Austria","Import","Rare Earth Elements","284690","Compounds, inorganic or organic (excluding cerium), of rare-earth metals, of yttrium, scandium or of mixtures of these metals","2024","51891"
"Turkiye","Austria","Export","Rare Earth Elements","284690","Compounds, inorganic or organic (excluding cerium), of rare-earth metals, of yttrium, scandium or of mixtures of these metals","2024","329"
"Turkiye","Belgium","Export","Rare Earth Elements","284690","Compounds, inorganic or organic (excluding cerium), of rare-earth metals, of yttrium, scandium or of mixtures of these metals","2024","1200131"
"Turkiye","Belgium","Import","Rare Earth Elements","284690","Compounds, inorganic or organic (excluding cerium), of rare-earth metals, of yttrium, scandium or of mixtures of these metals","2024","125170"
"Turkiye","Bosnia and Herzegovina","Export","Rare Earth Elements","284690","Compounds, inorganic or organic (excluding cerium), of rare-earth metals, of yttrium, scandium or of mixtures of these metals","2024","26"
"Turkiye","Belarus","Export","Rare Earth Elements","284690","Compounds, inorganic or organic (excluding cerium), of rare-earth metals, of yttrium, scandium or of mixtures of these metals","2024","815"
"Turkiye","Canada","Import","Rare Earth Elements","284690","Compounds, inorganic or organic (excluding cerium), of rare-earth metals, of yttrium, scandium or of mixtures of these metals","2024","360"
"Turkiye","Switzerland","Export","Rare Earth Elements","284690","Compounds, inorganic or organic (excluding cerium), of rare-earth metals, of yttrium, scandium or of mixtures of these metals","2024","940"
"Turkiye","Switzerland","Import","Rare Earth Elements","284690","Compounds, inorganic or organic (excluding cerium), of rare-earth metals, of yttrium, scandium or of mixtures of these metals","2024","422"
"Turkiye","China","Import","Rare Earth Elements","284690","Compounds, inorganic or organic (excluding cerium), of rare-earth metals, of yttrium, scandium or of mixtures of these metals","2024","9490006"
"Turkiye","China","Export","Rare Earth Elements","284690","Compounds, inorganic or organic (excluding cerium), of rare-earth metals, of yttrium, scandium or of mixtures of these metals","2024","3947"
"Turkiye","Czech Republic","Export","Rare Earth Elements","284690","Compounds, inorganic or organic (excluding cerium), of rare-earth metals, of yttrium, scandium or of mixtures of these metals","2024","183"
"Turkiye","Czech Republic","Import","Rare Earth Elements","284690","Compounds, inorganic or organic (excluding cerium), of rare-earth metals, of yttrium, scandium or of mixtures of these metals","2024","122"
"Turkiye","Germany","Import","Rare Earth Elements","284690","Compounds, inorganic or organic (excluding cerium), of rare-earth metals, of yttrium, scandium or of mixtures of these metals","2024","45710"
"Turkiye","Germany","Export","Rare Earth Elements","284690","Compounds, inorganic or organic (excluding cerium), of rare-earth metals, of yttrium, scandium or of mixtures of these metals","2024","25514"
"Turkiye","European Union","Export","Rare Earth Elements","284690","Compounds, inorganic or organic (excluding cerium), of rare-earth metals, of yttrium, scandium or of mixtures of these metals","2024","2532712"
"Turkiye","European Union","Import","Rare Earth Elements","284690","Compounds, inorganic or organic (excluding cerium), of rare-earth metals, of yttrium, scandium or of mixtures of these metals","2024","228603"
"Turkiye","Egypt","Export","Rare Earth Elements","284690","Compounds, inorganic or organic (excluding cerium), of rare-earth metals, of yttrium, scandium or of mixtures of these metals","2024","120"
"Turkiye","Spain","Export","Rare Earth Elements","284690","Compounds, inorganic or organic (excluding cerium), of rare-earth metals, of yttrium, scandium or of mixtures of these metals","2024","350"
"Turkiye","Spain","Import","Rare Earth Elements","284690","Compounds, inorganic or organic (excluding cerium), of rare-earth metals, of yttrium, scandium or of mixtures of these metals","2024","161"
"Turkiye","Estonia","Import","Rare Earth Elements","284690","Compounds, inorganic or organic (excluding cerium), of rare-earth metals, of yttrium, scandium or of mixtures of these metals","2024","700"
"Turkiye","Finland","Export","Rare Earth Elements","284690","Compounds, inorganic or organic (excluding cerium), of rare-earth metals, of yttrium, scandium or of mixtures of these metals","2024","3005"
"Turkiye","France","Export","Rare Earth Elements","284690","Compounds, inorganic or organic (excluding cerium), of rare-earth metals, of yttrium, scandium or of mixtures of these metals","2024","76691"
"Turkiye","France","Import","Rare Earth Elements","284690","Compounds, inorganic or organic (excluding cerium), of rare-earth metals, of yttrium, scandium or of mixtures of these metals","2024","4844"
"Turkiye","United Kingdom","Import","Rare Earth Elements","284690","Compounds, inorganic or organic (excluding cerium), of rare-earth metals, of yttrium, scandium or of mixtures of these metals","2024","3752"
"Turkiye","United Kingdom","Export","Rare Earth Elements","284690","Compounds, inorganic or organic (excluding cerium), of rare-earth metals, of yttrium, scandium or of mixtures of these metals","2024","2457"
"Turkiye","India","Import","Rare Earth Elements","284690","Compounds, inorganic or organic (excluding cerium), of rare-earth metals, of yttrium, scandium or of mixtures of these metals","2024","5519364"
"Turkiye","India","Export","Rare Earth Elements","284690","Compounds, inorganic or organic (excluding cerium), of rare-earth metals, of yttrium, scandium or of mixtures of these metals","2024","319"
"Turkiye","Iran","Export","Rare Earth Elements","284690","Compounds, inorganic or organic (excluding cerium), of rare-earth metals, of yttrium, scandium or of mixtures of these metals","2024","246"
"Turkiye","Iraq","Export","Rare Earth Elements","284690","Compounds, inorganic or organic (excluding cerium), of rare-earth metals, of yttrium, scandium or of mixtures of these metals","2024","3026"
"Turkiye","Italy","Export","Rare Earth Elements","284690","Compounds, inorganic or organic (excluding cerium), of rare-earth metals, of yttrium, scandium or of mixtures of these metals","2024","163"
"Turkiye","Italy","Import","Rare Earth Elements","284690","Compounds, inorganic or organic (excluding cerium), of rare-earth metals, of yttrium, scandium or of mixtures of these metals","2024","5"
"Turkiye","Japan","Import","Rare Earth Elements","284690","Compounds, inorganic or organic (excluding cerium), of rare-earth metals, of yttrium, scandium or of mixtures of these metals","2024","1297"
"Turkiye","Kazakhstan","Export","Rare Earth Elements","284690","Compounds, inorganic or organic (excluding cerium), of rare-earth metals, of yttrium, scandium or of mixtures of these metals","2024","2277"
"Turkiye","Kyrgyz Republic","Export","Rare Earth Elements","284690","Compounds, inorganic or organic (excluding cerium), of rare-earth metals, of yttrium, scandium or of mixtures of these metals","2024","6968843"
"Turkiye","Korea, Republic of","Import","Rare Earth Elements","284690","Compounds, inorganic or organic (excluding cerium), of rare-earth metals, of yttrium, scandium or of mixtures of these metals","2024","134350"
"Turkiye","Korea, Republic of","Export","Rare Earth Elements","284690","Compounds, inorganic or organic (excluding cerium), of rare-earth metals, of yttrium, scandium or of mixtures of these metals","2024","597"
"Turkiye","Lebanese Republic","Export","Rare Earth Elements","284690","Compounds, inorganic or organic (excluding cerium), of rare-earth metals, of yttrium, scandium or of mixtures of these metals","2024","2478"
"Turkiye","Malaysia","Export","Rare Earth Elements","284690","Compounds, inorganic or organic (excluding cerium), of rare-earth metals, of yttrium, scandium or of mixtures of these metals","2024","180"
"Turkiye","Netherlands","Export","Rare Earth Elements","284690","Compounds, inorganic or organic (excluding cerium), of rare-earth metals, of yttrium, scandium or of mixtures of these metals","2024","1225485"
"Turkiye","Norway","Import","Rare Earth Elements","284690","Compounds, inorganic or organic (excluding cerium), of rare-earth metals, of yttrium, scandium or of mixtures of these metals","2024","1069"
"Turkiye","Norway","Export","Rare Earth Elements","284690","Compounds, inorganic or organic (excluding cerium), of rare-earth metals, of yttrium, scandium or of mixtures of these metals","2024","220"
"Turkiye","Poland","Export","Rare Earth Elements","284690","Compounds, inorganic or organic (excluding cerium), of rare-earth metals, of yttrium, scandium or of mixtures of these metals","2024","719"
"Turkiye","Romania","Export","Rare Earth Elements","284690","Compounds, inorganic or organic (excluding cerium), of rare-earth metals, of yttrium, scandium or of mixtures of these metals","2024","142"
"Turkiye","Russian Federation","Import","Rare Earth Elements","284690","Compounds, inorganic or organic (excluding cerium), of rare-earth metals, of yttrium, scandium or of mixtures of these metals","2024","5153648"
"Turkiye","Russian Federation","Export","Rare Earth Elements","284690","Compounds, inorganic or organic (excluding cerium), of rare-earth metals, of yttrium, scandium or of mixtures of these metals","2024","1506"
"Turkiye","Singapore","Export","Rare Earth Elements","284690","Compounds, inorganic or organic (excluding cerium), of rare-earth metals, of yttrium, scandium or of mixtures of these metals","2024","478"
"Turkiye","Serbia","Export","Rare Earth Elements","284690","Compounds, inorganic or organic (excluding cerium), of rare-earth metals, of yttrium, scandium or of mixtures of these metals","2024","13"
"Turkiye","United States of America","Export","Rare Earth Elements","284690","Compounds, inorganic or organic (excluding cerium), of rare-earth metals, of yttrium, scandium or of mixtures of these metals","2024","1339787"
"Turkiye","United States of America","Import","Rare Earth Elements","284690","Compounds, inorganic or organic (excluding cerium), of rare-earth metals, of yttrium, scandium or of mixtures of these metals","2024","224777"
"Turkiye","Uzbekistan","Export","Rare Earth Elements","284690","Compounds, inorganic or organic (excluding cerium), of rare-earth metals, of yttrium, scandium or of mixtures of these metals","2024","158090"
"Turkiye","World","Import","Rare Earth Elements","284690","Compounds, inorganic or organic (excluding cerium), of rare-earth metals, of yttrium, scandium or of mixtures of these metals","2024","20757648"
"Turkiye","World","Export","Rare Earth Elements","284690","Compounds, inorganic or organic (excluding cerium), of rare-earth metals, of yttrium, scandium or of mixtures of these metals","2024","11019273"
"Tanzania","India","Import","Rare Earth Elements","284610","Cerium compounds","2024","883.7"
"Tanzania","World","Import","Rare Earth Elements","284610","Cerium compounds","2024","883.7"
"Tanzania","China","Import","Rare Earth Elements","284690","Compounds, inorganic or organic (excluding cerium), of rare-earth metals, of yttrium, scandium or of mixtures of these metals","2024","2685.94"
"Tanzania","India","Import","Rare Earth Elements","284690","Compounds, inorganic or organic (excluding cerium), of rare-earth metals, of yttrium, scandium or of mixtures of these metals","2024","1860.36"
"Tanzania","Kenya","Import","Rare Earth Elements","284690","Compounds, inorganic or organic (excluding cerium), of rare-earth metals, of yttrium, scandium or of mixtures of these metals","2024","126.25"
"Tanzania","World","Import","Rare Earth Elements","284690","Compounds, inorganic or organic (excluding cerium), of rare-earth metals, of yttrium, scandium or of mixtures of these metals","2024","5507.97"
"Tanzania","South Africa","Import","Rare Earth Elements","284690","Compounds, inorganic or organic (excluding cerium), of rare-earth metals, of yttrium, scandium or of mixtures of these metals","2024","835.42"
"Uganda","India","Import","Rare Earth Elements","284610","Cerium compounds","2024","188"
"Uganda","World","Import","Rare Earth Elements","284610","Cerium compounds","2024","188"
"Uganda","India","Import","Rare Earth Elements","284690","Compounds, inorganic or organic (excluding cerium), of rare-earth metals, of yttrium, scandium or of mixtures of these metals","2024","507.99"
"Uganda","World","Import","Rare Earth Elements","284690","Compounds, inorganic or organic (excluding cerium), of rare-earth metals, of yttrium, scandium or of mixtures of these metals","2024","507.99"
"Ukraine","China","Import","Rare Earth Elements","280530","Earth-metals, rare; scandium and yttrium, whether or not intermixed or interalloyed","2024","34178.73"
"Ukraine","World","Import","Rare Earth Elements","280530","Earth-metals, rare; scandium and yttrium, whether or not intermixed or interalloyed","2024","34178.73"
"Ukraine","Austria","Import","Rare Earth Elements","284610","Cerium compounds","2024","127.3"
"Ukraine","China","Import","Rare Earth Elements","284610","Cerium compounds","2024","181031.06"
"Ukraine","Chinese Taipei","Import","Rare Earth Elements","284610","Cerium compounds","2024","1015"
"Ukraine","Germany","Import","Rare Earth Elements","284610","Cerium compounds","2024","851.1"
"Ukraine","European Union","Import","Rare Earth Elements","284610","Cerium compounds","2024","2799.78"
"Ukraine","European Union","Export","Rare Earth Elements","284610","Cerium compounds","2024","5.480000019073486"
"Ukraine","Spain","Import","Rare Earth Elements","284610","Cerium compounds","2024","539.76"
"Ukraine","France","Import","Rare Earth Elements","284610","Cerium compounds","2024","1281.62"
"Ukraine","United Kingdom","Import","Rare Earth Elements","284610","Cerium compounds","2024","2821.55"
"Ukraine","India","Import","Rare Earth Elements","284610","Cerium compounds","2024","175.9"
"Ukraine","Latvia","Export","Rare Earth Elements","284610","Cerium compounds","2024","5.48"
"Ukraine","United States of America","Import","Rare Earth Elements","284610","Cerium compounds","2024","1241.6"
"Ukraine","World","Import","Rare Earth Elements","284610","Cerium compounds","2024","189084.89"
"Ukraine","World","Export","Rare Earth Elements","284610","Cerium compounds","2024","5.48"
"Ukraine","Belgium","Import","Rare Earth Elements","284690","Compounds, inorganic or organic (excluding cerium), of rare-earth metals, of yttrium, scandium or of mixtures of these metals","2024","294.83"
"Ukraine","China","Import","Rare Earth Elements","284690","Compounds, inorganic or organic (excluding cerium), of rare-earth metals, of yttrium, scandium or of mixtures of these metals","2024","264312.25"
"Ukraine","China","Export","Rare Earth Elements","284690","Compounds, inorganic or organic (excluding cerium), of rare-earth metals, of yttrium, scandium or of mixtures of these metals","2024","30.02"
"Ukraine","Czech Republic","Import","Rare Earth Elements","284690","Compounds, inorganic or organic (excluding cerium), of rare-earth metals, of yttrium, scandium or of mixtures of these metals","2024","70.24"
"Ukraine","Germany","Import","Rare Earth Elements","284690","Compounds, inorganic or organic (excluding cerium), of rare-earth metals, of yttrium, scandium or of mixtures of these metals","2024","347.24"
"Ukraine","European Union","Import","Rare Earth Elements","284690","Compounds, inorganic or organic (excluding cerium), of rare-earth metals, of yttrium, scandium or of mixtures of these metals","2024","152137.97"
"Ukraine","European Union","Export","Rare Earth Elements","284690","Compounds, inorganic or organic (excluding cerium), of rare-earth metals, of yttrium, scandium or of mixtures of these metals","2024","1.940000057220459"
"Ukraine","Spain","Import","Rare Earth Elements","284690","Compounds, inorganic or organic (excluding cerium), of rare-earth metals, of yttrium, scandium or of mixtures of these metals","2024","23.5"
"Ukraine","France","Import","Rare Earth Elements","284690","Compounds, inorganic or organic (excluding cerium), of rare-earth metals, of yttrium, scandium or of mixtures of these metals","2024","151402.16"
"Ukraine","United Kingdom","Export","Rare Earth Elements","284690","Compounds, inorganic or organic (excluding cerium), of rare-earth metals, of yttrium, scandium or of mixtures of these metals","2024","411.41"
"Ukraine","United Kingdom","Import","Rare Earth Elements","284690","Compounds, inorganic or organic (excluding cerium), of rare-earth metals, of yttrium, scandium or of mixtures of these metals","2024","136.46"
"Ukraine","India","Import","Rare Earth Elements","284690","Compounds, inorganic or organic (excluding cerium), of rare-earth metals, of yttrium, scandium or of mixtures of these metals","2024","655.45"
"Ukraine","Iraq","Export","Rare Earth Elements","284690","Compounds, inorganic or organic (excluding cerium), of rare-earth metals, of yttrium, scandium or of mixtures of these metals","2024","5.34"
"Ukraine","Kazakhstan","Export","Rare Earth Elements","284690","Compounds, inorganic or organic (excluding cerium), of rare-earth metals, of yttrium, scandium or of mixtures of these metals","2024","107.39"
"Ukraine","Latvia","Export","Rare Earth Elements","284690","Compounds, inorganic or organic (excluding cerium), of rare-earth metals, of yttrium, scandium or of mixtures of these metals","2024","1.94"
"Ukraine","Turkiye","Import","Rare Earth Elements","284690","Compounds, inorganic or organic (excluding cerium), of rare-earth metals, of yttrium, scandium or of mixtures of these metals","2024","1614.12"
"Ukraine","United States of America","Export","Rare Earth Elements","284690","Compounds, inorganic or organic (excluding cerium), of rare-earth metals, of yttrium, scandium or of mixtures of these metals","2024","41660.1"
"Ukraine","United States of America","Import","Rare Earth Elements","284690","Compounds, inorganic or organic (excluding cerium), of rare-earth metals, of yttrium, scandium or of mixtures of these metals","2024","2803.52"
"Ukraine","World","Import","Rare Earth Elements","284690","Compounds, inorganic or organic (excluding cerium), of rare-earth metals, of yttrium, scandium or of mixtures of these metals","2024","421659.7700000001"
"Ukraine","World","Export","Rare Earth Elements","284690","Compounds, inorganic or organic (excluding cerium), of rare-earth metals, of yttrium, scandium or of mixtures of these metals","2024","42216.2"
"Uruguay","Belgium","Import","Rare Earth Elements","280530","Earth-metals, rare; scandium and yttrium, whether or not intermixed or interalloyed","2024","85"
"Uruguay","European Union","Import","Rare Earth Elements","280530","Earth-metals, rare; scandium and yttrium, whether or not intermixed or interalloyed","2024","85"
"Uruguay","World","Import","Rare Earth Elements","280530","Earth-metals, rare; scandium and yttrium, whether or not intermixed or interalloyed","2024","85"
"Uruguay","Austria","Import","Rare Earth Elements","284610","Cerium compounds","2024","45"
"Uruguay","European Union","Import","Rare Earth Elements","284610","Cerium compounds","2024","586"
"Uruguay","Spain","Import","Rare Earth Elements","284610","Cerium compounds","2024","541"
"Uruguay","World","Import","Rare Earth Elements","284610","Cerium compounds","2024","586"
"Uruguay","Austria","Import","Rare Earth Elements","284690","Compounds, inorganic or organic (excluding cerium), of rare-earth metals, of yttrium, scandium or of mixtures of these metals","2024","874"
"Uruguay","China","Import","Rare Earth Elements","284690","Compounds, inorganic or organic (excluding cerium), of rare-earth metals, of yttrium, scandium or of mixtures of these metals","2024","6036"
"Uruguay","Germany","Import","Rare Earth Elements","284690","Compounds, inorganic or organic (excluding cerium), of rare-earth metals, of yttrium, scandium or of mixtures of these metals","2024","81"
"Uruguay","European Union","Import","Rare Earth Elements","284690","Compounds, inorganic or organic (excluding cerium), of rare-earth metals, of yttrium, scandium or of mixtures of these metals","2024","992"
"Uruguay","France","Import","Rare Earth Elements","284690","Compounds, inorganic or organic (excluding cerium), of rare-earth metals, of yttrium, scandium or of mixtures of these metals","2024","37"
"Uruguay","United States of America","Import","Rare Earth Elements","284690","Compounds, inorganic or organic (excluding cerium), of rare-earth metals, of yttrium, scandium or of mixtures of these metals","2024","2054"
"Uruguay","World","Import","Rare Earth Elements","284690","Compounds, inorganic or organic (excluding cerium), of rare-earth metals, of yttrium, scandium or of mixtures of these metals","2024","9082"
"United States of America","United Arab Emirates","Export","Rare Earth Elements","280530","Earth-metals, rare; scandium and yttrium, whether or not intermixed or interalloyed","2024","5855"
"United States of America","Australia","Export","Rare Earth Elements","280530","Earth-metals, rare; scandium and yttrium, whether or not intermixed or interalloyed","2024","3350"
"United States of America","Australia","Import","Rare Earth Elements","280530","Earth-metals, rare; scandium and yttrium, whether or not intermixed or interalloyed","2024","2514"
"United States of America","Austria","Export","Rare Earth Elements","280530","Earth-metals, rare; scandium and yttrium, whether or not intermixed or interalloyed","2024","93963"
"United States of America","Brazil","Export","Rare Earth Elements","280530","Earth-metals, rare; scandium and yttrium, whether or not intermixed or interalloyed","2024","94458"
"United States of America","Canada","Import","Rare Earth Elements","280530","Earth-metals, rare; scandium and yttrium, whether or not intermixed or interalloyed","2024","413890"
"United States of America","Canada","Export","Rare Earth Elements","280530","Earth-metals, rare; scandium and yttrium, whether or not intermixed or interalloyed","2024","390650"
"United States of America","Switzerland","Export","Rare Earth Elements","280530","Earth-metals, rare; scandium and yttrium, whether or not intermixed or interalloyed","2024","26478"
"United States of America","China","Import","Rare Earth Elements","280530","Earth-metals, rare; scandium and yttrium, whether or not intermixed or interalloyed","2024","3553815"
"United States of America","China","Export","Rare Earth Elements","280530","Earth-metals, rare; scandium and yttrium, whether or not intermixed or interalloyed","2024","1485649"
"United States of America","Chinese Taipei","Export","Rare Earth Elements","280530","Earth-metals, rare; scandium and yttrium, whether or not intermixed or interalloyed","2024","22931"
"United States of America","Czech Republic","Import","Rare Earth Elements","280530","Earth-metals, rare; scandium and yttrium, whether or not intermixed or interalloyed","2024","7850"
"United States of America","Czech Republic","Export","Rare Earth Elements","280530","Earth-metals, rare; scandium and yttrium, whether or not intermixed or interalloyed","2024","7590"
"United States of America","Germany","Export","Rare Earth Elements","280530","Earth-metals, rare; scandium and yttrium, whether or not intermixed or interalloyed","2024","133944"
"United States of America","Germany","Import","Rare Earth Elements","280530","Earth-metals, rare; scandium and yttrium, whether or not intermixed or interalloyed","2024","5743"
"United States of America","European Union","Export","Rare Earth Elements","280530","Earth-metals, rare; scandium and yttrium, whether or not intermixed or interalloyed","2024","763033"
"United States of America","European Union","Import","Rare Earth Elements","280530","Earth-metals, rare; scandium and yttrium, whether or not intermixed or interalloyed","2024","56635"
"United States of America","Finland","Export","Rare Earth Elements","280530","Earth-metals, rare; scandium and yttrium, whether or not intermixed or interalloyed","2024","27664"
"United States of America","France","Export","Rare Earth Elements","280530","Earth-metals, rare; scandium and yttrium, whether or not intermixed or interalloyed","2024","128369"
"United States of America","United Kingdom","Import","Rare Earth Elements","280530","Earth-metals, rare; scandium and yttrium, whether or not intermixed or interalloyed","2024","377538"
"United States of America","United Kingdom","Export","Rare Earth Elements","280530","Earth-metals, rare; scandium and yttrium, whether or not intermixed or interalloyed","2024","94558"
"United States of America","Hong Kong, China","Import","Rare Earth Elements","280530","Earth-metals, rare; scandium and yttrium, whether or not intermixed or interalloyed","2024","12350"
"United States of America","India","Export","Rare Earth Elements","280530","Earth-metals, rare; scandium and yttrium, whether or not intermixed or interalloyed","2024","1965000"
"United States of America","Ireland","Export","Rare Earth Elements","280530","Earth-metals, rare; scandium and yttrium, whether or not intermixed or interalloyed","2024","34150"
"United States of America","Italy","Export","Rare Earth Elements","280530","Earth-metals, rare; scandium and yttrium, whether or not intermixed or interalloyed","2024","306443"
"United States of America","Japan","Import","Rare Earth Elements","280530","Earth-metals, rare; scandium and yttrium, whether or not intermixed or interalloyed","2024","77474"
"United States of America","Japan","Export","Rare Earth Elements","280530","Earth-metals, rare; scandium and yttrium, whether or not intermixed or interalloyed","2024","41000"
"United States of America","Korea, Republic of","Export","Rare Earth Elements","280530","Earth-metals, rare; scandium and yttrium, whether or not intermixed or interalloyed","2024","308559"
"United States of America","Korea, Republic of","Import","Rare Earth Elements","280530","Earth-metals, rare; scandium and yttrium, whether or not intermixed or interalloyed","2024","27005"
"United States of America","Mexico","Export","Rare Earth Elements","280530","Earth-metals, rare; scandium and yttrium, whether or not intermixed or interalloyed","2024","110383"
"United States of America","Netherlands","Import","Rare Earth Elements","280530","Earth-metals, rare; scandium and yttrium, whether or not intermixed or interalloyed","2024","43042"
"United States of America","Netherlands","Export","Rare Earth Elements","280530","Earth-metals, rare; scandium and yttrium, whether or not intermixed or interalloyed","2024","30910"
"United States of America","Pakistan","Export","Rare Earth Elements","280530","Earth-metals, rare; scandium and yttrium, whether or not intermixed or interalloyed","2024","32000"
"United States of America","Singapore","Export","Rare Earth Elements","280530","Earth-metals, rare; scandium and yttrium, whether or not intermixed or interalloyed","2024","9025"
"United States of America","Turkiye","Export","Rare Earth Elements","280530","Earth-metals, rare; scandium and yttrium, whether or not intermixed or interalloyed","2024","78180"
"United States of America","Turkiye","Import","Rare Earth Elements","280530","Earth-metals, rare; scandium and yttrium, whether or not intermixed or interalloyed","2024","8700"
"United States of America","World","Export","Rare Earth Elements","280530","Earth-metals, rare; scandium and yttrium, whether or not intermixed or interalloyed","2024","5431109"
"United States of America","World","Import","Rare Earth Elements","280530","Earth-metals, rare; scandium and yttrium, whether or not intermixed or interalloyed","2024","4529921"
"United States of America","Argentina","Export","Rare Earth Elements","284610","Cerium compounds","2024","10869"
"United States of America","Armenia","Import","Rare Earth Elements","284610","Cerium compounds","2024","16896"
"United States of America","Australia","Export","Rare Earth Elements","284610","Cerium compounds","2024","77170"
"United States of America","Austria","Import","Rare Earth Elements","284610","Cerium compounds","2024","933880"
"United States of America","Belgium","Export","Rare Earth Elements","284610","Cerium compounds","2024","31858"
"United States of America","Bulgaria","Export","Rare Earth Elements","284610","Cerium compounds","2024","22246"
"United States of America","Brazil","Export","Rare Earth Elements","284610","Cerium compounds","2024","6448"
"United States of America","Barbados","Export","Rare Earth Elements","284610","Cerium compounds","2024","15672"
"United States of America","Canada","Export","Rare Earth Elements","284610","Cerium compounds","2024","540329"
"United States of America","Canada","Import","Rare Earth Elements","284610","Cerium compounds","2024","88200"
"United States of America","Switzerland","Export","Rare Earth Elements","284610","Cerium compounds","2024","130125"
"United States of America","Chile","Export","Rare Earth Elements","284610","Cerium compounds","2024","14285"
"United States of America","China","Import","Rare Earth Elements","284610","Cerium compounds","2024","3099558"
"United States of America","China","Export","Rare Earth Elements","284610","Cerium compounds","2024","971706"
"United States of America","Chinese Taipei","Export","Rare Earth Elements","284610","Cerium compounds","2024","209075"
"United States of America","Germany","Export","Rare Earth Elements","284610","Cerium compounds","2024","975421"
"United States of America","Germany","Import","Rare Earth Elements","284610","Cerium compounds","2024","41634"
"United States of America","Denmark","Export","Rare Earth Elements","284610","Cerium compounds","2024","32570"
"United States of America","European Union","Import","Rare Earth Elements","284610","Cerium compounds","2024","1418037"
"United States of America","European Union","Export","Rare Earth Elements","284610","Cerium compounds","2024","1212468"
"United States of America","Spain","Export","Rare Earth Elements","284610","Cerium compounds","2024","7495"
"United States of America","Estonia","Import","Rare Earth Elements","284610","Cerium compounds","2024","312869"
"United States of America","Estonia","Export","Rare Earth Elements","284610","Cerium compounds","2024","14800"
"United States of America","Finland","Export","Rare Earth Elements","284610","Cerium compounds","2024","4150"
"United States of America","Finland","Import","Rare Earth Elements","284610","Cerium compounds","2024","2612"
"United States of America","France","Import","Rare Earth Elements","284610","Cerium compounds","2024","127042"
"United States of America","France","Export","Rare Earth Elements","284610","Cerium compounds","2024","69609"
"United States of America","United Kingdom","Export","Rare Earth Elements","284610","Cerium compounds","2024","59141"
"United States of America","United Kingdom","Import","Rare Earth Elements","284610","Cerium compounds","2024","11859"
"United States of America","Grenada","Export","Rare Earth Elements","284610","Cerium compounds","2024","2600"
"United States of America","India","Export","Rare Earth Elements","284610","Cerium compounds","2024","33857"
"United States of America","India","Import","Rare Earth Elements","284610","Cerium compounds","2024","32271"
"United States of America","Israel","Export","Rare Earth Elements","284610","Cerium compounds","2024","29000"
"United States of America","Italy","Export","Rare Earth Elements","284610","Cerium compounds","2024","10445"
"United States of America","Japan","Import","Rare Earth Elements","284610","Cerium compounds","2024","13554715"
"United States of America","Japan","Export","Rare Earth Elements","284610","Cerium compounds","2024","396774"
"United States of America","Korea, Republic of","Export","Rare Earth Elements","284610","Cerium compounds","2024","677585"
"United States of America","Korea, Republic of","Import","Rare Earth Elements","284610","Cerium compounds","2024","18827"
"United States of America","Lithuania","Export","Rare Earth Elements","284610","Cerium compounds","2024","2962"
"United States of America","Latvia","Export","Rare Earth Elements","284610","Cerium compounds","2024","10544"
"United States of America","Mexico","Export","Rare Earth Elements","284610","Cerium compounds","2024","362142"
"United States of America","Malaysia","Import","Rare Earth Elements","284610","Cerium compounds","2024","343531"
"United States of America","Malaysia","Export","Rare Earth Elements","284610","Cerium compounds","2024","22803"
"United States of America","Norway","Import","Rare Earth Elements","284610","Cerium compounds","2024","6500"
"United States of America","New Zealand","Export","Rare Earth Elements","284610","Cerium compounds","2024","2959"
"United States of America","Peru","Export","Rare Earth Elements","284610","Cerium compounds","2024","8053"
"United States of America","Poland","Export","Rare Earth Elements","284610","Cerium compounds","2024","15983"
"United States of America","Romania","Export","Rare Earth Elements","284610","Cerium compounds","2024","14385"
"United States of America","Russian Federation","Import","Rare Earth Elements","284610","Cerium compounds","2024","13987"
"United States of America","Singapore","Export","Rare Earth Elements","284610","Cerium compounds","2024","20064"
"United States of America","Turkiye","Export","Rare Earth Elements","284610","Cerium compounds","2024","20390"
"United States of America","Turkiye","Import","Rare Earth Elements","284610","Cerium compounds","2024","2074"
"United States of America","Viet Nam","Export","Rare Earth Elements","284610","Cerium compounds","2024","17143"
"United States of America","World","Import","Rare Earth Elements","284610","Cerium compounds","2024","18606455"
"United States of America","World","Export","Rare Earth Elements","284610","Cerium compounds","2024","5018553"
"United States of America","South Africa","Export","Rare Earth Elements","284610","Cerium compounds","2024","177895"
"United States of America","Armenia","Import","Rare Earth Elements","284690","Compounds, inorganic or organic (excluding cerium), of rare-earth metals, of yttrium, scandium or of mixtures of these metals","2024","41261"
"United States of America","Australia","Export","Rare Earth Elements","284690","Compounds, inorganic or organic (excluding cerium), of rare-earth metals, of yttrium, scandium or of mixtures of these metals","2024","21120"
"United States of America","Austria","Import","Rare Earth Elements","284690","Compounds, inorganic or organic (excluding cerium), of rare-earth metals, of yttrium, scandium or of mixtures of these metals","2024","6289196"
"United States of America","Belgium","Export","Rare Earth Elements","284690","Compounds, inorganic or organic (excluding cerium), of rare-earth metals, of yttrium, scandium or of mixtures of these metals","2024","35820"
"United States of America","Belgium","Import","Rare Earth Elements","284690","Compounds, inorganic or organic (excluding cerium), of rare-earth metals, of yttrium, scandium or of mixtures of these metals","2024","8492"
"United States of America","Bulgaria","Export","Rare Earth Elements","284690","Compounds, inorganic or organic (excluding cerium), of rare-earth metals, of yttrium, scandium or of mixtures of these metals","2024","6000"
"United States of America","Brazil","Export","Rare Earth Elements","284690","Compounds, inorganic or organic (excluding cerium), of rare-earth metals, of yttrium, scandium or of mixtures of these metals","2024","81838"
"United States of America","Canada","Export","Rare Earth Elements","284690","Compounds, inorganic or organic (excluding cerium), of rare-earth metals, of yttrium, scandium or of mixtures of these metals","2024","1333894"
"United States of America","Canada","Import","Rare Earth Elements","284690","Compounds, inorganic or organic (excluding cerium), of rare-earth metals, of yttrium, scandium or of mixtures of these metals","2024","1069041"
"United States of America","Switzerland","Export","Rare Earth Elements","284690","Compounds, inorganic or organic (excluding cerium), of rare-earth metals, of yttrium, scandium or of mixtures of these metals","2024","1289490"
"United States of America","Switzerland","Import","Rare Earth Elements","284690","Compounds, inorganic or organic (excluding cerium), of rare-earth metals, of yttrium, scandium or of mixtures of these metals","2024","14320"
"United States of America","Chile","Export","Rare Earth Elements","284690","Compounds, inorganic or organic (excluding cerium), of rare-earth metals, of yttrium, scandium or of mixtures of these metals","2024","9836"
"United States of America","China","Export","Rare Earth Elements","284690","Compounds, inorganic or organic (excluding cerium), of rare-earth metals, of yttrium, scandium or of mixtures of these metals","2024","190169120"
"United States of America","China","Import","Rare Earth Elements","284690","Compounds, inorganic or organic (excluding cerium), of rare-earth metals, of yttrium, scandium or of mixtures of these metals","2024","109636730"
"United States of America","Chinese Taipei","Export","Rare Earth Elements","284690","Compounds, inorganic or organic (excluding cerium), of rare-earth metals, of yttrium, scandium or of mixtures of these metals","2024","6259041"
"United States of America","Czech Republic","Import","Rare Earth Elements","284690","Compounds, inorganic or organic (excluding cerium), of rare-earth metals, of yttrium, scandium or of mixtures of these metals","2024","8488"
"United States of America","Germany","Import","Rare Earth Elements","284690","Compounds, inorganic or organic (excluding cerium), of rare-earth metals, of yttrium, scandium or of mixtures of these metals","2024","2556625"
"United States of America","Germany","Export","Rare Earth Elements","284690","Compounds, inorganic or organic (excluding cerium), of rare-earth metals, of yttrium, scandium or of mixtures of these metals","2024","621536"
"United States of America","Denmark","Export","Rare Earth Elements","284690","Compounds, inorganic or organic (excluding cerium), of rare-earth metals, of yttrium, scandium or of mixtures of these metals","2024","15560"
"United States of America","European Union","Import","Rare Earth Elements","284690","Compounds, inorganic or organic (excluding cerium), of rare-earth metals, of yttrium, scandium or of mixtures of these metals","2024","13986457"
"United States of America","European Union","Export","Rare Earth Elements","284690","Compounds, inorganic or organic (excluding cerium), of rare-earth metals, of yttrium, scandium or of mixtures of these metals","2024","5203918"
"United States of America","Spain","Export","Rare Earth Elements","284690","Compounds, inorganic or organic (excluding cerium), of rare-earth metals, of yttrium, scandium or of mixtures of these metals","2024","14918"
"United States of America","Estonia","Import","Rare Earth Elements","284690","Compounds, inorganic or organic (excluding cerium), of rare-earth metals, of yttrium, scandium or of mixtures of these metals","2024","1795900"
"United States of America","Finland","Export","Rare Earth Elements","284690","Compounds, inorganic or organic (excluding cerium), of rare-earth metals, of yttrium, scandium or of mixtures of these metals","2024","20616"
"United States of America","France","Import","Rare Earth Elements","284690","Compounds, inorganic or organic (excluding cerium), of rare-earth metals, of yttrium, scandium or of mixtures of these metals","2024","3081204"
"United States of America","France","Export","Rare Earth Elements","284690","Compounds, inorganic or organic (excluding cerium), of rare-earth metals, of yttrium, scandium or of mixtures of these metals","2024","2277129"
"United States of America","United Kingdom","Export","Rare Earth Elements","284690","Compounds, inorganic or organic (excluding cerium), of rare-earth metals, of yttrium, scandium or of mixtures of these metals","2024","125004"
"United States of America","United Kingdom","Import","Rare Earth Elements","284690","Compounds, inorganic or organic (excluding cerium), of rare-earth metals, of yttrium, scandium or of mixtures of these metals","2024","9600"
"United States of America","Guatemala","Export","Rare Earth Elements","284690","Compounds, inorganic or organic (excluding cerium), of rare-earth metals, of yttrium, scandium or of mixtures of these metals","2024","5872"
"United States of America","Hong Kong, China","Export","Rare Earth Elements","284690","Compounds, inorganic or organic (excluding cerium), of rare-earth metals, of yttrium, scandium or of mixtures of these metals","2024","2299635"
"United States of America","India","Import","Rare Earth Elements","284690","Compounds, inorganic or organic (excluding cerium), of rare-earth metals, of yttrium, scandium or of mixtures of these metals","2024","1461290"
"United States of America","India","Export","Rare Earth Elements","284690","Compounds, inorganic or organic (excluding cerium), of rare-earth metals, of yttrium, scandium or of mixtures of these metals","2024","372225"
"United States of America","Ireland","Export","Rare Earth Elements","284690","Compounds, inorganic or organic (excluding cerium), of rare-earth metals, of yttrium, scandium or of mixtures of these metals","2024","576080"
"United States of America","Israel","Import","Rare Earth Elements","284690","Compounds, inorganic or organic (excluding cerium), of rare-earth metals, of yttrium, scandium or of mixtures of these metals","2024","243100"
"United States of America","Israel","Export","Rare Earth Elements","284690","Compounds, inorganic or organic (excluding cerium), of rare-earth metals, of yttrium, scandium or of mixtures of these metals","2024","21755"
"United States of America","Italy","Import","Rare Earth Elements","284690","Compounds, inorganic or organic (excluding cerium), of rare-earth metals, of yttrium, scandium or of mixtures of these metals","2024","246552"
"United States of America","Italy","Export","Rare Earth Elements","284690","Compounds, inorganic or organic (excluding cerium), of rare-earth metals, of yttrium, scandium or of mixtures of these metals","2024","6084"
"United States of America","Japan","Import","Rare Earth Elements","284690","Compounds, inorganic or organic (excluding cerium), of rare-earth metals, of yttrium, scandium or of mixtures of these metals","2024","5973470"
"United States of America","Japan","Export","Rare Earth Elements","284690","Compounds, inorganic or organic (excluding cerium), of rare-earth metals, of yttrium, scandium or of mixtures of these metals","2024","587155"
"United States of America","Korea, Republic of","Export","Rare Earth Elements","284690","Compounds, inorganic or organic (excluding cerium), of rare-earth metals, of yttrium, scandium or of mixtures of these metals","2024","7790658"
"United States of America","Korea, Republic of","Import","Rare Earth Elements","284690","Compounds, inorganic or organic (excluding cerium), of rare-earth metals, of yttrium, scandium or of mixtures of these metals","2024","1765651"
"United States of America","Liechtenstein","Import","Rare Earth Elements","284690","Compounds, inorganic or organic (excluding cerium), of rare-earth metals, of yttrium, scandium or of mixtures of these metals","2024","84728"
"United States of America","Lithuania","Export","Rare Earth Elements","284690","Compounds, inorganic or organic (excluding cerium), of rare-earth metals, of yttrium, scandium or of mixtures of these metals","2024","6148"
"United States of America","Mexico","Export","Rare Earth Elements","284690","Compounds, inorganic or organic (excluding cerium), of rare-earth metals, of yttrium, scandium or of mixtures of these metals","2024","5136585"
"United States of America","North Macedonia","Export","Rare Earth Elements","284690","Compounds, inorganic or organic (excluding cerium), of rare-earth metals, of yttrium, scandium or of mixtures of these metals","2024","265317"
"United States of America","Malaysia","Import","Rare Earth Elements","284690","Compounds, inorganic or organic (excluding cerium), of rare-earth metals, of yttrium, scandium or of mixtures of these metals","2024","1297980"
"United States of America","Malaysia","Export","Rare Earth Elements","284690","Compounds, inorganic or organic (excluding cerium), of rare-earth metals, of yttrium, scandium or of mixtures of these metals","2024","101068"
"United States of America","Netherlands","Export","Rare Earth Elements","284690","Compounds, inorganic or organic (excluding cerium), of rare-earth metals, of yttrium, scandium or of mixtures of these metals","2024","1618394"
"United States of America","Norway","Export","Rare Earth Elements","284690","Compounds, inorganic or organic (excluding cerium), of rare-earth metals, of yttrium, scandium or of mixtures of these metals","2024","33390"
"United States of America","Norway","Import","Rare Earth Elements","284690","Compounds, inorganic or organic (excluding cerium), of rare-earth metals, of yttrium, scandium or of mixtures of these metals","2024","19500"
"United States of America","Peru","Export","Rare Earth Elements","284690","Compounds, inorganic or organic (excluding cerium), of rare-earth metals, of yttrium, scandium or of mixtures of these metals","2024","72120"
"United States of America","Portugal","Export","Rare Earth Elements","284690","Compounds, inorganic or organic (excluding cerium), of rare-earth metals, of yttrium, scandium or of mixtures of these metals","2024","2640"
"United States of America","Russian Federation","Import","Rare Earth Elements","284690","Compounds, inorganic or organic (excluding cerium), of rare-earth metals, of yttrium, scandium or of mixtures of these metals","2024","72915"
"United States of America","Saudi Arabia, Kingdom of","Export","Rare Earth Elements","284690","Compounds, inorganic or organic (excluding cerium), of rare-earth metals, of yttrium, scandium or of mixtures of these metals","2024","2940"
"United States of America","Singapore","Export","Rare Earth Elements","284690","Compounds, inorganic or organic (excluding cerium), of rare-earth metals, of yttrium, scandium or of mixtures of these metals","2024","76065"
"United States of America","Singapore","Import","Rare Earth Elements","284690","Compounds, inorganic or organic (excluding cerium), of rare-earth metals, of yttrium, scandium or of mixtures of these metals","2024","10512"
"United States of America","El Salvador","Export","Rare Earth Elements","284690","Compounds, inorganic or organic (excluding cerium), of rare-earth metals, of yttrium, scandium or of mixtures of these metals","2024","6909"
"United States of America","Sweden","Export","Rare Earth Elements","284690","Compounds, inorganic or organic (excluding cerium), of rare-earth metals, of yttrium, scandium or of mixtures of these metals","2024","2993"
"United States of America","Thailand","Export","Rare Earth Elements","284690","Compounds, inorganic or organic (excluding cerium), of rare-earth metals, of yttrium, scandium or of mixtures of these metals","2024","3866750"
"United States of America","Turkiye","Import","Rare Earth Elements","284690","Compounds, inorganic or organic (excluding cerium), of rare-earth metals, of yttrium, scandium or of mixtures of these metals","2024","746373"
"United States of America","Turkiye","Export","Rare Earth Elements","284690","Compounds, inorganic or organic (excluding cerium), of rare-earth metals, of yttrium, scandium or of mixtures of these metals","2024","108498"
"United States of America","Viet Nam","Export","Rare Earth Elements","284690","Compounds, inorganic or organic (excluding cerium), of rare-earth metals, of yttrium, scandium or of mixtures of these metals","2024","29057879"
"United States of America","Viet Nam","Import","Rare Earth Elements","284690","Compounds, inorganic or organic (excluding cerium), of rare-earth metals, of yttrium, scandium or of mixtures of these metals","2024","40373"
"United States of America","World","Export","Rare Earth Elements","284690","Compounds, inorganic or organic (excluding cerium), of rare-earth metals, of yttrium, scandium or of mixtures of these metals","2024","254303240"
"United States of America","World","Import","Rare Earth Elements","284690","Compounds, inorganic or organic (excluding cerium), of rare-earth metals, of yttrium, scandium or of mixtures of these metals","2024","140759999"
"United States of America","South Africa","Import","Rare Earth Elements","284690","Compounds, inorganic or organic (excluding cerium), of rare-earth metals, of yttrium, scandium or of mixtures of these metals","2024","4286698"
"United States of America","South Africa","Export","Rare Earth Elements","284690","Compounds, inorganic or organic (excluding cerium), of rare-earth metals, of yttrium, scandium or of mixtures of these metals","2024","5158"
"Uzbekistan","United Arab Emirates","Import","Rare Earth Elements","280530","Earth-metals, rare; scandium and yttrium, whether or not intermixed or interalloyed","2024","94380"
"Uzbekistan","Germany","Import","Rare Earth Elements","280530","Earth-metals, rare; scandium and yttrium, whether or not intermixed or interalloyed","2024","349623"
"Uzbekistan","European Union","Import","Rare Earth Elements","280530","Earth-metals, rare; scandium and yttrium, whether or not intermixed or interalloyed","2024","349623"
"Uzbekistan","India","Import","Rare Earth Elements","280530","Earth-metals, rare; scandium and yttrium, whether or not intermixed or interalloyed","2024","140"
"Uzbekistan","Iran","Import","Rare Earth Elements","280530","Earth-metals, rare; scandium and yttrium, whether or not intermixed or interalloyed","2024","4758"
"Uzbekistan","World","Import","Rare Earth Elements","280530","Earth-metals, rare; scandium and yttrium, whether or not intermixed or interalloyed","2024","448901"
"Uzbekistan","China","Import","Rare Earth Elements","284610","Cerium compounds","2024","55470.99"
"Uzbekistan","Russian Federation","Import","Rare Earth Elements","284610","Cerium compounds","2024","50"
"Uzbekistan","World","Import","Rare Earth Elements","284610","Cerium compounds","2024","55520.99"
"Uzbekistan","Germany","Import","Rare Earth Elements","284690","Compounds, inorganic or organic (excluding cerium), of rare-earth metals, of yttrium, scandium or of mixtures of these metals","2024","800"
"Uzbekistan","European Union","Import","Rare Earth Elements","284690","Compounds, inorganic or organic (excluding cerium), of rare-earth metals, of yttrium, scandium or of mixtures of these metals","2024","800"
"Uzbekistan","Russian Federation","Import","Rare Earth Elements","284690","Compounds, inorganic or organic (excluding cerium), of rare-earth metals, of yttrium, scandium or of mixtures of these metals","2024","2120"
"Uzbekistan","United States of America","Import","Rare Earth Elements","284690","Compounds, inorganic or organic (excluding cerium), of rare-earth metals, of yttrium, scandium or of mixtures of these metals","2024","146"
"Uzbekistan","World","Import","Rare Earth Elements","284690","Compounds, inorganic or organic (excluding cerium), of rare-earth metals, of yttrium, scandium or of mixtures of these metals","2024","3066"
"World","Andorra","Export","Rare Earth Elements","280530","Earth-metals, rare; scandium and yttrium, whether or not intermixed or interalloyed","2024","70.29"
"World","United Arab Emirates","Export","Rare Earth Elements","280530","Earth-metals, rare; scandium and yttrium, whether or not intermixed or interalloyed","2024","308990.87"
"World","United Arab Emirates","Import","Rare Earth Elements","280530","Earth-metals, rare; scandium and yttrium, whether or not intermixed or interalloyed","2024","94380"
"World","Argentina","Export","Rare Earth Elements","280530","Earth-metals, rare; scandium and yttrium, whether or not intermixed or interalloyed","2024","163185"
"World","Argentina","Import","Rare Earth Elements","280530","Earth-metals, rare; scandium and yttrium, whether or not intermixed or interalloyed","2024","95.11"
"World","Australia","Import","Rare Earth Elements","280530","Earth-metals, rare; scandium and yttrium, whether or not intermixed or interalloyed","2024","128079985.53"
"World","Australia","Export","Rare Earth Elements","280530","Earth-metals, rare; scandium and yttrium, whether or not intermixed or interalloyed","2024","218376.6"
"World","Austria","Import","Rare Earth Elements","280530","Earth-metals, rare; scandium and yttrium, whether or not intermixed or interalloyed","2024","1251357.6078715"
"World","Austria","Export","Rare Earth Elements","280530","Earth-metals, rare; scandium and yttrium, whether or not intermixed or interalloyed","2024","274339.2"
"World","Belgium","Export","Rare Earth Elements","280530","Earth-metals, rare; scandium and yttrium, whether or not intermixed or interalloyed","2024","106230.9"
"World","Belgium","Import","Rare Earth Elements","280530","Earth-metals, rare; scandium and yttrium, whether or not intermixed or interalloyed","2024","5980.601954199999"
"World","Bulgaria","Export","Rare Earth Elements","280530","Earth-metals, rare; scandium and yttrium, whether or not intermixed or interalloyed","2024","8713.130000000001"
"World","Bulgaria","Import","Rare Earth Elements","280530","Earth-metals, rare; scandium and yttrium, whether or not intermixed or interalloyed","2024","321.16"
"World","Brazil","Export","Rare Earth Elements","280530","Earth-metals, rare; scandium and yttrium, whether or not intermixed or interalloyed","2024","240648"
"World","Brazil","Import","Rare Earth Elements","280530","Earth-metals, rare; scandium and yttrium, whether or not intermixed or interalloyed","2024","85"
"World","Bhutan","Export","Rare Earth Elements","280530","Earth-metals, rare; scandium and yttrium, whether or not intermixed or interalloyed","2024","5883.31"
"World","Canada","Export","Rare Earth Elements","280530","Earth-metals, rare; scandium and yttrium, whether or not intermixed or interalloyed","2024","1141455.04"
"World","Canada","Import","Rare Earth Elements","280530","Earth-metals, rare; scandium and yttrium, whether or not intermixed or interalloyed","2024","418406.9047427"
"World","Switzerland","Export","Rare Earth Elements","280530","Earth-metals, rare; scandium and yttrium, whether or not intermixed or interalloyed","2024","108680.68"
"World","Switzerland","Import","Rare Earth Elements","280530","Earth-metals, rare; scandium and yttrium, whether or not intermixed or interalloyed","2024","13631.04"
"World","Chile","Export","Rare Earth Elements","280530","Earth-metals, rare; scandium and yttrium, whether or not intermixed or interalloyed","2024","2403.52"
"World","China","Import","Rare Earth Elements","280530","Earth-metals, rare; scandium and yttrium, whether or not intermixed or interalloyed","2024","88989563.41949318"
"World","China","Export","Rare Earth Elements","280530","Earth-metals, rare; scandium and yttrium, whether or not intermixed or interalloyed","2024","5860005.399999999"
"World","Chinese Taipei","Export","Rare Earth Elements","280530","Earth-metals, rare; scandium and yttrium, whether or not intermixed or interalloyed","2024","81898.19"
"World","Chinese Taipei","Import","Rare Earth Elements","280530","Earth-metals, rare; scandium and yttrium, whether or not intermixed or interalloyed","2024","18085.2294387"
"World","Colombia","Export","Rare Earth Elements","280530","Earth-metals, rare; scandium and yttrium, whether or not intermixed or interalloyed","2024","354.79"
"World","Cabo Verde","Export","Rare Earth Elements","280530","Earth-metals, rare; scandium and yttrium, whether or not intermixed or interalloyed","2024","149.85"
"World","Cyprus","Export","Rare Earth Elements","280530","Earth-metals, rare; scandium and yttrium, whether or not intermixed or interalloyed","2024","825.4000000000001"
"World","Cyprus","Import","Rare Earth Elements","280530","Earth-metals, rare; scandium and yttrium, whether or not intermixed or interalloyed","2024","1.08"
"World","Czech Republic","Export","Rare Earth Elements","280530","Earth-metals, rare; scandium and yttrium, whether or not intermixed or interalloyed","2024","34921.58"
"World","Czech Republic","Import","Rare Earth Elements","280530","Earth-metals, rare; scandium and yttrium, whether or not intermixed or interalloyed","2024","10223.66"
"World","Germany","Export","Rare Earth Elements","280530","Earth-metals, rare; scandium and yttrium, whether or not intermixed or interalloyed","2024","1914096.22"
"World","Germany","Import","Rare Earth Elements","280530","Earth-metals, rare; scandium and yttrium, whether or not intermixed or interalloyed","2024","570679.4265454999"
"World","Denmark","Export","Rare Earth Elements","280530","Earth-metals, rare; scandium and yttrium, whether or not intermixed or interalloyed","2024","36231.6"
"World","Denmark","Import","Rare Earth Elements","280530","Earth-metals, rare; scandium and yttrium, whether or not intermixed or interalloyed","2024","12.99"
"World","Algeria","Export","Rare Earth Elements","280530","Earth-metals, rare; scandium and yttrium, whether or not intermixed or interalloyed","2024","697.05"
"World","Egypt","Export","Rare Earth Elements","280530","Earth-metals, rare; scandium and yttrium, whether or not intermixed or interalloyed","2024","5100"
"World","Spain","Export","Rare Earth Elements","280530","Earth-metals, rare; scandium and yttrium, whether or not intermixed or interalloyed","2024","842706.91"
"World","Spain","Import","Rare Earth Elements","280530","Earth-metals, rare; scandium and yttrium, whether or not intermixed or interalloyed","2024","11150.02"
"World","Estonia","Import","Rare Earth Elements","280530","Earth-metals, rare; scandium and yttrium, whether or not intermixed or interalloyed","2024","1880914.7"
"World","Estonia","Export","Rare Earth Elements","280530","Earth-metals, rare; scandium and yttrium, whether or not intermixed or interalloyed","2024","93519.09"
"World","Finland","Export","Rare Earth Elements","280530","Earth-metals, rare; scandium and yttrium, whether or not intermixed or interalloyed","2024","79439.93000000001"
"World","Finland","Import","Rare Earth Elements","280530","Earth-metals, rare; scandium and yttrium, whether or not intermixed or interalloyed","2024","366.79"
"World","France","Export","Rare Earth Elements","280530","Earth-metals, rare; scandium and yttrium, whether or not intermixed or interalloyed","2024","626930.77"
"World","France","Import","Rare Earth Elements","280530","Earth-metals, rare; scandium and yttrium, whether or not intermixed or interalloyed","2024","69946.11"
"World","United Kingdom","Export","Rare Earth Elements","280530","Earth-metals, rare; scandium and yttrium, whether or not intermixed or interalloyed","2024","2236334.21"
"World","United Kingdom","Import","Rare Earth Elements","280530","Earth-metals, rare; scandium and yttrium, whether or not intermixed or interalloyed","2024","998173.7598948"
"World","Greece","Export","Rare Earth Elements","280530","Earth-metals, rare; scandium and yttrium, whether or not intermixed or interalloyed","2024","10997.26"
"World","Greece","Import","Rare Earth Elements","280530","Earth-metals, rare; scandium and yttrium, whether or not intermixed or interalloyed","2024","2.17"
"World","Hong Kong, China","Export","Rare Earth Elements","280530","Earth-metals, rare; scandium and yttrium, whether or not intermixed or interalloyed","2024","32901.91"
"World","Hong Kong, China","Import","Rare Earth Elements","280530","Earth-metals, rare; scandium and yttrium, whether or not intermixed or interalloyed","2024","26152.99"
"World","Croatia","Export","Rare Earth Elements","280530","Earth-metals, rare; scandium and yttrium, whether or not intermixed or interalloyed","2024","16013.9"
"World","Croatia","Import","Rare Earth Elements","280530","Earth-metals, rare; scandium and yttrium, whether or not intermixed or interalloyed","2024","1.08"
"World","Hungary","Export","Rare Earth Elements","280530","Earth-metals, rare; scandium and yttrium, whether or not intermixed or interalloyed","2024","25073.58"
"World","Hungary","Import","Rare Earth Elements","280530","Earth-metals, rare; scandium and yttrium, whether or not intermixed or interalloyed","2024","716.99"
"World","Indonesia","Import","Rare Earth Elements","280530","Earth-metals, rare; scandium and yttrium, whether or not intermixed or interalloyed","2024","216.52"
"World","Indonesia","Export","Rare Earth Elements","280530","Earth-metals, rare; scandium and yttrium, whether or not intermixed or interalloyed","2024","128.95"
"World","India","Export","Rare Earth Elements","280530","Earth-metals, rare; scandium and yttrium, whether or not intermixed or interalloyed","2024","4144140.37"
"World","India","Import","Rare Earth Elements","280530","Earth-metals, rare; scandium and yttrium, whether or not intermixed or interalloyed","2024","26939.5666842"
"World","Ireland","Export","Rare Earth Elements","280530","Earth-metals, rare; scandium and yttrium, whether or not intermixed or interalloyed","2024","46511.10000000001"
"World","Ireland","Import","Rare Earth Elements","280530","Earth-metals, rare; scandium and yttrium, whether or not intermixed or interalloyed","2024","261.95"
"World","Iran","Import","Rare Earth Elements","280530","Earth-metals, rare; scandium and yttrium, whether or not intermixed or interalloyed","2024","4758"
"World","Israel","Export","Rare Earth Elements","280530","Earth-metals, rare; scandium and yttrium, whether or not intermixed or interalloyed","2024","9646.22"
"World","Israel","Import","Rare Earth Elements","280530","Earth-metals, rare; scandium and yttrium, whether or not intermixed or interalloyed","2024","921"
"World","Italy","Export","Rare Earth Elements","280530","Earth-metals, rare; scandium and yttrium, whether or not intermixed or interalloyed","2024","1652626.61"
"World","Italy","Import","Rare Earth Elements","280530","Earth-metals, rare; scandium and yttrium, whether or not intermixed or interalloyed","2024","3509.54318"
"World","Japan","Export","Rare Earth Elements","280530","Earth-metals, rare; scandium and yttrium, whether or not intermixed or interalloyed","2024","109752649.28"
"World","Japan","Import","Rare Earth Elements","280530","Earth-metals, rare; scandium and yttrium, whether or not intermixed or interalloyed","2024","1539023.63"
"World","Korea, Republic of","Export","Rare Earth Elements","280530","Earth-metals, rare; scandium and yttrium, whether or not intermixed or interalloyed","2024","5794186.550000001"
"World","Korea, Republic of","Import","Rare Earth Elements","280530","Earth-metals, rare; scandium and yttrium, whether or not intermixed or interalloyed","2024","703266.6254116"
"World","Lesotho","Export","Rare Earth Elements","280530","Earth-metals, rare; scandium and yttrium, whether or not intermixed or interalloyed","2024","410.89"
"World","Lithuania","Import","Rare Earth Elements","280530","Earth-metals, rare; scandium and yttrium, whether or not intermixed or interalloyed","2024","1943925"
"World","Lithuania","Export","Rare Earth Elements","280530","Earth-metals, rare; scandium and yttrium, whether or not intermixed or interalloyed","2024","5760.43"
"World","Luxembourg","Export","Rare Earth Elements","280530","Earth-metals, rare; scandium and yttrium, whether or not intermixed or interalloyed","2024","81623.83"
"World","Luxembourg","Import","Rare Earth Elements","280530","Earth-metals, rare; scandium and yttrium, whether or not intermixed or interalloyed","2024","80.69"
"World","Latvia","Export","Rare Earth Elements","280530","Earth-metals, rare; scandium and yttrium, whether or not intermixed or interalloyed","2024","9771.44"
"World","Morocco","Export","Rare Earth Elements","280530","Earth-metals, rare; scandium and yttrium, whether or not intermixed or interalloyed","2024","1363.8"
"World","Mexico","Export","Rare Earth Elements","280530","Earth-metals, rare; scandium and yttrium, whether or not intermixed or interalloyed","2024","112674.22"
"World","Mexico","Import","Rare Earth Elements","280530","Earth-metals, rare; scandium and yttrium, whether or not intermixed or interalloyed","2024","1193.18"
"World","Malta","Export","Rare Earth Elements","280530","Earth-metals, rare; scandium and yttrium, whether or not intermixed or interalloyed","2024","73.6"
"World","Malaysia","Import","Rare Earth Elements","280530","Earth-metals, rare; scandium and yttrium, whether or not intermixed or interalloyed","2024","12186571.03"
"World","Malaysia","Export","Rare Earth Elements","280530","Earth-metals, rare; scandium and yttrium, whether or not intermixed or interalloyed","2024","53031.81"
"World","Namibia","Export","Rare Earth Elements","280530","Earth-metals, rare; scandium and yttrium, whether or not intermixed or interalloyed","2024","2455.72"
"World","Nigeria","Export","Rare Earth Elements","280530","Earth-metals, rare; scandium and yttrium, whether or not intermixed or interalloyed","2024","15218"
"World","Netherlands","Export","Rare Earth Elements","280530","Earth-metals, rare; scandium and yttrium, whether or not intermixed or interalloyed","2024","3268724.58"
"World","Netherlands","Import","Rare Earth Elements","280530","Earth-metals, rare; scandium and yttrium, whether or not intermixed or interalloyed","2024","601963.1035714"
"World","Norway","Export","Rare Earth Elements","280530","Earth-metals, rare; scandium and yttrium, whether or not intermixed or interalloyed","2024","55941.41"
"World","Norway","Import","Rare Earth Elements","280530","Earth-metals, rare; scandium and yttrium, whether or not intermixed or interalloyed","2024","1231.1862406"
"World","Pakistan","Export","Rare Earth Elements","280530","Earth-metals, rare; scandium and yttrium, whether or not intermixed or interalloyed","2024","128619.42"
"World","Peru","Export","Rare Earth Elements","280530","Earth-metals, rare; scandium and yttrium, whether or not intermixed or interalloyed","2024","6234.21"
"World","Philippines","Import","Rare Earth Elements","280530","Earth-metals, rare; scandium and yttrium, whether or not intermixed or interalloyed","2024","101938.1519307"
"World","Philippines","Export","Rare Earth Elements","280530","Earth-metals, rare; scandium and yttrium, whether or not intermixed or interalloyed","2024","8254.1"
"World","Poland","Export","Rare Earth Elements","280530","Earth-metals, rare; scandium and yttrium, whether or not intermixed or interalloyed","2024","95399.77"
"World","Poland","Import","Rare Earth Elements","280530","Earth-metals, rare; scandium and yttrium, whether or not intermixed or interalloyed","2024","183.7441847"
"World","Portugal","Export","Rare Earth Elements","280530","Earth-metals, rare; scandium and yttrium, whether or not intermixed or interalloyed","2024","27313.75"
"World","Portugal","Import","Rare Earth Elements","280530","Earth-metals, rare; scandium and yttrium, whether or not intermixed or interalloyed","2024","240.31"
"World","Paraguay","Export","Rare Earth Elements","280530","Earth-metals, rare; scandium and yttrium, whether or not intermixed or interalloyed","2024","125570"
"World","Qatar","Export","Rare Earth Elements","280530","Earth-metals, rare; scandium and yttrium, whether or not intermixed or interalloyed","2024","401.36"
"World","Romania","Export","Rare Earth Elements","280530","Earth-metals, rare; scandium and yttrium, whether or not intermixed or interalloyed","2024","28950.48"
"World","Russian Federation","Export","Rare Earth Elements","280530","Earth-metals, rare; scandium and yttrium, whether or not intermixed or interalloyed","2024","744621.91"
"World","Russian Federation","Import","Rare Earth Elements","280530","Earth-metals, rare; scandium and yttrium, whether or not intermixed or interalloyed","2024","7824.59"
"World","Saudi Arabia, Kingdom of","Export","Rare Earth Elements","280530","Earth-metals, rare; scandium and yttrium, whether or not intermixed or interalloyed","2024","193.64"
"World","Singapore","Export","Rare Earth Elements","280530","Earth-metals, rare; scandium and yttrium, whether or not intermixed or interalloyed","2024","3000086.629999999"
"World","Serbia","Export","Rare Earth Elements","280530","Earth-metals, rare; scandium and yttrium, whether or not intermixed or interalloyed","2024","3648.78"
"World","Slovak Republic","Export","Rare Earth Elements","280530","Earth-metals, rare; scandium and yttrium, whether or not intermixed or interalloyed","2024","12545.58"
"World","Slovak Republic","Import","Rare Earth Elements","280530","Earth-metals, rare; scandium and yttrium, whether or not intermixed or interalloyed","2024","96.59"
"World","Slovenia","Export","Rare Earth Elements","280530","Earth-metals, rare; scandium and yttrium, whether or not intermixed or interalloyed","2024","147744.49"
"World","Sweden","Export","Rare Earth Elements","280530","Earth-metals, rare; scandium and yttrium, whether or not intermixed or interalloyed","2024","117666.5"
"World","Sweden","Import","Rare Earth Elements","280530","Earth-metals, rare; scandium and yttrium, whether or not intermixed or interalloyed","2024","348.37"
"World","Thailand","Import","Rare Earth Elements","280530","Earth-metals, rare; scandium and yttrium, whether or not intermixed or interalloyed","2024","27031739.3627263"
"World","Thailand","Export","Rare Earth Elements","280530","Earth-metals, rare; scandium and yttrium, whether or not intermixed or interalloyed","2024","548054"
"World","Tunisia","Export","Rare Earth Elements","280530","Earth-metals, rare; scandium and yttrium, whether or not intermixed or interalloyed","2024","8047.5"
"World","Turkiye","Export","Rare Earth Elements","280530","Earth-metals, rare; scandium and yttrium, whether or not intermixed or interalloyed","2024","83209.72"
"World","Turkiye","Import","Rare Earth Elements","280530","Earth-metals, rare; scandium and yttrium, whether or not intermixed or interalloyed","2024","10343.12"
"World","Ukraine","Export","Rare Earth Elements","280530","Earth-metals, rare; scandium and yttrium, whether or not intermixed or interalloyed","2024","13250.31"
"World","Uruguay","Export","Rare Earth Elements","280530","Earth-metals, rare; scandium and yttrium, whether or not intermixed or interalloyed","2024","59.42"
"World","United States of America","Export","Rare Earth Elements","280530","Earth-metals, rare; scandium and yttrium, whether or not intermixed or interalloyed","2024","4234446.68"
"World","United States of America","Import","Rare Earth Elements","280530","Earth-metals, rare; scandium and yttrium, whether or not intermixed or interalloyed","2024","3420570.5846888"
"World","Uzbekistan","Export","Rare Earth Elements","280530","Earth-metals, rare; scandium and yttrium, whether or not intermixed or interalloyed","2024","101.56"
"World","Viet Nam","Import","Rare Earth Elements","280530","Earth-metals, rare; scandium and yttrium, whether or not intermixed or interalloyed","2024","194766443.5078701"
"World","Viet Nam","Export","Rare Earth Elements","280530","Earth-metals, rare; scandium and yttrium, whether or not intermixed or interalloyed","2024","41392062.3"
"World","South Africa","Import","Rare Earth Elements","280530","Earth-metals, rare; scandium and yttrium, whether or not intermixed or interalloyed","2024","563627.89"
"World","South Africa","Export","Rare Earth Elements","280530","Earth-metals, rare; scandium and yttrium, whether or not intermixed or interalloyed","2024","42645.52"
"World","Zimbabwe","Import","Rare Earth Elements","280530","Earth-metals, rare; scandium and yttrium, whether or not intermixed or interalloyed","2024","5.2922581"
"World","Angola","Export","Rare Earth Elements","284610","Cerium compounds","2024","53.5"
"World","Albania","Export","Rare Earth Elements","284610","Cerium compounds","2024","122.22"
"World","United Arab Emirates","Export","Rare Earth Elements","284610","Cerium compounds","2024","20091.26"
"World","United Arab Emirates","Import","Rare Earth Elements","284610","Cerium compounds","2024","164.67"
"World","Argentina","Export","Rare Earth Elements","284610","Cerium compounds","2024","15731.88"
"World","Armenia","Import","Rare Earth Elements","284610","Cerium compounds","2024","39608.96"
"World","Australia","Export","Rare Earth Elements","284610","Cerium compounds","2024","158791.73"
"World","Australia","Import","Rare Earth Elements","284610","Cerium compounds","2024","768.86"
"World","Austria","Import","Rare Earth Elements","284610","Cerium compounds","2024","4448910.6145844"
"World","Austria","Export","Rare Earth Elements","284610","Cerium compounds","2024","501509.56"
"World","Belgium","Import","Rare Earth Elements","284610","Cerium compounds","2024","431085.7969564999"
"World","Belgium","Export","Rare Earth Elements","284610","Cerium compounds","2024","163868.17"
"World","Benin","Export","Rare Earth Elements","284610","Cerium compounds","2024","25.98"
"World","Bangladesh","Export","Rare Earth Elements","284610","Cerium compounds","2024","88618.37"
"World","Bulgaria","Export","Rare Earth Elements","284610","Cerium compounds","2024","79956.83"
"World","Bulgaria","Import","Rare Earth Elements","284610","Cerium compounds","2024","35.72"
"World","Bosnia and Herzegovina","Export","Rare Earth Elements","284610","Cerium compounds","2024","990.49"
"World","Belarus","Export","Rare Earth Elements","284610","Cerium compounds","2024","176428.05"
"World","Brazil","Export","Rare Earth Elements","284610","Cerium compounds","2024","55075.34"
"World","Brazil","Import","Rare Earth Elements","284610","Cerium compounds","2024","1462.41"
"World","Barbados","Export","Rare Earth Elements","284610","Cerium compounds","2024","15672"
"World","Bhutan","Export","Rare Earth Elements","284610","Cerium compounds","2024","72.81"
"World","Botswana","Export","Rare Earth Elements","284610","Cerium compounds","2024","1313.35"
"World","Canada","Export","Rare Earth Elements","284610","Cerium compounds","2024","626824.57"
"World","Canada","Import","Rare Earth Elements","284610","Cerium compounds","2024","162671.6544385"
"World","Switzerland","Export","Rare Earth Elements","284610","Cerium compounds","2024","900446.97"
"World","Switzerland","Import","Rare Earth Elements","284610","Cerium compounds","2024","49747.01392709999"
"World","Chile","Export","Rare Earth Elements","284610","Cerium compounds","2024","18341.98"
"World","China","Import","Rare Earth Elements","284610","Cerium compounds","2024","27291274.7607186"
"World","China","Export","Rare Earth Elements","284610","Cerium compounds","2024","9351533.01"
"World","Chinese Taipei","Export","Rare Earth Elements","284610","Cerium compounds","2024","27644430.15"
"World","Chinese Taipei","Import","Rare Earth Elements","284610","Cerium compounds","2024","11475415.1969337"
"World","Democratic Republic of the Congo","Export","Rare Earth Elements","284610","Cerium compounds","2024","162.04"
"World","Colombia","Export","Rare Earth Elements","284610","Cerium compounds","2024","10762.99"
"World","Colombia","Import","Rare Earth Elements","284610","Cerium compounds","2024","347.08"
"World","Costa Rica","Import","Rare Earth Elements","284610","Cerium compounds","2024","1639.4060324"
"World","Curacao","Import","Rare Earth Elements","284610","Cerium compounds","2024","18790"
"World","Cyprus","Export","Rare Earth Elements","284610","Cerium compounds","2024","192.66"
"World","Cyprus","Import","Rare Earth Elements","284610","Cerium compounds","2024","6.49"
"World","Czech Republic","Export","Rare Earth Elements","284610","Cerium compounds","2024","48296.09"
"World","Czech Republic","Import","Rare Earth Elements","284610","Cerium compounds","2024","18280.1324089"
"World","Germany","Export","Rare Earth Elements","284610","Cerium compounds","2024","3813102.51"
"World","Germany","Import","Rare Earth Elements","284610","Cerium compounds","2024","1292800.0521221"
"World","Denmark","Export","Rare Earth Elements","284610","Cerium compounds","2024","89280.52"
"World","Denmark","Import","Rare Earth Elements","284610","Cerium compounds","2024","13195.691628"
"World","Algeria","Export","Rare Earth Elements","284610","Cerium compounds","2024","2749.07"
"World","Ecuador","Export","Rare Earth Elements","284610","Cerium compounds","2024","15.67"
"World","Egypt","Export","Rare Earth Elements","284610","Cerium compounds","2024","77091.26"
"World","Egypt","Import","Rare Earth Elements","284610","Cerium compounds","2024","15"
"World","Spain","Export","Rare Earth Elements","284610","Cerium compounds","2024","712992.24"
"World","Spain","Import","Rare Earth Elements","284610","Cerium compounds","2024","69082.7440065"
"World","Estonia","Import","Rare Earth Elements","284610","Cerium compounds","2024","2594358.0984291"
"World","Estonia","Export","Rare Earth Elements","284610","Cerium compounds","2024","24087"
"World","Finland","Export","Rare Earth Elements","284610","Cerium compounds","2024","50424.81"
"World","Finland","Import","Rare Earth Elements","284610","Cerium compounds","2024","5385.7878365"
"World","France","Import","Rare Earth Elements","284610","Cerium compounds","2024","44416089.07398158"
"World","France","Export","Rare Earth Elements","284610","Cerium compounds","2024","1964020.48"
"World","United Kingdom","Import","Rare Earth Elements","284610","Cerium compounds","2024","1389120.5948634"
"World","United Kingdom","Export","Rare Earth Elements","284610","Cerium compounds","2024","475261.02"
"World","Ghana","Export","Rare Earth Elements","284610","Cerium compounds","2024","1608.24"
"World","Greece","Export","Rare Earth Elements","284610","Cerium compounds","2024","5679.610000000001"
"World","Greece","Import","Rare Earth Elements","284610","Cerium compounds","2024","3395.01"
"World","Grenada","Export","Rare Earth Elements","284610","Cerium compounds","2024","2600"
"World","Guatemala","Export","Rare Earth Elements","284610","Cerium compounds","2024","11486.13"
"World","Hong Kong, China","Export","Rare Earth Elements","284610","Cerium compounds","2024","41500.35000000001"
"World","Hong Kong, China","Import","Rare Earth Elements","284610","Cerium compounds","2024","29381.2949647"
"World","Croatia","Export","Rare Earth Elements","284610","Cerium compounds","2024","8321.059999999998"
"World","Haiti","Export","Rare Earth Elements","284610","Cerium compounds","2024","113"
"World","Hungary","Export","Rare Earth Elements","284610","Cerium compounds","2024","21167.5"
"World","Hungary","Import","Rare Earth Elements","284610","Cerium compounds","2024","82.5981586"
"World","Indonesia","Export","Rare Earth Elements","284610","Cerium compounds","2024","230141.4"
"World","Indonesia","Import","Rare Earth Elements","284610","Cerium compounds","2024","36.68"
"World","India","Export","Rare Earth Elements","284610","Cerium compounds","2024","1541617.63"
"World","India","Import","Rare Earth Elements","284610","Cerium compounds","2024","781756.6403881001"
"World","Ireland","Import","Rare Earth Elements","284610","Cerium compounds","2024","45196.3260552"
"World","Ireland","Export","Rare Earth Elements","284610","Cerium compounds","2024","12848.23"
"World","Iran","Export","Rare Earth Elements","284610","Cerium compounds","2024","2585"
"World","Israel","Export","Rare Earth Elements","284610","Cerium compounds","2024","196409.44"
"World","Israel","Import","Rare Earth Elements","284610","Cerium compounds","2024","1680.0483937"
"World","Italy","Export","Rare Earth Elements","284610","Cerium compounds","2024","977245.43"
"World","Italy","Import","Rare Earth Elements","284610","Cerium compounds","2024","66924.17143470001"
"World","Jordan","Export","Rare Earth Elements","284610","Cerium compounds","2024","1947.87"
"World","Japan","Import","Rare Earth Elements","284610","Cerium compounds","2024","48297323.50162761"
"World","Japan","Export","Rare Earth Elements","284610","Cerium compounds","2024","39081775.87"
"World","Kazakhstan","Export","Rare Earth Elements","284610","Cerium compounds","2024","8425.47"
"World","Kenya","Export","Rare Earth Elements","284610","Cerium compounds","2024","349.69"
"World","Cambodia","Export","Rare Earth Elements","284610","Cerium compounds","2024","94.4"
"World","Korea, Republic of","Export","Rare Earth Elements","284610","Cerium compounds","2024","30700451.95"
"World","Korea, Republic of","Import","Rare Earth Elements","284610","Cerium compounds","2024","3509318.6602153"
"World","Lebanese Republic","Export","Rare Earth Elements","284610","Cerium compounds","2024","89.84"
"World","Sri Lanka","Export","Rare Earth Elements","284610","Cerium compounds","2024","22.36"
"World","Lithuania","Export","Rare Earth Elements","284610","Cerium compounds","2024","49786.64000000001"
"World","Lithuania","Import","Rare Earth Elements","284610","Cerium compounds","2024","62.73"
"World","Luxembourg","Export","Rare Earth Elements","284610","Cerium compounds","2024","2993.66"
"World","Luxembourg","Import","Rare Earth Elements","284610","Cerium compounds","2024","17.32"
"World","Latvia","Export","Rare Earth Elements","284610","Cerium compounds","2024","25387.81"
"World","Latvia","Import","Rare Earth Elements","284610","Cerium compounds","2024","6686.52"
"World","Morocco","Export","Rare Earth Elements","284610","Cerium compounds","2024","16033.36"
"World","Mexico","Export","Rare Earth Elements","284610","Cerium compounds","2024","699845.2999999999"
"World","Mexico","Import","Rare Earth Elements","284610","Cerium compounds","2024","45"
"World","North Macedonia","Export","Rare Earth Elements","284610","Cerium compounds","2024","355418.1"
"World","Malta","Export","Rare Earth Elements","284610","Cerium compounds","2024","2376.2"
"World","Myanmar","Export","Rare Earth Elements","284610","Cerium compounds","2024","10.6"
"World","Mauritius","Export","Rare Earth Elements","284610","Cerium compounds","2024","815.13"
"World","Malaysia","Import","Rare Earth Elements","284610","Cerium compounds","2024","2896563.5159992"
"World","Malaysia","Export","Rare Earth Elements","284610","Cerium compounds","2024","311141.9"
"World","Namibia","Export","Rare Earth Elements","284610","Cerium compounds","2024","420.11"
"World","Nigeria","Export","Rare Earth Elements","284610","Cerium compounds","2024","3672.06"
"World","Netherlands","Export","Rare Earth Elements","284610","Cerium compounds","2024","1192149.13"
"World","Netherlands","Import","Rare Earth Elements","284610","Cerium compounds","2024","187680.2887715"
"World","Norway","Import","Rare Earth Elements","284610","Cerium compounds","2024","1969124.2882979"
"World","Norway","Export","Rare Earth Elements","284610","Cerium compounds","2024","1538661.55"
"World","Nepal","Export","Rare Earth Elements","284610","Cerium compounds","2024","1384.66"
"World","New Zealand","Export","Rare Earth Elements","284610","Cerium compounds","2024","3357.31"
"World","Oman","Export","Rare Earth Elements","284610","Cerium compounds","2024","374.42"
"World","Pakistan","Export","Rare Earth Elements","284610","Cerium compounds","2024","68499"
"World","Pakistan","Import","Rare Earth Elements","284610","Cerium compounds","2024","75.1983071"
"World","Panama","Export","Rare Earth Elements","284610","Cerium compounds","2024","25.15"
"World","Peru","Export","Rare Earth Elements","284610","Cerium compounds","2024","19019.07"
"World","Philippines","Export","Rare Earth Elements","284610","Cerium compounds","2024","61297.64000000001"
"World","Poland","Export","Rare Earth Elements","284610","Cerium compounds","2024","2074783.32"
"World","Poland","Import","Rare Earth Elements","284610","Cerium compounds","2024","953323.0719067"
"World","Portugal","Export","Rare Earth Elements","284610","Cerium compounds","2024","38580.64000000001"
"World","Portugal","Import","Rare Earth Elements","284610","Cerium compounds","2024","7050.79"
"World","Paraguay","Export","Rare Earth Elements","284610","Cerium compounds","2024","1753.09"
"World","Qatar","Export","Rare Earth Elements","284610","Cerium compounds","2024","420.93"
"World","Qatar","Import","Rare Earth Elements","284610","Cerium compounds","2024","49.41"
"World","Romania","Export","Rare Earth Elements","284610","Cerium compounds","2024","49270.10000000001"
"World","Romania","Import","Rare Earth Elements","284610","Cerium compounds","2024","85.5571405"
"World","Russian Federation","Import","Rare Earth Elements","284610","Cerium compounds","2024","13708515.8887133"
"World","Russian Federation","Export","Rare Earth Elements","284610","Cerium compounds","2024","355526.86"
"World","Rwanda","Export","Rare Earth Elements","284610","Cerium compounds","2024","1785.77"
"World","Saudi Arabia, Kingdom of","Export","Rare Earth Elements","284610","Cerium compounds","2024","35600.28"
"World","Senegal","Export","Rare Earth Elements","284610","Cerium compounds","2024","368.01"
"World","Singapore","Export","Rare Earth Elements","284610","Cerium compounds","2024","3749442.08"
"World","Singapore","Import","Rare Earth Elements","284610","Cerium compounds","2024","488292.0113673"
"World","Serbia","Export","Rare Earth Elements","284610","Cerium compounds","2024","19695.34"
"World","Slovak Republic","Export","Rare Earth Elements","284610","Cerium compounds","2024","5894.76"
"World","Slovak Republic","Import","Rare Earth Elements","284610","Cerium compounds","2024","1871.0832981"
"World","Slovenia","Import","Rare Earth Elements","284610","Cerium compounds","2024","82150.1478275"
"World","Slovenia","Export","Rare Earth Elements","284610","Cerium compounds","2024","26104.33"
"World","Sweden","Export","Rare Earth Elements","284610","Cerium compounds","2024","110327.02"
"World","Sweden","Import","Rare Earth Elements","284610","Cerium compounds","2024","46919.7475287"
"World","Thailand","Export","Rare Earth Elements","284610","Cerium compounds","2024","661336.91"
"World","Thailand","Import","Rare Earth Elements","284610","Cerium compounds","2024","209.5869603"
"World","Tunisia","Export","Rare Earth Elements","284610","Cerium compounds","2024","5163.24"
"World","Turkiye","Export","Rare Earth Elements","284610","Cerium compounds","2024","760439.0399999999"
"World","Turkiye","Import","Rare Earth Elements","284610","Cerium compounds","2024","20543.4974104"
"World","Tanzania","Export","Rare Earth Elements","284610","Cerium compounds","2024","813.21"
"World","Uganda","Export","Rare Earth Elements","284610","Cerium compounds","2024","167.78"
"World","Ukraine","Export","Rare Earth Elements","284610","Cerium compounds","2024","71258.45"
"World","Ukraine","Import","Rare Earth Elements","284610","Cerium compounds","2024","35"
"World","Uruguay","Export","Rare Earth Elements","284610","Cerium compounds","2024","32.83"
"World","United States of America","Export","Rare Earth Elements","284610","Cerium compounds","2024","18469771.85"
"World","United States of America","Import","Rare Earth Elements","284610","Cerium compounds","2024","3177038.371057201"
"World","Uzbekistan","Export","Rare Earth Elements","284610","Cerium compounds","2024","48680"
"World","Viet Nam","Export","Rare Earth Elements","284610","Cerium compounds","2024","291417.72"
"World","Yemen","Export","Rare Earth Elements","284610","Cerium compounds","2024","11971.75"
"World","South Africa","Export","Rare Earth Elements","284610","Cerium compounds","2024","301932.15"
"World","South Africa","Import","Rare Earth Elements","284610","Cerium compounds","2024","52.56"
"World","Zimbabwe","Export","Rare Earth Elements","284610","Cerium compounds","2024","529.5"
"World","Afghanistan","Export","Rare Earth Elements","284690","Compounds, inorganic or organic (excluding cerium), of rare-earth metals, of yttrium, scandium or of mixtures of these metals","2024","23.03"
"World","Albania","Export","Rare Earth Elements","284690","Compounds, inorganic or organic (excluding cerium), of rare-earth metals, of yttrium, scandium or of mixtures of these metals","2024","1.05"
"World","Andorra","Export","Rare Earth Elements","284690","Compounds, inorganic or organic (excluding cerium), of rare-earth metals, of yttrium, scandium or of mixtures of these metals","2024","194.95"
"World","United Arab Emirates","Export","Rare Earth Elements","284690","Compounds, inorganic or organic (excluding cerium), of rare-earth metals, of yttrium, scandium or of mixtures of these metals","2024","3276567.29"
"World","United Arab Emirates","Import","Rare Earth Elements","284690","Compounds, inorganic or organic (excluding cerium), of rare-earth metals, of yttrium, scandium or of mixtures of these metals","2024","218.64"
"World","Argentina","Export","Rare Earth Elements","284690","Compounds, inorganic or organic (excluding cerium), of rare-earth metals, of yttrium, scandium or of mixtures of these metals","2024","199254.32"
"World","Armenia","Import","Rare Earth Elements","284690","Compounds, inorganic or organic (excluding cerium), of rare-earth metals, of yttrium, scandium or of mixtures of these metals","2024","111306.4"
"World","Australia","Export","Rare Earth Elements","284690","Compounds, inorganic or organic (excluding cerium), of rare-earth metals, of yttrium, scandium or of mixtures of these metals","2024","384606.8599999999"
"World","Australia","Import","Rare Earth Elements","284690","Compounds, inorganic or organic (excluding cerium), of rare-earth metals, of yttrium, scandium or of mixtures of these metals","2024","103072.2413572"
"World","Austria","Import","Rare Earth Elements","284690","Compounds, inorganic or organic (excluding cerium), of rare-earth metals, of yttrium, scandium or of mixtures of these metals","2024","21477733.88424331"
"World","Austria","Export","Rare Earth Elements","284690","Compounds, inorganic or organic (excluding cerium), of rare-earth metals, of yttrium, scandium or of mixtures of these metals","2024","2121766.17"
"World","Belgium","Export","Rare Earth Elements","284690","Compounds, inorganic or organic (excluding cerium), of rare-earth metals, of yttrium, scandium or of mixtures of these metals","2024","5759586.67"
"World","Belgium","Import","Rare Earth Elements","284690","Compounds, inorganic or organic (excluding cerium), of rare-earth metals, of yttrium, scandium or of mixtures of these metals","2024","1671777.4272747"
"World","Benin","Export","Rare Earth Elements","284690","Compounds, inorganic or organic (excluding cerium), of rare-earth metals, of yttrium, scandium or of mixtures of these metals","2024","364.76"
"World","Bangladesh","Export","Rare Earth Elements","284690","Compounds, inorganic or organic (excluding cerium), of rare-earth metals, of yttrium, scandium or of mixtures of these metals","2024","231406.26"
"World","Bulgaria","Export","Rare Earth Elements","284690","Compounds, inorganic or organic (excluding cerium), of rare-earth metals, of yttrium, scandium or of mixtures of these metals","2024","32170.23"
"World","Bulgaria","Import","Rare Earth Elements","284690","Compounds, inorganic or organic (excluding cerium), of rare-earth metals, of yttrium, scandium or of mixtures of these metals","2024","331.09"
"World","Bosnia and Herzegovina","Export","Rare Earth Elements","284690","Compounds, inorganic or organic (excluding cerium), of rare-earth metals, of yttrium, scandium or of mixtures of these metals","2024","315.46"
"World","Belarus","Export","Rare Earth Elements","284690","Compounds, inorganic or organic (excluding cerium), of rare-earth metals, of yttrium, scandium or of mixtures of these metals","2024","170174"
"World","Bolivia, Plurinational State of","Export","Rare Earth Elements","284690","Compounds, inorganic or organic (excluding cerium), of rare-earth metals, of yttrium, scandium or of mixtures of these metals","2024","2686.75"
"World","Brazil","Export","Rare Earth Elements","284690","Compounds, inorganic or organic (excluding cerium), of rare-earth metals, of yttrium, scandium or of mixtures of these metals","2024","2405859.22"
"World","Brazil","Import","Rare Earth Elements","284690","Compounds, inorganic or organic (excluding cerium), of rare-earth metals, of yttrium, scandium or of mixtures of these metals","2024","347881.05"
"World","Botswana","Export","Rare Earth Elements","284690","Compounds, inorganic or organic (excluding cerium), of rare-earth metals, of yttrium, scandium or of mixtures of these metals","2024","1714.26"
"World","Botswana","Import","Rare Earth Elements","284690","Compounds, inorganic or organic (excluding cerium), of rare-earth metals, of yttrium, scandium or of mixtures of these metals","2024","9.74"
"World","Canada","Export","Rare Earth Elements","284690","Compounds, inorganic or organic (excluding cerium), of rare-earth metals, of yttrium, scandium or of mixtures of these metals","2024","2741699.64"
"World","Canada","Import","Rare Earth Elements","284690","Compounds, inorganic or organic (excluding cerium), of rare-earth metals, of yttrium, scandium or of mixtures of these metals","2024","1711360.2305815"
"World","Switzerland","Export","Rare Earth Elements","284690","Compounds, inorganic or organic (excluding cerium), of rare-earth metals, of yttrium, scandium or of mixtures of these metals","2024","4185178.45"
"World","Switzerland","Import","Rare Earth Elements","284690","Compounds, inorganic or organic (excluding cerium), of rare-earth metals, of yttrium, scandium or of mixtures of these metals","2024","433442.5942210999"
"World","Chile","Export","Rare Earth Elements","284690","Compounds, inorganic or organic (excluding cerium), of rare-earth metals, of yttrium, scandium or of mixtures of these metals","2024","38276.82"
"World","Chile","Import","Rare Earth Elements","284690","Compounds, inorganic or organic (excluding cerium), of rare-earth metals, of yttrium, scandium or of mixtures of these metals","2024","794.1118771"
"World","China","Export","Rare Earth Elements","284690","Compounds, inorganic or organic (excluding cerium), of rare-earth metals, of yttrium, scandium or of mixtures of these metals","2024","413488955.8200001"
"World","China","Import","Rare Earth Elements","284690","Compounds, inorganic or organic (excluding cerium), of rare-earth metals, of yttrium, scandium or of mixtures of these metals","2024","341861292.218404"
"World","Chinese Taipei","Export","Rare Earth Elements","284690","Compounds, inorganic or organic (excluding cerium), of rare-earth metals, of yttrium, scandium or of mixtures of these metals","2024","22161655.58"
"World","Chinese Taipei","Import","Rare Earth Elements","284690","Compounds, inorganic or organic (excluding cerium), of rare-earth metals, of yttrium, scandium or of mixtures of these metals","2024","3443228.9175198"
"World","Cote d'Ivoire","Export","Rare Earth Elements","284690","Compounds, inorganic or organic (excluding cerium), of rare-earth metals, of yttrium, scandium or of mixtures of these metals","2024","747.7900000000001"
"World","Cameroon","Export","Rare Earth Elements","284690","Compounds, inorganic or organic (excluding cerium), of rare-earth metals, of yttrium, scandium or of mixtures of these metals","2024","497.19"
"World","Democratic Republic of the Congo","Export","Rare Earth Elements","284690","Compounds, inorganic or organic (excluding cerium), of rare-earth metals, of yttrium, scandium or of mixtures of these metals","2024","1463.28"
"World","Colombia","Export","Rare Earth Elements","284690","Compounds, inorganic or organic (excluding cerium), of rare-earth metals, of yttrium, scandium or of mixtures of these metals","2024","44743.84"
"World","Costa Rica","Export","Rare Earth Elements","284690","Compounds, inorganic or organic (excluding cerium), of rare-earth metals, of yttrium, scandium or of mixtures of these metals","2024","2364"
"World","Cuba","Export","Rare Earth Elements","284690","Compounds, inorganic or organic (excluding cerium), of rare-earth metals, of yttrium, scandium or of mixtures of these metals","2024","10758.86"
"World","Curacao","Import","Rare Earth Elements","284690","Compounds, inorganic or organic (excluding cerium), of rare-earth metals, of yttrium, scandium or of mixtures of these metals","2024","47021.32"
"World","Cyprus","Export","Rare Earth Elements","284690","Compounds, inorganic or organic (excluding cerium), of rare-earth metals, of yttrium, scandium or of mixtures of these metals","2024","102435.59"
"World","Czech Republic","Export","Rare Earth Elements","284690","Compounds, inorganic or organic (excluding cerium), of rare-earth metals, of yttrium, scandium or of mixtures of these metals","2024","1013934.74"
"World","Czech Republic","Import","Rare Earth Elements","284690","Compounds, inorganic or organic (excluding cerium), of rare-earth metals, of yttrium, scandium or of mixtures of these metals","2024","120772.0132395"
"World","Germany","Export","Rare Earth Elements","284690","Compounds, inorganic or organic (excluding cerium), of rare-earth metals, of yttrium, scandium or of mixtures of these metals","2024","38335067.98"
"World","Germany","Import","Rare Earth Elements","284690","Compounds, inorganic or organic (excluding cerium), of rare-earth metals, of yttrium, scandium or of mixtures of these metals","2024","11954376.5535258"
"World","Denmark","Export","Rare Earth Elements","284690","Compounds, inorganic or organic (excluding cerium), of rare-earth metals, of yttrium, scandium or of mixtures of these metals","2024","1797172.21"
"World","Denmark","Import","Rare Earth Elements","284690","Compounds, inorganic or organic (excluding cerium), of rare-earth metals, of yttrium, scandium or of mixtures of these metals","2024","47273.53051410001"
"World","Dominican Republic","Export","Rare Earth Elements","284690","Compounds, inorganic or organic (excluding cerium), of rare-earth metals, of yttrium, scandium or of mixtures of these metals","2024","2457"
"World","Algeria","Export","Rare Earth Elements","284690","Compounds, inorganic or organic (excluding cerium), of rare-earth metals, of yttrium, scandium or of mixtures of these metals","2024","5094.690000000001"
"World","Ecuador","Export","Rare Earth Elements","284690","Compounds, inorganic or organic (excluding cerium), of rare-earth metals, of yttrium, scandium or of mixtures of these metals","2024","21535.27"
"World","Egypt","Export","Rare Earth Elements","284690","Compounds, inorganic or organic (excluding cerium), of rare-earth metals, of yttrium, scandium or of mixtures of these metals","2024","2316.81"
"World","Spain","Export","Rare Earth Elements","284690","Compounds, inorganic or organic (excluding cerium), of rare-earth metals, of yttrium, scandium or of mixtures of these metals","2024","11793975.58"
"World","Spain","Import","Rare Earth Elements","284690","Compounds, inorganic or organic (excluding cerium), of rare-earth metals, of yttrium, scandium or of mixtures of these metals","2024","2202341.94"
"World","Estonia","Import","Rare Earth Elements","284690","Compounds, inorganic or organic (excluding cerium), of rare-earth metals, of yttrium, scandium or of mixtures of these metals","2024","16073848.2693049"
"World","Estonia","Export","Rare Earth Elements","284690","Compounds, inorganic or organic (excluding cerium), of rare-earth metals, of yttrium, scandium or of mixtures of these metals","2024","191487.22"
"World","Ethiopia","Export","Rare Earth Elements","284690","Compounds, inorganic or organic (excluding cerium), of rare-earth metals, of yttrium, scandium or of mixtures of these metals","2024","2170.08"
"World","Finland","Export","Rare Earth Elements","284690","Compounds, inorganic or organic (excluding cerium), of rare-earth metals, of yttrium, scandium or of mixtures of these metals","2024","121607.12"
"World","Finland","Import","Rare Earth Elements","284690","Compounds, inorganic or organic (excluding cerium), of rare-earth metals, of yttrium, scandium or of mixtures of these metals","2024","45489.1249891"
"World","France","Import","Rare Earth Elements","284690","Compounds, inorganic or organic (excluding cerium), of rare-earth metals, of yttrium, scandium or of mixtures of these metals","2024","30884659.4844318"
"World","France","Export","Rare Earth Elements","284690","Compounds, inorganic or organic (excluding cerium), of rare-earth metals, of yttrium, scandium or of mixtures of these metals","2024","24675822.83"
"World","United Kingdom","Import","Rare Earth Elements","284690","Compounds, inorganic or organic (excluding cerium), of rare-earth metals, of yttrium, scandium or of mixtures of these metals","2024","7558005.217826099"
"World","United Kingdom","Export","Rare Earth Elements","284690","Compounds, inorganic or organic (excluding cerium), of rare-earth metals, of yttrium, scandium or of mixtures of these metals","2024","3389257.03"
"World","Guinea","Export","Rare Earth Elements","284690","Compounds, inorganic or organic (excluding cerium), of rare-earth metals, of yttrium, scandium or of mixtures of these metals","2024","166.4"
"World","Greece","Export","Rare Earth Elements","284690","Compounds, inorganic or organic (excluding cerium), of rare-earth metals, of yttrium, scandium or of mixtures of these metals","2024","40947.5"
"World","Greece","Import","Rare Earth Elements","284690","Compounds, inorganic or organic (excluding cerium), of rare-earth metals, of yttrium, scandium or of mixtures of these metals","2024","4102.11"
"World","Guatemala","Import","Rare Earth Elements","284690","Compounds, inorganic or organic (excluding cerium), of rare-earth metals, of yttrium, scandium or of mixtures of these metals","2024","11768.27"
"World","Guatemala","Export","Rare Earth Elements","284690","Compounds, inorganic or organic (excluding cerium), of rare-earth metals, of yttrium, scandium or of mixtures of these metals","2024","11331.43"
"World","Hong Kong, China","Export","Rare Earth Elements","284690","Compounds, inorganic or organic (excluding cerium), of rare-earth metals, of yttrium, scandium or of mixtures of these metals","2024","2700250.26"
"World","Hong Kong, China","Import","Rare Earth Elements","284690","Compounds, inorganic or organic (excluding cerium), of rare-earth metals, of yttrium, scandium or of mixtures of these metals","2024","898827"
"World","Croatia","Export","Rare Earth Elements","284690","Compounds, inorganic or organic (excluding cerium), of rare-earth metals, of yttrium, scandium or of mixtures of these metals","2024","8205.130000000001"
"World","Hungary","Export","Rare Earth Elements","284690","Compounds, inorganic or organic (excluding cerium), of rare-earth metals, of yttrium, scandium or of mixtures of these metals","2024","1171504.64"
"World","Hungary","Import","Rare Earth Elements","284690","Compounds, inorganic or organic (excluding cerium), of rare-earth metals, of yttrium, scandium or of mixtures of these metals","2024","3969.3"
"World","Indonesia","Export","Rare Earth Elements","284690","Compounds, inorganic or organic (excluding cerium), of rare-earth metals, of yttrium, scandium or of mixtures of these metals","2024","296422.18"
"World","India","Import","Rare Earth Elements","284690","Compounds, inorganic or organic (excluding cerium), of rare-earth metals, of yttrium, scandium or of mixtures of these metals","2024","18138018.9487178"
"World","India","Export","Rare Earth Elements","284690","Compounds, inorganic or organic (excluding cerium), of rare-earth metals, of yttrium, scandium or of mixtures of these metals","2024","13772894.91"
"World","Ireland","Export","Rare Earth Elements","284690","Compounds, inorganic or organic (excluding cerium), of rare-earth metals, of yttrium, scandium or of mixtures of these metals","2024","2310549.7"
"World","Ireland","Import","Rare Earth Elements","284690","Compounds, inorganic or organic (excluding cerium), of rare-earth metals, of yttrium, scandium or of mixtures of these metals","2024","3860.11"
"World","Iran","Export","Rare Earth Elements","284690","Compounds, inorganic or organic (excluding cerium), of rare-earth metals, of yttrium, scandium or of mixtures of these metals","2024","124083.51"
"World","Iraq","Export","Rare Earth Elements","284690","Compounds, inorganic or organic (excluding cerium), of rare-earth metals, of yttrium, scandium or of mixtures of these metals","2024","6059.79"
"World","Israel","Import","Rare Earth Elements","284690","Compounds, inorganic or organic (excluding cerium), of rare-earth metals, of yttrium, scandium or of mixtures of these metals","2024","561761.0882508999"
"World","Israel","Export","Rare Earth Elements","284690","Compounds, inorganic or organic (excluding cerium), of rare-earth metals, of yttrium, scandium or of mixtures of these metals","2024","202554.68"
"World","Italy","Import","Rare Earth Elements","284690","Compounds, inorganic or organic (excluding cerium), of rare-earth metals, of yttrium, scandium or of mixtures of these metals","2024","32104196.9262625"
"World","Italy","Export","Rare Earth Elements","284690","Compounds, inorganic or organic (excluding cerium), of rare-earth metals, of yttrium, scandium or of mixtures of these metals","2024","13300813.63"
"World","Jordan","Export","Rare Earth Elements","284690","Compounds, inorganic or organic (excluding cerium), of rare-earth metals, of yttrium, scandium or of mixtures of these metals","2024","8992.37"
"World","Japan","Export","Rare Earth Elements","284690","Compounds, inorganic or organic (excluding cerium), of rare-earth metals, of yttrium, scandium or of mixtures of these metals","2024","220211387.47"
"World","Japan","Import","Rare Earth Elements","284690","Compounds, inorganic or organic (excluding cerium), of rare-earth metals, of yttrium, scandium or of mixtures of these metals","2024","99082755.20204322"
"World","Kazakhstan","Import","Rare Earth Elements","284690","Compounds, inorganic or organic (excluding cerium), of rare-earth metals, of yttrium, scandium or of mixtures of these metals","2024","382027"
"World","Kazakhstan","Export","Rare Earth Elements","284690","Compounds, inorganic or organic (excluding cerium), of rare-earth metals, of yttrium, scandium or of mixtures of these metals","2024","351977.0200000001"
"World","Kenya","Export","Rare Earth Elements","284690","Compounds, inorganic or organic (excluding cerium), of rare-earth metals, of yttrium, scandium or of mixtures of these metals","2024","806.26"
"World","Kenya","Import","Rare Earth Elements","284690","Compounds, inorganic or organic (excluding cerium), of rare-earth metals, of yttrium, scandium or of mixtures of these metals","2024","128.3232558"
"World","Kyrgyz Republic","Export","Rare Earth Elements","284690","Compounds, inorganic or organic (excluding cerium), of rare-earth metals, of yttrium, scandium or of mixtures of these metals","2024","14236300.12"
"World","Cambodia","Import","Rare Earth Elements","284690","Compounds, inorganic or organic (excluding cerium), of rare-earth metals, of yttrium, scandium or of mixtures of these metals","2024","15749.8738952"
"World","Korea, Republic of","Export","Rare Earth Elements","284690","Compounds, inorganic or organic (excluding cerium), of rare-earth metals, of yttrium, scandium or of mixtures of these metals","2024","49891014.59"
"World","Korea, Republic of","Import","Rare Earth Elements","284690","Compounds, inorganic or organic (excluding cerium), of rare-earth metals, of yttrium, scandium or of mixtures of these metals","2024","23210386.6471216"
"World","Lao People's Democratic Republic","Import","Rare Earth Elements","284690","Compounds, inorganic or organic (excluding cerium), of rare-earth metals, of yttrium, scandium or of mixtures of these metals","2024","259557138"
"World","Lebanese Republic","Export","Rare Earth Elements","284690","Compounds, inorganic or organic (excluding cerium), of rare-earth metals, of yttrium, scandium or of mixtures of these metals","2024","4465.19"
"World","Liechtenstein","Import","Rare Earth Elements","284690","Compounds, inorganic or organic (excluding cerium), of rare-earth metals, of yttrium, scandium or of mixtures of these metals","2024","130089.4062145"
"World","Sri Lanka","Export","Rare Earth Elements","284690","Compounds, inorganic or organic (excluding cerium), of rare-earth metals, of yttrium, scandium or of mixtures of these metals","2024","1845.42"
"World","Lesotho","Export","Rare Earth Elements","284690","Compounds, inorganic or organic (excluding cerium), of rare-earth metals, of yttrium, scandium or of mixtures of these metals","2024","1648.89"
"World","Lithuania","Export","Rare Earth Elements","284690","Compounds, inorganic or organic (excluding cerium), of rare-earth metals, of yttrium, scandium or of mixtures of these metals","2024","24675"
"World","Lithuania","Import","Rare Earth Elements","284690","Compounds, inorganic or organic (excluding cerium), of rare-earth metals, of yttrium, scandium or of mixtures of these metals","2024","23.81"
"World","Luxembourg","Export","Rare Earth Elements","284690","Compounds, inorganic or organic (excluding cerium), of rare-earth metals, of yttrium, scandium or of mixtures of these metals","2024","137889.22"
"World","Luxembourg","Import","Rare Earth Elements","284690","Compounds, inorganic or organic (excluding cerium), of rare-earth metals, of yttrium, scandium or of mixtures of these metals","2024","208.9"
"World","Latvia","Export","Rare Earth Elements","284690","Compounds, inorganic or organic (excluding cerium), of rare-earth metals, of yttrium, scandium or of mixtures of these metals","2024","24585.9"
"World","Latvia","Import","Rare Earth Elements","284690","Compounds, inorganic or organic (excluding cerium), of rare-earth metals, of yttrium, scandium or of mixtures of these metals","2024","8613.19"
"World","Morocco","Export","Rare Earth Elements","284690","Compounds, inorganic or organic (excluding cerium), of rare-earth metals, of yttrium, scandium or of mixtures of these metals","2024","7111.400000000001"
"World","Moldova, Republic of","Export","Rare Earth Elements","284690","Compounds, inorganic or organic (excluding cerium), of rare-earth metals, of yttrium, scandium or of mixtures of these metals","2024","379.21"
"World","Mexico","Export","Rare Earth Elements","284690","Compounds, inorganic or organic (excluding cerium), of rare-earth metals, of yttrium, scandium or of mixtures of these metals","2024","5687492.27"
"World","Mexico","Import","Rare Earth Elements","284690","Compounds, inorganic or organic (excluding cerium), of rare-earth metals, of yttrium, scandium or of mixtures of these metals","2024","1241250.9"
"World","North Macedonia","Export","Rare Earth Elements","284690","Compounds, inorganic or organic (excluding cerium), of rare-earth metals, of yttrium, scandium or of mixtures of these metals","2024","4927333.67"
"World","Malta","Export","Rare Earth Elements","284690","Compounds, inorganic or organic (excluding cerium), of rare-earth metals, of yttrium, scandium or of mixtures of these metals","2024","8006.52"
"World","Myanmar","Import","Rare Earth Elements","284690","Compounds, inorganic or organic (excluding cerium), of rare-earth metals, of yttrium, scandium or of mixtures of these metals","2024","818755710"
"World","Myanmar","Export","Rare Earth Elements","284690","Compounds, inorganic or organic (excluding cerium), of rare-earth metals, of yttrium, scandium or of mixtures of these metals","2024","120061"
"World","Mozambique","Export","Rare Earth Elements","284690","Compounds, inorganic or organic (excluding cerium), of rare-earth metals, of yttrium, scandium or of mixtures of these metals","2024","22.26"
"World","Mauritius","Export","Rare Earth Elements","284690","Compounds, inorganic or organic (excluding cerium), of rare-earth metals, of yttrium, scandium or of mixtures of these metals","2024","85.5"
"World","Malaysia","Import","Rare Earth Elements","284690","Compounds, inorganic or organic (excluding cerium), of rare-earth metals, of yttrium, scandium or of mixtures of these metals","2024","267663185.6442488"
"World","Malaysia","Export","Rare Earth Elements","284690","Compounds, inorganic or organic (excluding cerium), of rare-earth metals, of yttrium, scandium or of mixtures of these metals","2024","10736915.7"
"World","Namibia","Export","Rare Earth Elements","284690","Compounds, inorganic or organic (excluding cerium), of rare-earth metals, of yttrium, scandium or of mixtures of these metals","2024","491.85"
"World","Nigeria","Export","Rare Earth Elements","284690","Compounds, inorganic or organic (excluding cerium), of rare-earth metals, of yttrium, scandium or of mixtures of these metals","2024","68.11"
"World","Netherlands","Export","Rare Earth Elements","284690","Compounds, inorganic or organic (excluding cerium), of rare-earth metals, of yttrium, scandium or of mixtures of these metals","2024","25934028.64"
"World","Netherlands","Import","Rare Earth Elements","284690","Compounds, inorganic or organic (excluding cerium), of rare-earth metals, of yttrium, scandium or of mixtures of these metals","2024","3781415.677865"
"World","Norway","Import","Rare Earth Elements","284690","Compounds, inorganic or organic (excluding cerium), of rare-earth metals, of yttrium, scandium or of mixtures of these metals","2024","30889863.9604843"
"World","Norway","Export","Rare Earth Elements","284690","Compounds, inorganic or organic (excluding cerium), of rare-earth metals, of yttrium, scandium or of mixtures of these metals","2024","8957144.45"
"World","Nepal","Export","Rare Earth Elements","284690","Compounds, inorganic or organic (excluding cerium), of rare-earth metals, of yttrium, scandium or of mixtures of these metals","2024","569.87"
"World","New Zealand","Export","Rare Earth Elements","284690","Compounds, inorganic or organic (excluding cerium), of rare-earth metals, of yttrium, scandium or of mixtures of these metals","2024","41532.4"
"World","New Zealand","Import","Rare Earth Elements","284690","Compounds, inorganic or organic (excluding cerium), of rare-earth metals, of yttrium, scandium or of mixtures of these metals","2024","28090.228967"
"World","Oman","Export","Rare Earth Elements","284690","Compounds, inorganic or organic (excluding cerium), of rare-earth metals, of yttrium, scandium or of mixtures of these metals","2024","1792.98"
"World","Pakistan","Export","Rare Earth Elements","284690","Compounds, inorganic or organic (excluding cerium), of rare-earth metals, of yttrium, scandium or of mixtures of these metals","2024","2755487.21"
"World","Peru","Export","Rare Earth Elements","284690","Compounds, inorganic or organic (excluding cerium), of rare-earth metals, of yttrium, scandium or of mixtures of these metals","2024","265530.82"
"World","Peru","Import","Rare Earth Elements","284690","Compounds, inorganic or organic (excluding cerium), of rare-earth metals, of yttrium, scandium or of mixtures of these metals","2024","7838.35"
"World","Philippines","Export","Rare Earth Elements","284690","Compounds, inorganic or organic (excluding cerium), of rare-earth metals, of yttrium, scandium or of mixtures of these metals","2024","28701552.58"
"World","Philippines","Import","Rare Earth Elements","284690","Compounds, inorganic or organic (excluding cerium), of rare-earth metals, of yttrium, scandium or of mixtures of these metals","2024","4192545.0807981"
"World","Poland","Import","Rare Earth Elements","284690","Compounds, inorganic or organic (excluding cerium), of rare-earth metals, of yttrium, scandium or of mixtures of these metals","2024","4435105.48"
"World","Poland","Export","Rare Earth Elements","284690","Compounds, inorganic or organic (excluding cerium), of rare-earth metals, of yttrium, scandium or of mixtures of these metals","2024","3289398.18"
"World","Portugal","Export","Rare Earth Elements","284690","Compounds, inorganic or organic (excluding cerium), of rare-earth metals, of yttrium, scandium or of mixtures of these metals","2024","494470.01"
"World","Portugal","Import","Rare Earth Elements","284690","Compounds, inorganic or organic (excluding cerium), of rare-earth metals, of yttrium, scandium or of mixtures of these metals","2024","43841.0881646"
"World","Paraguay","Export","Rare Earth Elements","284690","Compounds, inorganic or organic (excluding cerium), of rare-earth metals, of yttrium, scandium or of mixtures of these metals","2024","1558.67"
"World","Qatar","Import","Rare Earth Elements","284690","Compounds, inorganic or organic (excluding cerium), of rare-earth metals, of yttrium, scandium or of mixtures of these metals","2024","540.96"
"World","Qatar","Export","Rare Earth Elements","284690","Compounds, inorganic or organic (excluding cerium), of rare-earth metals, of yttrium, scandium or of mixtures of these metals","2024","207.49"
"World","Romania","Export","Rare Earth Elements","284690","Compounds, inorganic or organic (excluding cerium), of rare-earth metals, of yttrium, scandium or of mixtures of these metals","2024","109074.46"
"World","Romania","Import","Rare Earth Elements","284690","Compounds, inorganic or organic (excluding cerium), of rare-earth metals, of yttrium, scandium or of mixtures of these metals","2024","3.25"
"World","Russian Federation","Export","Rare Earth Elements","284690","Compounds, inorganic or organic (excluding cerium), of rare-earth metals, of yttrium, scandium or of mixtures of these metals","2024","18709120.81"
"World","Russian Federation","Import","Rare Earth Elements","284690","Compounds, inorganic or organic (excluding cerium), of rare-earth metals, of yttrium, scandium or of mixtures of these metals","2024","9152655.600238798"
"World","Rwanda","Export","Rare Earth Elements","284690","Compounds, inorganic or organic (excluding cerium), of rare-earth metals, of yttrium, scandium or of mixtures of these metals","2024","25160.99"
"World","Saudi Arabia, Kingdom of","Export","Rare Earth Elements","284690","Compounds, inorganic or organic (excluding cerium), of rare-earth metals, of yttrium, scandium or of mixtures of these metals","2024","36051.33"
"World","Senegal","Export","Rare Earth Elements","284690","Compounds, inorganic or organic (excluding cerium), of rare-earth metals, of yttrium, scandium or of mixtures of these metals","2024","2543.43"
"World","Singapore","Export","Rare Earth Elements","284690","Compounds, inorganic or organic (excluding cerium), of rare-earth metals, of yttrium, scandium or of mixtures of these metals","2024","3109781.52"
"World","Singapore","Import","Rare Earth Elements","284690","Compounds, inorganic or organic (excluding cerium), of rare-earth metals, of yttrium, scandium or of mixtures of these metals","2024","453096.61"
"World","Sierra Leone","Export","Rare Earth Elements","284690","Compounds, inorganic or organic (excluding cerium), of rare-earth metals, of yttrium, scandium or of mixtures of these metals","2024","558.69"
"World","El Salvador","Export","Rare Earth Elements","284690","Compounds, inorganic or organic (excluding cerium), of rare-earth metals, of yttrium, scandium or of mixtures of these metals","2024","114233.62"
"World","Somalia","Export","Rare Earth Elements","284690","Compounds, inorganic or organic (excluding cerium), of rare-earth metals, of yttrium, scandium or of mixtures of these metals","2024","21027.31"
"World","Serbia","Export","Rare Earth Elements","284690","Compounds, inorganic or organic (excluding cerium), of rare-earth metals, of yttrium, scandium or of mixtures of these metals","2024","9334.36"
"World","Slovak Republic","Export","Rare Earth Elements","284690","Compounds, inorganic or organic (excluding cerium), of rare-earth metals, of yttrium, scandium or of mixtures of these metals","2024","156450.52"
"World","Slovak Republic","Import","Rare Earth Elements","284690","Compounds, inorganic or organic (excluding cerium), of rare-earth metals, of yttrium, scandium or of mixtures of these metals","2024","6364.91"
"World","Slovenia","Import","Rare Earth Elements","284690","Compounds, inorganic or organic (excluding cerium), of rare-earth metals, of yttrium, scandium or of mixtures of these metals","2024","1346859.74"
"World","Slovenia","Export","Rare Earth Elements","284690","Compounds, inorganic or organic (excluding cerium), of rare-earth metals, of yttrium, scandium or of mixtures of these metals","2024","123196.47"
"World","Sweden","Export","Rare Earth Elements","284690","Compounds, inorganic or organic (excluding cerium), of rare-earth metals, of yttrium, scandium or of mixtures of these metals","2024","3080967.18"
"World","Sweden","Import","Rare Earth Elements","284690","Compounds, inorganic or organic (excluding cerium), of rare-earth metals, of yttrium, scandium or of mixtures of these metals","2024","33525.07"
"World","Seychelles","Export","Rare Earth Elements","284690","Compounds, inorganic or organic (excluding cerium), of rare-earth metals, of yttrium, scandium or of mixtures of these metals","2024","40027.42"
"World","Thailand","Export","Rare Earth Elements","284690","Compounds, inorganic or organic (excluding cerium), of rare-earth metals, of yttrium, scandium or of mixtures of these metals","2024","44790461.12"
"World","Thailand","Import","Rare Earth Elements","284690","Compounds, inorganic or organic (excluding cerium), of rare-earth metals, of yttrium, scandium or of mixtures of these metals","2024","1713746.3165306"
"World","Turkmenistan","Export","Rare Earth Elements","284690","Compounds, inorganic or organic (excluding cerium), of rare-earth metals, of yttrium, scandium or of mixtures of these metals","2024","2638.17"
"World","Tunisia","Export","Rare Earth Elements","284690","Compounds, inorganic or organic (excluding cerium), of rare-earth metals, of yttrium, scandium or of mixtures of these metals","2024","849.3299999999999"
"World","Turkiye","Export","Rare Earth Elements","284690","Compounds, inorganic or organic (excluding cerium), of rare-earth metals, of yttrium, scandium or of mixtures of these metals","2024","9176431.170000004"
"World","Turkiye","Import","Rare Earth Elements","284690","Compounds, inorganic or organic (excluding cerium), of rare-earth metals, of yttrium, scandium or of mixtures of these metals","2024","4975061.059891799"
"World","Tanzania","Export","Rare Earth Elements","284690","Compounds, inorganic or organic (excluding cerium), of rare-earth metals, of yttrium, scandium or of mixtures of these metals","2024","6785.88"
"World","Uganda","Export","Rare Earth Elements","284690","Compounds, inorganic or organic (excluding cerium), of rare-earth metals, of yttrium, scandium or of mixtures of these metals","2024","723.06"
"World","Uganda","Import","Rare Earth Elements","284690","Compounds, inorganic or organic (excluding cerium), of rare-earth metals, of yttrium, scandium or of mixtures of these metals","2024","110"
"World","Ukraine","Export","Rare Earth Elements","284690","Compounds, inorganic or organic (excluding cerium), of rare-earth metals, of yttrium, scandium or of mixtures of these metals","2024","386667.47"
"World","Ukraine","Import","Rare Earth Elements","284690","Compounds, inorganic or organic (excluding cerium), of rare-earth metals, of yttrium, scandium or of mixtures of these metals","2024","1104"
"World","Uruguay","Export","Rare Earth Elements","284690","Compounds, inorganic or organic (excluding cerium), of rare-earth metals, of yttrium, scandium or of mixtures of these metals","2024","2253.44"
"World","United States of America","Export","Rare Earth Elements","284690","Compounds, inorganic or organic (excluding cerium), of rare-earth metals, of yttrium, scandium or of mixtures of these metals","2024","160444558.39"
"World","United States of America","Import","Rare Earth Elements","284690","Compounds, inorganic or organic (excluding cerium), of rare-earth metals, of yttrium, scandium or of mixtures of these metals","2024","57500310.57865631"
"World","Uzbekistan","Export","Rare Earth Elements","284690","Compounds, inorganic or organic (excluding cerium), of rare-earth metals, of yttrium, scandium or of mixtures of these metals","2024","160657.66"
"World","Viet Nam","Export","Rare Earth Elements","284690","Compounds, inorganic or organic (excluding cerium), of rare-earth metals, of yttrium, scandium or of mixtures of these metals","2024","188335122.51"
"World","Viet Nam","Import","Rare Earth Elements","284690","Compounds, inorganic or organic (excluding cerium), of rare-earth metals, of yttrium, scandium or of mixtures of these metals","2024","32231402.9948699"
"World","South Africa","Import","Rare Earth Elements","284690","Compounds, inorganic or organic (excluding cerium), of rare-earth metals, of yttrium, scandium or of mixtures of these metals","2024","4328504.7883981"
"World","South Africa","Export","Rare Earth Elements","284690","Compounds, inorganic or organic (excluding cerium), of rare-earth metals, of yttrium, scandium or of mixtures of these metals","2024","3262499.67"
"World","Zambia","Export","Rare Earth Elements","284690","Compounds, inorganic or organic (excluding cerium), of rare-earth metals, of yttrium, scandium or of mixtures of these metals","2024","2398.55"
"World","Zimbabwe","Export","Rare Earth Elements","284690","Compounds, inorganic or organic (excluding cerium), of rare-earth metals, of yttrium, scandium or of mixtures of these metals","2024","8656.61"
"Samoa","New Zealand","Import","Rare Earth Elements","284690","Compounds, inorganic or organic (excluding cerium), of rare-earth metals, of yttrium, scandium or of mixtures of these metals","2024","2944.99"
"Samoa","World","Import","Rare Earth Elements","284690","Compounds, inorganic or organic (excluding cerium), of rare-earth metals, of yttrium, scandium or of mixtures of these metals","2024","2944.99"
"UNMIK/Kosovo","China","Import","Rare Earth Elements","284610","Cerium compounds","2024","815"
"UNMIK/Kosovo","Germany","Import","Rare Earth Elements","284610","Cerium compounds","2024","241"
"UNMIK/Kosovo","European Union","Import","Rare Earth Elements","284610","Cerium compounds","2024","241"
"UNMIK/Kosovo","World","Import","Rare Earth Elements","284610","Cerium compounds","2024","1056"
"UNMIK/Kosovo","China","Import","Rare Earth Elements","284690","Compounds, inorganic or organic (excluding cerium), of rare-earth metals, of yttrium, scandium or of mixtures of these metals","2024","32"
"UNMIK/Kosovo","World","Import","Rare Earth Elements","284690","Compounds, inorganic or organic (excluding cerium), of rare-earth metals, of yttrium, scandium or of mixtures of these metals","2024","32"
"South Africa","Canada","Import","Rare Earth Elements","280530","Earth-metals, rare; scandium and yttrium, whether or not intermixed or interalloyed","2024","525.0247427"
"South Africa","China","Import","Rare Earth Elements","280530","Earth-metals, rare; scandium and yttrium, whether or not intermixed or interalloyed","2024","564.5802803"
"South Africa","Germany","Export","Rare Earth Elements","280530","Earth-metals, rare; scandium and yttrium, whether or not intermixed or interalloyed","2024","488.69"
"South Africa","European Union","Export","Rare Earth Elements","280530","Earth-metals, rare; scandium and yttrium, whether or not intermixed or interalloyed","2024","488.6900024414063"
"South Africa","United Kingdom","Import","Rare Earth Elements","280530","Earth-metals, rare; scandium and yttrium, whether or not intermixed or interalloyed","2024","4294.1491631"
"South Africa","Korea, Republic of","Export","Rare Earth Elements","280530","Earth-metals, rare; scandium and yttrium, whether or not intermixed or interalloyed","2024","524561.5"
"South Africa","Lesotho","Export","Rare Earth Elements","280530","Earth-metals, rare; scandium and yttrium, whether or not intermixed or interalloyed","2024","410.89"
"South Africa","Namibia","Export","Rare Earth Elements","280530","Earth-metals, rare; scandium and yttrium, whether or not intermixed or interalloyed","2024","2455.72"
"South Africa","United States of America","Import","Rare Earth Elements","280530","Earth-metals, rare; scandium and yttrium, whether or not intermixed or interalloyed","2024","32149.2133086"
"South Africa","World","Export","Rare Earth Elements","280530","Earth-metals, rare; scandium and yttrium, whether or not intermixed or interalloyed","2024","527916.8"
"South Africa","World","Import","Rare Earth Elements","280530","Earth-metals, rare; scandium and yttrium, whether or not intermixed or interalloyed","2024","37538.2597528"
"South Africa","Zimbabwe","Import","Rare Earth Elements","280530","Earth-metals, rare; scandium and yttrium, whether or not intermixed or interalloyed","2024","5.2922581"
"South Africa","Austria","Export","Rare Earth Elements","284610","Cerium compounds","2024","1293.38"
"South Africa","Austria","Import","Rare Earth Elements","284610","Cerium compounds","2024","44.0294053"
"South Africa","Botswana","Export","Rare Earth Elements","284610","Cerium compounds","2024","1313.35"
"South Africa","China","Import","Rare Earth Elements","284610","Cerium compounds","2024","22563.0788066"
"South Africa","Democratic Republic of the Congo","Export","Rare Earth Elements","284610","Cerium compounds","2024","162.04"
"South Africa","Germany","Import","Rare Earth Elements","284610","Cerium compounds","2024","30929.4842067"
"South Africa","Germany","Export","Rare Earth Elements","284610","Cerium compounds","2024","806.44"
"South Africa","European Union","Import","Rare Earth Elements","284610","Cerium compounds","2024","60047.1065533"
"South Africa","European Union","Export","Rare Earth Elements","284610","Cerium compounds","2024","2099.820068359375"
"South Africa","France","Import","Rare Earth Elements","284610","Cerium compounds","2024","29073.5929413"
"South Africa","United Kingdom","Export","Rare Earth Elements","284610","Cerium compounds","2024","3834.43"
"South Africa","United Kingdom","Import","Rare Earth Elements","284610","Cerium compounds","2024","8.9477354"
"South Africa","India","Import","Rare Earth Elements","284610","Cerium compounds","2024","177.6998428"
"South Africa","Japan","Import","Rare Earth Elements","284610","Cerium compounds","2024","14611.106322"
"South Africa","Namibia","Export","Rare Earth Elements","284610","Cerium compounds","2024","420.11"
"South Africa","United States of America","Import","Rare Earth Elements","284610","Cerium compounds","2024","209414.6544265"
"South Africa","World","Import","Rare Earth Elements","284610","Cerium compounds","2024","306822.5936866"
"South Africa","World","Export","Rare Earth Elements","284610","Cerium compounds","2024","8359.25"
"South Africa","Zimbabwe","Export","Rare Earth Elements","284610","Cerium compounds","2024","529.5"
"South Africa","Australia","Export","Rare Earth Elements","284690","Compounds, inorganic or organic (excluding cerium), of rare-earth metals, of yttrium, scandium or of mixtures of these metals","2024","81418.51"
"South Africa","Australia","Import","Rare Earth Elements","284690","Compounds, inorganic or organic (excluding cerium), of rare-earth metals, of yttrium, scandium or of mixtures of these metals","2024","160.6227624"
"South Africa","Austria","Import","Rare Earth Elements","284690","Compounds, inorganic or organic (excluding cerium), of rare-earth metals, of yttrium, scandium or of mixtures of these metals","2024","59914.1453876"
"South Africa","Botswana","Export","Rare Earth Elements","284690","Compounds, inorganic or organic (excluding cerium), of rare-earth metals, of yttrium, scandium or of mixtures of these metals","2024","1714.26"
"South Africa","Canada","Export","Rare Earth Elements","284690","Compounds, inorganic or organic (excluding cerium), of rare-earth metals, of yttrium, scandium or of mixtures of these metals","2024","12684.62"
"South Africa","China","Import","Rare Earth Elements","284690","Compounds, inorganic or organic (excluding cerium), of rare-earth metals, of yttrium, scandium or of mixtures of these metals","2024","31767.4614511"
"South Africa","China","Export","Rare Earth Elements","284690","Compounds, inorganic or organic (excluding cerium), of rare-earth metals, of yttrium, scandium or of mixtures of these metals","2024","9.66"
"South Africa","Democratic Republic of the Congo","Export","Rare Earth Elements","284690","Compounds, inorganic or organic (excluding cerium), of rare-earth metals, of yttrium, scandium or of mixtures of these metals","2024","1463.28"
"South Africa","Germany","Import","Rare Earth Elements","284690","Compounds, inorganic or organic (excluding cerium), of rare-earth metals, of yttrium, scandium or of mixtures of these metals","2024","887.8445015"
"South Africa","European Union","Import","Rare Earth Elements","284690","Compounds, inorganic or organic (excluding cerium), of rare-earth metals, of yttrium, scandium or of mixtures of these metals","2024","2064713.9507198"
"South Africa","Estonia","Import","Rare Earth Elements","284690","Compounds, inorganic or organic (excluding cerium), of rare-earth metals, of yttrium, scandium or of mixtures of these metals","2024","2003911.9608307"
"South Africa","Ethiopia","Export","Rare Earth Elements","284690","Compounds, inorganic or organic (excluding cerium), of rare-earth metals, of yttrium, scandium or of mixtures of these metals","2024","31.37"
"South Africa","United Kingdom","Export","Rare Earth Elements","284690","Compounds, inorganic or organic (excluding cerium), of rare-earth metals, of yttrium, scandium or of mixtures of these metals","2024","11797.37"
"South Africa","United Kingdom","Import","Rare Earth Elements","284690","Compounds, inorganic or organic (excluding cerium), of rare-earth metals, of yttrium, scandium or of mixtures of these metals","2024","581.9301575"
"South Africa","India","Import","Rare Earth Elements","284690","Compounds, inorganic or organic (excluding cerium), of rare-earth metals, of yttrium, scandium or of mixtures of these metals","2024","4353.0732743"
"South Africa","Japan","Export","Rare Earth Elements","284690","Compounds, inorganic or organic (excluding cerium), of rare-earth metals, of yttrium, scandium or of mixtures of these metals","2024","42076.95"
"South Africa","Kenya","Import","Rare Earth Elements","284690","Compounds, inorganic or organic (excluding cerium), of rare-earth metals, of yttrium, scandium or of mixtures of these metals","2024","2.0732558"
"South Africa","Lesotho","Export","Rare Earth Elements","284690","Compounds, inorganic or organic (excluding cerium), of rare-earth metals, of yttrium, scandium or of mixtures of these metals","2024","1648.89"
"South Africa","North Macedonia","Export","Rare Earth Elements","284690","Compounds, inorganic or organic (excluding cerium), of rare-earth metals, of yttrium, scandium or of mixtures of these metals","2024","38324.03"
"South Africa","Malaysia","Import","Rare Earth Elements","284690","Compounds, inorganic or organic (excluding cerium), of rare-earth metals, of yttrium, scandium or of mixtures of these metals","2024","361132.5650648"
"South Africa","Namibia","Export","Rare Earth Elements","284690","Compounds, inorganic or organic (excluding cerium), of rare-earth metals, of yttrium, scandium or of mixtures of these metals","2024","491.85"
"South Africa","Russian Federation","Import","Rare Earth Elements","284690","Compounds, inorganic or organic (excluding cerium), of rare-earth metals, of yttrium, scandium or of mixtures of these metals","2024","615.4841652"
"South Africa","Sierra Leone","Export","Rare Earth Elements","284690","Compounds, inorganic or organic (excluding cerium), of rare-earth metals, of yttrium, scandium or of mixtures of these metals","2024","558.69"
"South Africa","Turkiye","Export","Rare Earth Elements","284690","Compounds, inorganic or organic (excluding cerium), of rare-earth metals, of yttrium, scandium or of mixtures of these metals","2024","762156.64"
"South Africa","Turkiye","Import","Rare Earth Elements","284690","Compounds, inorganic or organic (excluding cerium), of rare-earth metals, of yttrium, scandium or of mixtures of these metals","2024","1057.6877961"
"South Africa","Tanzania","Export","Rare Earth Elements","284690","Compounds, inorganic or organic (excluding cerium), of rare-earth metals, of yttrium, scandium or of mixtures of these metals","2024","5883.85"
"South Africa","United States of America","Export","Rare Earth Elements","284690","Compounds, inorganic or organic (excluding cerium), of rare-earth metals, of yttrium, scandium or of mixtures of these metals","2024","4524774.8"
"South Africa","United States of America","Import","Rare Earth Elements","284690","Compounds, inorganic or organic (excluding cerium), of rare-earth metals, of yttrium, scandium or of mixtures of these metals","2024","252285.9281584"
"South Africa","World","Export","Rare Earth Elements","284690","Compounds, inorganic or organic (excluding cerium), of rare-earth metals, of yttrium, scandium or of mixtures of these metals","2024","5494003.73"
"South Africa","World","Import","Rare Earth Elements","284690","Compounds, inorganic or organic (excluding cerium), of rare-earth metals, of yttrium, scandium or of mixtures of these metals","2024","2716670.7768054"
"South Africa","Zambia","Export","Rare Earth Elements","284690","Compounds, inorganic or organic (excluding cerium), of rare-earth metals, of yttrium, scandium or of mixtures of these metals","2024","582.42"
"South Africa","Zimbabwe","Export","Rare Earth Elements","284690","Compounds, inorganic or organic (excluding cerium), of rare-earth metals, of yttrium, scandium or of mixtures of these metals","2024","8386.54"
"Zambia","China","Import","Rare Earth Elements","284690","Compounds, inorganic or organic (excluding cerium), of rare-earth metals, of yttrium, scandium or of mixtures of these metals","2024","1057.8"
"Zambia","India","Import","Rare Earth Elements","284690","Compounds, inorganic or organic (excluding cerium), of rare-earth metals, of yttrium, scandium or of mixtures of these metals","2024","1114.03"
"Zambia","World","Import","Rare Earth Elements","284690","Compounds, inorganic or organic (excluding cerium), of rare-earth metals, of yttrium, scandium or of mixtures of these metals","2024","2915.42"
"Zambia","South Africa","Import","Rare Earth Elements","284690","Compounds, inorganic or organic (excluding cerium), of rare-earth metals, of yttrium, scandium or of mixtures of these metals","2024","743.59"
"Zimbabwe","World","Import","Rare Earth Elements","280530","Earth-metals, rare; scandium and yttrium, whether or not intermixed or interalloyed","2024","3037.24"
"Zimbabwe","South Africa","Import","Rare Earth Elements","280530","Earth-metals, rare; scandium and yttrium, whether or not intermixed or interalloyed","2024","3037.24"
"Zimbabwe","World","Import","Rare Earth Elements","284610","Cerium compounds","2024","52.56"
"Zimbabwe","South Africa","Import","Rare Earth Elements","284610","Cerium compounds","2024","52.56"
"Zimbabwe","China","Import","Rare Earth Elements","284690","Compounds, inorganic or organic (excluding cerium), of rare-earth metals, of yttrium, scandium or of mixtures of these metals","2024","9.56"
"Zimbabwe","India","Import","Rare Earth Elements","284690","Compounds, inorganic or organic (excluding cerium), of rare-earth metals, of yttrium, scandium or of mixtures of these metals","2024","207.39"
"Zimbabwe","World","Import","Rare Earth Elements","284690","Compounds, inorganic or organic (excluding cerium), of rare-earth metals, of yttrium, scandium or of mixtures of these metals","2024","9460.02"
"Zimbabwe","South Africa","Import","Rare Earth Elements","284690","Compounds, inorganic or organic (excluding cerium), of rare-earth metals, of yttrium, scandium or of mixtures of these metals","2024","9243.07"
