reporter,partner,flow,aggregate_product,hs_code,hs_description,year,value
"Angola","China","Export","Copper","260300","Copper ores and concentrates","2024","8.38"
"Angola","United Kingdom","Import","Copper","260300","Copper ores and concentrates","2024","115.59"
"Angola","World","Import","Copper","260300","Copper ores and concentrates","2024","115.59"
"Angola","World","Export","Copper","260300","Copper ores and concentrates","2024","8.38"
"Angola","China","Import","Copper","282550","Copper oxides and hydroxides","2024","23.75"
"Angola","World","Import","Copper","282550","Copper oxides and hydroxides","2024","60.8"
"Angola","South Africa","Import","Copper","282550","Copper oxides and hydroxides","2024","37.05"
"Angola","Brazil","Import","Copper","283325","Sulphates; of copper","2024","22.53"
"Angola","European Union","Import","Copper","283325","Sulphates; of copper","2024","37668.62"
"Angola","France","Import","Copper","283325","Sulphates; of copper","2024","456.93"
"Angola","Portugal","Import","Copper","283325","Sulphates; of copper","2024","37211.69"
"Angola","United States of America","Import","Copper","283325","Sulphates; of copper","2024","161.8"
"Angola","World","Import","Copper","283325","Sulphates; of copper","2024","38992.51"
"Angola","South Africa","Import","Copper","283325","Sulphates; of copper","2024","1139.56"
"Albania","China","Export","Copper","260300","Copper ores and concentrates","2024","46510770.89"
"Albania","World","Export","Copper","260300","Copper ores and concentrates","2024","46510770.89"
"Albania","China","Import","Copper","282550","Copper oxides and hydroxides","2024","88.602928"
"Albania","European Union","Import","Copper","282550","Copper oxides and hydroxides","2024","54.0062283"
"Albania","France","Import","Copper","282550","Copper oxides and hydroxides","2024","54.0062283"
"Albania","World","Import","Copper","282550","Copper oxides and hydroxides","2024","142.6091563"
"Albania","Belgium","Import","Copper","283325","Sulphates; of copper","2024","14.9277303"
"Albania","Bulgaria","Import","Copper","283325","Sulphates; of copper","2024","60628.2421379"
"Albania","China","Import","Copper","283325","Sulphates; of copper","2024","13.7296417"
"Albania","Germany","Import","Copper","283325","Sulphates; of copper","2024","78.1114651"
"Albania","European Union","Import","Copper","283325","Sulphates; of copper","2024","73865.0633118"
"Albania","Spain","Import","Copper","283325","Sulphates; of copper","2024","147.8558543"
"Albania","United Kingdom","Import","Copper","283325","Sulphates; of copper","2024","178.895336"
"Albania","Greece","Import","Copper","283325","Sulphates; of copper","2024","11940.4441465"
"Albania","Italy","Import","Copper","283325","Sulphates; of copper","2024","1055.4819777"
"Albania","Turkiye","Import","Copper","283325","Sulphates; of copper","2024","2740.1918612"
"Albania","World","Import","Copper","283325","Sulphates; of copper","2024","76797.8801507"
"United Arab Emirates","Switzerland","Import","Copper","260300","Copper ores and concentrates","2024","29.31"
"United Arab Emirates","China","Import","Copper","260300","Copper ores and concentrates","2024","28638.07"
"United Arab Emirates","European Union","Import","Copper","260300","Copper ores and concentrates","2024","62169.64"
"United Arab Emirates","France","Import","Copper","260300","Copper ores and concentrates","2024","62169.64"
"United Arab Emirates","India","Import","Copper","260300","Copper ores and concentrates","2024","660.16"
"United Arab Emirates","Japan","Import","Copper","260300","Copper ores and concentrates","2024","4165606.15"
"United Arab Emirates","Kuwait, the State of","Export","Copper","260300","Copper ores and concentrates","2024","1633.76"
"United Arab Emirates","Lebanese Republic","Import","Copper","260300","Copper ores and concentrates","2024","228.18"
"United Arab Emirates","Nigeria","Export","Copper","260300","Copper ores and concentrates","2024","123057.59"
"United Arab Emirates","Oman","Import","Copper","260300","Copper ores and concentrates","2024","156222.35"
"United Arab Emirates","Oman","Export","Copper","260300","Copper ores and concentrates","2024","11494.64"
"United Arab Emirates","Philippines","Import","Copper","260300","Copper ores and concentrates","2024","22441.9"
"United Arab Emirates","Qatar","Export","Copper","260300","Copper ores and concentrates","2024","282170.99"
"United Arab Emirates","Saudi Arabia, Kingdom of","Export","Copper","260300","Copper ores and concentrates","2024","272822.32"
"United Arab Emirates","Saudi Arabia, Kingdom of","Import","Copper","260300","Copper ores and concentrates","2024","32316.89"
"United Arab Emirates","Somalia","Import","Copper","260300","Copper ores and concentrates","2024","19060.58"
"United Arab Emirates","Somalia","Export","Copper","260300","Copper ores and concentrates","2024","7887.21"
"United Arab Emirates","United States of America","Import","Copper","260300","Copper ores and concentrates","2024","995.86"
"United Arab Emirates","World","Import","Copper","260300","Copper ores and concentrates","2024","4550308.92"
"United Arab Emirates","World","Export","Copper","260300","Copper ores and concentrates","2024","699066.51"
"United Arab Emirates","South Africa","Import","Copper","260300","Copper ores and concentrates","2024","61939.83"
"United Arab Emirates","European Union","Export","Copper","262030","Slag, ash and residues; (not from the manufacture of iron or steel), containing mainly copper","2024","637779.4375"
"United Arab Emirates","European Union","Import","Copper","262030","Slag, ash and residues; (not from the manufacture of iron or steel), containing mainly copper","2024","168550.3"
"United Arab Emirates","France","Import","Copper","262030","Slag, ash and residues; (not from the manufacture of iron or steel), containing mainly copper","2024","168550.3"
"United Arab Emirates","United Kingdom","Export","Copper","262030","Slag, ash and residues; (not from the manufacture of iron or steel), containing mainly copper","2024","115568.02"
"United Arab Emirates","India","Export","Copper","262030","Slag, ash and residues; (not from the manufacture of iron or steel), containing mainly copper","2024","1911173.35"
"United Arab Emirates","India","Import","Copper","262030","Slag, ash and residues; (not from the manufacture of iron or steel), containing mainly copper","2024","10272.7"
"United Arab Emirates","Iraq","Export","Copper","262030","Slag, ash and residues; (not from the manufacture of iron or steel), containing mainly copper","2024","2722.94"
"United Arab Emirates","Japan","Import","Copper","262030","Slag, ash and residues; (not from the manufacture of iron or steel), containing mainly copper","2024","2430888.7"
"United Arab Emirates","Nigeria","Export","Copper","262030","Slag, ash and residues; (not from the manufacture of iron or steel), containing mainly copper","2024","559875.12"
"United Arab Emirates","Netherlands","Export","Copper","262030","Slag, ash and residues; (not from the manufacture of iron or steel), containing mainly copper","2024","637779.46"
"United Arab Emirates","Oman","Import","Copper","262030","Slag, ash and residues; (not from the manufacture of iron or steel), containing mainly copper","2024","3492014.35"
"United Arab Emirates","Singapore","Export","Copper","262030","Slag, ash and residues; (not from the manufacture of iron or steel), containing mainly copper","2024","567.55"
"United Arab Emirates","World","Import","Copper","262030","Slag, ash and residues; (not from the manufacture of iron or steel), containing mainly copper","2024","6101726.05"
"United Arab Emirates","World","Export","Copper","262030","Slag, ash and residues; (not from the manufacture of iron or steel), containing mainly copper","2024","4978556.67"
"United Arab Emirates","South Africa","Export","Copper","262030","Slag, ash and residues; (not from the manufacture of iron or steel), containing mainly copper","2024","1750870.23"
"United Arab Emirates","Afghanistan","Export","Copper","282550","Copper oxides and hydroxides","2024","233193.62"
"United Arab Emirates","China","Import","Copper","282550","Copper oxides and hydroxides","2024","77354.84"
"United Arab Emirates","Chinese Taipei","Import","Copper","282550","Copper oxides and hydroxides","2024","59414.81"
"United Arab Emirates","Germany","Import","Copper","282550","Copper oxides and hydroxides","2024","571448.92"
"United Arab Emirates","European Union","Import","Copper","282550","Copper oxides and hydroxides","2024","571448.92"
"United Arab Emirates","India","Import","Copper","282550","Copper oxides and hydroxides","2024","1243.9"
"United Arab Emirates","Iraq","Export","Copper","282550","Copper oxides and hydroxides","2024","30224.64"
"United Arab Emirates","Korea, Republic of","Import","Copper","282550","Copper oxides and hydroxides","2024","135.75"
"United Arab Emirates","Norway","Import","Copper","282550","Copper oxides and hydroxides","2024","7296354.09"
"United Arab Emirates","Oman","Export","Copper","282550","Copper oxides and hydroxides","2024","16337.64"
"United Arab Emirates","United States of America","Import","Copper","282550","Copper oxides and hydroxides","2024","3281051.57"
"United Arab Emirates","Uzbekistan","Export","Copper","282550","Copper oxides and hydroxides","2024","46889.04"
"United Arab Emirates","World","Import","Copper","282550","Copper oxides and hydroxides","2024","11287003.88"
"United Arab Emirates","World","Export","Copper","282550","Copper oxides and hydroxides","2024","326644.94"
"United Arab Emirates","Switzerland","Import","Copper","282741","Chloride oxides and chloride hydroxides; of copper","2024","4101.02"
"United Arab Emirates","China","Import","Copper","282741","Chloride oxides and chloride hydroxides; of copper","2024","2539.69"
"United Arab Emirates","Germany","Import","Copper","282741","Chloride oxides and chloride hydroxides; of copper","2024","1456.97"
"United Arab Emirates","European Union","Import","Copper","282741","Chloride oxides and chloride hydroxides; of copper","2024","1485.56"
"United Arab Emirates","Egypt","Export","Copper","282741","Chloride oxides and chloride hydroxides; of copper","2024","5568.16"
"United Arab Emirates","France","Import","Copper","282741","Chloride oxides and chloride hydroxides; of copper","2024","28.59"
"United Arab Emirates","India","Import","Copper","282741","Chloride oxides and chloride hydroxides; of copper","2024","241.21"
"United Arab Emirates","Iran","Export","Copper","282741","Chloride oxides and chloride hydroxides; of copper","2024","163.41"
"United Arab Emirates","Oman","Export","Copper","282741","Chloride oxides and chloride hydroxides; of copper","2024","502.79"
"United Arab Emirates","Pakistan","Export","Copper","282741","Chloride oxides and chloride hydroxides; of copper","2024","156.93"
"United Arab Emirates","Russian Federation","Export","Copper","282741","Chloride oxides and chloride hydroxides; of copper","2024","10986.49"
"United Arab Emirates","Sudan","Export","Copper","282741","Chloride oxides and chloride hydroxides; of copper","2024","1415.93"
"United Arab Emirates","World","Export","Copper","282741","Chloride oxides and chloride hydroxides; of copper","2024","19567.03"
"United Arab Emirates","World","Import","Copper","282741","Chloride oxides and chloride hydroxides; of copper","2024","8367.480000000001"
"United Arab Emirates","Yemen","Export","Copper","282741","Chloride oxides and chloride hydroxides; of copper","2024","773.32"
"United Arab Emirates","Belgium","Import","Copper","283325","Sulphates; of copper","2024","29.42"
"United Arab Emirates","Switzerland","Import","Copper","283325","Sulphates; of copper","2024","1018.44"
"United Arab Emirates","China","Import","Copper","283325","Sulphates; of copper","2024","23344.59"
"United Arab Emirates","China","Export","Copper","283325","Sulphates; of copper","2024","762.42"
"United Arab Emirates","Germany","Import","Copper","283325","Sulphates; of copper","2024","468.86"
"United Arab Emirates","European Union","Import","Copper","283325","Sulphates; of copper","2024","1012.41"
"United Arab Emirates","Spain","Import","Copper","283325","Sulphates; of copper","2024","115.71"
"United Arab Emirates","France","Import","Copper","283325","Sulphates; of copper","2024","383.39"
"United Arab Emirates","United Kingdom","Import","Copper","283325","Sulphates; of copper","2024","123.88"
"United Arab Emirates","India","Import","Copper","283325","Sulphates; of copper","2024","2138.45"
"United Arab Emirates","Iraq","Export","Copper","283325","Sulphates; of copper","2024","224.64"
"United Arab Emirates","Korea, Republic of","Import","Copper","283325","Sulphates; of copper","2024","3904.88"
"United Arab Emirates","Kuwait, the State of","Export","Copper","283325","Sulphates; of copper","2024","3730.43"
"United Arab Emirates","Netherlands","Import","Copper","283325","Sulphates; of copper","2024","15.03"
"United Arab Emirates","Oman","Export","Copper","283325","Sulphates; of copper","2024","737.2"
"United Arab Emirates","Pakistan","Export","Copper","283325","Sulphates; of copper","2024","207.07"
"United Arab Emirates","Qatar","Export","Copper","283325","Sulphates; of copper","2024","3370.18"
"United Arab Emirates","Saudi Arabia, Kingdom of","Import","Copper","283325","Sulphates; of copper","2024","1276.79"
"United Arab Emirates","United States of America","Import","Copper","283325","Sulphates; of copper","2024","2986.04"
"United Arab Emirates","World","Import","Copper","283325","Sulphates; of copper","2024","35805.48"
"United Arab Emirates","World","Export","Copper","283325","Sulphates; of copper","2024","9031.94"
"Argentina","Brazil","Import","Copper","282550","Copper oxides and hydroxides","2024","9466.2"
"Argentina","China","Import","Copper","282550","Copper oxides and hydroxides","2024","3176.01"
"Argentina","Germany","Import","Copper","282550","Copper oxides and hydroxides","2024","3677.92"
"Argentina","European Union","Import","Copper","282550","Copper oxides and hydroxides","2024","5163.66"
"Argentina","Spain","Import","Copper","282550","Copper oxides and hydroxides","2024","1461.38"
"Argentina","Italy","Import","Copper","282550","Copper oxides and hydroxides","2024","24.36"
"Argentina","Peru","Import","Copper","282550","Copper oxides and hydroxides","2024","173437.2"
"Argentina","United States of America","Import","Copper","282550","Copper oxides and hydroxides","2024","751002.01"
"Argentina","World","Import","Copper","282550","Copper oxides and hydroxides","2024","942245.08"
"Argentina","China","Import","Copper","282741","Chloride oxides and chloride hydroxides; of copper","2024","161875"
"Argentina","World","Import","Copper","282741","Chloride oxides and chloride hydroxides; of copper","2024","161875"
"Argentina","Belgium","Import","Copper","283325","Sulphates; of copper","2024","41.12"
"Argentina","Brazil","Import","Copper","283325","Sulphates; of copper","2024","6888036.55"
"Argentina","Chile","Import","Copper","283325","Sulphates; of copper","2024","841709.7"
"Argentina","China","Import","Copper","283325","Sulphates; of copper","2024","20411.34"
"Argentina","Germany","Import","Copper","283325","Sulphates; of copper","2024","11508.08"
"Argentina","European Union","Import","Copper","283325","Sulphates; of copper","2024","40177.56"
"Argentina","Spain","Import","Copper","283325","Sulphates; of copper","2024","537.73"
"Argentina","France","Import","Copper","283325","Sulphates; of copper","2024","122.99"
"Argentina","United Kingdom","Import","Copper","283325","Sulphates; of copper","2024","266.12"
"Argentina","India","Import","Copper","283325","Sulphates; of copper","2024","2807.23"
"Argentina","Italy","Import","Copper","283325","Sulphates; of copper","2024","299.55"
"Argentina","Korea, Republic of","Import","Copper","283325","Sulphates; of copper","2024","19156.05"
"Argentina","Peru","Import","Copper","283325","Sulphates; of copper","2024","182559.11"
"Argentina","Poland","Import","Copper","283325","Sulphates; of copper","2024","27668.09"
"Argentina","Uruguay","Import","Copper","283325","Sulphates; of copper","2024","506291.56"
"Argentina","United States of America","Import","Copper","283325","Sulphates; of copper","2024","819.54"
"Argentina","World","Import","Copper","283325","Sulphates; of copper","2024","8502234.76"
"Armenia","Bulgaria","Export","Copper","260300","Copper ores and concentrates","2024","75635037.53"
"Armenia","Switzerland","Export","Copper","260300","Copper ores and concentrates","2024","11938271.31"
"Armenia","China","Export","Copper","260300","Copper ores and concentrates","2024","434611741.29"
"Armenia","Curacao","Import","Copper","260300","Copper ores and concentrates","2024","2.4"
"Armenia","European Union","Export","Copper","260300","Copper ores and concentrates","2024","75635376"
"Armenia","United Kingdom","Export","Copper","260300","Copper ores and concentrates","2024","61.32"
"Armenia","Iran","Export","Copper","260300","Copper ores and concentrates","2024","10831055.32"
"Armenia","Netherlands","Export","Copper","260300","Copper ores and concentrates","2024","336.8"
"Armenia","Russian Federation","Export","Copper","260300","Copper ores and concentrates","2024","11412242"
"Armenia","Serbia","Export","Copper","260300","Copper ores and concentrates","2024","13848859.78"
"Armenia","World","Export","Copper","260300","Copper ores and concentrates","2024","558277605.35"
"Armenia","World","Import","Copper","260300","Copper ores and concentrates","2024","2.4"
"Armenia","Australia","Import","Copper","282550","Copper oxides and hydroxides","2024","561.41"
"Armenia","Switzerland","Export","Copper","282550","Copper oxides and hydroxides","2024","153920.88"
"Armenia","Germany","Import","Copper","282550","Copper oxides and hydroxides","2024","563.57"
"Armenia","European Union","Import","Copper","282550","Copper oxides and hydroxides","2024","563.57"
"Armenia","United States of America","Import","Copper","282550","Copper oxides and hydroxides","2024","40.05"
"Armenia","World","Export","Copper","282550","Copper oxides and hydroxides","2024","153920.88"
"Armenia","World","Import","Copper","282550","Copper oxides and hydroxides","2024","1165.03"
"Armenia","China","Import","Copper","283325","Sulphates; of copper","2024","8842.57"
"Armenia","European Union","Import","Copper","283325","Sulphates; of copper","2024","3802.4"
"Armenia","Spain","Import","Copper","283325","Sulphates; of copper","2024","0.13"
"Armenia","France","Import","Copper","283325","Sulphates; of copper","2024","7.01"
"Armenia","United Kingdom","Import","Copper","283325","Sulphates; of copper","2024","95.05"
"Armenia","India","Import","Copper","283325","Sulphates; of copper","2024","59.1"
"Armenia","Iran","Import","Copper","283325","Sulphates; of copper","2024","458845"
"Armenia","Italy","Import","Copper","283325","Sulphates; of copper","2024","78.38"
"Armenia","Netherlands","Import","Copper","283325","Sulphates; of copper","2024","3716.88"
"Armenia","Russian Federation","Import","Copper","283325","Sulphates; of copper","2024","103202.49"
"Armenia","Turkiye","Import","Copper","283325","Sulphates; of copper","2024","266760"
"Armenia","Uzbekistan","Import","Copper","283325","Sulphates; of copper","2024","119262"
"Armenia","World","Import","Copper","283325","Sulphates; of copper","2024","960868.61"
"Antigua and Barbuda","United States of America","Import","Copper","262030","Slag, ash and residues; (not from the manufacture of iron or steel), containing mainly copper","2024","14352.32"
"Antigua and Barbuda","World","Import","Copper","262030","Slag, ash and residues; (not from the manufacture of iron or steel), containing mainly copper","2024","14352.32"
"Australia","China","Export","Copper","260300","Copper ores and concentrates","2024","412315284.88"
"Australia","Chinese Taipei","Export","Copper","260300","Copper ores and concentrates","2024","144986656.08"
"Australia","Chinese Taipei","Import","Copper","260300","Copper ores and concentrates","2024","99707.8024834"
"Australia","European Union","Export","Copper","260300","Copper ores and concentrates","2024","114704.8984375"
"Australia","European Union","Import","Copper","260300","Copper ores and concentrates","2024","15146.8362037"
"Australia","Finland","Export","Copper","260300","Copper ores and concentrates","2024","114704.9"
"Australia","India","Export","Copper","260300","Copper ores and concentrates","2024","519734494.53"
"Australia","Italy","Import","Copper","260300","Copper ores and concentrates","2024","15146.8362037"
"Australia","Japan","Export","Copper","260300","Copper ores and concentrates","2024","424977033.13"
"Australia","Korea, Republic of","Export","Copper","260300","Copper ores and concentrates","2024","281294130.31"
"Australia","Mauritania","Export","Copper","260300","Copper ores and concentrates","2024","3860.47"
"Australia","Malaysia","Export","Copper","260300","Copper ores and concentrates","2024","15726780.32"
"Australia","Pakistan","Import","Copper","260300","Copper ores and concentrates","2024","4495.6174229"
"Australia","Peru","Import","Copper","260300","Copper ores and concentrates","2024","31886.7612608"
"Australia","Philippines","Export","Copper","260300","Copper ores and concentrates","2024","42779808"
"Australia","Singapore","Export","Copper","260300","Copper ores and concentrates","2024","4503.23"
"Australia","United States of America","Import","Copper","260300","Copper ores and concentrates","2024","4344.2934491"
"Australia","World","Export","Copper","260300","Copper ores and concentrates","2024","1841937255.85"
"Australia","World","Import","Copper","260300","Copper ores and concentrates","2024","156585.429953"
"Australia","Zambia","Import","Copper","260300","Copper ores and concentrates","2024","1004.1191331"
"Australia","Canada","Export","Copper","262030","Slag, ash and residues; (not from the manufacture of iron or steel), containing mainly copper","2024","28437740.69"
"Australia","India","Import","Copper","262030","Slag, ash and residues; (not from the manufacture of iron or steel), containing mainly copper","2024","4258.1223947"
"Australia","Korea, Republic of","Export","Copper","262030","Slag, ash and residues; (not from the manufacture of iron or steel), containing mainly copper","2024","542220195.67"
"Australia","Singapore","Import","Copper","262030","Slag, ash and residues; (not from the manufacture of iron or steel), containing mainly copper","2024","117769.9827099"
"Australia","World","Export","Copper","262030","Slag, ash and residues; (not from the manufacture of iron or steel), containing mainly copper","2024","570657936.36"
"Australia","World","Import","Copper","262030","Slag, ash and residues; (not from the manufacture of iron or steel), containing mainly copper","2024","122028.1051046"
"Australia","United Arab Emirates","Export","Copper","282550","Copper oxides and hydroxides","2024","11086.49"
"Australia","Belgium","Export","Copper","282550","Copper oxides and hydroxides","2024","1794132.43"
"Australia","Chile","Export","Copper","282550","Copper oxides and hydroxides","2024","831799.46"
"Australia","China","Import","Copper","282550","Copper oxides and hydroxides","2024","655366.1146288"
"Australia","China","Export","Copper","282550","Copper oxides and hydroxides","2024","40910.46"
"Australia","Chinese Taipei","Export","Copper","282550","Copper oxides and hydroxides","2024","83485.22"
"Australia","Germany","Import","Copper","282550","Copper oxides and hydroxides","2024","1677657.8704942"
"Australia","European Union","Export","Copper","282550","Copper oxides and hydroxides","2024","10941841"
"Australia","European Union","Import","Copper","282550","Copper oxides and hydroxides","2024","2170757.3235529"
"Australia","Spain","Export","Copper","282550","Copper oxides and hydroxides","2024","1032046.53"
"Australia","Fiji","Export","Copper","282550","Copper oxides and hydroxides","2024","1827.95"
"Australia","France","Import","Copper","282550","Copper oxides and hydroxides","2024","493099.4530587"
"Australia","United Kingdom","Export","Copper","282550","Copper oxides and hydroxides","2024","10859500.24"
"Australia","India","Import","Copper","282550","Copper oxides and hydroxides","2024","216792.3828174"
"Australia","Ireland","Export","Copper","282550","Copper oxides and hydroxides","2024","201300.28"
"Australia","Italy","Export","Copper","282550","Copper oxides and hydroxides","2024","1515744.09"
"Australia","Japan","Export","Copper","282550","Copper oxides and hydroxides","2024","2223316.81"
"Australia","Japan","Import","Copper","282550","Copper oxides and hydroxides","2024","4065.0723085"
"Australia","Kenya","Export","Copper","282550","Copper oxides and hydroxides","2024","214773.67"
"Australia","Korea, Republic of","Import","Copper","282550","Copper oxides and hydroxides","2024","295230.2351109"
"Australia","Korea, Republic of","Export","Copper","282550","Copper oxides and hydroxides","2024","173499.59"
"Australia","Mexico","Export","Copper","282550","Copper oxides and hydroxides","2024","512485.48"
"Australia","Malaysia","Import","Copper","282550","Copper oxides and hydroxides","2024","11821.2393007"
"Australia","Netherlands","Export","Copper","282550","Copper oxides and hydroxides","2024","6398617.19"
"Australia","Norway","Import","Copper","282550","Copper oxides and hydroxides","2024","1200447.8900138"
"Australia","New Zealand","Export","Copper","282550","Copper oxides and hydroxides","2024","9934178.33"
"Australia","Peru","Import","Copper","282550","Copper oxides and hydroxides","2024","94516.1449346"
"Australia","Philippines","Import","Copper","282550","Copper oxides and hydroxides","2024","132954.0972324"
"Australia","Singapore","Import","Copper","282550","Copper oxides and hydroxides","2024","315859.703002"
"Australia","United States of America","Export","Copper","282550","Copper oxides and hydroxides","2024","10612445.1"
"Australia","United States of America","Import","Copper","282550","Copper oxides and hydroxides","2024","1369436.5075448"
"Australia","World","Export","Copper","282550","Copper oxides and hydroxides","2024","53031737.64"
"Australia","World","Import","Copper","282550","Copper oxides and hydroxides","2024","6467246.7104468"
"Australia","South Africa","Export","Copper","282550","Copper oxides and hydroxides","2024","6590588.32"
"Australia","China","Import","Copper","282741","Chloride oxides and chloride hydroxides; of copper","2024","9301.4717587"
"Australia","United States of America","Import","Copper","282741","Chloride oxides and chloride hydroxides; of copper","2024","5455.7799475"
"Australia","World","Import","Copper","282741","Chloride oxides and chloride hydroxides; of copper","2024","14757.2517062"
"Australia","Switzerland","Import","Copper","283325","Sulphates; of copper","2024","65762.1086664"
"Australia","Chile","Import","Copper","283325","Sulphates; of copper","2024","229249.4256546"
"Australia","China","Import","Copper","283325","Sulphates; of copper","2024","7713408.5823958"
"Australia","Chinese Taipei","Import","Copper","283325","Sulphates; of copper","2024","33857777.4787086"
"Australia","Germany","Import","Copper","283325","Sulphates; of copper","2024","6952.1457847"
"Australia","European Union","Import","Copper","283325","Sulphates; of copper","2024","15087.6026776"
"Australia","Spain","Import","Copper","283325","Sulphates; of copper","2024","2282.3846985"
"Australia","Fiji","Export","Copper","283325","Sulphates; of copper","2024","841.38"
"Australia","United Kingdom","Import","Copper","283325","Sulphates; of copper","2024","782.9172841"
"Australia","India","Import","Copper","283325","Sulphates; of copper","2024","2234.6072109"
"Australia","Israel","Export","Copper","283325","Sulphates; of copper","2024","70.61"
"Australia","Italy","Import","Copper","283325","Sulphates; of copper","2024","5853.0721944"
"Australia","Japan","Import","Copper","283325","Sulphates; of copper","2024","3025.4170192"
"Australia","Lao People's Democratic Republic","Export","Copper","283325","Sulphates; of copper","2024","280.46"
"Australia","Malaysia","Import","Copper","283325","Sulphates; of copper","2024","2165674.8613201"
"Australia","New Zealand","Export","Copper","283325","Sulphates; of copper","2024","741.08"
"Australia","Pakistan","Export","Copper","283325","Sulphates; of copper","2024","2349.28"
"Australia","Peru","Import","Copper","283325","Sulphates; of copper","2024","342480.3226665"
"Australia","Philippines","Export","Copper","283325","Sulphates; of copper","2024","81.17"
"Australia","Papua New Guinea","Export","Copper","283325","Sulphates; of copper","2024","2936.6"
"Australia","Singapore","Import","Copper","283325","Sulphates; of copper","2024","2379.061521"
"Australia","Singapore","Export","Copper","283325","Sulphates; of copper","2024","56.75"
"Australia","Thailand","Import","Copper","283325","Sulphates; of copper","2024","517483.8091382"
"Australia","Turkiye","Import","Copper","283325","Sulphates; of copper","2024","132970.1330466"
"Australia","United States of America","Import","Copper","283325","Sulphates; of copper","2024","21469.0186558"
"Australia","United States of America","Export","Copper","283325","Sulphates; of copper","2024","256.05"
"Australia","Viet Nam","Import","Copper","283325","Sulphates; of copper","2024","297641.2956701"
"Australia","World","Import","Copper","283325","Sulphates; of copper","2024","45369015.8436186"
"Australia","World","Export","Copper","283325","Sulphates; of copper","2024","7767.8"
"Australia","Samoa","Export","Copper","283325","Sulphates; of copper","2024","154.42"
"Australia","South Africa","Import","Copper","283325","Sulphates; of copper","2024","1589.2019831"
"Austria","Australia","Import","Copper","260300","Copper ores and concentrates","2024","2467.83"
"Austria","Chile","Import","Copper","260300","Copper ores and concentrates","2024","351.77"
"Austria","Iran","Import","Copper","260300","Copper ores and concentrates","2024","349.61"
"Austria","Namibia","Import","Copper","260300","Copper ores and concentrates","2024","1081.3"
"Austria","United States of America","Import","Copper","260300","Copper ores and concentrates","2024","3855.44"
"Austria","United States of America","Export","Copper","260300","Copper ores and concentrates","2024","1738.3"
"Austria","World","Import","Copper","260300","Copper ores and concentrates","2024","8105.95"
"Austria","World","Export","Copper","260300","Copper ores and concentrates","2024","2138.78"
"Austria","South Africa","Export","Copper","260300","Copper ores and concentrates","2024","400.48"
"Austria","Belgium","Import","Copper","262030","Slag, ash and residues; (not from the manufacture of iron or steel), containing mainly copper","2024","62736.94"
"Austria","Chile","Import","Copper","262030","Slag, ash and residues; (not from the manufacture of iron or steel), containing mainly copper","2024","242.45"
"Austria","Germany","Import","Copper","262030","Slag, ash and residues; (not from the manufacture of iron or steel), containing mainly copper","2024","390383.24"
"Austria","Germany","Export","Copper","262030","Slag, ash and residues; (not from the manufacture of iron or steel), containing mainly copper","2024","46361.6"
"Austria","France","Import","Copper","262030","Slag, ash and residues; (not from the manufacture of iron or steel), containing mainly copper","2024","711.12"
"Austria","Netherlands","Import","Copper","262030","Slag, ash and residues; (not from the manufacture of iron or steel), containing mainly copper","2024","10144.07"
"Austria","World","Import","Copper","262030","Slag, ash and residues; (not from the manufacture of iron or steel), containing mainly copper","2024","464217.82"
"Austria","World","Export","Copper","262030","Slag, ash and residues; (not from the manufacture of iron or steel), containing mainly copper","2024","46361.6"
"Austria","Albania","Export","Copper","282550","Copper oxides and hydroxides","2024","50.87"
"Austria","Armenia","Export","Copper","282550","Copper oxides and hydroxides","2024","40.05"
"Austria","Belgium","Import","Copper","282550","Copper oxides and hydroxides","2024","17.32"
"Austria","Bosnia and Herzegovina","Export","Copper","282550","Copper oxides and hydroxides","2024","59.53"
"Austria","Switzerland","Import","Copper","282550","Copper oxides and hydroxides","2024","212.15"
"Austria","Chile","Import","Copper","282550","Copper oxides and hydroxides","2024","3347903.42"
"Austria","China","Import","Copper","282550","Copper oxides and hydroxides","2024","67039.4"
"Austria","Cyprus","Export","Copper","282550","Copper oxides and hydroxides","2024","35.72"
"Austria","Germany","Import","Copper","282550","Copper oxides and hydroxides","2024","37791.31"
"Austria","Germany","Export","Copper","282550","Copper oxides and hydroxides","2024","29630.17"
"Austria","France","Import","Copper","282550","Copper oxides and hydroxides","2024","112.57"
"Austria","United Kingdom","Import","Copper","282550","Copper oxides and hydroxides","2024","57.37"
"Austria","Croatia","Export","Copper","282550","Copper oxides and hydroxides","2024","373.42"
"Austria","India","Import","Copper","282550","Copper oxides and hydroxides","2024","448.11"
"Austria","Italy","Import","Copper","282550","Copper oxides and hydroxides","2024","28512.07"
"Austria","Kazakhstan","Export","Copper","282550","Copper oxides and hydroxides","2024","28.14"
"Austria","Sri Lanka","Export","Copper","282550","Copper oxides and hydroxides","2024","1292.36"
"Austria","Lithuania","Export","Copper","282550","Copper oxides and hydroxides","2024","8.66"
"Austria","Serbia","Export","Copper","282550","Copper oxides and hydroxides","2024","1686.35"
"Austria","Sweden","Export","Copper","282550","Copper oxides and hydroxides","2024","3436.56"
"Austria","United States of America","Import","Copper","282550","Copper oxides and hydroxides","2024","7639.44"
"Austria","World","Import","Copper","282550","Copper oxides and hydroxides","2024","3489733.159999999"
"Austria","World","Export","Copper","282550","Copper oxides and hydroxides","2024","36641.82999999999"
"Austria","Switzerland","Export","Copper","282741","Chloride oxides and chloride hydroxides; of copper","2024","474.08"
"Austria","China","Export","Copper","282741","Chloride oxides and chloride hydroxides; of copper","2024","284.67"
"Austria","Czech Republic","Export","Copper","282741","Chloride oxides and chloride hydroxides; of copper","2024","999.04"
"Austria","Germany","Export","Copper","282741","Chloride oxides and chloride hydroxides; of copper","2024","3407.33"
"Austria","Estonia","Export","Copper","282741","Chloride oxides and chloride hydroxides; of copper","2024","84.43"
"Austria","France","Export","Copper","282741","Chloride oxides and chloride hydroxides; of copper","2024","239.21"
"Austria","United Kingdom","Export","Copper","282741","Chloride oxides and chloride hydroxides; of copper","2024","87.67"
"Austria","Italy","Export","Copper","282741","Chloride oxides and chloride hydroxides; of copper","2024","3495.01"
"Austria","Netherlands","Import","Copper","282741","Chloride oxides and chloride hydroxides; of copper","2024","12583.75"
"Austria","Netherlands","Export","Copper","282741","Chloride oxides and chloride hydroxides; of copper","2024","254.36"
"Austria","Poland","Export","Copper","282741","Chloride oxides and chloride hydroxides; of copper","2024","555.26"
"Austria","Romania","Export","Copper","282741","Chloride oxides and chloride hydroxides; of copper","2024","19.48"
"Austria","Slovenia","Export","Copper","282741","Chloride oxides and chloride hydroxides; of copper","2024","708.96"
"Austria","United States of America","Import","Copper","282741","Chloride oxides and chloride hydroxides; of copper","2024","296.57"
"Austria","World","Import","Copper","282741","Chloride oxides and chloride hydroxides; of copper","2024","12880.32"
"Austria","World","Export","Copper","282741","Chloride oxides and chloride hydroxides; of copper","2024","10609.5"
"Austria","Albania","Export","Copper","283325","Sulphates; of copper","2024","123.39"
"Austria","Armenia","Export","Copper","283325","Sulphates; of copper","2024","106.07"
"Austria","Azerbaijan","Export","Copper","283325","Sulphates; of copper","2024","143.96"
"Austria","Belgium","Import","Copper","283325","Sulphates; of copper","2024","1659.29"
"Austria","Belgium","Export","Copper","283325","Sulphates; of copper","2024","43.3"
"Austria","Bulgaria","Export","Copper","283325","Sulphates; of copper","2024","177.51"
"Austria","Bosnia and Herzegovina","Export","Copper","283325","Sulphates; of copper","2024","61.7"
"Austria","Brazil","Import","Copper","283325","Sulphates; of copper","2024","9209.98"
"Austria","Switzerland","Export","Copper","283325","Sulphates; of copper","2024","2615.03"
"Austria","Chile","Import","Copper","283325","Sulphates; of copper","2024","21974.49"
"Austria","China","Import","Copper","283325","Sulphates; of copper","2024","1670.11"
"Austria","Cyprus","Export","Copper","283325","Sulphates; of copper","2024","987.13"
"Austria","Czech Republic","Import","Copper","283325","Sulphates; of copper","2024","3391.1"
"Austria","Czech Republic","Export","Copper","283325","Sulphates; of copper","2024","652.67"
"Austria","Germany","Import","Copper","283325","Sulphates; of copper","2024","1008428.98"
"Austria","Germany","Export","Copper","283325","Sulphates; of copper","2024","22610.93"
"Austria","Spain","Import","Copper","283325","Sulphates; of copper","2024","24908.82"
"Austria","Estonia","Export","Copper","283325","Sulphates; of copper","2024","254.36"
"Austria","France","Export","Copper","283325","Sulphates; of copper","2024","497332.17"
"Austria","France","Import","Copper","283325","Sulphates; of copper","2024","2838"
"Austria","United Kingdom","Import","Copper","283325","Sulphates; of copper","2024","14160.78"
"Austria","Greece","Export","Copper","283325","Sulphates; of copper","2024","114.73"
"Austria","Croatia","Export","Copper","283325","Sulphates; of copper","2024","175.35"
"Austria","Hungary","Export","Copper","283325","Sulphates; of copper","2024","3208.18"
"Austria","India","Import","Copper","283325","Sulphates; of copper","2024","5366.44"
"Austria","Ireland","Export","Copper","283325","Sulphates; of copper","2024","14.07"
"Austria","Italy","Import","Copper","283325","Sulphates; of copper","2024","6249774.1"
"Austria","Italy","Export","Copper","283325","Sulphates; of copper","2024","198389.52"
"Austria","Japan","Import","Copper","283325","Sulphates; of copper","2024","1827.06"
"Austria","Kazakhstan","Export","Copper","283325","Sulphates; of copper","2024","311.73"
"Austria","Kyrgyz Republic","Export","Copper","283325","Sulphates; of copper","2024","73.6"
"Austria","Lithuania","Export","Copper","283325","Sulphates; of copper","2024","340.95"
"Austria","Latvia","Export","Copper","283325","Sulphates; of copper","2024","129.89"
"Austria","Moldova, Republic of","Export","Copper","283325","Sulphates; of copper","2024","11.91"
"Austria","North Macedonia","Export","Copper","283325","Sulphates; of copper","2024","45.46"
"Austria","Montenegro","Export","Copper","283325","Sulphates; of copper","2024","148.29"
"Austria","Malaysia","Export","Copper","283325","Sulphates; of copper","2024","1123316.09"
"Austria","Malaysia","Import","Copper","283325","Sulphates; of copper","2024","1.08"
"Austria","Netherlands","Import","Copper","283325","Sulphates; of copper","2024","24808.16"
"Austria","Netherlands","Export","Copper","283325","Sulphates; of copper","2024","87.67"
"Austria","Philippines","Export","Copper","283325","Sulphates; of copper","2024","58.45"
"Austria","Poland","Import","Copper","283325","Sulphates; of copper","2024","649331.94"
"Austria","Poland","Export","Copper","283325","Sulphates; of copper","2024","59.53"
"Austria","Romania","Export","Copper","283325","Sulphates; of copper","2024","6064.58"
"Austria","Romania","Import","Copper","283325","Sulphates; of copper","2024","806.37"
"Austria","Serbia","Export","Copper","283325","Sulphates; of copper","2024","44.38"
"Austria","Slovak Republic","Export","Copper","283325","Sulphates; of copper","2024","15.15"
"Austria","Slovenia","Import","Copper","283325","Sulphates; of copper","2024","254.36"
"Austria","Slovenia","Export","Copper","283325","Sulphates; of copper","2024","208.9"
"Austria","Sweden","Import","Copper","283325","Sulphates; of copper","2024","318.22"
"Austria","Sweden","Export","Copper","283325","Sulphates; of copper","2024","10.82"
"Austria","Turkiye","Export","Copper","283325","Sulphates; of copper","2024","89.84"
"Austria","Turkiye","Import","Copper","283325","Sulphates; of copper","2024","12.99"
"Austria","Uganda","Export","Copper","283325","Sulphates; of copper","2024","111.48"
"Austria","Ukraine","Export","Copper","283325","Sulphates; of copper","2024","41.13"
"Austria","United States of America","Import","Copper","283325","Sulphates; of copper","2024","177829.7"
"Austria","Uzbekistan","Export","Copper","283325","Sulphates; of copper","2024","44.38"
"Austria","World","Import","Copper","283325","Sulphates; of copper","2024","8198571.97"
"Austria","World","Export","Copper","283325","Sulphates; of copper","2024","1858224.3"
"Azerbaijan","Switzerland","Export","Copper","260300","Copper ores and concentrates","2024","1691264.2"
"Azerbaijan","Georgia","Export","Copper","260300","Copper ores and concentrates","2024","399180"
"Azerbaijan","Georgia","Import","Copper","260300","Copper ores and concentrates","2024","295.9"
"Azerbaijan","Turkiye","Export","Copper","260300","Copper ores and concentrates","2024","20"
"Azerbaijan","World","Export","Copper","260300","Copper ores and concentrates","2024","2090464.2"
"Azerbaijan","World","Import","Copper","260300","Copper ores and concentrates","2024","295.9"
"Azerbaijan","Switzerland","Export","Copper","262030","Slag, ash and residues; (not from the manufacture of iron or steel), containing mainly copper","2024","548.43"
"Azerbaijan","Iran","Import","Copper","262030","Slag, ash and residues; (not from the manufacture of iron or steel), containing mainly copper","2024","32418"
"Azerbaijan","World","Import","Copper","262030","Slag, ash and residues; (not from the manufacture of iron or steel), containing mainly copper","2024","32418"
"Azerbaijan","World","Export","Copper","262030","Slag, ash and residues; (not from the manufacture of iron or steel), containing mainly copper","2024","548.43"
"Azerbaijan","China","Import","Copper","282550","Copper oxides and hydroxides","2024","78.59"
"Azerbaijan","Turkiye","Import","Copper","282550","Copper oxides and hydroxides","2024","330.13"
"Azerbaijan","United States of America","Import","Copper","282550","Copper oxides and hydroxides","2024","108371.98"
"Azerbaijan","World","Import","Copper","282550","Copper oxides and hydroxides","2024","108780.7"
"Azerbaijan","Belgium","Import","Copper","283325","Sulphates; of copper","2024","11.66"
"Azerbaijan","Germany","Import","Copper","283325","Sulphates; of copper","2024","538.51"
"Azerbaijan","European Union","Import","Copper","283325","Sulphates; of copper","2024","5581.04"
"Azerbaijan","France","Import","Copper","283325","Sulphates; of copper","2024","137.97"
"Azerbaijan","United Kingdom","Import","Copper","283325","Sulphates; of copper","2024","163.37"
"Azerbaijan","Iran","Import","Copper","283325","Sulphates; of copper","2024","18120"
"Azerbaijan","Italy","Import","Copper","283325","Sulphates; of copper","2024","106.42"
"Azerbaijan","Poland","Import","Copper","283325","Sulphates; of copper","2024","4786.48"
"Azerbaijan","Russian Federation","Import","Copper","283325","Sulphates; of copper","2024","213844.03"
"Azerbaijan","Turkiye","Import","Copper","283325","Sulphates; of copper","2024","604374.25"
"Azerbaijan","Uzbekistan","Import","Copper","283325","Sulphates; of copper","2024","7707.91"
"Azerbaijan","World","Import","Copper","283325","Sulphates; of copper","2024","849790.6000000001"
"Belgium","Austria","Import","Copper","260300","Copper ores and concentrates","2024","332.23"
"Belgium","Canada","Export","Copper","260300","Copper ores and concentrates","2024","1.05"
"Belgium","Canada","Import","Copper","260300","Copper ores and concentrates","2024","0.99"
"Belgium","Switzerland","Export","Copper","260300","Copper ores and concentrates","2024","1.05"
"Belgium","China","Export","Copper","260300","Copper ores and concentrates","2024","3034.99"
"Belgium","China","Import","Copper","260300","Copper ores and concentrates","2024","866.95"
"Belgium","Germany","Import","Copper","260300","Copper ores and concentrates","2024","1117195.48"
"Belgium","Finland","Import","Copper","260300","Copper ores and concentrates","2024","242929.64"
"Belgium","United Kingdom","Export","Copper","260300","Copper ores and concentrates","2024","13.62"
"Belgium","Ghana","Import","Copper","260300","Copper ores and concentrates","2024","9.58"
"Belgium","Hong Kong, China","Export","Copper","260300","Copper ores and concentrates","2024","14075.61"
"Belgium","Indonesia","Import","Copper","260300","Copper ores and concentrates","2024","671.78"
"Belgium","Japan","Export","Copper","260300","Copper ores and concentrates","2024","323977.63"
"Belgium","Japan","Import","Copper","260300","Copper ores and concentrates","2024","233371.92"
"Belgium","Cambodia","Export","Copper","260300","Copper ores and concentrates","2024","15758.22"
"Belgium","Korea, Republic of","Export","Copper","260300","Copper ores and concentrates","2024","2788519.75"
"Belgium","Korea, Republic of","Import","Copper","260300","Copper ores and concentrates","2024","85.75"
"Belgium","Netherlands","Import","Copper","260300","Copper ores and concentrates","2024","61459.71"
"Belgium","Netherlands","Export","Copper","260300","Copper ores and concentrates","2024","1427.69"
"Belgium","Peru","Import","Copper","260300","Copper ores and concentrates","2024","123.18"
"Belgium","Somalia","Import","Copper","260300","Copper ores and concentrates","2024","35.61"
"Belgium","Turkiye","Export","Copper","260300","Copper ores and concentrates","2024","4.19"
"Belgium","United States of America","Export","Copper","260300","Copper ores and concentrates","2024","22695.11"
"Belgium","United States of America","Import","Copper","260300","Copper ores and concentrates","2024","309.12"
"Belgium","World","Export","Copper","260300","Copper ores and concentrates","2024","3169508.91"
"Belgium","World","Import","Copper","260300","Copper ores and concentrates","2024","1657391.94"
"Belgium","Australia","Import","Copper","262030","Slag, ash and residues; (not from the manufacture of iron or steel), containing mainly copper","2024","2535050.66"
"Belgium","Austria","Import","Copper","262030","Slag, ash and residues; (not from the manufacture of iron or steel), containing mainly copper","2024","2780078.48"
"Belgium","Brazil","Import","Copper","262030","Slag, ash and residues; (not from the manufacture of iron or steel), containing mainly copper","2024","5580187.91"
"Belgium","Canada","Import","Copper","262030","Slag, ash and residues; (not from the manufacture of iron or steel), containing mainly copper","2024","1741817.45"
"Belgium","Switzerland","Import","Copper","262030","Slag, ash and residues; (not from the manufacture of iron or steel), containing mainly copper","2024","434272.09"
"Belgium","Chile","Import","Copper","262030","Slag, ash and residues; (not from the manufacture of iron or steel), containing mainly copper","2024","263214.92"
"Belgium","China","Export","Copper","262030","Slag, ash and residues; (not from the manufacture of iron or steel), containing mainly copper","2024","2502.61"
"Belgium","Cote d'Ivoire","Import","Copper","262030","Slag, ash and residues; (not from the manufacture of iron or steel), containing mainly copper","2024","12189.41"
"Belgium","Germany","Import","Copper","262030","Slag, ash and residues; (not from the manufacture of iron or steel), containing mainly copper","2024","23174091.98"
"Belgium","Germany","Export","Copper","262030","Slag, ash and residues; (not from the manufacture of iron or steel), containing mainly copper","2024","813471"
"Belgium","Denmark","Import","Copper","262030","Slag, ash and residues; (not from the manufacture of iron or steel), containing mainly copper","2024","408891.98"
"Belgium","Algeria","Import","Copper","262030","Slag, ash and residues; (not from the manufacture of iron or steel), containing mainly copper","2024","1610.24"
"Belgium","Spain","Export","Copper","262030","Slag, ash and residues; (not from the manufacture of iron or steel), containing mainly copper","2024","22794365.65"
"Belgium","Finland","Import","Copper","262030","Slag, ash and residues; (not from the manufacture of iron or steel), containing mainly copper","2024","229569.92"
"Belgium","France","Import","Copper","262030","Slag, ash and residues; (not from the manufacture of iron or steel), containing mainly copper","2024","5690861.49"
"Belgium","United Kingdom","Import","Copper","262030","Slag, ash and residues; (not from the manufacture of iron or steel), containing mainly copper","2024","1942646.13"
"Belgium","United Kingdom","Export","Copper","262030","Slag, ash and residues; (not from the manufacture of iron or steel), containing mainly copper","2024","86590.51"
"Belgium","Ghana","Import","Copper","262030","Slag, ash and residues; (not from the manufacture of iron or steel), containing mainly copper","2024","28294.2"
"Belgium","Guinea","Import","Copper","262030","Slag, ash and residues; (not from the manufacture of iron or steel), containing mainly copper","2024","170019.45"
"Belgium","Indonesia","Import","Copper","262030","Slag, ash and residues; (not from the manufacture of iron or steel), containing mainly copper","2024","77498.77"
"Belgium","India","Import","Copper","262030","Slag, ash and residues; (not from the manufacture of iron or steel), containing mainly copper","2024","830451.66"
"Belgium","Ireland","Import","Copper","262030","Slag, ash and residues; (not from the manufacture of iron or steel), containing mainly copper","2024","5948.49"
"Belgium","Italy","Import","Copper","262030","Slag, ash and residues; (not from the manufacture of iron or steel), containing mainly copper","2024","5381832.42"
"Belgium","Japan","Import","Copper","262030","Slag, ash and residues; (not from the manufacture of iron or steel), containing mainly copper","2024","9487699.01"
"Belgium","Luxembourg","Import","Copper","262030","Slag, ash and residues; (not from the manufacture of iron or steel), containing mainly copper","2024","104171.15"
"Belgium","Latvia","Import","Copper","262030","Slag, ash and residues; (not from the manufacture of iron or steel), containing mainly copper","2024","219409.87"
"Belgium","Morocco","Import","Copper","262030","Slag, ash and residues; (not from the manufacture of iron or steel), containing mainly copper","2024","140042.43"
"Belgium","Mexico","Import","Copper","262030","Slag, ash and residues; (not from the manufacture of iron or steel), containing mainly copper","2024","306455.15"
"Belgium","Malaysia","Import","Copper","262030","Slag, ash and residues; (not from the manufacture of iron or steel), containing mainly copper","2024","199718.6"
"Belgium","Nigeria","Import","Copper","262030","Slag, ash and residues; (not from the manufacture of iron or steel), containing mainly copper","2024","1500802.94"
"Belgium","Netherlands","Import","Copper","262030","Slag, ash and residues; (not from the manufacture of iron or steel), containing mainly copper","2024","622446.45"
"Belgium","Netherlands","Export","Copper","262030","Slag, ash and residues; (not from the manufacture of iron or steel), containing mainly copper","2024","271523.11"
"Belgium","New Zealand","Import","Copper","262030","Slag, ash and residues; (not from the manufacture of iron or steel), containing mainly copper","2024","998443.67"
"Belgium","Poland","Import","Copper","262030","Slag, ash and residues; (not from the manufacture of iron or steel), containing mainly copper","2024","168845.46"
"Belgium","Qatar","Import","Copper","262030","Slag, ash and residues; (not from the manufacture of iron or steel), containing mainly copper","2024","395.82"
"Belgium","Saudi Arabia, Kingdom of","Import","Copper","262030","Slag, ash and residues; (not from the manufacture of iron or steel), containing mainly copper","2024","595350.83"
"Belgium","Sweden","Import","Copper","262030","Slag, ash and residues; (not from the manufacture of iron or steel), containing mainly copper","2024","887413.41"
"Belgium","Turkiye","Import","Copper","262030","Slag, ash and residues; (not from the manufacture of iron or steel), containing mainly copper","2024","360987.85"
"Belgium","United States of America","Import","Copper","262030","Slag, ash and residues; (not from the manufacture of iron or steel), containing mainly copper","2024","25819419.93"
"Belgium","World","Import","Copper","262030","Slag, ash and residues; (not from the manufacture of iron or steel), containing mainly copper","2024","94404777.16"
"Belgium","World","Export","Copper","262030","Slag, ash and residues; (not from the manufacture of iron or steel), containing mainly copper","2024","23968452.88"
"Belgium","South Africa","Import","Copper","262030","Slag, ash and residues; (not from the manufacture of iron or steel), containing mainly copper","2024","1704646.94"
"Belgium","Australia","Import","Copper","282550","Copper oxides and hydroxides","2024","1455183.93"
"Belgium","Australia","Export","Copper","282550","Copper oxides and hydroxides","2024","110432.91"
"Belgium","Austria","Export","Copper","282550","Copper oxides and hydroxides","2024","129.32"
"Belgium","Brazil","Export","Copper","282550","Copper oxides and hydroxides","2024","258974.15"
"Belgium","Canada","Export","Copper","282550","Copper oxides and hydroxides","2024","470.05"
"Belgium","Switzerland","Export","Copper","282550","Copper oxides and hydroxides","2024","91409.96"
"Belgium","China","Import","Copper","282550","Copper oxides and hydroxides","2024","183.09"
"Belgium","China","Export","Copper","282550","Copper oxides and hydroxides","2024","30.5"
"Belgium","Chinese Taipei","Import","Copper","282550","Copper oxides and hydroxides","2024","35846.99"
"Belgium","Chinese Taipei","Export","Copper","282550","Copper oxides and hydroxides","2024","133.46"
"Belgium","Czech Republic","Export","Copper","282550","Copper oxides and hydroxides","2024","5297.32"
"Belgium","Germany","Export","Copper","282550","Copper oxides and hydroxides","2024","1633451.9"
"Belgium","Germany","Import","Copper","282550","Copper oxides and hydroxides","2024","1068955.96"
"Belgium","Denmark","Export","Copper","282550","Copper oxides and hydroxides","2024","258.53"
"Belgium","Algeria","Export","Copper","282550","Copper oxides and hydroxides","2024","404731.24"
"Belgium","Spain","Export","Copper","282550","Copper oxides and hydroxides","2024","295016.8"
"Belgium","Spain","Import","Copper","282550","Copper oxides and hydroxides","2024","51299.85"
"Belgium","Finland","Export","Copper","282550","Copper oxides and hydroxides","2024","4025.84"
"Belgium","Finland","Import","Copper","282550","Copper oxides and hydroxides","2024","127.37"
"Belgium","France","Export","Copper","282550","Copper oxides and hydroxides","2024","248591.19"
"Belgium","France","Import","Copper","282550","Copper oxides and hydroxides","2024","175407.61"
"Belgium","United Kingdom","Export","Copper","282550","Copper oxides and hydroxides","2024","29937.45"
"Belgium","United Kingdom","Import","Copper","282550","Copper oxides and hydroxides","2024","1466.94"
"Belgium","Guinea","Export","Copper","282550","Copper oxides and hydroxides","2024","144.61"
"Belgium","Greece","Export","Copper","282550","Copper oxides and hydroxides","2024","12603.01"
"Belgium","Croatia","Export","Copper","282550","Copper oxides and hydroxides","2024","482.73"
"Belgium","Hungary","Export","Copper","282550","Copper oxides and hydroxides","2024","384.97"
"Belgium","India","Import","Copper","282550","Copper oxides and hydroxides","2024","5182.81"
"Belgium","India","Export","Copper","282550","Copper oxides and hydroxides","2024","62.29"
"Belgium","Ireland","Export","Copper","282550","Copper oxides and hydroxides","2024","50693.69"
"Belgium","Israel","Export","Copper","282550","Copper oxides and hydroxides","2024","118.77"
"Belgium","Italy","Import","Copper","282550","Copper oxides and hydroxides","2024","403274.22"
"Belgium","Italy","Export","Copper","282550","Copper oxides and hydroxides","2024","39360.77"
"Belgium","Japan","Import","Copper","282550","Copper oxides and hydroxides","2024","466.87"
"Belgium","Korea, Republic of","Import","Copper","282550","Copper oxides and hydroxides","2024","125083.93"
"Belgium","Korea, Republic of","Export","Copper","282550","Copper oxides and hydroxides","2024","56799.53"
"Belgium","Lebanese Republic","Export","Copper","282550","Copper oxides and hydroxides","2024","53.61"
"Belgium","Sri Lanka","Export","Copper","282550","Copper oxides and hydroxides","2024","132.16"
"Belgium","Malta","Export","Copper","282550","Copper oxides and hydroxides","2024","33.29"
"Belgium","Malaysia","Export","Copper","282550","Copper oxides and hydroxides","2024","20344.93"
"Belgium","Netherlands","Import","Copper","282550","Copper oxides and hydroxides","2024","69498.5"
"Belgium","Netherlands","Export","Copper","282550","Copper oxides and hydroxides","2024","54478.46"
"Belgium","Poland","Export","Copper","282550","Copper oxides and hydroxides","2024","31873.93"
"Belgium","Portugal","Export","Copper","282550","Copper oxides and hydroxides","2024","5375.47"
"Belgium","Slovak Republic","Export","Copper","282550","Copper oxides and hydroxides","2024","61.14"
"Belgium","Slovenia","Export","Copper","282550","Copper oxides and hydroxides","2024","3937.44"
"Belgium","Sweden","Export","Copper","282550","Copper oxides and hydroxides","2024","33486.7"
"Belgium","Sweden","Import","Copper","282550","Copper oxides and hydroxides","2024","106.42"
"Belgium","Thailand","Export","Copper","282550","Copper oxides and hydroxides","2024","9483.96"
"Belgium","Turkiye","Export","Copper","282550","Copper oxides and hydroxides","2024","391785.41"
"Belgium","Turkiye","Import","Copper","282550","Copper oxides and hydroxides","2024","319.6"
"Belgium","Uruguay","Export","Copper","282550","Copper oxides and hydroxides","2024","40.47"
"Belgium","United States of America","Import","Copper","282550","Copper oxides and hydroxides","2024","145541.43"
"Belgium","United States of America","Export","Copper","282550","Copper oxides and hydroxides","2024","138342.33"
"Belgium","Viet Nam","Export","Copper","282550","Copper oxides and hydroxides","2024","31789.55"
"Belgium","World","Export","Copper","282550","Copper oxides and hydroxides","2024","3964759.84"
"Belgium","World","Import","Copper","282550","Copper oxides and hydroxides","2024","3537945.52"
"Belgium","Switzerland","Import","Copper","282741","Chloride oxides and chloride hydroxides; of copper","2024","149.65"
"Belgium","Czech Republic","Import","Copper","282741","Chloride oxides and chloride hydroxides; of copper","2024","815880.37"
"Belgium","Germany","Export","Copper","282741","Chloride oxides and chloride hydroxides; of copper","2024","88743.09"
"Belgium","Germany","Import","Copper","282741","Chloride oxides and chloride hydroxides; of copper","2024","177.74"
"Belgium","Spain","Export","Copper","282741","Chloride oxides and chloride hydroxides; of copper","2024","3872890.1"
"Belgium","France","Export","Copper","282741","Chloride oxides and chloride hydroxides; of copper","2024","1670819.54"
"Belgium","France","Import","Copper","282741","Chloride oxides and chloride hydroxides; of copper","2024","492792.77"
"Belgium","Italy","Export","Copper","282741","Chloride oxides and chloride hydroxides; of copper","2024","2667.15"
"Belgium","Netherlands","Export","Copper","282741","Chloride oxides and chloride hydroxides; of copper","2024","433849.72"
"Belgium","Netherlands","Import","Copper","282741","Chloride oxides and chloride hydroxides; of copper","2024","180202.52"
"Belgium","Peru","Import","Copper","282741","Chloride oxides and chloride hydroxides; of copper","2024","65537.96"
"Belgium","World","Export","Copper","282741","Chloride oxides and chloride hydroxides; of copper","2024","6068969.6"
"Belgium","World","Import","Copper","282741","Chloride oxides and chloride hydroxides; of copper","2024","1554741.01"
"Belgium","United Arab Emirates","Export","Copper","283325","Sulphates; of copper","2024","45.55"
"Belgium","Argentina","Export","Copper","283325","Sulphates; of copper","2024","36.22"
"Belgium","Armenia","Export","Copper","283325","Sulphates; of copper","2024","2947.48"
"Belgium","Australia","Export","Copper","283325","Sulphates; of copper","2024","122.04"
"Belgium","Austria","Export","Copper","283325","Sulphates; of copper","2024","7734.53"
"Belgium","Bangladesh","Export","Copper","283325","Sulphates; of copper","2024","105.93"
"Belgium","Bulgaria","Export","Copper","283325","Sulphates; of copper","2024","78.73"
"Belgium","Brazil","Import","Copper","283325","Sulphates; of copper","2024","186095.89"
"Belgium","Canada","Export","Copper","283325","Sulphates; of copper","2024","8.6"
"Belgium","Switzerland","Export","Copper","283325","Sulphates; of copper","2024","18113.55"
"Belgium","Switzerland","Import","Copper","283325","Sulphates; of copper","2024","496.84"
"Belgium","Chile","Import","Copper","283325","Sulphates; of copper","2024","97937.55"
"Belgium","China","Export","Copper","283325","Sulphates; of copper","2024","1340.82"
"Belgium","China","Import","Copper","283325","Sulphates; of copper","2024","112.34"
"Belgium","Chinese Taipei","Export","Copper","283325","Sulphates; of copper","2024","12682.76"
"Belgium","Cote d'Ivoire","Export","Copper","283325","Sulphates; of copper","2024","1086.91"
"Belgium","Congo","Export","Copper","283325","Sulphates; of copper","2024","52.08"
"Belgium","Cyprus","Export","Copper","283325","Sulphates; of copper","2024","23008.28"
"Belgium","Czech Republic","Export","Copper","283325","Sulphates; of copper","2024","328.02"
"Belgium","Germany","Import","Copper","283325","Sulphates; of copper","2024","261708.72"
"Belgium","Germany","Export","Copper","283325","Sulphates; of copper","2024","238216.66"
"Belgium","Denmark","Import","Copper","283325","Sulphates; of copper","2024","7379.24"
"Belgium","Denmark","Export","Copper","283325","Sulphates; of copper","2024","4684.72"
"Belgium","Dominican Republic","Export","Copper","283325","Sulphates; of copper","2024","14079.4"
"Belgium","Algeria","Export","Copper","283325","Sulphates; of copper","2024","8255.77"
"Belgium","Egypt","Export","Copper","283325","Sulphates; of copper","2024","11957.97"
"Belgium","Spain","Import","Copper","283325","Sulphates; of copper","2024","958033.55"
"Belgium","Spain","Export","Copper","283325","Sulphates; of copper","2024","35811.45"
"Belgium","Estonia","Export","Copper","283325","Sulphates; of copper","2024","164.41"
"Belgium","Finland","Export","Copper","283325","Sulphates; of copper","2024","22181.67"
"Belgium","France","Import","Copper","283325","Sulphates; of copper","2024","230199.13"
"Belgium","France","Export","Copper","283325","Sulphates; of copper","2024","216799.51"
"Belgium","United Kingdom","Export","Copper","283325","Sulphates; of copper","2024","48861.38"
"Belgium","United Kingdom","Import","Copper","283325","Sulphates; of copper","2024","13554.77"
"Belgium","Greece","Export","Copper","283325","Sulphates; of copper","2024","431.38"
"Belgium","Hong Kong, China","Export","Copper","283325","Sulphates; of copper","2024","282.68"
"Belgium","Croatia","Export","Copper","283325","Sulphates; of copper","2024","14.2"
"Belgium","Hungary","Export","Copper","283325","Sulphates; of copper","2024","105047.67"
"Belgium","Indonesia","Export","Copper","283325","Sulphates; of copper","2024","161.15"
"Belgium","India","Import","Copper","283325","Sulphates; of copper","2024","3991.27"
"Belgium","India","Export","Copper","283325","Sulphates; of copper","2024","287.34"
"Belgium","Ireland","Import","Copper","283325","Sulphates; of copper","2024","2669.13"
"Belgium","Ireland","Export","Copper","283325","Sulphates; of copper","2024","1995.46"
"Belgium","Israel","Export","Copper","283325","Sulphates; of copper","2024","1141.5"
"Belgium","Italy","Import","Copper","283325","Sulphates; of copper","2024","156924.81"
"Belgium","Italy","Export","Copper","283325","Sulphates; of copper","2024","5512.69"
"Belgium","Jamaica","Export","Copper","283325","Sulphates; of copper","2024","64104.74"
"Belgium","Jordan","Export","Copper","283325","Sulphates; of copper","2024","8307.92"
"Belgium","Korea, Republic of","Export","Copper","283325","Sulphates; of copper","2024","2358.93"
"Belgium","Lebanese Republic","Export","Copper","283325","Sulphates; of copper","2024","25699.76"
"Belgium","Sri Lanka","Export","Copper","283325","Sulphates; of copper","2024","3733.49"
"Belgium","Lithuania","Export","Copper","283325","Sulphates; of copper","2024","16.19"
"Belgium","Luxembourg","Export","Copper","283325","Sulphates; of copper","2024","2597.87"
"Belgium","Latvia","Export","Copper","283325","Sulphates; of copper","2024","30.36"
"Belgium","Moldova, Republic of","Export","Copper","283325","Sulphates; of copper","2024","251.41"
"Belgium","Madagascar","Export","Copper","283325","Sulphates; of copper","2024","2541.1"
"Belgium","Mexico","Import","Copper","283325","Sulphates; of copper","2024","171.2"
"Belgium","North Macedonia","Export","Copper","283325","Sulphates; of copper","2024","106.92"
"Belgium","Malta","Import","Copper","283325","Sulphates; of copper","2024","845444.37"
"Belgium","Malta","Export","Copper","283325","Sulphates; of copper","2024","142.35"
"Belgium","Mauritius","Export","Copper","283325","Sulphates; of copper","2024","83.89"
"Belgium","Malaysia","Export","Copper","283325","Sulphates; of copper","2024","212.44"
"Belgium","Nigeria","Export","Copper","283325","Sulphates; of copper","2024","28007.08"
"Belgium","Netherlands","Import","Copper","283325","Sulphates; of copper","2024","4017109.36"
"Belgium","Netherlands","Export","Copper","283325","Sulphates; of copper","2024","809502.69"
"Belgium","Norway","Export","Copper","283325","Sulphates; of copper","2024","158.12"
"Belgium","Philippines","Export","Copper","283325","Sulphates; of copper","2024","381.99"
"Belgium","Poland","Import","Copper","283325","Sulphates; of copper","2024","2527567.4"
"Belgium","Poland","Export","Copper","283325","Sulphates; of copper","2024","30217.44"
"Belgium","Portugal","Export","Copper","283325","Sulphates; of copper","2024","2029.84"
"Belgium","Romania","Export","Copper","283325","Sulphates; of copper","2024","2136.28"
"Belgium","Russian Federation","Import","Copper","283325","Sulphates; of copper","2024","3309.49"
"Belgium","Saudi Arabia, Kingdom of","Export","Copper","283325","Sulphates; of copper","2024","547.01"
"Belgium","Singapore","Export","Copper","283325","Sulphates; of copper","2024","1.05"
"Belgium","Serbia","Export","Copper","283325","Sulphates; of copper","2024","46.36"
"Belgium","Slovak Republic","Export","Copper","283325","Sulphates; of copper","2024","39.11"
"Belgium","Slovak Republic","Import","Copper","283325","Sulphates; of copper","2024","34.49"
"Belgium","Slovenia","Export","Copper","283325","Sulphates; of copper","2024","36670.02"
"Belgium","Sweden","Export","Copper","283325","Sulphates; of copper","2024","11756.95"
"Belgium","Sweden","Import","Copper","283325","Sulphates; of copper","2024","287.36"
"Belgium","Syrian Arab Republic","Export","Copper","283325","Sulphates; of copper","2024","2119.72"
"Belgium","Togo","Export","Copper","283325","Sulphates; of copper","2024","6.91"
"Belgium","Thailand","Export","Copper","283325","Sulphates; of copper","2024","7115.12"
"Belgium","Trinidad and Tobago","Export","Copper","283325","Sulphates; of copper","2024","11736.2"
"Belgium","Tunisia","Export","Copper","283325","Sulphates; of copper","2024","76025.93"
"Belgium","Turkiye","Import","Copper","283325","Sulphates; of copper","2024","935251.07"
"Belgium","Turkiye","Export","Copper","283325","Sulphates; of copper","2024","2908.55"
"Belgium","Uganda","Export","Copper","283325","Sulphates; of copper","2024","109.27"
"Belgium","Uruguay","Export","Copper","283325","Sulphates; of copper","2024","601.76"
"Belgium","United States of America","Import","Copper","283325","Sulphates; of copper","2024","75481.94"
"Belgium","United States of America","Export","Copper","283325","Sulphates; of copper","2024","47912.37"
"Belgium","Viet Nam","Export","Copper","283325","Sulphates; of copper","2024","123"
"Belgium","World","Import","Copper","283325","Sulphates; of copper","2024","10323759.92"
"Belgium","World","Export","Copper","283325","Sulphates; of copper","2024","1964151.7"
"Belgium","Yemen","Export","Copper","283325","Sulphates; of copper","2024","233.05"
"Burkina Faso","United Arab Emirates","Import","Copper","282741","Chloride oxides and chloride hydroxides; of copper","2024","1906.5"
"Burkina Faso","World","Import","Copper","282741","Chloride oxides and chloride hydroxides; of copper","2024","1906.5"
"Burkina Faso","European Union","Import","Copper","283325","Sulphates; of copper","2024","2301.09"
"Burkina Faso","France","Import","Copper","283325","Sulphates; of copper","2024","2301.09"
"Burkina Faso","World","Import","Copper","283325","Sulphates; of copper","2024","2301.09"
"Bulgaria","Armenia","Import","Copper","260300","Copper ores and concentrates","2024","51421176.8"
"Bulgaria","Brazil","Import","Copper","260300","Copper ores and concentrates","2024","471307572"
"Bulgaria","Canada","Export","Copper","260300","Copper ores and concentrates","2024","37293047.55"
"Bulgaria","Switzerland","Export","Copper","260300","Copper ores and concentrates","2024","23084183.37"
"Bulgaria","Chile","Import","Copper","260300","Copper ores and concentrates","2024","341250177.2"
"Bulgaria","China","Export","Copper","260300","Copper ores and concentrates","2024","378385546.13"
"Bulgaria","Chinese Taipei","Export","Copper","260300","Copper ores and concentrates","2024","2776618.13"
"Bulgaria","Cyprus","Import","Copper","260300","Copper ores and concentrates","2024","7535997.26"
"Bulgaria","Georgia","Import","Copper","260300","Copper ores and concentrates","2024","59140228.8"
"Bulgaria","Georgia","Export","Copper","260300","Copper ores and concentrates","2024","4703300.66"
"Bulgaria","Indonesia","Import","Copper","260300","Copper ores and concentrates","2024","507497579.94"
"Bulgaria","North Macedonia","Import","Copper","260300","Copper ores and concentrates","2024","71740464.3"
"Bulgaria","Namibia","Import","Copper","260300","Copper ores and concentrates","2024","96721491.31"
"Bulgaria","Peru","Import","Copper","260300","Copper ores and concentrates","2024","377518237.88"
"Bulgaria","Papua New Guinea","Import","Copper","260300","Copper ores and concentrates","2024","103978796.02"
"Bulgaria","Poland","Export","Copper","260300","Copper ores and concentrates","2024","649877.7"
"Bulgaria","Portugal","Import","Copper","260300","Copper ores and concentrates","2024","17478690.88"
"Bulgaria","Romania","Import","Copper","260300","Copper ores and concentrates","2024","13018111.14"
"Bulgaria","Serbia","Export","Copper","260300","Copper ores and concentrates","2024","60793465.38"
"Bulgaria","Serbia","Import","Copper","260300","Copper ores and concentrates","2024","38696075.83"
"Bulgaria","Turkiye","Import","Copper","260300","Copper ores and concentrates","2024","381395878.31"
"Bulgaria","World","Import","Copper","260300","Copper ores and concentrates","2024","2538700477.67"
"Bulgaria","World","Export","Copper","260300","Copper ores and concentrates","2024","507686038.92"
"Bulgaria","Belgium","Export","Copper","262030","Slag, ash and residues; (not from the manufacture of iron or steel), containing mainly copper","2024","575480.7"
"Bulgaria","Italy","Export","Copper","262030","Slag, ash and residues; (not from the manufacture of iron or steel), containing mainly copper","2024","1582433.92"
"Bulgaria","Poland","Export","Copper","262030","Slag, ash and residues; (not from the manufacture of iron or steel), containing mainly copper","2024","1140588.26"
"Bulgaria","World","Export","Copper","262030","Slag, ash and residues; (not from the manufacture of iron or steel), containing mainly copper","2024","3298502.88"
"Bulgaria","Germany","Import","Copper","282550","Copper oxides and hydroxides","2024","811742.54"
"Bulgaria","United Kingdom","Import","Copper","282550","Copper oxides and hydroxides","2024","6485.08"
"Bulgaria","Serbia","Export","Copper","282550","Copper oxides and hydroxides","2024","492.3"
"Bulgaria","United States of America","Import","Copper","282550","Copper oxides and hydroxides","2024","2298.87"
"Bulgaria","World","Import","Copper","282550","Copper oxides and hydroxides","2024","820526.49"
"Bulgaria","World","Export","Copper","282550","Copper oxides and hydroxides","2024","492.3"
"Bulgaria","Germany","Import","Copper","282741","Chloride oxides and chloride hydroxides; of copper","2024","684752.44"
"Bulgaria","World","Import","Copper","282741","Chloride oxides and chloride hydroxides; of copper","2024","684752.44"
"Bulgaria","Albania","Export","Copper","283325","Sulphates; of copper","2024","60692.26"
"Bulgaria","Armenia","Export","Copper","283325","Sulphates; of copper","2024","13.28"
"Bulgaria","Belgium","Import","Copper","283325","Sulphates; of copper","2024","283.21"
"Bulgaria","China","Import","Copper","283325","Sulphates; of copper","2024","126.12"
"Bulgaria","Germany","Import","Copper","283325","Sulphates; of copper","2024","613.44"
"Bulgaria","Spain","Import","Copper","283325","Sulphates; of copper","2024","37369.98"
"Bulgaria","Greece","Export","Copper","283325","Sulphates; of copper","2024","46220.86"
"Bulgaria","Ireland","Import","Copper","283325","Sulphates; of copper","2024","106.2"
"Bulgaria","Italy","Import","Copper","283325","Sulphates; of copper","2024","11600.57"
"Bulgaria","North Macedonia","Export","Copper","283325","Sulphates; of copper","2024","186604.28"
"Bulgaria","Poland","Import","Copper","283325","Sulphates; of copper","2024","573576.22"
"Bulgaria","Turkiye","Import","Copper","283325","Sulphates; of copper","2024","409941.87"
"Bulgaria","Turkiye","Export","Copper","283325","Sulphates; of copper","2024","3245.31"
"Bulgaria","World","Import","Copper","283325","Sulphates; of copper","2024","1033617.61"
"Bulgaria","World","Export","Copper","283325","Sulphates; of copper","2024","296775.99"
"Bahrain, Kingdom of","Pakistan","Import","Copper","260300","Copper ores and concentrates","2024","596.03"
"Bahrain, Kingdom of","World","Import","Copper","260300","Copper ores and concentrates","2024","596.03"
"Bahrain, Kingdom of","Japan","Import","Copper","262030","Slag, ash and residues; (not from the manufacture of iron or steel), containing mainly copper","2024","968880.4137234"
"Bahrain, Kingdom of","Oman","Import","Copper","262030","Slag, ash and residues; (not from the manufacture of iron or steel), containing mainly copper","2024","47015.53"
"Bahrain, Kingdom of","World","Import","Copper","262030","Slag, ash and residues; (not from the manufacture of iron or steel), containing mainly copper","2024","1015895.9437234"
"Bahrain, Kingdom of","United Kingdom","Import","Copper","282550","Copper oxides and hydroxides","2024","92.91"
"Bahrain, Kingdom of","India","Import","Copper","282550","Copper oxides and hydroxides","2024","61.6654255"
"Bahrain, Kingdom of","World","Import","Copper","282550","Copper oxides and hydroxides","2024","154.5754255"
"Bahrain, Kingdom of","Belgium","Import","Copper","283325","Sulphates; of copper","2024","38.85"
"Bahrain, Kingdom of","Germany","Import","Copper","283325","Sulphates; of copper","2024","283.57"
"Bahrain, Kingdom of","European Union","Import","Copper","283325","Sulphates; of copper","2024","322.42"
"Bahrain, Kingdom of","United Kingdom","Import","Copper","283325","Sulphates; of copper","2024","211.41"
"Bahrain, Kingdom of","India","Import","Copper","283325","Sulphates; of copper","2024","635.7829787"
"Bahrain, Kingdom of","United States of America","Import","Copper","283325","Sulphates; of copper","2024","19269.6469149"
"Bahrain, Kingdom of","World","Import","Copper","283325","Sulphates; of copper","2024","20439.2598936"
"Bahamas","United States of America","Import","Copper","260300","Copper ores and concentrates","2024","48"
"Bahamas","World","Import","Copper","260300","Copper ores and concentrates","2024","48"
"Bahamas","United States of America","Import","Copper","262030","Slag, ash and residues; (not from the manufacture of iron or steel), containing mainly copper","2024","75621"
"Bahamas","World","Import","Copper","262030","Slag, ash and residues; (not from the manufacture of iron or steel), containing mainly copper","2024","75621"
"Bahamas","United States of America","Import","Copper","283325","Sulphates; of copper","2024","19"
"Bahamas","World","Import","Copper","283325","Sulphates; of copper","2024","19"
"Bosnia and Herzegovina","Germany","Import","Copper","282550","Copper oxides and hydroxides","2024","167.98"
"Bosnia and Herzegovina","European Union","Import","Copper","282550","Copper oxides and hydroxides","2024","2271.92"
"Bosnia and Herzegovina","France","Import","Copper","282550","Copper oxides and hydroxides","2024","62.16"
"Bosnia and Herzegovina","Croatia","Import","Copper","282550","Copper oxides and hydroxides","2024","2041.78"
"Bosnia and Herzegovina","World","Import","Copper","282550","Copper oxides and hydroxides","2024","2271.92"
"Bosnia and Herzegovina","Germany","Import","Copper","283325","Sulphates; of copper","2024","428.87"
"Bosnia and Herzegovina","European Union","Import","Copper","283325","Sulphates; of copper","2024","152397"
"Bosnia and Herzegovina","Spain","Import","Copper","283325","Sulphates; of copper","2024","63.9"
"Bosnia and Herzegovina","France","Import","Copper","283325","Sulphates; of copper","2024","10.46"
"Bosnia and Herzegovina","Croatia","Import","Copper","283325","Sulphates; of copper","2024","34.88"
"Bosnia and Herzegovina","Italy","Import","Copper","283325","Sulphates; of copper","2024","1663.62"
"Bosnia and Herzegovina","Poland","Import","Copper","283325","Sulphates; of copper","2024","138515.98"
"Bosnia and Herzegovina","Serbia","Import","Copper","283325","Sulphates; of copper","2024","5345.01"
"Bosnia and Herzegovina","Slovenia","Import","Copper","283325","Sulphates; of copper","2024","11679.29"
"Bosnia and Herzegovina","Turkiye","Import","Copper","283325","Sulphates; of copper","2024","196842.01"
"Bosnia and Herzegovina","World","Import","Copper","283325","Sulphates; of copper","2024","354584.0200000001"
"Belize","United States of America","Import","Copper","282550","Copper oxides and hydroxides","2024","14.555"
"Belize","World","Import","Copper","282550","Copper oxides and hydroxides","2024","14.555"
"Belize","Guatemala","Import","Copper","283325","Sulphates; of copper","2024","4420.425"
"Belize","Mexico","Import","Copper","283325","Sulphates; of copper","2024","6465.725"
"Belize","United States of America","Import","Copper","283325","Sulphates; of copper","2024","42235.385"
"Belize","World","Import","Copper","283325","Sulphates; of copper","2024","53121.535"
"Bolivia, Plurinational State of","Brazil","Export","Copper","260300","Copper ores and concentrates","2024","568.9"
"Bolivia, Plurinational State of","Chile","Export","Copper","260300","Copper ores and concentrates","2024","8138644.33"
"Bolivia, Plurinational State of","China","Export","Copper","260300","Copper ores and concentrates","2024","16873316.1"
"Bolivia, Plurinational State of","China","Import","Copper","260300","Copper ores and concentrates","2024","49"
"Bolivia, Plurinational State of","Indonesia","Export","Copper","260300","Copper ores and concentrates","2024","108944.39"
"Bolivia, Plurinational State of","Peru","Export","Copper","260300","Copper ores and concentrates","2024","1192966.82"
"Bolivia, Plurinational State of","Viet Nam","Export","Copper","260300","Copper ores and concentrates","2024","26054.03"
"Bolivia, Plurinational State of","World","Export","Copper","260300","Copper ores and concentrates","2024","26340494.57"
"Bolivia, Plurinational State of","World","Import","Copper","260300","Copper ores and concentrates","2024","49"
"Bolivia, Plurinational State of","Japan","Import","Copper","282550","Copper oxides and hydroxides","2024","97"
"Bolivia, Plurinational State of","World","Import","Copper","282550","Copper oxides and hydroxides","2024","97"
"Bolivia, Plurinational State of","Argentina","Import","Copper","283325","Sulphates; of copper","2024","423"
"Bolivia, Plurinational State of","Brazil","Import","Copper","283325","Sulphates; of copper","2024","5287058"
"Bolivia, Plurinational State of","Chile","Import","Copper","283325","Sulphates; of copper","2024","38756"
"Bolivia, Plurinational State of","China","Import","Copper","283325","Sulphates; of copper","2024","216544"
"Bolivia, Plurinational State of","Germany","Import","Copper","283325","Sulphates; of copper","2024","1092"
"Bolivia, Plurinational State of","European Union","Import","Copper","283325","Sulphates; of copper","2024","40877"
"Bolivia, Plurinational State of","Spain","Import","Copper","283325","Sulphates; of copper","2024","39785"
"Bolivia, Plurinational State of","Peru","Import","Copper","283325","Sulphates; of copper","2024","5299255"
"Bolivia, Plurinational State of","World","Import","Copper","283325","Sulphates; of copper","2024","10882913"
"Brazil","Australia","Export","Copper","260300","Copper ores and concentrates","2024","377"
"Brazil","Austria","Import","Copper","260300","Copper ores and concentrates","2024","1630"
"Brazil","Belgium","Export","Copper","260300","Copper ores and concentrates","2024","817139"
"Brazil","Bulgaria","Export","Copper","260300","Copper ores and concentrates","2024","403076416"
"Brazil","Bolivia, Plurinational State of","Import","Copper","260300","Copper ores and concentrates","2024","160"
"Brazil","Central African Republic","Export","Copper","260300","Copper ores and concentrates","2024","45931"
"Brazil","Canada","Export","Copper","260300","Copper ores and concentrates","2024","53975896"
"Brazil","Switzerland","Export","Copper","260300","Copper ores and concentrates","2024","161468"
"Brazil","Chile","Export","Copper","260300","Copper ores and concentrates","2024","36683441"
"Brazil","China","Export","Copper","260300","Copper ores and concentrates","2024","827481658"
"Brazil","China","Import","Copper","260300","Copper ores and concentrates","2024","40"
"Brazil","Chinese Taipei","Export","Copper","260300","Copper ores and concentrates","2024","276548212"
"Brazil","Germany","Export","Copper","260300","Copper ores and concentrates","2024","756505907"
"Brazil","European Union","Export","Copper","260300","Copper ores and concentrates","2024","2747616000"
"Brazil","European Union","Import","Copper","260300","Copper ores and concentrates","2024","1698"
"Brazil","Spain","Export","Copper","260300","Copper ores and concentrates","2024","452557440"
"Brazil","Spain","Import","Copper","260300","Copper ores and concentrates","2024","68"
"Brazil","Finland","Export","Copper","260300","Copper ores and concentrates","2024","211104285"
"Brazil","United Kingdom","Export","Copper","260300","Copper ores and concentrates","2024","3094337"
"Brazil","Hong Kong, China","Export","Copper","260300","Copper ores and concentrates","2024","78719"
"Brazil","India","Export","Copper","260300","Copper ores and concentrates","2024","19347"
"Brazil","Peru","Export","Copper","260300","Copper ores and concentrates","2024","2950"
"Brazil","Philippines","Export","Copper","260300","Copper ores and concentrates","2024","79358500"
"Brazil","Poland","Export","Copper","260300","Copper ores and concentrates","2024","500619656"
"Brazil","Singapore","Export","Copper","260300","Copper ores and concentrates","2024","134970281"
"Brazil","Sweden","Export","Copper","260300","Copper ores and concentrates","2024","422935249"
"Brazil","United States of America","Export","Copper","260300","Copper ores and concentrates","2024","132983"
"Brazil","World","Export","Copper","260300","Copper ores and concentrates","2024","4160171331"
"Brazil","World","Import","Copper","260300","Copper ores and concentrates","2024","1898"
"Brazil","South Africa","Export","Copper","260300","Copper ores and concentrates","2024","1139"
"Brazil","Belgium","Export","Copper","262030","Slag, ash and residues; (not from the manufacture of iron or steel), containing mainly copper","2024","179825"
"Brazil","European Union","Export","Copper","262030","Slag, ash and residues; (not from the manufacture of iron or steel), containing mainly copper","2024","179825"
"Brazil","World","Export","Copper","262030","Slag, ash and residues; (not from the manufacture of iron or steel), containing mainly copper","2024","179825"
"Brazil","Argentina","Export","Copper","282550","Copper oxides and hydroxides","2024","9386"
"Brazil","Australia","Import","Copper","282550","Copper oxides and hydroxides","2024","4388"
"Brazil","Belgium","Export","Copper","282550","Copper oxides and hydroxides","2024","174943"
"Brazil","Switzerland","Import","Copper","282550","Copper oxides and hydroxides","2024","4836"
"Brazil","Chile","Export","Copper","282550","Copper oxides and hydroxides","2024","784241"
"Brazil","Chile","Import","Copper","282550","Copper oxides and hydroxides","2024","372824"
"Brazil","China","Import","Copper","282550","Copper oxides and hydroxides","2024","1"
"Brazil","Colombia","Export","Copper","282550","Copper oxides and hydroxides","2024","131"
"Brazil","Germany","Import","Copper","282550","Copper oxides and hydroxides","2024","769145"
"Brazil","European Union","Import","Copper","282550","Copper oxides and hydroxides","2024","777413"
"Brazil","European Union","Export","Copper","282550","Copper oxides and hydroxides","2024","333891"
"Brazil","Spain","Export","Copper","282550","Copper oxides and hydroxides","2024","158948"
"Brazil","Spain","Import","Copper","282550","Copper oxides and hydroxides","2024","7666"
"Brazil","United Kingdom","Import","Copper","282550","Copper oxides and hydroxides","2024","54754"
"Brazil","India","Import","Copper","282550","Copper oxides and hydroxides","2024","149078"
"Brazil","Italy","Import","Copper","282550","Copper oxides and hydroxides","2024","602"
"Brazil","Japan","Import","Copper","282550","Copper oxides and hydroxides","2024","218"
"Brazil","Norway","Import","Copper","282550","Copper oxides and hydroxides","2024","1187211"
"Brazil","Peru","Import","Copper","282550","Copper oxides and hydroxides","2024","2572471"
"Brazil","United States of America","Import","Copper","282550","Copper oxides and hydroxides","2024","1811816"
"Brazil","World","Import","Copper","282550","Copper oxides and hydroxides","2024","6935010"
"Brazil","World","Export","Copper","282550","Copper oxides and hydroxides","2024","3098519"
"Brazil","South Africa","Export","Copper","282550","Copper oxides and hydroxides","2024","1970870"
"Brazil","Peru","Import","Copper","282741","Chloride oxides and chloride hydroxides; of copper","2024","1106644"
"Brazil","World","Import","Copper","282741","Chloride oxides and chloride hydroxides; of copper","2024","1106644"
"Brazil","Angola","Export","Copper","283325","Sulphates; of copper","2024","23"
"Brazil","Argentina","Export","Copper","283325","Sulphates; of copper","2024","6417604"
"Brazil","Argentina","Import","Copper","283325","Sulphates; of copper","2024","301"
"Brazil","Belgium","Export","Copper","283325","Sulphates; of copper","2024","837491"
"Brazil","Bolivia, Plurinational State of","Export","Copper","283325","Sulphates; of copper","2024","4700541"
"Brazil","Canada","Export","Copper","283325","Sulphates; of copper","2024","4919167"
"Brazil","Switzerland","Export","Copper","283325","Sulphates; of copper","2024","65152"
"Brazil","Switzerland","Import","Copper","283325","Sulphates; of copper","2024","432"
"Brazil","Chile","Export","Copper","283325","Sulphates; of copper","2024","114171"
"Brazil","China","Import","Copper","283325","Sulphates; of copper","2024","143180"
"Brazil","Chinese Taipei","Export","Copper","283325","Sulphates; of copper","2024","56160"
"Brazil","Colombia","Export","Copper","283325","Sulphates; of copper","2024","102433"
"Brazil","Costa Rica","Export","Copper","283325","Sulphates; of copper","2024","158542"
"Brazil","Germany","Import","Copper","283325","Sulphates; of copper","2024","18161"
"Brazil","Denmark","Export","Copper","283325","Sulphates; of copper","2024","58738"
"Brazil","Ecuador","Export","Copper","283325","Sulphates; of copper","2024","116076"
"Brazil","European Union","Export","Copper","283325","Sulphates; of copper","2024","5576564"
"Brazil","European Union","Import","Copper","283325","Sulphates; of copper","2024","48834"
"Brazil","Egypt","Export","Copper","283325","Sulphates; of copper","2024","92177"
"Brazil","Spain","Export","Copper","283325","Sulphates; of copper","2024","2121202"
"Brazil","Spain","Import","Copper","283325","Sulphates; of copper","2024","17864"
"Brazil","France","Export","Copper","283325","Sulphates; of copper","2024","311273"
"Brazil","United Kingdom","Export","Copper","283325","Sulphates; of copper","2024","2405010"
"Brazil","United Kingdom","Import","Copper","283325","Sulphates; of copper","2024","848"
"Brazil","India","Import","Copper","283325","Sulphates; of copper","2024","1215"
"Brazil","Israel","Export","Copper","283325","Sulphates; of copper","2024","421121"
"Brazil","Italy","Import","Copper","283325","Sulphates; of copper","2024","1776"
"Brazil","Japan","Export","Copper","283325","Sulphates; of copper","2024","140900"
"Brazil","Kenya","Export","Copper","283325","Sulphates; of copper","2024","60125"
"Brazil","Malaysia","Export","Copper","283325","Sulphates; of copper","2024","59880"
"Brazil","Nigeria","Export","Copper","283325","Sulphates; of copper","2024","62320"
"Brazil","Netherlands","Export","Copper","283325","Sulphates; of copper","2024","1402803"
"Brazil","Netherlands","Import","Copper","283325","Sulphates; of copper","2024","139"
"Brazil","Peru","Import","Copper","283325","Sulphates; of copper","2024","418021"
"Brazil","Poland","Import","Copper","283325","Sulphates; of copper","2024","10894"
"Brazil","Portugal","Export","Copper","283325","Sulphates; of copper","2024","845057"
"Brazil","Paraguay","Export","Copper","283325","Sulphates; of copper","2024","975119"
"Brazil","Saudi Arabia, Kingdom of","Export","Copper","283325","Sulphates; of copper","2024","180914"
"Brazil","Uruguay","Export","Copper","283325","Sulphates; of copper","2024","74100"
"Brazil","United States of America","Export","Copper","283325","Sulphates; of copper","2024","5017023"
"Brazil","United States of America","Import","Copper","283325","Sulphates; of copper","2024","67457"
"Brazil","Venezuela, Bolivarian Republic of","Export","Copper","283325","Sulphates; of copper","2024","125400"
"Brazil","World","Export","Copper","283325","Sulphates; of copper","2024","36756143"
"Brazil","World","Import","Copper","283325","Sulphates; of copper","2024","680288"
"Brazil","South Africa","Export","Copper","283325","Sulphates; of copper","2024","4915621"
"Barbados","United States of America","Import","Copper","282550","Copper oxides and hydroxides","2024","208.5"
"Barbados","World","Import","Copper","282550","Copper oxides and hydroxides","2024","208.5"
"Barbados","European Union","Import","Copper","283325","Sulphates; of copper","2024","57681.5"
"Barbados","Netherlands","Import","Copper","283325","Sulphates; of copper","2024","57681.5"
"Barbados","United States of America","Import","Copper","283325","Sulphates; of copper","2024","299.5"
"Barbados","World","Import","Copper","283325","Sulphates; of copper","2024","57981"
"Brunei Darussalam","Singapore","Import","Copper","262030","Slag, ash and residues; (not from the manufacture of iron or steel), containing mainly copper","2024","11617.17"
"Brunei Darussalam","World","Import","Copper","262030","Slag, ash and residues; (not from the manufacture of iron or steel), containing mainly copper","2024","11617.17"
"Botswana","Australia","Export","Copper","260300","Copper ores and concentrates","2024","345427478"
"Botswana","Canada","Import","Copper","260300","Copper ores and concentrates","2024","2049"
"Botswana","China","Export","Copper","260300","Copper ores and concentrates","2024","333152024"
"Botswana","European Union","Export","Copper","260300","Copper ores and concentrates","2024","2033"
"Botswana","United Kingdom","Export","Copper","260300","Copper ores and concentrates","2024","163680"
"Botswana","United Kingdom","Import","Copper","260300","Copper ores and concentrates","2024","3"
"Botswana","Ireland","Export","Copper","260300","Copper ores and concentrates","2024","2020"
"Botswana","Namibia","Export","Copper","260300","Copper ores and concentrates","2024","1382541"
"Botswana","Netherlands","Export","Copper","260300","Copper ores and concentrates","2024","13"
"Botswana","World","Export","Copper","260300","Copper ores and concentrates","2024","680140688"
"Botswana","World","Import","Copper","260300","Copper ores and concentrates","2024","2104"
"Botswana","South Africa","Export","Copper","260300","Copper ores and concentrates","2024","12340"
"Botswana","South Africa","Import","Copper","260300","Copper ores and concentrates","2024","47"
"Botswana","Zambia","Export","Copper","260300","Copper ores and concentrates","2024","592"
"Botswana","Zambia","Import","Copper","260300","Copper ores and concentrates","2024","5"
"Botswana","World","Import","Copper","262030","Slag, ash and residues; (not from the manufacture of iron or steel), containing mainly copper","2024","50"
"Botswana","South Africa","Import","Copper","262030","Slag, ash and residues; (not from the manufacture of iron or steel), containing mainly copper","2024","50"
"Botswana","Brazil","Import","Copper","283325","Sulphates; of copper","2024","2513"
"Botswana","Switzerland","Import","Copper","283325","Sulphates; of copper","2024","1769"
"Botswana","Chile","Import","Copper","283325","Sulphates; of copper","2024","49309"
"Botswana","World","Import","Copper","283325","Sulphates; of copper","2024","97388"
"Botswana","South Africa","Import","Copper","283325","Sulphates; of copper","2024","43797"
"Canada","Argentina","Import","Copper","260300","Copper ores and concentrates","2024","555.7340655"
"Canada","Australia","Export","Copper","260300","Copper ores and concentrates","2024","7288.53"
"Canada","Australia","Import","Copper","260300","Copper ores and concentrates","2024","7144.9436233"
"Canada","Belgium","Export","Copper","260300","Copper ores and concentrates","2024","542778.53"
"Canada","Bulgaria","Export","Copper","260300","Copper ores and concentrates","2024","31675561.4"
"Canada","Bolivia, Plurinational State of","Import","Copper","260300","Copper ores and concentrates","2024","0.7302682"
"Canada","Brazil","Import","Copper","260300","Copper ores and concentrates","2024","58219171.7298592"
"Canada","Chile","Import","Copper","260300","Copper ores and concentrates","2024","41390640.1530642"
"Canada","Chile","Export","Copper","260300","Copper ores and concentrates","2024","203488.43"
"Canada","China","Export","Copper","260300","Copper ores and concentrates","2024","1413286496.84"
"Canada","China","Import","Copper","260300","Copper ores and concentrates","2024","196.4421336"
"Canada","Chinese Taipei","Export","Copper","260300","Copper ores and concentrates","2024","3741632.39"
"Canada","Germany","Export","Copper","260300","Copper ores and concentrates","2024","166140502.54"
"Canada","Germany","Import","Copper","260300","Copper ores and concentrates","2024","1305780.0724426"
"Canada","European Union","Export","Copper","260300","Copper ores and concentrates","2024","332277664"
"Canada","European Union","Import","Copper","260300","Copper ores and concentrates","2024","1305812.2042414"
"Canada","Spain","Export","Copper","260300","Copper ores and concentrates","2024","77367.88"
"Canada","Spain","Import","Copper","260300","Copper ores and concentrates","2024","21.1777765"
"Canada","Finland","Export","Copper","260300","Copper ores and concentrates","2024","133442023.97"
"Canada","Finland","Import","Copper","260300","Copper ores and concentrates","2024","10.9540223"
"Canada","United Kingdom","Export","Copper","260300","Copper ores and concentrates","2024","51702.5"
"Canada","United Kingdom","Import","Copper","260300","Copper ores and concentrates","2024","2.1908045"
"Canada","Hong Kong, China","Export","Copper","260300","Copper ores and concentrates","2024","625091.72"
"Canada","India","Export","Copper","260300","Copper ores and concentrates","2024","196263251.01"
"Canada","Japan","Export","Copper","260300","Copper ores and concentrates","2024","840009099.04"
"Canada","Kazakhstan","Import","Copper","260300","Copper ores and concentrates","2024","119.7639773"
"Canada","Korea, Republic of","Export","Copper","260300","Copper ores and concentrates","2024","739239046.06"
"Canada","Korea, Republic of","Import","Copper","260300","Copper ores and concentrates","2024","85.4413741"
"Canada","Mexico","Import","Copper","260300","Copper ores and concentrates","2024","49422777.794006"
"Canada","Mongolia","Import","Copper","260300","Copper ores and concentrates","2024","100.0467372"
"Canada","Mauritania","Import","Copper","260300","Copper ores and concentrates","2024","20.4475083"
"Canada","Malaysia","Export","Copper","260300","Copper ores and concentrates","2024","735854.37"
"Canada","Netherlands","Export","Copper","260300","Copper ores and concentrates","2024","399442.86"
"Canada","Oman","Import","Copper","260300","Copper ores and concentrates","2024","5.1118771"
"Canada","Pakistan","Export","Copper","260300","Copper ores and concentrates","2024","446056.86"
"Canada","Peru","Import","Copper","260300","Copper ores and concentrates","2024","77447575.5097272"
"Canada","Philippines","Export","Copper","260300","Copper ores and concentrates","2024","118216352.05"
"Canada","Thailand","Export","Copper","260300","Copper ores and concentrates","2024","795468.94"
"Canada","United States of America","Import","Copper","260300","Copper ores and concentrates","2024","538504702.926915"
"Canada","United States of America","Export","Copper","260300","Copper ores and concentrates","2024","112218.52"
"Canada","World","Export","Copper","260300","Copper ores and concentrates","2024","3646010724.44"
"Canada","World","Import","Copper","260300","Copper ores and concentrates","2024","766298911.1701822"
"Canada","Belgium","Export","Copper","262030","Slag, ash and residues; (not from the manufacture of iron or steel), containing mainly copper","2024","12552.66"
"Canada","China","Export","Copper","262030","Slag, ash and residues; (not from the manufacture of iron or steel), containing mainly copper","2024","74431.45"
"Canada","Germany","Import","Copper","262030","Slag, ash and residues; (not from the manufacture of iron or steel), containing mainly copper","2024","0.7302682"
"Canada","European Union","Import","Copper","262030","Slag, ash and residues; (not from the manufacture of iron or steel), containing mainly copper","2024","1156454.8402174"
"Canada","European Union","Export","Copper","262030","Slag, ash and residues; (not from the manufacture of iron or steel), containing mainly copper","2024","12552.66015625"
"Canada","India","Import","Copper","262030","Slag, ash and residues; (not from the manufacture of iron or steel), containing mainly copper","2024","50.3885027"
"Canada","Peru","Import","Copper","262030","Slag, ash and residues; (not from the manufacture of iron or steel), containing mainly copper","2024","917.9470702"
"Canada","Sweden","Import","Copper","262030","Slag, ash and residues; (not from the manufacture of iron or steel), containing mainly copper","2024","1156454.1099492"
"Canada","Turkiye","Export","Copper","262030","Slag, ash and residues; (not from the manufacture of iron or steel), containing mainly copper","2024","377301.47"
"Canada","United States of America","Import","Copper","262030","Slag, ash and residues; (not from the manufacture of iron or steel), containing mainly copper","2024","14586867.5877782"
"Canada","United States of America","Export","Copper","262030","Slag, ash and residues; (not from the manufacture of iron or steel), containing mainly copper","2024","3818194.74"
"Canada","World","Import","Copper","262030","Slag, ash and residues; (not from the manufacture of iron or steel), containing mainly copper","2024","15744290.7635685"
"Canada","World","Export","Copper","262030","Slag, ash and residues; (not from the manufacture of iron or steel), containing mainly copper","2024","4282480.32"
"Canada","Belgium","Import","Copper","282550","Copper oxides and hydroxides","2024","5.8421452"
"Canada","China","Import","Copper","282550","Copper oxides and hydroxides","2024","38816.6734825"
"Canada","Germany","Import","Copper","282550","Copper oxides and hydroxides","2024","2215.6335807"
"Canada","European Union","Import","Copper","282550","Copper oxides and hydroxides","2024","41561.021207"
"Canada","European Union","Export","Copper","282550","Copper oxides and hydroxides","2024","819.6300048828125"
"Canada","Spain","Import","Copper","282550","Copper oxides and hydroxides","2024","39339.5454811"
"Canada","Finland","Export","Copper","282550","Copper oxides and hydroxides","2024","819.63"
"Canada","United Kingdom","Import","Copper","282550","Copper oxides and hydroxides","2024","3152.5676228"
"Canada","India","Import","Copper","282550","Copper oxides and hydroxides","2024","1927.1776596"
"Canada","India","Export","Copper","282550","Copper oxides and hydroxides","2024","41.62"
"Canada","Japan","Import","Copper","282550","Copper oxides and hydroxides","2024","409119.588713"
"Canada","Peru","Import","Copper","282550","Copper oxides and hydroxides","2024","132264.7076006"
"Canada","Singapore","Import","Copper","282550","Copper oxides and hydroxides","2024","14.6053631"
"Canada","United States of America","Import","Copper","282550","Copper oxides and hydroxides","2024","668204.8548227"
"Canada","United States of America","Export","Copper","282550","Copper oxides and hydroxides","2024","89780.88"
"Canada","World","Import","Copper","282550","Copper oxides and hydroxides","2024","1295061.1964713"
"Canada","World","Export","Copper","282550","Copper oxides and hydroxides","2024","90642.13"
"Canada","China","Import","Copper","282741","Chloride oxides and chloride hydroxides; of copper","2024","1809751.2706666"
"Canada","European Union","Import","Copper","282741","Chloride oxides and chloride hydroxides; of copper","2024","153321.9898347"
"Canada","Spain","Import","Copper","282741","Chloride oxides and chloride hydroxides; of copper","2024","153321.9898347"
"Canada","India","Import","Copper","282741","Chloride oxides and chloride hydroxides; of copper","2024","16.7961676"
"Canada","United States of America","Import","Copper","282741","Chloride oxides and chloride hydroxides; of copper","2024","2431158.3513466"
"Canada","United States of America","Export","Copper","282741","Chloride oxides and chloride hydroxides; of copper","2024","18293.62"
"Canada","World","Import","Copper","282741","Chloride oxides and chloride hydroxides; of copper","2024","4394248.4080155"
"Canada","World","Export","Copper","282741","Chloride oxides and chloride hydroxides; of copper","2024","18293.62"
"Canada","Brazil","Import","Copper","283325","Sulphates; of copper","2024","6031854.2968978"
"Canada","Switzerland","Import","Copper","283325","Sulphates; of copper","2024","135.8298767"
"Canada","Chile","Import","Copper","283325","Sulphates; of copper","2024","3697587.1940176"
"Canada","China","Import","Copper","283325","Sulphates; of copper","2024","293058.0709236"
"Canada","Chinese Taipei","Import","Copper","283325","Sulphates; of copper","2024","10140610.942338"
"Canada","Germany","Import","Copper","283325","Sulphates; of copper","2024","11353.4789975"
"Canada","European Union","Import","Copper","283325","Sulphates; of copper","2024","1153142.3438687"
"Canada","European Union","Export","Copper","283325","Sulphates; of copper","2024","156456.15625"
"Canada","Spain","Import","Copper","283325","Sulphates; of copper","2024","513.3785126"
"Canada","France","Import","Copper","283325","Sulphates; of copper","2024","57.6911842"
"Canada","United Kingdom","Import","Copper","283325","Sulphates; of copper","2024","3195.6534439"
"Canada","India","Import","Copper","283325","Sulphates; of copper","2024","5303.2073377"
"Canada","India","Export","Copper","283325","Sulphates; of copper","2024","74.06"
"Canada","Ireland","Import","Copper","283325","Sulphates; of copper","2024","110.2704913"
"Canada","Italy","Import","Copper","283325","Sulphates; of copper","2024","1269.9363206"
"Canada","Japan","Import","Copper","283325","Sulphates; of copper","2024","95459.9228837"
"Canada","Mexico","Import","Copper","283325","Sulphates; of copper","2024","2356298.5628323"
"Canada","Malaysia","Import","Copper","283325","Sulphates; of copper","2024","378945.6388386"
"Canada","Netherlands","Export","Copper","283325","Sulphates; of copper","2024","156427.23"
"Canada","Peru","Import","Copper","283325","Sulphates; of copper","2024","1324057.2238126"
"Canada","Philippines","Export","Copper","283325","Sulphates; of copper","2024","82926.15"
"Canada","Poland","Import","Copper","283325","Sulphates; of copper","2024","1139837.5883625"
"Canada","Poland","Export","Copper","283325","Sulphates; of copper","2024","28.92"
"Canada","Turkiye","Import","Copper","283325","Sulphates; of copper","2024","4523640.2406964"
"Canada","Turkiye","Export","Copper","283325","Sulphates; of copper","2024","79"
"Canada","United States of America","Export","Copper","283325","Sulphates; of copper","2024","17787133.21"
"Canada","United States of America","Import","Copper","283325","Sulphates; of copper","2024","7680696.0916048"
"Canada","Viet Nam","Export","Copper","283325","Sulphates; of copper","2024","38.8"
"Canada","World","Import","Copper","283325","Sulphates; of copper","2024","37683985.21937239"
"Canada","World","Export","Copper","283325","Sulphates; of copper","2024","18026707.37"
"Switzerland","China","Import","Copper","260300","Copper ores and concentrates","2024","469.083196"
"Switzerland","China","Export","Copper","260300","Copper ores and concentrates","2024","1.12"
"Switzerland","Germany","Export","Copper","260300","Copper ores and concentrates","2024","2300.45"
"Switzerland","European Union","Export","Copper","260300","Copper ores and concentrates","2024","2326.260009765625"
"Switzerland","European Union","Import","Copper","260300","Copper ores and concentrates","2024","2106.8991007"
"Switzerland","Spain","Export","Copper","260300","Copper ores and concentrates","2024","25.81"
"Switzerland","India","Import","Copper","260300","Copper ores and concentrates","2024","65.8760905"
"Switzerland","Morocco","Import","Copper","260300","Copper ores and concentrates","2024","14.7653306"
"Switzerland","United States of America","Import","Copper","260300","Copper ores and concentrates","2024","6068.5508869"
"Switzerland","World","Import","Copper","260300","Copper ores and concentrates","2024","6618.275503999999"
"Switzerland","World","Export","Copper","260300","Copper ores and concentrates","2024","2327.38"
"Switzerland","Austria","Export","Copper","262030","Slag, ash and residues; (not from the manufacture of iron or steel), containing mainly copper","2024","14963.02"
"Switzerland","Belgium","Export","Copper","262030","Slag, ash and residues; (not from the manufacture of iron or steel), containing mainly copper","2024","5101210.79"
"Switzerland","Germany","Export","Copper","262030","Slag, ash and residues; (not from the manufacture of iron or steel), containing mainly copper","2024","497766.88"
"Switzerland","European Union","Export","Copper","262030","Slag, ash and residues; (not from the manufacture of iron or steel), containing mainly copper","2024","5658939.5"
"Switzerland","United Kingdom","Import","Copper","262030","Slag, ash and residues; (not from the manufacture of iron or steel), containing mainly copper","2024","103391.3882156"
"Switzerland","Italy","Export","Copper","262030","Slag, ash and residues; (not from the manufacture of iron or steel), containing mainly copper","2024","112.22"
"Switzerland","Netherlands","Export","Copper","262030","Slag, ash and residues; (not from the manufacture of iron or steel), containing mainly copper","2024","44886.83"
"Switzerland","Serbia","Import","Copper","262030","Slag, ash and residues; (not from the manufacture of iron or steel), containing mainly copper","2024","582.6626624"
"Switzerland","World","Export","Copper","262030","Slag, ash and residues; (not from the manufacture of iron or steel), containing mainly copper","2024","5658939.74"
"Switzerland","World","Import","Copper","262030","Slag, ash and residues; (not from the manufacture of iron or steel), containing mainly copper","2024","103974.050878"
"Switzerland","Australia","Import","Copper","282550","Copper oxides and hydroxides","2024","17588.9161585"
"Switzerland","Austria","Export","Copper","282550","Copper oxides and hydroxides","2024","207.6"
"Switzerland","China","Import","Copper","282550","Copper oxides and hydroxides","2024","364685.4937252"
"Switzerland","Germany","Export","Copper","282550","Copper oxides and hydroxides","2024","1399.35"
"Switzerland","European Union","Import","Copper","282550","Copper oxides and hydroxides","2024","256506.7310031"
"Switzerland","European Union","Export","Copper","282550","Copper oxides and hydroxides","2024","92856.2578125"
"Switzerland","Spain","Export","Copper","282550","Copper oxides and hydroxides","2024","1.12"
"Switzerland","United Kingdom","Import","Copper","282550","Copper oxides and hydroxides","2024","20336.4034494"
"Switzerland","Hungary","Export","Copper","282550","Copper oxides and hydroxides","2024","102.12"
"Switzerland","India","Import","Copper","282550","Copper oxides and hydroxides","2024","64048.5968677"
"Switzerland","Italy","Export","Copper","282550","Copper oxides and hydroxides","2024","88474.18"
"Switzerland","Japan","Import","Copper","282550","Copper oxides and hydroxides","2024","245.3316473"
"Switzerland","Norway","Import","Copper","282550","Copper oxides and hydroxides","2024","812.0931844"
"Switzerland","Portugal","Export","Copper","282550","Copper oxides and hydroxides","2024","2671.89"
"Switzerland","United States of America","Import","Copper","282550","Copper oxides and hydroxides","2024","44347.1026351"
"Switzerland","United States of America","Export","Copper","282550","Copper oxides and hydroxides","2024","1688.87"
"Switzerland","World","Import","Copper","282550","Copper oxides and hydroxides","2024","512063.9376676"
"Switzerland","World","Export","Copper","282550","Copper oxides and hydroxides","2024","94545.13"
"Switzerland","Austria","Export","Copper","282741","Chloride oxides and chloride hydroxides; of copper","2024","55728.12"
"Switzerland","European Union","Export","Copper","282741","Chloride oxides and chloride hydroxides; of copper","2024","55728.12109375"
"Switzerland","European Union","Import","Copper","282741","Chloride oxides and chloride hydroxides; of copper","2024","44271.0043927"
"Switzerland","United States of America","Import","Copper","282741","Chloride oxides and chloride hydroxides; of copper","2024","12446.0379223"
"Switzerland","World","Export","Copper","282741","Chloride oxides and chloride hydroxides; of copper","2024","55728.12"
"Switzerland","World","Import","Copper","282741","Chloride oxides and chloride hydroxides; of copper","2024","12446.0379223"
"Switzerland","Belgium","Export","Copper","283325","Sulphates; of copper","2024","23071.83"
"Switzerland","China","Import","Copper","283325","Sulphates; of copper","2024","12467.6180209"
"Switzerland","China","Export","Copper","283325","Sulphates; of copper","2024","2619.15"
"Switzerland","Germany","Export","Copper","283325","Sulphates; of copper","2024","458818.58"
"Switzerland","European Union","Import","Copper","283325","Sulphates; of copper","2024","1466176.8867679"
"Switzerland","European Union","Export","Copper","283325","Sulphates; of copper","2024","483141.625"
"Switzerland","France","Export","Copper","283325","Sulphates; of copper","2024","1251.22"
"Switzerland","United Kingdom","Import","Copper","283325","Sulphates; of copper","2024","4518.1911713"
"Switzerland","United Kingdom","Export","Copper","283325","Sulphates; of copper","2024","3874.86"
"Switzerland","India","Export","Copper","283325","Sulphates; of copper","2024","4112.76"
"Switzerland","India","Import","Copper","283325","Sulphates; of copper","2024","1878.6043734"
"Switzerland","Korea, Republic of","Export","Copper","283325","Sulphates; of copper","2024","5738.78"
"Switzerland","Mexico","Import","Copper","283325","Sulphates; of copper","2024","149113.9381882"
"Switzerland","Russian Federation","Export","Copper","283325","Sulphates; of copper","2024","177.3"
"Switzerland","Turkiye","Import","Copper","283325","Sulphates; of copper","2024","3812.8626853"
"Switzerland","United States of America","Export","Copper","283325","Sulphates; of copper","2024","7882.13"
"Switzerland","United States of America","Import","Copper","283325","Sulphates; of copper","2024","2533.9578942"
"Switzerland","World","Export","Copper","283325","Sulphates; of copper","2024","507546.61"
"Switzerland","World","Import","Copper","283325","Sulphates; of copper","2024","174325.1723333"
"Chile","Argentina","Import","Copper","260300","Copper ores and concentrates","2024","441486.04"
"Chile","Australia","Import","Copper","260300","Copper ores and concentrates","2024","2156.25"
"Chile","Belgium","Import","Copper","260300","Copper ores and concentrates","2024","213.45"
"Chile","Bulgaria","Export","Copper","260300","Copper ores and concentrates","2024","271503134.52"
"Chile","Bulgaria","Import","Copper","260300","Copper ores and concentrates","2024","104.92"
"Chile","Bolivia, Plurinational State of","Import","Copper","260300","Copper ores and concentrates","2024","8124936.65"
"Chile","Brazil","Import","Copper","260300","Copper ores and concentrates","2024","48429000.62"
"Chile","Canada","Export","Copper","260300","Copper ores and concentrates","2024","66688425.77"
"Chile","Canada","Import","Copper","260300","Copper ores and concentrates","2024","21247.05"
"Chile","China","Export","Copper","260300","Copper ores and concentrates","2024","21012301030.14"
"Chile","China","Import","Copper","260300","Copper ores and concentrates","2024","2554.32"
"Chile","Chinese Taipei","Export","Copper","260300","Copper ores and concentrates","2024","28456732.31"
"Chile","Colombia","Import","Copper","260300","Copper ores and concentrates","2024","381.88"
"Chile","Germany","Export","Copper","260300","Copper ores and concentrates","2024","532511800.74"
"Chile","Germany","Import","Copper","260300","Copper ores and concentrates","2024","143.63"
"Chile","Ecuador","Import","Copper","260300","Copper ores and concentrates","2024","3539.77"
"Chile","European Union","Export","Copper","260300","Copper ores and concentrates","2024","1478297088"
"Chile","European Union","Import","Copper","260300","Copper ores and concentrates","2024","2335.78"
"Chile","Spain","Export","Copper","260300","Copper ores and concentrates","2024","535739857.71"
"Chile","Spain","Import","Copper","260300","Copper ores and concentrates","2024","1377.8"
"Chile","Estonia","Import","Copper","260300","Copper ores and concentrates","2024","110.08"
"Chile","Finland","Export","Copper","260300","Copper ores and concentrates","2024","138542298"
"Chile","Finland","Import","Copper","260300","Copper ores and concentrates","2024","133.12"
"Chile","United Kingdom","Import","Copper","260300","Copper ores and concentrates","2024","2131.62"
"Chile","Indonesia","Export","Copper","260300","Copper ores and concentrates","2024","373514.65"
"Chile","Indonesia","Import","Copper","260300","Copper ores and concentrates","2024","325.3"
"Chile","India","Export","Copper","260300","Copper ores and concentrates","2024","1433462532.88"
"Chile","India","Import","Copper","260300","Copper ores and concentrates","2024","138.63"
"Chile","Israel","Import","Copper","260300","Copper ores and concentrates","2024","34.15"
"Chile","Japan","Export","Copper","260300","Copper ores and concentrates","2024","5649528995.15"
"Chile","Japan","Import","Copper","260300","Copper ores and concentrates","2024","22623.96"
"Chile","Korea, Republic of","Export","Copper","260300","Copper ores and concentrates","2024","1425450774.54"
"Chile","Korea, Republic of","Import","Copper","260300","Copper ores and concentrates","2024","9828.06"
"Chile","Mexico","Export","Copper","260300","Copper ores and concentrates","2024","46995841.52"
"Chile","Mexico","Import","Copper","260300","Copper ores and concentrates","2024","3824.75"
"Chile","Malaysia","Export","Copper","260300","Copper ores and concentrates","2024","5521114.98"
"Chile","Nicaragua","Import","Copper","260300","Copper ores and concentrates","2024","3498.34"
"Chile","Netherlands","Import","Copper","260300","Copper ores and concentrates","2024","252.78"
"Chile","Pakistan","Import","Copper","260300","Copper ores and concentrates","2024","123.32"
"Chile","Panama","Import","Copper","260300","Copper ores and concentrates","2024","98.7"
"Chile","Peru","Import","Copper","260300","Copper ores and concentrates","2024","33434651.06"
"Chile","Peru","Export","Copper","260300","Copper ores and concentrates","2024","70891"
"Chile","Philippines","Export","Copper","260300","Copper ores and concentrates","2024","146344219.01"
"Chile","Thailand","Export","Copper","260300","Copper ores and concentrates","2024","159859.39"
"Chile","Thailand","Import","Copper","260300","Copper ores and concentrates","2024","74.06"
"Chile","United States of America","Import","Copper","260300","Copper ores and concentrates","2024","35526.51"
"Chile","World","Export","Copper","260300","Copper ores and concentrates","2024","31293651022.31001"
"Chile","World","Import","Copper","260300","Copper ores and concentrates","2024","90541292.89"
"Chile","South Africa","Import","Copper","260300","Copper ores and concentrates","2024","776.07"
"Chile","Switzerland","Export","Copper","262030","Slag, ash and residues; (not from the manufacture of iron or steel), containing mainly copper","2024","10476713.21"
"Chile","China","Export","Copper","262030","Slag, ash and residues; (not from the manufacture of iron or steel), containing mainly copper","2024","532768.68"
"Chile","European Union","Export","Copper","262030","Slag, ash and residues; (not from the manufacture of iron or steel), containing mainly copper","2024","2805.64990234375"
"Chile","Cambodia","Export","Copper","262030","Slag, ash and residues; (not from the manufacture of iron or steel), containing mainly copper","2024","80230859.15"
"Chile","Korea, Republic of","Export","Copper","262030","Slag, ash and residues; (not from the manufacture of iron or steel), containing mainly copper","2024","3129359.18"
"Chile","Namibia","Export","Copper","262030","Slag, ash and residues; (not from the manufacture of iron or steel), containing mainly copper","2024","39132102.21"
"Chile","Netherlands","Export","Copper","262030","Slag, ash and residues; (not from the manufacture of iron or steel), containing mainly copper","2024","2805.65"
"Chile","Thailand","Export","Copper","262030","Slag, ash and residues; (not from the manufacture of iron or steel), containing mainly copper","2024","14155676.73"
"Chile","World","Export","Copper","262030","Slag, ash and residues; (not from the manufacture of iron or steel), containing mainly copper","2024","147660284.81"
"Chile","Argentina","Export","Copper","282550","Copper oxides and hydroxides","2024","3111.24"
"Chile","Australia","Import","Copper","282550","Copper oxides and hydroxides","2024","871300"
"Chile","Australia","Export","Copper","282550","Copper oxides and hydroxides","2024","304353.85"
"Chile","Austria","Export","Copper","282550","Copper oxides and hydroxides","2024","512563.22"
"Chile","Brazil","Import","Copper","282550","Copper oxides and hydroxides","2024","805502.31"
"Chile","Brazil","Export","Copper","282550","Copper oxides and hydroxides","2024","372824"
"Chile","China","Import","Copper","282550","Copper oxides and hydroxides","2024","36782.88"
"Chile","Germany","Export","Copper","282550","Copper oxides and hydroxides","2024","3909540.38"
"Chile","Germany","Import","Copper","282550","Copper oxides and hydroxides","2024","159.58"
"Chile","European Union","Export","Copper","282550","Copper oxides and hydroxides","2024","4611630"
"Chile","European Union","Import","Copper","282550","Copper oxides and hydroxides","2024","4422.94"
"Chile","Spain","Export","Copper","282550","Copper oxides and hydroxides","2024","189526.33"
"Chile","Spain","Import","Copper","282550","Copper oxides and hydroxides","2024","4263.36"
"Chile","India","Import","Copper","282550","Copper oxides and hydroxides","2024","12.22"
"Chile","Malaysia","Import","Copper","282550","Copper oxides and hydroxides","2024","184000"
"Chile","Norway","Import","Copper","282550","Copper oxides and hydroxides","2024","5578640.13"
"Chile","Norway","Export","Copper","282550","Copper oxides and hydroxides","2024","437391"
"Chile","Peru","Import","Copper","282550","Copper oxides and hydroxides","2024","3460128.44"
"Chile","Peru","Export","Copper","282550","Copper oxides and hydroxides","2024","111042.5"
"Chile","United States of America","Import","Copper","282550","Copper oxides and hydroxides","2024","682805.13"
"Chile","World","Import","Copper","282550","Copper oxides and hydroxides","2024","11623594.05"
"Chile","World","Export","Copper","282550","Copper oxides and hydroxides","2024","5840352.52"
"Chile","Bolivia, Plurinational State of","Import","Copper","282741","Chloride oxides and chloride hydroxides; of copper","2024","55542.8"
"Chile","Colombia","Export","Copper","282741","Chloride oxides and chloride hydroxides; of copper","2024","926637"
"Chile","Malaysia","Export","Copper","282741","Chloride oxides and chloride hydroxides; of copper","2024","49407.79"
"Chile","Turkiye","Export","Copper","282741","Chloride oxides and chloride hydroxides; of copper","2024","112312.01"
"Chile","United States of America","Export","Copper","282741","Chloride oxides and chloride hydroxides; of copper","2024","13964710.2"
"Chile","World","Export","Copper","282741","Chloride oxides and chloride hydroxides; of copper","2024","15053067"
"Chile","World","Import","Copper","282741","Chloride oxides and chloride hydroxides; of copper","2024","55542.8"
"Chile","Argentina","Export","Copper","283325","Sulphates; of copper","2024","851860.5"
"Chile","Australia","Export","Copper","283325","Sulphates; of copper","2024","237647.5"
"Chile","Belgium","Export","Copper","283325","Sulphates; of copper","2024","682838.22"
"Chile","Bolivia, Plurinational State of","Export","Copper","283325","Sulphates; of copper","2024","36168.25"
"Chile","Brazil","Import","Copper","283325","Sulphates; of copper","2024","126064.39"
"Chile","Canada","Export","Copper","283325","Sulphates; of copper","2024","4520774.26"
"Chile","Cyprus","Export","Copper","283325","Sulphates; of copper","2024","54926.5"
"Chile","Germany","Import","Copper","283325","Sulphates; of copper","2024","17822.56"
"Chile","Denmark","Export","Copper","283325","Sulphates; of copper","2024","840173.25"
"Chile","Ecuador","Export","Copper","283325","Sulphates; of copper","2024","412951.7"
"Chile","European Union","Export","Copper","283325","Sulphates; of copper","2024","9885256"
"Chile","European Union","Import","Copper","283325","Sulphates; of copper","2024","43261.07"
"Chile","Spain","Export","Copper","283325","Sulphates; of copper","2024","2075794.5"
"Chile","Spain","Import","Copper","283325","Sulphates; of copper","2024","12909.94"
"Chile","United Kingdom","Export","Copper","283325","Sulphates; of copper","2024","2383797.25"
"Chile","India","Import","Copper","283325","Sulphates; of copper","2024","2314.63"
"Chile","Ireland","Export","Copper","283325","Sulphates; of copper","2024","1304869.75"
"Chile","Italy","Export","Copper","283325","Sulphates; of copper","2024","179469.25"
"Chile","Netherlands","Export","Copper","283325","Sulphates; of copper","2024","4747184.45"
"Chile","Panama","Import","Copper","283325","Sulphates; of copper","2024","2167.45"
"Chile","Peru","Import","Copper","283325","Sulphates; of copper","2024","504983.27"
"Chile","Peru","Export","Copper","283325","Sulphates; of copper","2024","10347.73"
"Chile","Portugal","Import","Copper","283325","Sulphates; of copper","2024","12528.57"
"Chile","United States of America","Export","Copper","283325","Sulphates; of copper","2024","3951374.12"
"Chile","United States of America","Import","Copper","283325","Sulphates; of copper","2024","845.03"
"Chile","World","Export","Copper","283325","Sulphates; of copper","2024","23698329.73"
"Chile","World","Import","Copper","283325","Sulphates; of copper","2024","679635.8400000001"
"Chile","South Africa","Export","Copper","283325","Sulphates; of copper","2024","1408152.5"
"China","Angola","Import","Copper","260300","Copper ores and concentrates","2024","6570"
"China","Albania","Import","Copper","260300","Copper ores and concentrates","2024","53251909"
"China","United Arab Emirates","Import","Copper","260300","Copper ores and concentrates","2024","20122857"
"China","Armenia","Import","Copper","260300","Copper ores and concentrates","2024","521324021"
"China","Australia","Import","Copper","260300","Copper ores and concentrates","2024","1145974106"
"China","Bulgaria","Import","Copper","260300","Copper ores and concentrates","2024","142083"
"China","Bolivia, Plurinational State of","Import","Copper","260300","Copper ores and concentrates","2024","9518844"
"China","Brazil","Import","Copper","260300","Copper ores and concentrates","2024","1127848487"
"China","Brazil","Export","Copper","260300","Copper ores and concentrates","2024","39"
"China","Botswana","Import","Copper","260300","Copper ores and concentrates","2024","752619017"
"China","Canada","Import","Copper","260300","Copper ores and concentrates","2024","983368619"
"China","Chile","Import","Copper","260300","Copper ores and concentrates","2024","21288518913"
"China","Chinese Taipei","Import","Copper","260300","Copper ores and concentrates","2024","99354251"
"China","Democratic Republic of the Congo","Import","Copper","260300","Copper ores and concentrates","2024","2520977417"
"China","Congo","Import","Copper","260300","Copper ores and concentrates","2024","3549075"
"China","Colombia","Import","Copper","260300","Copper ores and concentrates","2024","84233758"
"China","Dominican Republic","Import","Copper","260300","Copper ores and concentrates","2024","118275950"
"China","Ecuador","Import","Copper","260300","Copper ores and concentrates","2024","1117319458"
"China","European Union","Import","Copper","260300","Copper ores and concentrates","2024","1209142589"
"China","European Union","Export","Copper","260300","Copper ores and concentrates","2024","6"
"China","Spain","Import","Copper","260300","Copper ores and concentrates","2024","1160026018"
"China","Spain","Export","Copper","260300","Copper ores and concentrates","2024","2"
"China","Ethiopia","Import","Copper","260300","Copper ores and concentrates","2024","1265"
"China","United Kingdom","Import","Copper","260300","Copper ores and concentrates","2024","174391"
"China","United Kingdom","Export","Copper","260300","Copper ores and concentrates","2024","8"
"China","Honduras","Import","Copper","260300","Copper ores and concentrates","2024","86"
"China","Indonesia","Import","Copper","260300","Copper ores and concentrates","2024","2003700488"
"China","India","Import","Copper","260300","Copper ores and concentrates","2024","47525690"
"China","Iran","Import","Copper","260300","Copper ores and concentrates","2024","4907800"
"China","Japan","Export","Copper","260300","Copper ores and concentrates","2024","1635"
"China","Kazakhstan","Import","Copper","260300","Copper ores and concentrates","2024","3145566218"
"China","Kenya","Import","Copper","260300","Copper ores and concentrates","2024","1743221"
"China","Kyrgyz Republic","Import","Copper","260300","Copper ores and concentrates","2024","2024714"
"China","Kyrgyz Republic","Export","Copper","260300","Copper ores and concentrates","2024","6182"
"China","Korea, Republic of","Import","Copper","260300","Copper ores and concentrates","2024","40"
"China","Lao People's Democratic Republic","Import","Copper","260300","Copper ores and concentrates","2024","478513566"
"China","Macao, China","Export","Copper","260300","Copper ores and concentrates","2024","2038"
"China","Morocco","Import","Copper","260300","Copper ores and concentrates","2024","87021881"
"China","Madagascar","Import","Copper","260300","Copper ores and concentrates","2024","1168055"
"China","Mexico","Import","Copper","260300","Copper ores and concentrates","2024","3413239864"
"China","Mexico","Export","Copper","260300","Copper ores and concentrates","2024","5312"
"China","Myanmar","Import","Copper","260300","Copper ores and concentrates","2024","16900773"
"China","Montenegro","Import","Copper","260300","Copper ores and concentrates","2024","1529"
"China","Mongolia","Import","Copper","260300","Copper ores and concentrates","2024","3325508274"
"China","Mongolia","Export","Copper","260300","Copper ores and concentrates","2024","12"
"China","Mozambique","Import","Copper","260300","Copper ores and concentrates","2024","220979"
"China","Mauritania","Import","Copper","260300","Copper ores and concentrates","2024","221469494"
"China","Malaysia","Import","Copper","260300","Copper ores and concentrates","2024","44512478"
"China","Namibia","Import","Copper","260300","Copper ores and concentrates","2024","20340319"
"China","Nigeria","Import","Copper","260300","Copper ores and concentrates","2024","267016"
"China","Nicaragua","Import","Copper","260300","Copper ores and concentrates","2024","18920216"
"China","Netherlands","Import","Copper","260300","Copper ores and concentrates","2024","13382"
"China","Netherlands","Export","Copper","260300","Copper ores and concentrates","2024","4"
"China","Oman","Import","Copper","260300","Copper ores and concentrates","2024","14384056"
"China","Oman","Export","Copper","260300","Copper ores and concentrates","2024","26295"
"China","Pakistan","Import","Copper","260300","Copper ores and concentrates","2024","10382707"
"China","Panama","Import","Copper","260300","Copper ores and concentrates","2024","23465738"
"China","Peru","Import","Copper","260300","Copper ores and concentrates","2024","17084358965"
"China","Philippines","Import","Copper","260300","Copper ores and concentrates","2024","689457632"
"China","Papua New Guinea","Import","Copper","260300","Copper ores and concentrates","2024","138331880"
"China","Romania","Import","Copper","260300","Copper ores and concentrates","2024","48961106"
"China","Russian Federation","Import","Copper","260300","Copper ores and concentrates","2024","1474585105"
"China","Saudi Arabia, Kingdom of","Import","Copper","260300","Copper ores and concentrates","2024","622954258"
"China","Somalia","Import","Copper","260300","Copper ores and concentrates","2024","154"
"China","Serbia","Import","Copper","260300","Copper ores and concentrates","2024","1496152834"
"China","Thailand","Export","Copper","260300","Copper ores and concentrates","2024","70"
"China","Turkiye","Import","Copper","260300","Copper ores and concentrates","2024","294090064"
"China","Tanzania","Import","Copper","260300","Copper ores and concentrates","2024","3709179"
"China","United States of America","Import","Copper","260300","Copper ores and concentrates","2024","1067301763"
"China","United States of America","Export","Copper","260300","Copper ores and concentrates","2024","6"
"China","Uzbekistan","Import","Copper","260300","Copper ores and concentrates","2024","2719"
"China","Viet Nam","Import","Copper","260300","Copper ores and concentrates","2024","8825871"
"China","World","Import","Copper","260300","Copper ores and concentrates","2024","67087922585"
"China","World","Export","Copper","260300","Copper ores and concentrates","2024","41603"
"China","South Africa","Import","Copper","260300","Copper ores and concentrates","2024","184886778"
"China","Zambia","Import","Copper","260300","Copper ores and concentrates","2024","79865245"
"China","Zimbabwe","Import","Copper","260300","Copper ores and concentrates","2024","6033439"
"China","Chile","Export","Copper","262030","Slag, ash and residues; (not from the manufacture of iron or steel), containing mainly copper","2024","15"
"China","Democratic Republic of the Congo","Export","Copper","262030","Slag, ash and residues; (not from the manufacture of iron or steel), containing mainly copper","2024","88000"
"China","Colombia","Export","Copper","262030","Slag, ash and residues; (not from the manufacture of iron or steel), containing mainly copper","2024","13080"
"China","Cambodia","Export","Copper","262030","Slag, ash and residues; (not from the manufacture of iron or steel), containing mainly copper","2024","4750"
"China","Mongolia","Export","Copper","262030","Slag, ash and residues; (not from the manufacture of iron or steel), containing mainly copper","2024","20911"
"China","Viet Nam","Export","Copper","262030","Slag, ash and residues; (not from the manufacture of iron or steel), containing mainly copper","2024","21683"
"China","World","Export","Copper","262030","Slag, ash and residues; (not from the manufacture of iron or steel), containing mainly copper","2024","151839"
"China","Yemen","Export","Copper","262030","Slag, ash and residues; (not from the manufacture of iron or steel), containing mainly copper","2024","3400"
"China","United Arab Emirates","Export","Copper","282550","Copper oxides and hydroxides","2024","51750"
"China","Australia","Import","Copper","282550","Copper oxides and hydroxides","2024","239035"
"China","Australia","Export","Copper","282550","Copper oxides and hydroxides","2024","114160"
"China","Austria","Import","Copper","282550","Copper oxides and hydroxides","2024","14363"
"China","Bangladesh","Export","Copper","282550","Copper oxides and hydroxides","2024","6873"
"China","Brazil","Export","Copper","282550","Copper oxides and hydroxides","2024","2"
"China","Switzerland","Import","Copper","282550","Copper oxides and hydroxides","2024","20302"
"China","Switzerland","Export","Copper","282550","Copper oxides and hydroxides","2024","334"
"China","Chinese Taipei","Import","Copper","282550","Copper oxides and hydroxides","2024","729282"
"China","Chinese Taipei","Export","Copper","282550","Copper oxides and hydroxides","2024","312408"
"China","Congo","Export","Copper","282550","Copper oxides and hydroxides","2024","98"
"China","Colombia","Export","Copper","282550","Copper oxides and hydroxides","2024","7472"
"China","Germany","Import","Copper","282550","Copper oxides and hydroxides","2024","15280767"
"China","Germany","Export","Copper","282550","Copper oxides and hydroxides","2024","5220"
"China","European Union","Import","Copper","282550","Copper oxides and hydroxides","2024","15507370"
"China","European Union","Export","Copper","282550","Copper oxides and hydroxides","2024","1229768"
"China","Spain","Export","Copper","282550","Copper oxides and hydroxides","2024","49000"
"China","France","Export","Copper","282550","Copper oxides and hydroxides","2024","1603"
"China","United Kingdom","Import","Copper","282550","Copper oxides and hydroxides","2024","27039"
"China","United Kingdom","Export","Copper","282550","Copper oxides and hydroxides","2024","287"
"China","Hong Kong, China","Export","Copper","282550","Copper oxides and hydroxides","2024","3"
"China","Indonesia","Export","Copper","282550","Copper oxides and hydroxides","2024","691713"
"China","India","Export","Copper","282550","Copper oxides and hydroxides","2024","542539"
"China","India","Import","Copper","282550","Copper oxides and hydroxides","2024","766"
"China","Ireland","Export","Copper","282550","Copper oxides and hydroxides","2024","156221"
"China","Israel","Export","Copper","282550","Copper oxides and hydroxides","2024","44985"
"China","Italy","Import","Copper","282550","Copper oxides and hydroxides","2024","210935"
"China","Italy","Export","Copper","282550","Copper oxides and hydroxides","2024","97"
"China","Jordan","Export","Copper","282550","Copper oxides and hydroxides","2024","24971"
"China","Japan","Export","Copper","282550","Copper oxides and hydroxides","2024","600210"
"China","Japan","Import","Copper","282550","Copper oxides and hydroxides","2024","328407"
"China","Korea, Republic of","Export","Copper","282550","Copper oxides and hydroxides","2024","330043"
"China","Korea, Republic of","Import","Copper","282550","Copper oxides and hydroxides","2024","9115"
"China","Mexico","Export","Copper","282550","Copper oxides and hydroxides","2024","76338"
"China","Malaysia","Export","Copper","282550","Copper oxides and hydroxides","2024","447491"
"China","Nigeria","Export","Copper","282550","Copper oxides and hydroxides","2024","363580"
"China","Netherlands","Export","Copper","282550","Copper oxides and hydroxides","2024","13519"
"China","Netherlands","Import","Copper","282550","Copper oxides and hydroxides","2024","1305"
"China","Norway","Import","Copper","282550","Copper oxides and hydroxides","2024","41716062"
"China","Peru","Export","Copper","282550","Copper oxides and hydroxides","2024","256584"
"China","Poland","Export","Copper","282550","Copper oxides and hydroxides","2024","996808"
"China","Russian Federation","Export","Copper","282550","Copper oxides and hydroxides","2024","591322"
"China","Saudi Arabia, Kingdom of","Import","Copper","282550","Copper oxides and hydroxides","2024","5208"
"China","Singapore","Export","Copper","282550","Copper oxides and hydroxides","2024","17"
"China","El Salvador","Export","Copper","282550","Copper oxides and hydroxides","2024","36800"
"China","Sweden","Export","Copper","282550","Copper oxides and hydroxides","2024","7300"
"China","Thailand","Export","Copper","282550","Copper oxides and hydroxides","2024","1098901"
"China","Thailand","Import","Copper","282550","Copper oxides and hydroxides","2024","904022"
"China","Turkiye","Export","Copper","282550","Copper oxides and hydroxides","2024","24373"
"China","Tanzania","Export","Copper","282550","Copper oxides and hydroxides","2024","1316642"
"China","United States of America","Import","Copper","282550","Copper oxides and hydroxides","2024","25282127"
"China","United States of America","Export","Copper","282550","Copper oxides and hydroxides","2024","174820"
"China","Viet Nam","Import","Copper","282550","Copper oxides and hydroxides","2024","6017412"
"China","Viet Nam","Export","Copper","282550","Copper oxides and hydroxides","2024","1419360"
"China","World","Import","Copper","282550","Copper oxides and hydroxides","2024","90795995"
"China","World","Export","Copper","282550","Copper oxides and hydroxides","2024","10355729"
"China","South Africa","Export","Copper","282550","Copper oxides and hydroxides","2024","591885"
"China","South Africa","Import","Copper","282550","Copper oxides and hydroxides","2024","80"
"China","Zambia","Import","Copper","282550","Copper oxides and hydroxides","2024","9768"
"China","United Arab Emirates","Export","Copper","282741","Chloride oxides and chloride hydroxides; of copper","2024","115200"
"China","Argentina","Export","Copper","282741","Chloride oxides and chloride hydroxides; of copper","2024","139000"
"China","Australia","Export","Copper","282741","Chloride oxides and chloride hydroxides; of copper","2024","8964"
"China","Bangladesh","Export","Copper","282741","Chloride oxides and chloride hydroxides; of copper","2024","239486"
"China","Canada","Export","Copper","282741","Chloride oxides and chloride hydroxides; of copper","2024","430925"
"China","Switzerland","Export","Copper","282741","Chloride oxides and chloride hydroxides; of copper","2024","100"
"China","Chinese Taipei","Export","Copper","282741","Chloride oxides and chloride hydroxides; of copper","2024","15471"
"China","Colombia","Export","Copper","282741","Chloride oxides and chloride hydroxides; of copper","2024","858207"
"China","Costa Rica","Export","Copper","282741","Chloride oxides and chloride hydroxides; of copper","2024","13066"
"China","Germany","Import","Copper","282741","Chloride oxides and chloride hydroxides; of copper","2024","681"
"China","Algeria","Export","Copper","282741","Chloride oxides and chloride hydroxides; of copper","2024","117643"
"China","European Union","Import","Copper","282741","Chloride oxides and chloride hydroxides; of copper","2024","50015"
"China","Hong Kong, China","Export","Copper","282741","Chloride oxides and chloride hydroxides; of copper","2024","540"
"China","Indonesia","Export","Copper","282741","Chloride oxides and chloride hydroxides; of copper","2024","1354622"
"China","India","Export","Copper","282741","Chloride oxides and chloride hydroxides; of copper","2024","911138"
"China","Italy","Import","Copper","282741","Chloride oxides and chloride hydroxides; of copper","2024","49000"
"China","Jordan","Export","Copper","282741","Chloride oxides and chloride hydroxides; of copper","2024","34755"
"China","Cambodia","Export","Copper","282741","Chloride oxides and chloride hydroxides; of copper","2024","302601"
"China","Korea, Republic of","Export","Copper","282741","Chloride oxides and chloride hydroxides; of copper","2024","1278333"
"China","Malaysia","Export","Copper","282741","Chloride oxides and chloride hydroxides; of copper","2024","950866"
"China","Netherlands","Import","Copper","282741","Chloride oxides and chloride hydroxides; of copper","2024","334"
"China","Pakistan","Export","Copper","282741","Chloride oxides and chloride hydroxides; of copper","2024","74136"
"China","Philippines","Export","Copper","282741","Chloride oxides and chloride hydroxides; of copper","2024","809549"
"China","Russian Federation","Export","Copper","282741","Chloride oxides and chloride hydroxides; of copper","2024","1474"
"China","Singapore","Export","Copper","282741","Chloride oxides and chloride hydroxides; of copper","2024","124908"
"China","Thailand","Export","Copper","282741","Chloride oxides and chloride hydroxides; of copper","2024","2119945"
"China","Turkiye","Export","Copper","282741","Chloride oxides and chloride hydroxides; of copper","2024","1450"
"China","United States of America","Export","Copper","282741","Chloride oxides and chloride hydroxides; of copper","2024","6016099"
"China","United States of America","Import","Copper","282741","Chloride oxides and chloride hydroxides; of copper","2024","1246"
"China","Viet Nam","Export","Copper","282741","Chloride oxides and chloride hydroxides; of copper","2024","2964131"
"China","World","Export","Copper","282741","Chloride oxides and chloride hydroxides; of copper","2024","18882609"
"China","World","Import","Copper","282741","Chloride oxides and chloride hydroxides; of copper","2024","51261"
"China","United Arab Emirates","Export","Copper","283325","Sulphates; of copper","2024","21732"
"China","Argentina","Export","Copper","283325","Sulphates; of copper","2024","15750"
"China","Australia","Export","Copper","283325","Sulphates; of copper","2024","6508809"
"China","Bangladesh","Export","Copper","283325","Sulphates; of copper","2024","96570"
"China","Brazil","Export","Copper","283325","Sulphates; of copper","2024","175761"
"China","Canada","Export","Copper","283325","Sulphates; of copper","2024","52138"
"China","Chile","Export","Copper","283325","Sulphates; of copper","2024","178047"
"China","Chinese Taipei","Export","Copper","283325","Sulphates; of copper","2024","1707316"
"China","Chinese Taipei","Import","Copper","283325","Sulphates; of copper","2024","1633571"
"China","Cote d'Ivoire","Export","Copper","283325","Sulphates; of copper","2024","2829"
"China","Costa Rica","Export","Copper","283325","Sulphates; of copper","2024","93821"
"China","Germany","Export","Copper","283325","Sulphates; of copper","2024","85840"
"China","Germany","Import","Copper","283325","Sulphates; of copper","2024","30653"
"China","Dominican Republic","Export","Copper","283325","Sulphates; of copper","2024","74800"
"China","Algeria","Export","Copper","283325","Sulphates; of copper","2024","109143"
"China","Ecuador","Export","Copper","283325","Sulphates; of copper","2024","226071"
"China","European Union","Import","Copper","283325","Sulphates; of copper","2024","103557"
"China","European Union","Export","Copper","283325","Sulphates; of copper","2024","86523"
"China","Egypt","Export","Copper","283325","Sulphates; of copper","2024","320400"
"China","Spain","Import","Copper","283325","Sulphates; of copper","2024","10328"
"China","United Kingdom","Export","Copper","283325","Sulphates; of copper","2024","1352"
"China","United Kingdom","Import","Copper","283325","Sulphates; of copper","2024","992"
"China","Ghana","Export","Copper","283325","Sulphates; of copper","2024","1627169"
"China","Guatemala","Export","Copper","283325","Sulphates; of copper","2024","20204"
"China","Hong Kong, China","Export","Copper","283325","Sulphates; of copper","2024","31"
"China","Honduras","Export","Copper","283325","Sulphates; of copper","2024","169500"
"China","Indonesia","Export","Copper","283325","Sulphates; of copper","2024","393745"
"China","India","Import","Copper","283325","Sulphates; of copper","2024","6823"
"China","Israel","Export","Copper","283325","Sulphates; of copper","2024","67022"
"China","Italy","Import","Copper","283325","Sulphates; of copper","2024","62576"
"China","Jordan","Export","Copper","283325","Sulphates; of copper","2024","128568"
"China","Japan","Import","Copper","283325","Sulphates; of copper","2024","7845307"
"China","Japan","Export","Copper","283325","Sulphates; of copper","2024","659416"
"China","Kazakhstan","Export","Copper","283325","Sulphates; of copper","2024","23475"
"China","Kenya","Export","Copper","283325","Sulphates; of copper","2024","410574"
"China","Cambodia","Export","Copper","283325","Sulphates; of copper","2024","120772"
"China","Korea, Republic of","Export","Copper","283325","Sulphates; of copper","2024","50176"
"China","Korea, Republic of","Import","Copper","283325","Sulphates; of copper","2024","20007"
"China","Lao People's Democratic Republic","Export","Copper","283325","Sulphates; of copper","2024","215208"
"China","Sri Lanka","Export","Copper","283325","Sulphates; of copper","2024","110107"
"China","Latvia","Export","Copper","283325","Sulphates; of copper","2024","21"
"China","Macao, China","Export","Copper","283325","Sulphates; of copper","2024","1536"
"China","Moldova, Republic of","Export","Copper","283325","Sulphates; of copper","2024","70"
"China","Mexico","Export","Copper","283325","Sulphates; of copper","2024","310884"
"China","Myanmar","Export","Copper","283325","Sulphates; of copper","2024","1091335"
"China","Mongolia","Export","Copper","283325","Sulphates; of copper","2024","1758402"
"China","Mozambique","Export","Copper","283325","Sulphates; of copper","2024","388262"
"China","Malaysia","Export","Copper","283325","Sulphates; of copper","2024","447676"
"China","Namibia","Export","Copper","283325","Sulphates; of copper","2024","138750"
"China","Niger","Export","Copper","283325","Sulphates; of copper","2024","975"
"China","Nigeria","Export","Copper","283325","Sulphates; of copper","2024","589245"
"China","New Zealand","Export","Copper","283325","Sulphates; of copper","2024","263520"
"China","Pakistan","Export","Copper","283325","Sulphates; of copper","2024","1261480"
"China","Panama","Export","Copper","283325","Sulphates; of copper","2024","35000"
"China","Peru","Export","Copper","283325","Sulphates; of copper","2024","20600"
"China","Philippines","Export","Copper","283325","Sulphates; of copper","2024","108800"
"China","Papua New Guinea","Export","Copper","283325","Sulphates; of copper","2024","2546937"
"China","Poland","Export","Copper","283325","Sulphates; of copper","2024","662"
"China","Russian Federation","Export","Copper","283325","Sulphates; of copper","2024","3480885"
"China","Russian Federation","Import","Copper","283325","Sulphates; of copper","2024","1074757"
"China","Saudi Arabia, Kingdom of","Export","Copper","283325","Sulphates; of copper","2024","354997"
"China","Singapore","Export","Copper","283325","Sulphates; of copper","2024","38168"
"China","Solomon Islands","Export","Copper","283325","Sulphates; of copper","2024","281753"
"China","El Salvador","Export","Copper","283325","Sulphates; of copper","2024","14270"
"China","Thailand","Export","Copper","283325","Sulphates; of copper","2024","2219809"
"China","Tajikistan","Export","Copper","283325","Sulphates; of copper","2024","62846"
"China","Turkiye","Export","Copper","283325","Sulphates; of copper","2024","3395"
"China","Tanzania","Export","Copper","283325","Sulphates; of copper","2024","16499"
"China","Uganda","Export","Copper","283325","Sulphates; of copper","2024","29"
"China","Uruguay","Export","Copper","283325","Sulphates; of copper","2024","29857"
"China","United States of America","Import","Copper","283325","Sulphates; of copper","2024","1152946"
"China","United States of America","Export","Copper","283325","Sulphates; of copper","2024","6897"
"China","Venezuela, Bolivarian Republic of","Export","Copper","283325","Sulphates; of copper","2024","179697"
"China","Viet Nam","Export","Copper","283325","Sulphates; of copper","2024","525370"
"China","World","Export","Copper","283325","Sulphates; of copper","2024","29844973"
"China","World","Import","Copper","283325","Sulphates; of copper","2024","11837960"
"Chinese Taipei","Australia","Import","Copper","260300","Copper ores and concentrates","2024","158634000"
"Chinese Taipei","Australia","Export","Copper","260300","Copper ores and concentrates","2024","80590.44"
"Chinese Taipei","Brazil","Import","Copper","260300","Copper ores and concentrates","2024","200711000"
"Chinese Taipei","Botswana","Import","Copper","260300","Copper ores and concentrates","2024","39638000"
"Chinese Taipei","Canada","Import","Copper","260300","Copper ores and concentrates","2024","274000"
"Chinese Taipei","Chile","Import","Copper","260300","Copper ores and concentrates","2024","68721000"
"Chinese Taipei","China","Export","Copper","260300","Copper ores and concentrates","2024","673319446.95"
"Chinese Taipei","Ecuador","Import","Copper","260300","Copper ores and concentrates","2024","518000"
"Chinese Taipei","Indonesia","Import","Copper","260300","Copper ores and concentrates","2024","51665000"
"Chinese Taipei","Japan","Export","Copper","260300","Copper ores and concentrates","2024","68806727.93"
"Chinese Taipei","Mexico","Import","Copper","260300","Copper ores and concentrates","2024","33289000"
"Chinese Taipei","Peru","Import","Copper","260300","Copper ores and concentrates","2024","155661000"
"Chinese Taipei","Philippines","Import","Copper","260300","Copper ores and concentrates","2024","18000"
"Chinese Taipei","United States of America","Import","Copper","260300","Copper ores and concentrates","2024","61634000"
"Chinese Taipei","United States of America","Export","Copper","260300","Copper ores and concentrates","2024","3021.75"
"Chinese Taipei","World","Import","Copper","260300","Copper ores and concentrates","2024","861310000"
"Chinese Taipei","World","Export","Copper","260300","Copper ores and concentrates","2024","742209787.0700002"
"Chinese Taipei","South Africa","Import","Copper","260300","Copper ores and concentrates","2024","89547000"
"Chinese Taipei","Zambia","Import","Copper","260300","Copper ores and concentrates","2024","1000000"
"Chinese Taipei","Japan","Export","Copper","262030","Slag, ash and residues; (not from the manufacture of iron or steel), containing mainly copper","2024","9439579.68"
"Chinese Taipei","Korea, Republic of","Export","Copper","262030","Slag, ash and residues; (not from the manufacture of iron or steel), containing mainly copper","2024","4859.73"
"Chinese Taipei","Philippines","Export","Copper","262030","Slag, ash and residues; (not from the manufacture of iron or steel), containing mainly copper","2024","679738.46"
"Chinese Taipei","World","Export","Copper","262030","Slag, ash and residues; (not from the manufacture of iron or steel), containing mainly copper","2024","10124177.87"
"Chinese Taipei","United Arab Emirates","Export","Copper","282550","Copper oxides and hydroxides","2024","56354.12"
"Chinese Taipei","Australia","Import","Copper","282550","Copper oxides and hydroxides","2024","83000"
"Chinese Taipei","Belgium","Export","Copper","282550","Copper oxides and hydroxides","2024","196040.06"
"Chinese Taipei","China","Export","Copper","282550","Copper oxides and hydroxides","2024","799829.74"
"Chinese Taipei","China","Import","Copper","282550","Copper oxides and hydroxides","2024","319000"
"Chinese Taipei","Germany","Export","Copper","282550","Copper oxides and hydroxides","2024","320679.55"
"Chinese Taipei","Germany","Import","Copper","282550","Copper oxides and hydroxides","2024","72000"
"Chinese Taipei","European Union","Export","Copper","282550","Copper oxides and hydroxides","2024","752104.75"
"Chinese Taipei","European Union","Import","Copper","282550","Copper oxides and hydroxides","2024","82000"
"Chinese Taipei","France","Export","Copper","282550","Copper oxides and hydroxides","2024","54547.3"
"Chinese Taipei","France","Import","Copper","282550","Copper oxides and hydroxides","2024","6000"
"Chinese Taipei","United Kingdom","Import","Copper","282550","Copper oxides and hydroxides","2024","5000"
"Chinese Taipei","Hong Kong, China","Export","Copper","282550","Copper oxides and hydroxides","2024","4419047.63"
"Chinese Taipei","Indonesia","Export","Copper","282550","Copper oxides and hydroxides","2024","1269572"
"Chinese Taipei","India","Export","Copper","282550","Copper oxides and hydroxides","2024","97911"
"Chinese Taipei","India","Import","Copper","282550","Copper oxides and hydroxides","2024","7000"
"Chinese Taipei","Italy","Export","Copper","282550","Copper oxides and hydroxides","2024","180837.84"
"Chinese Taipei","Italy","Import","Copper","282550","Copper oxides and hydroxides","2024","4000"
"Chinese Taipei","Japan","Export","Copper","282550","Copper oxides and hydroxides","2024","7253388.78"
"Chinese Taipei","Japan","Import","Copper","282550","Copper oxides and hydroxides","2024","146000"
"Chinese Taipei","Korea, Republic of","Export","Copper","282550","Copper oxides and hydroxides","2024","17114580.76"
"Chinese Taipei","Malaysia","Export","Copper","282550","Copper oxides and hydroxides","2024","2089525.99"
"Chinese Taipei","Philippines","Export","Copper","282550","Copper oxides and hydroxides","2024","1965540.7"
"Chinese Taipei","Singapore","Export","Copper","282550","Copper oxides and hydroxides","2024","496969.18"
"Chinese Taipei","Thailand","Export","Copper","282550","Copper oxides and hydroxides","2024","8785479.39"
"Chinese Taipei","United States of America","Import","Copper","282550","Copper oxides and hydroxides","2024","1781000"
"Chinese Taipei","United States of America","Export","Copper","282550","Copper oxides and hydroxides","2024","382080.3"
"Chinese Taipei","Viet Nam","Import","Copper","282550","Copper oxides and hydroxides","2024","8565000"
"Chinese Taipei","Viet Nam","Export","Copper","282550","Copper oxides and hydroxides","2024","44267.11"
"Chinese Taipei","World","Export","Copper","282550","Copper oxides and hydroxides","2024","45526651.45"
"Chinese Taipei","World","Import","Copper","282550","Copper oxides and hydroxides","2024","10988000"
"Chinese Taipei","Thailand","Export","Copper","282741","Chloride oxides and chloride hydroxides; of copper","2024","5108.94"
"Chinese Taipei","World","Export","Copper","282741","Chloride oxides and chloride hydroxides; of copper","2024","5108.94"
"Chinese Taipei","Australia","Export","Copper","283325","Sulphates; of copper","2024","34983633.82"
"Chinese Taipei","Brazil","Import","Copper","283325","Sulphates; of copper","2024","59000"
"Chinese Taipei","Canada","Export","Copper","283325","Sulphates; of copper","2024","9603533.1"
"Chinese Taipei","China","Import","Copper","283325","Sulphates; of copper","2024","1940000"
"Chinese Taipei","China","Export","Copper","283325","Sulphates; of copper","2024","1579410.63"
"Chinese Taipei","Germany","Import","Copper","283325","Sulphates; of copper","2024","139000"
"Chinese Taipei","European Union","Import","Copper","283325","Sulphates; of copper","2024","164000"
"Chinese Taipei","Egypt","Export","Copper","283325","Sulphates; of copper","2024","467935.44"
"Chinese Taipei","Spain","Import","Copper","283325","Sulphates; of copper","2024","12000"
"Chinese Taipei","Indonesia","Export","Copper","283325","Sulphates; of copper","2024","10130532.89"
"Chinese Taipei","Israel","Export","Copper","283325","Sulphates; of copper","2024","59656.24"
"Chinese Taipei","Italy","Import","Copper","283325","Sulphates; of copper","2024","13000"
"Chinese Taipei","Jordan","Export","Copper","283325","Sulphates; of copper","2024","60061.22"
"Chinese Taipei","Japan","Import","Copper","283325","Sulphates; of copper","2024","7571000"
"Chinese Taipei","Japan","Export","Copper","283325","Sulphates; of copper","2024","3028699"
"Chinese Taipei","Korea, Republic of","Export","Copper","283325","Sulphates; of copper","2024","1846820.11"
"Chinese Taipei","Korea, Republic of","Import","Copper","283325","Sulphates; of copper","2024","1000"
"Chinese Taipei","Myanmar","Export","Copper","283325","Sulphates; of copper","2024","58441.31"
"Chinese Taipei","Malaysia","Export","Copper","283325","Sulphates; of copper","2024","5459215.69"
"Chinese Taipei","Nigeria","Export","Copper","283325","Sulphates; of copper","2024","163174.61"
"Chinese Taipei","New Zealand","Export","Copper","283325","Sulphates; of copper","2024","3054710.99"
"Chinese Taipei","Pakistan","Export","Copper","283325","Sulphates; of copper","2024","423387.97"
"Chinese Taipei","Philippines","Export","Copper","283325","Sulphates; of copper","2024","5676750.69"
"Chinese Taipei","Papua New Guinea","Export","Copper","283325","Sulphates; of copper","2024","844470.68"
"Chinese Taipei","Saudi Arabia, Kingdom of","Export","Copper","283325","Sulphates; of copper","2024","315196.78"
"Chinese Taipei","Singapore","Export","Copper","283325","Sulphates; of copper","2024","4216870.61"
"Chinese Taipei","Thailand","Export","Copper","283325","Sulphates; of copper","2024","2091862.4"
"Chinese Taipei","Thailand","Import","Copper","283325","Sulphates; of copper","2024","161000"
"Chinese Taipei","Turkiye","Import","Copper","283325","Sulphates; of copper","2024","135000"
"Chinese Taipei","United States of America","Export","Copper","283325","Sulphates; of copper","2024","4549606.01"
"Chinese Taipei","United States of America","Import","Copper","283325","Sulphates; of copper","2024","830000"
"Chinese Taipei","Viet Nam","Export","Copper","283325","Sulphates; of copper","2024","9493223.57"
"Chinese Taipei","Viet Nam","Import","Copper","283325","Sulphates; of copper","2024","16000"
"Chinese Taipei","World","Export","Copper","283325","Sulphates; of copper","2024","98107193.76"
"Chinese Taipei","World","Import","Copper","283325","Sulphates; of copper","2024","10877000"
"Cote d'Ivoire","World","Import","Copper","260300","Copper ores and concentrates","2024","326.14"
"Cote d'Ivoire","World","Export","Copper","260300","Copper ores and concentrates","2024","29.55"
"Cote d'Ivoire","South Africa","Import","Copper","260300","Copper ores and concentrates","2024","326.14"
"Cote d'Ivoire","South Africa","Export","Copper","260300","Copper ores and concentrates","2024","29.55"
"Cote d'Ivoire","China","Import","Copper","262030","Slag, ash and residues; (not from the manufacture of iron or steel), containing mainly copper","2024","5557.38"
"Cote d'Ivoire","World","Import","Copper","262030","Slag, ash and residues; (not from the manufacture of iron or steel), containing mainly copper","2024","5557.38"
"Cote d'Ivoire","Germany","Import","Copper","282550","Copper oxides and hydroxides","2024","340.28"
"Cote d'Ivoire","European Union","Import","Copper","282550","Copper oxides and hydroxides","2024","418.1"
"Cote d'Ivoire","Spain","Import","Copper","282550","Copper oxides and hydroxides","2024","77.82"
"Cote d'Ivoire","World","Import","Copper","282550","Copper oxides and hydroxides","2024","418.1"
"Cote d'Ivoire","Australia","Import","Copper","283325","Sulphates; of copper","2024","319.95"
"Cote d'Ivoire","Belgium","Import","Copper","283325","Sulphates; of copper","2024","167.38"
"Cote d'Ivoire","China","Import","Copper","283325","Sulphates; of copper","2024","3517.72"
"Cote d'Ivoire","Germany","Import","Copper","283325","Sulphates; of copper","2024","4407.93"
"Cote d'Ivoire","European Union","Import","Copper","283325","Sulphates; of copper","2024","5132.34"
"Cote d'Ivoire","Spain","Import","Copper","283325","Sulphates; of copper","2024","94.8"
"Cote d'Ivoire","Italy","Import","Copper","283325","Sulphates; of copper","2024","462.23"
"Cote d'Ivoire","Malaysia","Import","Copper","283325","Sulphates; of copper","2024","241592.35"
"Cote d'Ivoire","Senegal","Export","Copper","283325","Sulphates; of copper","2024","116867.1"
"Cote d'Ivoire","Turkiye","Import","Copper","283325","Sulphates; of copper","2024","1455555.7"
"Cote d'Ivoire","World","Import","Copper","283325","Sulphates; of copper","2024","1706118.06"
"Cote d'Ivoire","World","Export","Copper","283325","Sulphates; of copper","2024","116867.1"
"Colombia","China","Export","Copper","260300","Copper ores and concentrates","2024","86144694.68"
"Colombia","Chinese Taipei","Export","Copper","260300","Copper ores and concentrates","2024","42200"
"Colombia","World","Export","Copper","260300","Copper ores and concentrates","2024","86186894.68"
"Colombia","China","Import","Copper","262030","Slag, ash and residues; (not from the manufacture of iron or steel), containing mainly copper","2024","15679.06"
"Colombia","World","Import","Copper","262030","Slag, ash and residues; (not from the manufacture of iron or steel), containing mainly copper","2024","15679.06"
"Colombia","Brazil","Import","Copper","282550","Copper oxides and hydroxides","2024","1247.53"
"Colombia","China","Import","Copper","282550","Copper oxides and hydroxides","2024","9418.64"
"Colombia","Germany","Import","Copper","282550","Copper oxides and hydroxides","2024","10546.66"
"Colombia","European Union","Import","Copper","282550","Copper oxides and hydroxides","2024","10584.76"
"Colombia","India","Import","Copper","282550","Copper oxides and hydroxides","2024","46.8"
"Colombia","Italy","Import","Copper","282550","Copper oxides and hydroxides","2024","38.1"
"Colombia","Japan","Import","Copper","282550","Copper oxides and hydroxides","2024","35.83"
"Colombia","Norway","Import","Copper","282550","Copper oxides and hydroxides","2024","11208.27"
"Colombia","Peru","Import","Copper","282550","Copper oxides and hydroxides","2024","81437.31"
"Colombia","United States of America","Import","Copper","282550","Copper oxides and hydroxides","2024","246012.59"
"Colombia","World","Import","Copper","282550","Copper oxides and hydroxides","2024","359991.73"
"Colombia","Chile","Import","Copper","282741","Chloride oxides and chloride hydroxides; of copper","2024","847256.18"
"Colombia","China","Import","Copper","282741","Chloride oxides and chloride hydroxides; of copper","2024","1547299.27"
"Colombia","Germany","Import","Copper","282741","Chloride oxides and chloride hydroxides; of copper","2024","77.08"
"Colombia","European Union","Import","Copper","282741","Chloride oxides and chloride hydroxides; of copper","2024","77.08"
"Colombia","Mexico","Import","Copper","282741","Chloride oxides and chloride hydroxides; of copper","2024","158708.5"
"Colombia","World","Import","Copper","282741","Chloride oxides and chloride hydroxides; of copper","2024","2553341.03"
"Colombia","Brazil","Import","Copper","283325","Sulphates; of copper","2024","126626.04"
"Colombia","Germany","Import","Copper","283325","Sulphates; of copper","2024","90220.14"
"Colombia","Denmark","Import","Copper","283325","Sulphates; of copper","2024","939.91"
"Colombia","Ecuador","Export","Copper","283325","Sulphates; of copper","2024","697080"
"Colombia","European Union","Import","Copper","283325","Sulphates; of copper","2024","176457.8"
"Colombia","Spain","Import","Copper","283325","Sulphates; of copper","2024","11414.03"
"Colombia","United Kingdom","Import","Copper","283325","Sulphates; of copper","2024","5170.96"
"Colombia","Guatemala","Export","Copper","283325","Sulphates; of copper","2024","67020"
"Colombia","Hungary","Import","Copper","283325","Sulphates; of copper","2024","397.47"
"Colombia","India","Import","Copper","283325","Sulphates; of copper","2024","12467.73"
"Colombia","Italy","Import","Copper","283325","Sulphates; of copper","2024","41012.2"
"Colombia","Mexico","Import","Copper","283325","Sulphates; of copper","2024","64675"
"Colombia","Peru","Import","Copper","283325","Sulphates; of copper","2024","496524.97"
"Colombia","Poland","Import","Copper","283325","Sulphates; of copper","2024","32474.05"
"Colombia","Turkiye","Import","Copper","283325","Sulphates; of copper","2024","40094.84"
"Colombia","United States of America","Export","Copper","283325","Sulphates; of copper","2024","483405.35"
"Colombia","United States of America","Import","Copper","283325","Sulphates; of copper","2024","3632.13"
"Colombia","World","Export","Copper","283325","Sulphates; of copper","2024","1247505.35"
"Colombia","World","Import","Copper","283325","Sulphates; of copper","2024","925649.47"
"Cabo Verde","European Union","Import","Copper","260300","Copper ores and concentrates","2024","87.14"
"Cabo Verde","Portugal","Import","Copper","260300","Copper ores and concentrates","2024","87.14"
"Cabo Verde","World","Import","Copper","260300","Copper ores and concentrates","2024","87.14"
"Cabo Verde","European Union","Import","Copper","282550","Copper oxides and hydroxides","2024","478.42"
"Cabo Verde","Portugal","Import","Copper","282550","Copper oxides and hydroxides","2024","478.42"
"Cabo Verde","World","Import","Copper","282550","Copper oxides and hydroxides","2024","478.42"
"Cabo Verde","European Union","Import","Copper","283325","Sulphates; of copper","2024","274.44"
"Cabo Verde","Spain","Import","Copper","283325","Sulphates; of copper","2024","274.44"
"Cabo Verde","Norway","Import","Copper","283325","Sulphates; of copper","2024","215.1"
"Cabo Verde","World","Import","Copper","283325","Sulphates; of copper","2024","489.54"
"Costa Rica","Chile","Import","Copper","282550","Copper oxides and hydroxides","2024","27.02"
"Costa Rica","Guatemala","Import","Copper","282550","Copper oxides and hydroxides","2024","2666.52"
"Costa Rica","Norway","Import","Copper","282550","Copper oxides and hydroxides","2024","106337"
"Costa Rica","United States of America","Import","Copper","282550","Copper oxides and hydroxides","2024","20959.36"
"Costa Rica","World","Import","Copper","282550","Copper oxides and hydroxides","2024","129989.9"
"Costa Rica","Brazil","Import","Copper","283325","Sulphates; of copper","2024","168008.25"
"Costa Rica","China","Import","Copper","283325","Sulphates; of copper","2024","150666.48"
"Costa Rica","Colombia","Import","Copper","283325","Sulphates; of copper","2024","252.89"
"Costa Rica","Germany","Import","Copper","283325","Sulphates; of copper","2024","581.24"
"Costa Rica","European Union","Import","Copper","283325","Sulphates; of copper","2024","3931.24"
"Costa Rica","Spain","Import","Copper","283325","Sulphates; of copper","2024","3350"
"Costa Rica","Guatemala","Import","Copper","283325","Sulphates; of copper","2024","31237.49"
"Costa Rica","Guatemala","Export","Copper","283325","Sulphates; of copper","2024","23475"
"Costa Rica","India","Import","Copper","283325","Sulphates; of copper","2024","78.33"
"Costa Rica","Mexico","Import","Copper","283325","Sulphates; of copper","2024","93568"
"Costa Rica","Panama","Export","Copper","283325","Sulphates; of copper","2024","6570"
"Costa Rica","Peru","Import","Copper","283325","Sulphates; of copper","2024","447749.05"
"Costa Rica","United States of America","Import","Copper","283325","Sulphates; of copper","2024","10349.94"
"Costa Rica","World","Import","Copper","283325","Sulphates; of copper","2024","905841.67"
"Costa Rica","World","Export","Copper","283325","Sulphates; of copper","2024","30045"
"Cyprus","Australia","Import","Copper","260300","Copper ores and concentrates","2024","64.94"
"Cyprus","Greece","Import","Copper","260300","Copper ores and concentrates","2024","4.33"
"Cyprus","World","Import","Copper","260300","Copper ores and concentrates","2024","69.27"
"Cyprus","Italy","Import","Copper","282741","Chloride oxides and chloride hydroxides; of copper","2024","10816.23"
"Cyprus","World","Import","Copper","282741","Chloride oxides and chloride hydroxides; of copper","2024","10816.23"
"Cyprus","Belgium","Import","Copper","283325","Sulphates; of copper","2024","9849.66"
"Cyprus","Chile","Import","Copper","283325","Sulphates; of copper","2024","67569.76"
"Cyprus","Germany","Import","Copper","283325","Sulphates; of copper","2024","999.04"
"Cyprus","Spain","Import","Copper","283325","Sulphates; of copper","2024","16159.94"
"Cyprus","France","Import","Copper","283325","Sulphates; of copper","2024","46.54"
"Cyprus","United Kingdom","Import","Copper","283325","Sulphates; of copper","2024","134.22"
"Cyprus","Greece","Import","Copper","283325","Sulphates; of copper","2024","349.61"
"Cyprus","Italy","Import","Copper","283325","Sulphates; of copper","2024","60461.77"
"Cyprus","Netherlands","Import","Copper","283325","Sulphates; of copper","2024","13432.34"
"Cyprus","World","Import","Copper","283325","Sulphates; of copper","2024","169002.88"
"Czech Republic","Canada","Import","Copper","260300","Copper ores and concentrates","2024","16991"
"Czech Republic","India","Import","Copper","260300","Copper ores and concentrates","2024","584"
"Czech Republic","Italy","Import","Copper","260300","Copper ores and concentrates","2024","1772"
"Czech Republic","World","Import","Copper","260300","Copper ores and concentrates","2024","19347"
"Czech Republic","Germany","Export","Copper","262030","Slag, ash and residues; (not from the manufacture of iron or steel), containing mainly copper","2024","291330"
"Czech Republic","Italy","Export","Copper","262030","Slag, ash and residues; (not from the manufacture of iron or steel), containing mainly copper","2024","66427"
"Czech Republic","World","Export","Copper","262030","Slag, ash and residues; (not from the manufacture of iron or steel), containing mainly copper","2024","357757"
"Czech Republic","Belgium","Import","Copper","282550","Copper oxides and hydroxides","2024","105"
"Czech Republic","Germany","Import","Copper","282550","Copper oxides and hydroxides","2024","11784"
"Czech Republic","Germany","Export","Copper","282550","Copper oxides and hydroxides","2024","3491"
"Czech Republic","United Kingdom","Import","Copper","282550","Copper oxides and hydroxides","2024","3333"
"Czech Republic","Greece","Export","Copper","282550","Copper oxides and hydroxides","2024","103"
"Czech Republic","India","Import","Copper","282550","Copper oxides and hydroxides","2024","35"
"Czech Republic","Italy","Import","Copper","282550","Copper oxides and hydroxides","2024","2167"
"Czech Republic","Malaysia","Import","Copper","282550","Copper oxides and hydroxides","2024","124535"
"Czech Republic","Poland","Import","Copper","282550","Copper oxides and hydroxides","2024","39395"
"Czech Republic","Poland","Export","Copper","282550","Copper oxides and hydroxides","2024","68"
"Czech Republic","Serbia","Export","Copper","282550","Copper oxides and hydroxides","2024","986"
"Czech Republic","Slovak Republic","Export","Copper","282550","Copper oxides and hydroxides","2024","736"
"Czech Republic","Turkiye","Import","Copper","282550","Copper oxides and hydroxides","2024","119"
"Czech Republic","United States of America","Import","Copper","282550","Copper oxides and hydroxides","2024","34"
"Czech Republic","World","Import","Copper","282550","Copper oxides and hydroxides","2024","181507"
"Czech Republic","World","Export","Copper","282550","Copper oxides and hydroxides","2024","5384"
"Czech Republic","Austria","Import","Copper","282741","Chloride oxides and chloride hydroxides; of copper","2024","24"
"Czech Republic","Spain","Import","Copper","282741","Chloride oxides and chloride hydroxides; of copper","2024","7434"
"Czech Republic","Hungary","Export","Copper","282741","Chloride oxides and chloride hydroxides; of copper","2024","913"
"Czech Republic","Netherlands","Import","Copper","282741","Chloride oxides and chloride hydroxides; of copper","2024","7735"
"Czech Republic","Slovak Republic","Import","Copper","282741","Chloride oxides and chloride hydroxides; of copper","2024","36"
"Czech Republic","Slovak Republic","Export","Copper","282741","Chloride oxides and chloride hydroxides; of copper","2024","22"
"Czech Republic","World","Import","Copper","282741","Chloride oxides and chloride hydroxides; of copper","2024","15229"
"Czech Republic","World","Export","Copper","282741","Chloride oxides and chloride hydroxides; of copper","2024","935"
"Czech Republic","Austria","Export","Copper","283325","Sulphates; of copper","2024","8650"
"Czech Republic","Austria","Import","Copper","283325","Sulphates; of copper","2024","7902"
"Czech Republic","Belgium","Import","Copper","283325","Sulphates; of copper","2024","246"
"Czech Republic","Canada","Export","Copper","283325","Sulphates; of copper","2024","7"
"Czech Republic","China","Import","Copper","283325","Sulphates; of copper","2024","360185"
"Czech Republic","Germany","Import","Copper","283325","Sulphates; of copper","2024","763073"
"Czech Republic","Germany","Export","Copper","283325","Sulphates; of copper","2024","3817"
"Czech Republic","Spain","Import","Copper","283325","Sulphates; of copper","2024","5439"
"Czech Republic","France","Import","Copper","283325","Sulphates; of copper","2024","1851"
"Czech Republic","France","Export","Copper","283325","Sulphates; of copper","2024","28"
"Czech Republic","United Kingdom","Import","Copper","283325","Sulphates; of copper","2024","25"
"Czech Republic","United Kingdom","Export","Copper","283325","Sulphates; of copper","2024","21"
"Czech Republic","Greece","Export","Copper","283325","Sulphates; of copper","2024","770"
"Czech Republic","Guatemala","Export","Copper","283325","Sulphates; of copper","2024","1773"
"Czech Republic","Hungary","Export","Copper","283325","Sulphates; of copper","2024","25365"
"Czech Republic","Hungary","Import","Copper","283325","Sulphates; of copper","2024","10302"
"Czech Republic","India","Import","Copper","283325","Sulphates; of copper","2024","642"
"Czech Republic","Italy","Import","Copper","283325","Sulphates; of copper","2024","204379"
"Czech Republic","Kazakhstan","Export","Copper","283325","Sulphates; of copper","2024","815"
"Czech Republic","Nigeria","Export","Copper","283325","Sulphates; of copper","2024","166"
"Czech Republic","Poland","Import","Copper","283325","Sulphates; of copper","2024","1595614"
"Czech Republic","Poland","Export","Copper","283325","Sulphates; of copper","2024","1230"
"Czech Republic","Russian Federation","Import","Copper","283325","Sulphates; of copper","2024","26449"
"Czech Republic","Serbia","Export","Copper","283325","Sulphates; of copper","2024","192"
"Czech Republic","Slovak Republic","Export","Copper","283325","Sulphates; of copper","2024","88262"
"Czech Republic","Slovak Republic","Import","Copper","283325","Sulphates; of copper","2024","15022"
"Czech Republic","Slovenia","Import","Copper","283325","Sulphates; of copper","2024","2885"
"Czech Republic","Turkiye","Import","Copper","283325","Sulphates; of copper","2024","666768"
"Czech Republic","United States of America","Import","Copper","283325","Sulphates; of copper","2024","422"
"Czech Republic","Uzbekistan","Export","Copper","283325","Sulphates; of copper","2024","53"
"Czech Republic","Viet Nam","Export","Copper","283325","Sulphates; of copper","2024","314"
"Czech Republic","World","Import","Copper","283325","Sulphates; of copper","2024","3661204"
"Czech Republic","World","Export","Copper","283325","Sulphates; of copper","2024","131463"
"Germany","Australia","Import","Copper","260300","Copper ores and concentrates","2024","268601105.06"
"Germany","Australia","Export","Copper","260300","Copper ores and concentrates","2024","1946.95"
"Germany","Belgium","Export","Copper","260300","Copper ores and concentrates","2024","1697211.7"
"Germany","Belgium","Import","Copper","260300","Copper ores and concentrates","2024","122.6"
"Germany","Bosnia and Herzegovina","Import","Copper","260300","Copper ores and concentrates","2024","50191.12"
"Germany","Brazil","Import","Copper","260300","Copper ores and concentrates","2024","671713622.34"
"Germany","Canada","Import","Copper","260300","Copper ores and concentrates","2024","171254039.4"
"Germany","Canada","Export","Copper","260300","Copper ores and concentrates","2024","971499.58"
"Germany","Chile","Import","Copper","260300","Copper ores and concentrates","2024","643759540.6"
"Germany","Spain","Import","Copper","260300","Copper ores and concentrates","2024","7728213.3"
"Germany","United Kingdom","Import","Copper","260300","Copper ores and concentrates","2024","35415.03"
"Germany","Indonesia","Import","Copper","260300","Copper ores and concentrates","2024","164948932.56"
"Germany","Kazakhstan","Import","Copper","260300","Copper ores and concentrates","2024","2817.74"
"Germany","Lao People's Democratic Republic","Export","Copper","260300","Copper ores and concentrates","2024","81056.27"
"Germany","Morocco","Import","Copper","260300","Copper ores and concentrates","2024","8908194.95"
"Germany","Mexico","Import","Copper","260300","Copper ores and concentrates","2024","90766614.99"
"Germany","Mexico","Export","Copper","260300","Copper ores and concentrates","2024","754.47"
"Germany","Mongolia","Import","Copper","260300","Copper ores and concentrates","2024","8588.38"
"Germany","Norway","Import","Copper","260300","Copper ores and concentrates","2024","8.38"
"Germany","Peru","Import","Copper","260300","Copper ores and concentrates","2024","282257605.15"
"Germany","Peru","Export","Copper","260300","Copper ores and concentrates","2024","3437.03"
"Germany","Singapore","Import","Copper","260300","Copper ores and concentrates","2024","23239194.37"
"Germany","Sweden","Export","Copper","260300","Copper ores and concentrates","2024","98342294.37"
"Germany","Sweden","Import","Copper","260300","Copper ores and concentrates","2024","19735684.04"
"Germany","Turkiye","Import","Copper","260300","Copper ores and concentrates","2024","17201729.48"
"Germany","Tanzania","Import","Copper","260300","Copper ores and concentrates","2024","16929776.57"
"Germany","United States of America","Import","Copper","260300","Copper ores and concentrates","2024","341364.14"
"Germany","United States of America","Export","Copper","260300","Copper ores and concentrates","2024","712.55"
"Germany","Viet Nam","Export","Copper","260300","Copper ores and concentrates","2024","18734.96"
"Germany","World","Import","Copper","260300","Copper ores and concentrates","2024","2387482760.2"
"Germany","World","Export","Copper","260300","Copper ores and concentrates","2024","101117647.88"
"Germany","Australia","Import","Copper","262030","Slag, ash and residues; (not from the manufacture of iron or steel), containing mainly copper","2024","601608.09"
"Germany","Austria","Export","Copper","262030","Slag, ash and residues; (not from the manufacture of iron or steel), containing mainly copper","2024","5479158.14"
"Germany","Austria","Import","Copper","262030","Slag, ash and residues; (not from the manufacture of iron or steel), containing mainly copper","2024","4113318.05"
"Germany","Belgium","Export","Copper","262030","Slag, ash and residues; (not from the manufacture of iron or steel), containing mainly copper","2024","27323890.76"
"Germany","Belgium","Import","Copper","262030","Slag, ash and residues; (not from the manufacture of iron or steel), containing mainly copper","2024","2740432.04"
"Germany","Brazil","Import","Copper","262030","Slag, ash and residues; (not from the manufacture of iron or steel), containing mainly copper","2024","33106.56"
"Germany","Canada","Import","Copper","262030","Slag, ash and residues; (not from the manufacture of iron or steel), containing mainly copper","2024","86949.52"
"Germany","Switzerland","Import","Copper","262030","Slag, ash and residues; (not from the manufacture of iron or steel), containing mainly copper","2024","661506.72"
"Germany","Czech Republic","Import","Copper","262030","Slag, ash and residues; (not from the manufacture of iron or steel), containing mainly copper","2024","1655107.04"
"Germany","Denmark","Import","Copper","262030","Slag, ash and residues; (not from the manufacture of iron or steel), containing mainly copper","2024","1886486.22"
"Germany","Algeria","Import","Copper","262030","Slag, ash and residues; (not from the manufacture of iron or steel), containing mainly copper","2024","360472.14"
"Germany","Spain","Export","Copper","262030","Slag, ash and residues; (not from the manufacture of iron or steel), containing mainly copper","2024","1258177.23"
"Germany","Spain","Import","Copper","262030","Slag, ash and residues; (not from the manufacture of iron or steel), containing mainly copper","2024","78844.21"
"Germany","Finland","Import","Copper","262030","Slag, ash and residues; (not from the manufacture of iron or steel), containing mainly copper","2024","498616.65"
"Germany","France","Import","Copper","262030","Slag, ash and residues; (not from the manufacture of iron or steel), containing mainly copper","2024","4523610.36"
"Germany","United Kingdom","Import","Copper","262030","Slag, ash and residues; (not from the manufacture of iron or steel), containing mainly copper","2024","2854561.35"
"Germany","United Kingdom","Export","Copper","262030","Slag, ash and residues; (not from the manufacture of iron or steel), containing mainly copper","2024","91641.91"
"Germany","Greece","Import","Copper","262030","Slag, ash and residues; (not from the manufacture of iron or steel), containing mainly copper","2024","261150.36"
"Germany","India","Import","Copper","262030","Slag, ash and residues; (not from the manufacture of iron or steel), containing mainly copper","2024","6.29"
"Germany","Israel","Import","Copper","262030","Slag, ash and residues; (not from the manufacture of iron or steel), containing mainly copper","2024","148845.4"
"Germany","Italy","Import","Copper","262030","Slag, ash and residues; (not from the manufacture of iron or steel), containing mainly copper","2024","9407702.29"
"Germany","Italy","Export","Copper","262030","Slag, ash and residues; (not from the manufacture of iron or steel), containing mainly copper","2024","108786.19"
"Germany","Japan","Export","Copper","262030","Slag, ash and residues; (not from the manufacture of iron or steel), containing mainly copper","2024","860738.15"
"Germany","Kazakhstan","Import","Copper","262030","Slag, ash and residues; (not from the manufacture of iron or steel), containing mainly copper","2024","1586212.4"
"Germany","Sri Lanka","Import","Copper","262030","Slag, ash and residues; (not from the manufacture of iron or steel), containing mainly copper","2024","165564.25"
"Germany","Lithuania","Import","Copper","262030","Slag, ash and residues; (not from the manufacture of iron or steel), containing mainly copper","2024","496211.78"
"Germany","Luxembourg","Export","Copper","262030","Slag, ash and residues; (not from the manufacture of iron or steel), containing mainly copper","2024","49060.46"
"Germany","Morocco","Import","Copper","262030","Slag, ash and residues; (not from the manufacture of iron or steel), containing mainly copper","2024","224977.71"
"Germany","Mexico","Import","Copper","262030","Slag, ash and residues; (not from the manufacture of iron or steel), containing mainly copper","2024","250555.3"
"Germany","Malta","Import","Copper","262030","Slag, ash and residues; (not from the manufacture of iron or steel), containing mainly copper","2024","5161.83"
"Germany","Netherlands","Import","Copper","262030","Slag, ash and residues; (not from the manufacture of iron or steel), containing mainly copper","2024","3494676.75"
"Germany","Netherlands","Export","Copper","262030","Slag, ash and residues; (not from the manufacture of iron or steel), containing mainly copper","2024","252880.53"
"Germany","Norway","Import","Copper","262030","Slag, ash and residues; (not from the manufacture of iron or steel), containing mainly copper","2024","1119406.09"
"Germany","Oman","Import","Copper","262030","Slag, ash and residues; (not from the manufacture of iron or steel), containing mainly copper","2024","126792.88"
"Germany","Pakistan","Import","Copper","262030","Slag, ash and residues; (not from the manufacture of iron or steel), containing mainly copper","2024","301227.39"
"Germany","Philippines","Export","Copper","262030","Slag, ash and residues; (not from the manufacture of iron or steel), containing mainly copper","2024","1154619.93"
"Germany","Poland","Import","Copper","262030","Slag, ash and residues; (not from the manufacture of iron or steel), containing mainly copper","2024","1532389.35"
"Germany","Portugal","Import","Copper","262030","Slag, ash and residues; (not from the manufacture of iron or steel), containing mainly copper","2024","79731.76"
"Germany","Romania","Import","Copper","262030","Slag, ash and residues; (not from the manufacture of iron or steel), containing mainly copper","2024","374486.42"
"Germany","Russian Federation","Import","Copper","262030","Slag, ash and residues; (not from the manufacture of iron or steel), containing mainly copper","2024","165878.61"
"Germany","Saudi Arabia, Kingdom of","Import","Copper","262030","Slag, ash and residues; (not from the manufacture of iron or steel), containing mainly copper","2024","13611.9"
"Germany","Serbia","Import","Copper","262030","Slag, ash and residues; (not from the manufacture of iron or steel), containing mainly copper","2024","446133.83"
"Germany","Slovenia","Import","Copper","262030","Slag, ash and residues; (not from the manufacture of iron or steel), containing mainly copper","2024","100731.18"
"Germany","Sweden","Export","Copper","262030","Slag, ash and residues; (not from the manufacture of iron or steel), containing mainly copper","2024","1922611.71"
"Germany","Sweden","Import","Copper","262030","Slag, ash and residues; (not from the manufacture of iron or steel), containing mainly copper","2024","1439950.01"
"Germany","Turkiye","Import","Copper","262030","Slag, ash and residues; (not from the manufacture of iron or steel), containing mainly copper","2024","1218734.16"
"Germany","Turkiye","Export","Copper","262030","Slag, ash and residues; (not from the manufacture of iron or steel), containing mainly copper","2024","2934.05"
"Germany","Tanzania","Import","Copper","262030","Slag, ash and residues; (not from the manufacture of iron or steel), containing mainly copper","2024","181071.75"
"Germany","Ukraine","Import","Copper","262030","Slag, ash and residues; (not from the manufacture of iron or steel), containing mainly copper","2024","4228759.29"
"Germany","United States of America","Import","Copper","262030","Slag, ash and residues; (not from the manufacture of iron or steel), containing mainly copper","2024","7345862.58"
"Germany","World","Import","Copper","262030","Slag, ash and residues; (not from the manufacture of iron or steel), containing mainly copper","2024","58248659.37"
"Germany","World","Export","Copper","262030","Slag, ash and residues; (not from the manufacture of iron or steel), containing mainly copper","2024","38504499.06"
"Germany","South Africa","Import","Copper","262030","Slag, ash and residues; (not from the manufacture of iron or steel), containing mainly copper","2024","3438208.86"
"Germany","United Arab Emirates","Export","Copper","282550","Copper oxides and hydroxides","2024","526423.06"
"Germany","Argentina","Export","Copper","282550","Copper oxides and hydroxides","2024","3369.97"
"Germany","Australia","Import","Copper","282550","Copper oxides and hydroxides","2024","7308650.44"
"Germany","Australia","Export","Copper","282550","Copper oxides and hydroxides","2024","1557889.39"
"Germany","Austria","Import","Copper","282550","Copper oxides and hydroxides","2024","28685.58"
"Germany","Austria","Export","Copper","282550","Copper oxides and hydroxides","2024","7713.41"
"Germany","Belgium","Export","Copper","282550","Copper oxides and hydroxides","2024","1041901.06"
"Germany","Belgium","Import","Copper","282550","Copper oxides and hydroxides","2024","300042.24"
"Germany","Bangladesh","Export","Copper","282550","Copper oxides and hydroxides","2024","91599.99"
"Germany","Bulgaria","Export","Copper","282550","Copper oxides and hydroxides","2024","966939.23"
"Germany","Brazil","Export","Copper","282550","Copper oxides and hydroxides","2024","465085.7"
"Germany","Switzerland","Export","Copper","282550","Copper oxides and hydroxides","2024","191471.91"
"Germany","Switzerland","Import","Copper","282550","Copper oxides and hydroxides","2024","6935.89"
"Germany","China","Export","Copper","282550","Copper oxides and hydroxides","2024","17764208.87"
"Germany","China","Import","Copper","282550","Copper oxides and hydroxides","2024","14687.02"
"Germany","Chinese Taipei","Import","Copper","282550","Copper oxides and hydroxides","2024","753938.73"
"Germany","Chinese Taipei","Export","Copper","282550","Copper oxides and hydroxides","2024","133205.87"
"Germany","Colombia","Export","Copper","282550","Copper oxides and hydroxides","2024","41.91"
"Germany","Cyprus","Export","Copper","282550","Copper oxides and hydroxides","2024","377365.98"
"Germany","Czech Republic","Export","Copper","282550","Copper oxides and hydroxides","2024","12424.65"
"Germany","Denmark","Export","Copper","282550","Copper oxides and hydroxides","2024","14928.03"
"Germany","Ecuador","Export","Copper","282550","Copper oxides and hydroxides","2024","212.72"
"Germany","Spain","Export","Copper","282550","Copper oxides and hydroxides","2024","1195819.23"
"Germany","Spain","Import","Copper","282550","Copper oxides and hydroxides","2024","420880.04"
"Germany","Estonia","Export","Copper","282550","Copper oxides and hydroxides","2024","1849.5"
"Germany","Finland","Export","Copper","282550","Copper oxides and hydroxides","2024","2098.89"
"Germany","France","Export","Copper","282550","Copper oxides and hydroxides","2024","1587611.31"
"Germany","France","Import","Copper","282550","Copper oxides and hydroxides","2024","30498.4"
"Germany","United Kingdom","Export","Copper","282550","Copper oxides and hydroxides","2024","4811056.09"
"Germany","United Kingdom","Import","Copper","282550","Copper oxides and hydroxides","2024","20430.42"
"Germany","Greece","Export","Copper","282550","Copper oxides and hydroxides","2024","961.95"
"Germany","Guatemala","Export","Copper","282550","Copper oxides and hydroxides","2024","533.37"
"Germany","Croatia","Export","Copper","282550","Copper oxides and hydroxides","2024","91794.9"
"Germany","Hungary","Export","Copper","282550","Copper oxides and hydroxides","2024","12075.71"
"Germany","Indonesia","Export","Copper","282550","Copper oxides and hydroxides","2024","5220.51"
"Germany","India","Import","Copper","282550","Copper oxides and hydroxides","2024","152938.4"
"Germany","India","Export","Copper","282550","Copper oxides and hydroxides","2024","57420.41"
"Germany","Ireland","Export","Copper","282550","Copper oxides and hydroxides","2024","57.63"
"Germany","Iran","Export","Copper","282550","Copper oxides and hydroxides","2024","253795.33"
"Germany","Israel","Export","Copper","282550","Copper oxides and hydroxides","2024","10353"
"Germany","Italy","Export","Copper","282550","Copper oxides and hydroxides","2024","3571472.36"
"Germany","Italy","Import","Copper","282550","Copper oxides and hydroxides","2024","295716.61"
"Germany","Japan","Export","Copper","282550","Copper oxides and hydroxides","2024","115416.1"
"Germany","Japan","Import","Copper","282550","Copper oxides and hydroxides","2024","4667.23"
"Germany","Kazakhstan","Export","Copper","282550","Copper oxides and hydroxides","2024","2184.82"
"Germany","Korea, Republic of","Export","Copper","282550","Copper oxides and hydroxides","2024","240134.18"
"Germany","Lithuania","Export","Copper","282550","Copper oxides and hydroxides","2024","15151.23"
"Germany","Luxembourg","Export","Copper","282550","Copper oxides and hydroxides","2024","28.29"
"Germany","Morocco","Export","Copper","282550","Copper oxides and hydroxides","2024","2343.05"
"Germany","Mexico","Export","Copper","282550","Copper oxides and hydroxides","2024","1130.66"
"Germany","North Macedonia","Export","Copper","282550","Copper oxides and hydroxides","2024","11564.35"
"Germany","Malaysia","Export","Copper","282550","Copper oxides and hydroxides","2024","21789.51"
"Germany","Netherlands","Import","Copper","282550","Copper oxides and hydroxides","2024","146636.48"
"Germany","Netherlands","Export","Copper","282550","Copper oxides and hydroxides","2024","52052.14"
"Germany","Norway","Export","Copper","282550","Copper oxides and hydroxides","2024","5579433.49"
"Germany","Norway","Import","Copper","282550","Copper oxides and hydroxides","2024","16.77"
"Germany","New Zealand","Export","Copper","282550","Copper oxides and hydroxides","2024","1108.65"
"Germany","Peru","Export","Copper","282550","Copper oxides and hydroxides","2024","1793.96"
"Germany","Poland","Export","Copper","282550","Copper oxides and hydroxides","2024","3558458.8"
"Germany","Portugal","Export","Copper","282550","Copper oxides and hydroxides","2024","1678.7"
"Germany","Romania","Export","Copper","282550","Copper oxides and hydroxides","2024","973857.3"
"Germany","Romania","Import","Copper","282550","Copper oxides and hydroxides","2024","9157.38"
"Germany","Singapore","Export","Copper","282550","Copper oxides and hydroxides","2024","10603.45"
"Germany","Serbia","Export","Copper","282550","Copper oxides and hydroxides","2024","930881.85"
"Germany","Slovak Republic","Export","Copper","282550","Copper oxides and hydroxides","2024","845.63"
"Germany","Slovenia","Export","Copper","282550","Copper oxides and hydroxides","2024","2148.14"
"Germany","Sweden","Export","Copper","282550","Copper oxides and hydroxides","2024","83755.6"
"Germany","Thailand","Export","Copper","282550","Copper oxides and hydroxides","2024","1145.33"
"Germany","Tunisia","Export","Copper","282550","Copper oxides and hydroxides","2024","50821.94"
"Germany","Turkiye","Export","Copper","282550","Copper oxides and hydroxides","2024","576273.62"
"Germany","Turkiye","Import","Copper","282550","Copper oxides and hydroxides","2024","1214.49"
"Germany","Ukraine","Export","Copper","282550","Copper oxides and hydroxides","2024","71.25"
"Germany","Uruguay","Export","Copper","282550","Copper oxides and hydroxides","2024","5745.5"
"Germany","United States of America","Export","Copper","282550","Copper oxides and hydroxides","2024","1424888.9"
"Germany","United States of America","Import","Copper","282550","Copper oxides and hydroxides","2024","892696.24"
"Germany","Uzbekistan","Export","Copper","282550","Copper oxides and hydroxides","2024","1617.92"
"Germany","Viet Nam","Export","Copper","282550","Copper oxides and hydroxides","2024","1606984.42"
"Germany","World","Export","Copper","282550","Copper oxides and hydroxides","2024","50214384.79999999"
"Germany","World","Import","Copper","282550","Copper oxides and hydroxides","2024","10387792.36"
"Germany","South Africa","Export","Copper","282550","Copper oxides and hydroxides","2024","183574.08"
"Germany","Austria","Import","Copper","282741","Chloride oxides and chloride hydroxides; of copper","2024","3864.56"
"Germany","Austria","Export","Copper","282741","Chloride oxides and chloride hydroxides; of copper","2024","2198.44"
"Germany","Belgium","Import","Copper","282741","Chloride oxides and chloride hydroxides; of copper","2024","84293.16"
"Germany","Belgium","Export","Copper","282741","Chloride oxides and chloride hydroxides; of copper","2024","57.63"
"Germany","Bulgaria","Export","Copper","282741","Chloride oxides and chloride hydroxides; of copper","2024","649978"
"Germany","Chile","Import","Copper","282741","Chloride oxides and chloride hydroxides; of copper","2024","97.45"
"Germany","China","Import","Copper","282741","Chloride oxides and chloride hydroxides; of copper","2024","206699.63"
"Germany","China","Export","Copper","282741","Chloride oxides and chloride hydroxides; of copper","2024","10.48"
"Germany","Spain","Export","Copper","282741","Chloride oxides and chloride hydroxides; of copper","2024","1446599.82"
"Germany","France","Import","Copper","282741","Chloride oxides and chloride hydroxides; of copper","2024","48097.46"
"Germany","France","Export","Copper","282741","Chloride oxides and chloride hydroxides; of copper","2024","42.96"
"Germany","United Kingdom","Export","Copper","282741","Chloride oxides and chloride hydroxides; of copper","2024","98470.91"
"Germany","India","Import","Copper","282741","Chloride oxides and chloride hydroxides; of copper","2024","27745.63"
"Germany","India","Export","Copper","282741","Chloride oxides and chloride hydroxides; of copper","2024","1231.25"
"Germany","Italy","Export","Copper","282741","Chloride oxides and chloride hydroxides; of copper","2024","8765.47"
"Germany","Netherlands","Import","Copper","282741","Chloride oxides and chloride hydroxides; of copper","2024","1221660.88"
"Germany","Netherlands","Export","Copper","282741","Chloride oxides and chloride hydroxides; of copper","2024","57217.12"
"Germany","Norway","Import","Copper","282741","Chloride oxides and chloride hydroxides; of copper","2024","3498.86"
"Germany","Poland","Export","Copper","282741","Chloride oxides and chloride hydroxides; of copper","2024","517757.13"
"Germany","United States of America","Import","Copper","282741","Chloride oxides and chloride hydroxides; of copper","2024","87744.86"
"Germany","World","Export","Copper","282741","Chloride oxides and chloride hydroxides; of copper","2024","2782329.21"
"Germany","World","Import","Copper","282741","Chloride oxides and chloride hydroxides; of copper","2024","1683702.49"
"Germany","United Arab Emirates","Export","Copper","283325","Sulphates; of copper","2024","1053.11"
"Germany","Argentina","Export","Copper","283325","Sulphates; of copper","2024","8732.99"
"Germany","Australia","Export","Copper","283325","Sulphates; of copper","2024","13694.68"
"Germany","Austria","Export","Copper","283325","Sulphates; of copper","2024","778863.48"
"Germany","Austria","Import","Copper","283325","Sulphates; of copper","2024","8035.1"
"Germany","Belgium","Import","Copper","283325","Sulphates; of copper","2024","284690.87"
"Germany","Belgium","Export","Copper","283325","Sulphates; of copper","2024","154648.54"
"Germany","Bangladesh","Export","Copper","283325","Sulphates; of copper","2024","4218.74"
"Germany","Bulgaria","Export","Copper","283325","Sulphates; of copper","2024","3281.94"
"Germany","Bahrain, Kingdom of","Export","Copper","283325","Sulphates; of copper","2024","26.2"
"Germany","Bosnia and Herzegovina","Export","Copper","283325","Sulphates; of copper","2024","214.81"
"Germany","Belarus","Export","Copper","283325","Sulphates; of copper","2024","1221.82"
"Germany","Brazil","Export","Copper","283325","Sulphates; of copper","2024","26200.02"
"Germany","Canada","Export","Copper","283325","Sulphates; of copper","2024","2542.14"
"Germany","Switzerland","Export","Copper","283325","Sulphates; of copper","2024","183773.17"
"Germany","Switzerland","Import","Copper","283325","Sulphates; of copper","2024","18361.91"
"Germany","Chile","Import","Copper","283325","Sulphates; of copper","2024","398048.94"
"Germany","Chile","Export","Copper","283325","Sulphates; of copper","2024","14943.75"
"Germany","China","Import","Copper","283325","Sulphates; of copper","2024","268251.81"
"Germany","China","Export","Copper","283325","Sulphates; of copper","2024","49747.87"
"Germany","Chinese Taipei","Export","Copper","283325","Sulphates; of copper","2024","169712.79"
"Germany","Colombia","Export","Copper","283325","Sulphates; of copper","2024","52143.31"
"Germany","Cyprus","Export","Copper","283325","Sulphates; of copper","2024","89.07"
"Germany","Czech Republic","Export","Copper","283325","Sulphates; of copper","2024","591285.47"
"Germany","Czech Republic","Import","Copper","283325","Sulphates; of copper","2024","766"
"Germany","Denmark","Export","Copper","283325","Sulphates; of copper","2024","80288.18"
"Germany","Denmark","Import","Copper","283325","Sulphates; of copper","2024","1559.24"
"Germany","Algeria","Export","Copper","283325","Sulphates; of copper","2024","1368.53"
"Germany","Ecuador","Export","Copper","283325","Sulphates; of copper","2024","3184.49"
"Germany","Egypt","Export","Copper","283325","Sulphates; of copper","2024","13032.42"
"Germany","Spain","Import","Copper","283325","Sulphates; of copper","2024","151523.77"
"Germany","Spain","Export","Copper","283325","Sulphates; of copper","2024","55722.85"
"Germany","Estonia","Export","Copper","283325","Sulphates; of copper","2024","3028.36"
"Germany","Finland","Export","Copper","283325","Sulphates; of copper","2024","32282.93"
"Germany","France","Export","Copper","283325","Sulphates; of copper","2024","629463.75"
"Germany","France","Import","Copper","283325","Sulphates; of copper","2024","915.84"
"Germany","United Kingdom","Export","Copper","283325","Sulphates; of copper","2024","120176.59"
"Germany","United Kingdom","Import","Copper","283325","Sulphates; of copper","2024","12785.12"
"Germany","Greece","Export","Copper","283325","Sulphates; of copper","2024","6145.79"
"Germany","Guatemala","Export","Copper","283325","Sulphates; of copper","2024","12625.85"
"Germany","Hong Kong, China","Export","Copper","283325","Sulphates; of copper","2024","1940.66"
"Germany","Croatia","Export","Copper","283325","Sulphates; of copper","2024","71856.98"
"Germany","Hungary","Export","Copper","283325","Sulphates; of copper","2024","76206.71"
"Germany","Indonesia","Export","Copper","283325","Sulphates; of copper","2024","98153.4"
"Germany","India","Export","Copper","283325","Sulphates; of copper","2024","12273.76"
"Germany","India","Import","Copper","283325","Sulphates; of copper","2024","11856.71"
"Germany","Ireland","Export","Copper","283325","Sulphates; of copper","2024","26722.91"
"Germany","Ireland","Import","Copper","283325","Sulphates; of copper","2024","302.84"
"Germany","Iraq","Export","Copper","283325","Sulphates; of copper","2024","637.11"
"Germany","Israel","Export","Copper","283325","Sulphates; of copper","2024","11945.77"
"Germany","Italy","Import","Copper","283325","Sulphates; of copper","2024","6327613.1"
"Germany","Italy","Export","Copper","283325","Sulphates; of copper","2024","134085.04"
"Germany","Japan","Import","Copper","283325","Sulphates; of copper","2024","43968.83"
"Germany","Japan","Export","Copper","283325","Sulphates; of copper","2024","3943.15"
"Germany","Kazakhstan","Export","Copper","283325","Sulphates; of copper","2024","3398.26"
"Germany","Korea, Republic of","Export","Copper","283325","Sulphates; of copper","2024","30456.49"
"Germany","Korea, Republic of","Import","Copper","283325","Sulphates; of copper","2024","260.92"
"Germany","Lebanese Republic","Export","Copper","283325","Sulphates; of copper","2024","10237.74"
"Germany","Lithuania","Export","Copper","283325","Sulphates; of copper","2024","7449.34"
"Germany","Luxembourg","Export","Copper","283325","Sulphates; of copper","2024","104155.63"
"Germany","Latvia","Export","Copper","283325","Sulphates; of copper","2024","1909.23"
"Germany","Morocco","Export","Copper","283325","Sulphates; of copper","2024","1406.25"
"Germany","Mexico","Export","Copper","283325","Sulphates; of copper","2024","8501.41"
"Germany","Mexico","Import","Copper","283325","Sulphates; of copper","2024","1508.94"
"Germany","North Macedonia","Export","Copper","283325","Sulphates; of copper","2024","808.96"
"Germany","Malta","Import","Copper","283325","Sulphates; of copper","2024","3014.74"
"Germany","Malta","Export","Copper","283325","Sulphates; of copper","2024","721.99"
"Germany","Malaysia","Export","Copper","283325","Sulphates; of copper","2024","23501.74"
"Germany","Nigeria","Export","Copper","283325","Sulphates; of copper","2024","1395.77"
"Germany","Netherlands","Import","Copper","283325","Sulphates; of copper","2024","1520751.65"
"Germany","Netherlands","Export","Copper","283325","Sulphates; of copper","2024","366780.35"
"Germany","Norway","Export","Copper","283325","Sulphates; of copper","2024","95812.45"
"Germany","New Zealand","Export","Copper","283325","Sulphates; of copper","2024","19437.03"
"Germany","Oman","Export","Copper","283325","Sulphates; of copper","2024","46.11"
"Germany","Pakistan","Export","Copper","283325","Sulphates; of copper","2024","23499.65"
"Germany","Peru","Export","Copper","283325","Sulphates; of copper","2024","5502.39"
"Germany","Philippines","Export","Copper","283325","Sulphates; of copper","2024","6574.37"
"Germany","Poland","Import","Copper","283325","Sulphates; of copper","2024","5970048.81"
"Germany","Poland","Export","Copper","283325","Sulphates; of copper","2024","435213.92"
"Germany","Portugal","Export","Copper","283325","Sulphates; of copper","2024","21134.59"
"Germany","Romania","Export","Copper","283325","Sulphates; of copper","2024","24152.47"
"Germany","Russian Federation","Import","Copper","283325","Sulphates; of copper","2024","1107529.48"
"Germany","Russian Federation","Export","Copper","283325","Sulphates; of copper","2024","606.72"
"Germany","Saudi Arabia, Kingdom of","Export","Copper","283325","Sulphates; of copper","2024","4548.82"
"Germany","Singapore","Export","Copper","283325","Sulphates; of copper","2024","22378.42"
"Germany","Singapore","Import","Copper","283325","Sulphates; of copper","2024","274.54"
"Germany","El Salvador","Export","Copper","283325","Sulphates; of copper","2024","4971.12"
"Germany","Serbia","Export","Copper","283325","Sulphates; of copper","2024","15417.39"
"Germany","Slovak Republic","Export","Copper","283325","Sulphates; of copper","2024","34289.61"
"Germany","Slovenia","Export","Copper","283325","Sulphates; of copper","2024","80858.23"
"Germany","Sweden","Export","Copper","283325","Sulphates; of copper","2024","41133.29"
"Germany","Togo","Export","Copper","283325","Sulphates; of copper","2024","50.3"
"Germany","Thailand","Export","Copper","283325","Sulphates; of copper","2024","67915.92"
"Germany","Turkiye","Import","Copper","283325","Sulphates; of copper","2024","4498680.37"
"Germany","Turkiye","Export","Copper","283325","Sulphates; of copper","2024","253745.03"
"Germany","Ukraine","Export","Copper","283325","Sulphates; of copper","2024","11370.49"
"Germany","Uruguay","Export","Copper","283325","Sulphates; of copper","2024","473.64"
"Germany","United States of America","Import","Copper","283325","Sulphates; of copper","2024","750292.12"
"Germany","United States of America","Export","Copper","283325","Sulphates; of copper","2024","271565.19"
"Germany","Venezuela, Bolivarian Republic of","Export","Copper","283325","Sulphates; of copper","2024","1465.98"
"Germany","Viet Nam","Export","Copper","283325","Sulphates; of copper","2024","123099.12"
"Germany","World","Import","Copper","283325","Sulphates; of copper","2024","21381116.05"
"Germany","World","Export","Copper","283325","Sulphates; of copper","2024","5599894.3"
"Germany","South Africa","Export","Copper","283325","Sulphates; of copper","2024","22429.76"
"Germany","South Africa","Import","Copper","283325","Sulphates; of copper","2024","74.4"
"Denmark","Canada","Import","Copper","260300","Copper ores and concentrates","2024","73.1"
"Denmark","China","Import","Copper","260300","Copper ores and concentrates","2024","315.47"
"Denmark","Spain","Import","Copper","260300","Copper ores and concentrates","2024","222.21"
"Denmark","Norway","Export","Copper","260300","Copper ores and concentrates","2024","7.25"
"Denmark","World","Import","Copper","260300","Copper ores and concentrates","2024","610.7800000000001"
"Denmark","World","Export","Copper","260300","Copper ores and concentrates","2024","7.25"
"Denmark","Belgium","Export","Copper","262030","Slag, ash and residues; (not from the manufacture of iron or steel), containing mainly copper","2024","394877.85"
"Denmark","United Kingdom","Export","Copper","262030","Slag, ash and residues; (not from the manufacture of iron or steel), containing mainly copper","2024","5.95"
"Denmark","India","Import","Copper","262030","Slag, ash and residues; (not from the manufacture of iron or steel), containing mainly copper","2024","3.19"
"Denmark","Netherlands","Export","Copper","262030","Slag, ash and residues; (not from the manufacture of iron or steel), containing mainly copper","2024","14548.01"
"Denmark","Sweden","Import","Copper","262030","Slag, ash and residues; (not from the manufacture of iron or steel), containing mainly copper","2024","47676.25"
"Denmark","Sweden","Export","Copper","262030","Slag, ash and residues; (not from the manufacture of iron or steel), containing mainly copper","2024","9089.73"
"Denmark","World","Export","Copper","262030","Slag, ash and residues; (not from the manufacture of iron or steel), containing mainly copper","2024","418521.54"
"Denmark","World","Import","Copper","262030","Slag, ash and residues; (not from the manufacture of iron or steel), containing mainly copper","2024","47679.44"
"Denmark","Belgium","Import","Copper","282550","Copper oxides and hydroxides","2024","261.66"
"Denmark","Germany","Import","Copper","282550","Copper oxides and hydroxides","2024","16139"
"Denmark","Spain","Import","Copper","282550","Copper oxides and hydroxides","2024","76.29"
"Denmark","United Kingdom","Import","Copper","282550","Copper oxides and hydroxides","2024","771.05"
"Denmark","Netherlands","Import","Copper","282550","Copper oxides and hydroxides","2024","449.93"
"Denmark","Norway","Export","Copper","282550","Copper oxides and hydroxides","2024","2267.47"
"Denmark","Norway","Import","Copper","282550","Copper oxides and hydroxides","2024","0.14"
"Denmark","Sweden","Export","Copper","282550","Copper oxides and hydroxides","2024","5300.91"
"Denmark","Sweden","Import","Copper","282550","Copper oxides and hydroxides","2024","2426.72"
"Denmark","Turkiye","Import","Copper","282550","Copper oxides and hydroxides","2024","124.45"
"Denmark","World","Import","Copper","282550","Copper oxides and hydroxides","2024","20249.24"
"Denmark","World","Export","Copper","282550","Copper oxides and hydroxides","2024","7568.379999999999"
"Denmark","Germany","Import","Copper","282741","Chloride oxides and chloride hydroxides; of copper","2024","47122.91"
"Denmark","Spain","Import","Copper","282741","Chloride oxides and chloride hydroxides; of copper","2024","57.44"
"Denmark","United Kingdom","Export","Copper","282741","Chloride oxides and chloride hydroxides; of copper","2024","8620.08"
"Denmark","Netherlands","Import","Copper","282741","Chloride oxides and chloride hydroxides; of copper","2024","32585.92"
"Denmark","Norway","Export","Copper","282741","Chloride oxides and chloride hydroxides; of copper","2024","3190.96"
"Denmark","World","Import","Copper","282741","Chloride oxides and chloride hydroxides; of copper","2024","79766.27"
"Denmark","World","Export","Copper","282741","Chloride oxides and chloride hydroxides; of copper","2024","11811.04"
"Denmark","United Arab Emirates","Export","Copper","283325","Sulphates; of copper","2024","719.27"
"Denmark","Australia","Export","Copper","283325","Sulphates; of copper","2024","1192.26"
"Denmark","Austria","Export","Copper","283325","Sulphates; of copper","2024","13268"
"Denmark","Belgium","Export","Copper","283325","Sulphates; of copper","2024","7825.68"
"Denmark","Belgium","Import","Copper","283325","Sulphates; of copper","2024","4730.89"
"Denmark","Bulgaria","Export","Copper","283325","Sulphates; of copper","2024","475.89"
"Denmark","Brazil","Import","Copper","283325","Sulphates; of copper","2024","63969.86"
"Denmark","Chile","Import","Copper","283325","Sulphates; of copper","2024","1488168.04"
"Denmark","China","Export","Copper","283325","Sulphates; of copper","2024","27337.95"
"Denmark","China","Import","Copper","283325","Sulphates; of copper","2024","449.06"
"Denmark","Chinese Taipei","Import","Copper","283325","Sulphates; of copper","2024","220496.35"
"Denmark","Chinese Taipei","Export","Copper","283325","Sulphates; of copper","2024","741.9"
"Denmark","Czech Republic","Export","Copper","283325","Sulphates; of copper","2024","453.55"
"Denmark","Germany","Import","Copper","283325","Sulphates; of copper","2024","112818.49"
"Denmark","Germany","Export","Copper","283325","Sulphates; of copper","2024","17042.91"
"Denmark","Spain","Export","Copper","283325","Sulphates; of copper","2024","148618.28"
"Denmark","Spain","Import","Copper","283325","Sulphates; of copper","2024","17.55"
"Denmark","Finland","Export","Copper","283325","Sulphates; of copper","2024","9356.76"
"Denmark","France","Export","Copper","283325","Sulphates; of copper","2024","16585.58"
"Denmark","United Kingdom","Import","Copper","283325","Sulphates; of copper","2024","66759.04"
"Denmark","United Kingdom","Export","Copper","283325","Sulphates; of copper","2024","14776.17"
"Denmark","Greece","Export","Copper","283325","Sulphates; of copper","2024","238.6"
"Denmark","Guyana","Export","Copper","283325","Sulphates; of copper","2024","166.94"
"Denmark","Hong Kong, China","Export","Copper","283325","Sulphates; of copper","2024","318.95"
"Denmark","Croatia","Export","Copper","283325","Sulphates; of copper","2024","410.76"
"Denmark","Hungary","Export","Copper","283325","Sulphates; of copper","2024","348.98"
"Denmark","Ireland","Export","Copper","283325","Sulphates; of copper","2024","290.67"
"Denmark","Israel","Export","Copper","283325","Sulphates; of copper","2024","596.85"
"Denmark","Italy","Export","Copper","283325","Sulphates; of copper","2024","33072.39"
"Denmark","Japan","Import","Copper","283325","Sulphates; of copper","2024","1.3"
"Denmark","Korea, Republic of","Export","Copper","283325","Sulphates; of copper","2024","748.28"
"Denmark","Lithuania","Export","Copper","283325","Sulphates; of copper","2024","483"
"Denmark","Luxembourg","Export","Copper","283325","Sulphates; of copper","2024","1109.87"
"Denmark","Latvia","Export","Copper","283325","Sulphates; of copper","2024","157599.67"
"Denmark","Latvia","Import","Copper","283325","Sulphates; of copper","2024","88690.5"
"Denmark","Malta","Import","Copper","283325","Sulphates; of copper","2024","2943052.36"
"Denmark","Malaysia","Export","Copper","283325","Sulphates; of copper","2024","1539.49"
"Denmark","Netherlands","Import","Copper","283325","Sulphates; of copper","2024","412634.8"
"Denmark","Netherlands","Export","Copper","283325","Sulphates; of copper","2024","10062.69"
"Denmark","Norway","Export","Copper","283325","Sulphates; of copper","2024","130205.44"
"Denmark","Pakistan","Export","Copper","283325","Sulphates; of copper","2024","587.72"
"Denmark","Philippines","Export","Copper","283325","Sulphates; of copper","2024","104.87"
"Denmark","Poland","Import","Copper","283325","Sulphates; of copper","2024","1370766.47"
"Denmark","Poland","Export","Copper","283325","Sulphates; of copper","2024","2039.6"
"Denmark","Romania","Export","Copper","283325","Sulphates; of copper","2024","450.94"
"Denmark","Singapore","Export","Copper","283325","Sulphates; of copper","2024","1314.38"
"Denmark","Slovak Republic","Export","Copper","283325","Sulphates; of copper","2024","1253.47"
"Denmark","Slovenia","Export","Copper","283325","Sulphates; of copper","2024","1723.41"
"Denmark","Sweden","Export","Copper","283325","Sulphates; of copper","2024","589338.59"
"Denmark","Sweden","Import","Copper","283325","Sulphates; of copper","2024","37039.19"
"Denmark","Turkiye","Import","Copper","283325","Sulphates; of copper","2024","2925634.08"
"Denmark","United States of America","Import","Copper","283325","Sulphates; of copper","2024","258505.45"
"Denmark","World","Import","Copper","283325","Sulphates; of copper","2024","9993733.429999998"
"Denmark","World","Export","Copper","283325","Sulphates; of copper","2024","1192424.13"
"Denmark","South Africa","Export","Copper","283325","Sulphates; of copper","2024","24.37"
"Dominican Republic","Canada","Export","Copper","260300","Copper ores and concentrates","2024","111.99"
"Dominican Republic","China","Export","Copper","260300","Copper ores and concentrates","2024","115426390.4"
"Dominican Republic","European Union","Import","Copper","260300","Copper ores and concentrates","2024","2881.47"
"Dominican Republic","European Union","Export","Copper","260300","Copper ores and concentrates","2024","100"
"Dominican Republic","Spain","Import","Copper","260300","Copper ores and concentrates","2024","2881.47"
"Dominican Republic","Italy","Export","Copper","260300","Copper ores and concentrates","2024","100"
"Dominican Republic","Korea, Republic of","Export","Copper","260300","Copper ores and concentrates","2024","983823.15"
"Dominican Republic","World","Export","Copper","260300","Copper ores and concentrates","2024","116410425.54"
"Dominican Republic","World","Import","Copper","260300","Copper ores and concentrates","2024","2881.47"
"Dominican Republic","United States of America","Import","Copper","262030","Slag, ash and residues; (not from the manufacture of iron or steel), containing mainly copper","2024","14348.84"
"Dominican Republic","World","Import","Copper","262030","Slag, ash and residues; (not from the manufacture of iron or steel), containing mainly copper","2024","14348.84"
"Dominican Republic","China","Import","Copper","282550","Copper oxides and hydroxides","2024","98.33"
"Dominican Republic","World","Import","Copper","282550","Copper oxides and hydroxides","2024","98.33"
"Dominican Republic","Brazil","Import","Copper","283325","Sulphates; of copper","2024","50914.03"
"Dominican Republic","China","Import","Copper","283325","Sulphates; of copper","2024","230900.01"
"Dominican Republic","European Union","Import","Copper","283325","Sulphates; of copper","2024","462116.81"
"Dominican Republic","Spain","Import","Copper","283325","Sulphates; of copper","2024","357404.46"
"Dominican Republic","Mexico","Import","Copper","283325","Sulphates; of copper","2024","1577051.35"
"Dominican Republic","Netherlands","Import","Copper","283325","Sulphates; of copper","2024","386.49"
"Dominican Republic","Peru","Import","Copper","283325","Sulphates; of copper","2024","387432.3"
"Dominican Republic","Poland","Import","Copper","283325","Sulphates; of copper","2024","104325.86"
"Dominican Republic","United States of America","Import","Copper","283325","Sulphates; of copper","2024","193938.49"
"Dominican Republic","World","Import","Copper","283325","Sulphates; of copper","2024","2902352.99"
"Ecuador","Chile","Import","Copper","260300","Copper ores and concentrates","2024","9.46"
"Ecuador","China","Export","Copper","260300","Copper ores and concentrates","2024","1051076769.35"
"Ecuador","Korea, Republic of","Export","Copper","260300","Copper ores and concentrates","2024","1216605.48"
"Ecuador","Mexico","Export","Copper","260300","Copper ores and concentrates","2024","7189715.13"
"Ecuador","Peru","Export","Copper","260300","Copper ores and concentrates","2024","47320766.13"
"Ecuador","United States of America","Import","Copper","260300","Copper ores and concentrates","2024","31.67"
"Ecuador","World","Export","Copper","260300","Copper ores and concentrates","2024","1106803856.09"
"Ecuador","World","Import","Copper","260300","Copper ores and concentrates","2024","41.13"
"Ecuador","Germany","Import","Copper","282550","Copper oxides and hydroxides","2024","743.85"
"Ecuador","European Union","Import","Copper","282550","Copper oxides and hydroxides","2024","17992.334"
"Ecuador","Spain","Import","Copper","282550","Copper oxides and hydroxides","2024","2517.85"
"Ecuador","Italy","Import","Copper","282550","Copper oxides and hydroxides","2024","14730.634"
"Ecuador","Norway","Import","Copper","282550","Copper oxides and hydroxides","2024","33.53"
"Ecuador","United States of America","Import","Copper","282550","Copper oxides and hydroxides","2024","62654.006"
"Ecuador","World","Import","Copper","282550","Copper oxides and hydroxides","2024","80679.87000000001"
"Ecuador","Brazil","Import","Copper","283325","Sulphates; of copper","2024","51127.7"
"Ecuador","Chile","Import","Copper","283325","Sulphates; of copper","2024","444263.7"
"Ecuador","China","Import","Copper","283325","Sulphates; of copper","2024","472302.659"
"Ecuador","Chinese Taipei","Import","Copper","283325","Sulphates; of copper","2024","354.498"
"Ecuador","Colombia","Import","Copper","283325","Sulphates; of copper","2024","642057.818"
"Ecuador","Germany","Import","Copper","283325","Sulphates; of copper","2024","3666.813"
"Ecuador","European Union","Import","Copper","283325","Sulphates; of copper","2024","139440.643"
"Ecuador","Spain","Import","Copper","283325","Sulphates; of copper","2024","69277.628"
"Ecuador","France","Import","Copper","283325","Sulphates; of copper","2024","1106.207"
"Ecuador","India","Import","Copper","283325","Sulphates; of copper","2024","193.687"
"Ecuador","Italy","Import","Copper","283325","Sulphates; of copper","2024","65389.995"
"Ecuador","Peru","Import","Copper","283325","Sulphates; of copper","2024","5991033.147"
"Ecuador","Turkiye","Import","Copper","283325","Sulphates; of copper","2024","395.467"
"Ecuador","United States of America","Import","Copper","283325","Sulphates; of copper","2024","78529.971"
"Ecuador","World","Import","Copper","283325","Sulphates; of copper","2024","7819699.29"
"European Union","United Arab Emirates","Export","Copper","260300","Copper ores and concentrates","2024","1284.7900390625"
"European Union","United Arab Emirates","Import","Copper","260300","Copper ores and concentrates","2024","7.5766633"
"European Union","Armenia","Import","Copper","260300","Copper ores and concentrates","2024","22320.8500266"
"European Union","Australia","Import","Copper","260300","Copper ores and concentrates","2024","383590273.847397"
"European Union","Australia","Export","Copper","260300","Copper ores and concentrates","2024","16648.08984375"
"European Union","Bolivia, Plurinational State of","Import","Copper","260300","Copper ores and concentrates","2024","243.5356055"
"European Union","Brazil","Import","Copper","260300","Copper ores and concentrates","2024","2709991497.92446"
"European Union","Brazil","Export","Copper","260300","Copper ores and concentrates","2024","63.86000061035156"
"European Union","Botswana","Import","Copper","260300","Copper ores and concentrates","2024","27569256.6357469"
"European Union","Canada","Import","Copper","260300","Copper ores and concentrates","2024","425242559.190066"
"European Union","Canada","Export","Copper","260300","Copper ores and concentrates","2024","38315348"
"European Union","Switzerland","Export","Copper","260300","Copper ores and concentrates","2024","20428552"
"European Union","Switzerland","Import","Copper","260300","Copper ores and concentrates","2024","85.508057"
"European Union","Chile","Import","Copper","260300","Copper ores and concentrates","2024","1626478530.16048"
"European Union","Chile","Export","Copper","260300","Copper ores and concentrates","2024","1.080000042915344"
"European Union","China","Export","Copper","260300","Copper ores and concentrates","2024","1492415616"
"European Union","China","Import","Copper","260300","Copper ores and concentrates","2024","13823.0809664"
"European Union","Chinese Taipei","Export","Copper","260300","Copper ores and concentrates","2024","2777998.75"
"European Union","Chinese Taipei","Import","Copper","260300","Copper ores and concentrates","2024","786.8906008"
"European Union","Democratic Republic of the Congo","Import","Copper","260300","Copper ores and concentrates","2024","50282520.4541133"
"European Union","Congo","Import","Copper","260300","Copper ores and concentrates","2024","649.4282813"
"European Union","Colombia","Import","Copper","260300","Copper ores and concentrates","2024","16.235707"
"European Union","Dominican Republic","Import","Copper","260300","Copper ores and concentrates","2024","1653.8773563"
"European Union","Algeria","Import","Copper","260300","Copper ores and concentrates","2024","21.6476094"
"European Union","Ecuador","Import","Copper","260300","Copper ores and concentrates","2024","14.0709461"
"European Union","United Kingdom","Export","Copper","260300","Copper ores and concentrates","2024","173033.296875"
"European Union","United Kingdom","Import","Copper","260300","Copper ores and concentrates","2024","49513.494543"
"European Union","Georgia","Import","Copper","260300","Copper ores and concentrates","2024","110617465.507063"
"European Union","Georgia","Export","Copper","260300","Copper ores and concentrates","2024","4705639.5"
"European Union","Ghana","Import","Copper","260300","Copper ores and concentrates","2024","29.2242727"
"European Union","Hong Kong, China","Export","Copper","260300","Copper ores and concentrates","2024","96922.84375"
"European Union","Indonesia","Import","Copper","260300","Copper ores and concentrates","2024","1276920893.79895"
"European Union","Indonesia","Export","Copper","260300","Copper ores and concentrates","2024","80329.4921875"
"European Union","India","Import","Copper","260300","Copper ores and concentrates","2024","403.7279148"
"European Union","India","Export","Copper","260300","Copper ores and concentrates","2024","1.080000042915344"
"European Union","Iran","Import","Copper","260300","Copper ores and concentrates","2024","349.6088914"
"European Union","Japan","Export","Copper","260300","Copper ores and concentrates","2024","2361081.5"
"European Union","Japan","Import","Copper","260300","Copper ores and concentrates","2024","241340.5378781"
"European Union","Kazakhstan","Import","Copper","260300","Copper ores and concentrates","2024","7322.3038711"
"European Union","Cambodia","Export","Copper","260300","Copper ores and concentrates","2024","564219.5625"
"European Union","Cambodia","Import","Copper","260300","Copper ores and concentrates","2024","2.1647609"
"European Union","Korea, Republic of","Export","Copper","260300","Copper ores and concentrates","2024","24511750"
"European Union","Korea, Republic of","Import","Copper","260300","Copper ores and concentrates","2024","808.5382102"
"European Union","Lao People's Democratic Republic","Export","Copper","260300","Copper ores and concentrates","2024","83725.3828125"
"European Union","Morocco","Import","Copper","260300","Copper ores and concentrates","2024","52113503.396943"
"European Union","Morocco","Export","Copper","260300","Copper ores and concentrates","2024","15.14999961853027"
"European Union","Mexico","Import","Copper","260300","Copper ores and concentrates","2024","153626331.845011"
"European Union","Mexico","Export","Copper","260300","Copper ores and concentrates","2024","789.6599731445312"
"European Union","North Macedonia","Import","Copper","260300","Copper ores and concentrates","2024","71776125.4888781"
"European Union","Montenegro","Import","Copper","260300","Copper ores and concentrates","2024","16501452.001557"
"European Union","Mongolia","Import","Copper","260300","Copper ores and concentrates","2024","9022.7235875"
"European Union","Malaysia","Export","Copper","260300","Copper ores and concentrates","2024","229232.4375"
"European Union","Malaysia","Import","Copper","260300","Copper ores and concentrates","2024","490.3183523"
"European Union","Namibia","Import","Copper","260300","Copper ores and concentrates","2024","96772470.66568592"
"European Union","Namibia","Export","Copper","260300","Copper ores and concentrates","2024","289"
"European Union","Nigeria","Import","Copper","260300","Copper ores and concentrates","2024","2.1647609"
"European Union","Norway","Export","Copper","260300","Copper ores and concentrates","2024","764.9199829101562"
"European Union","Norway","Import","Copper","260300","Copper ores and concentrates","2024","339.8674672"
"European Union","Oman","Import","Copper","260300","Copper ores and concentrates","2024","1231.7489734"
"European Union","Pakistan","Import","Copper","260300","Copper ores and concentrates","2024","226.217518"
"European Union","Panama","Export","Copper","260300","Copper ores and concentrates","2024","60.61000061035156"
"European Union","Peru","Import","Copper","260300","Copper ores and concentrates","2024","1490030204.13521"
"European Union","Peru","Export","Copper","260300","Copper ores and concentrates","2024","3554.5400390625"
"European Union","Philippines","Import","Copper","260300","Copper ores and concentrates","2024","7892.7183781"
"European Union","Papua New Guinea","Import","Copper","260300","Copper ores and concentrates","2024","104030914.089123"
"European Union","Russian Federation","Import","Copper","260300","Copper ores and concentrates","2024","774029.7560516"
"European Union","Saudi Arabia, Kingdom of","Import","Copper","260300","Copper ores and concentrates","2024","282.5013023"
"European Union","Singapore","Import","Copper","260300","Copper ores and concentrates","2024","24004437.6442992"
"European Union","El Salvador","Import","Copper","260300","Copper ores and concentrates","2024","9.7414242"
"European Union","Somalia","Import","Copper","260300","Copper ores and concentrates","2024","182.9222992"
"European Union","Serbia","Import","Copper","260300","Copper ores and concentrates","2024","196167455.040052"
"European Union","Serbia","Export","Copper","260300","Copper ores and concentrates","2024","78197840"
"European Union","Thailand","Export","Copper","260300","Copper ores and concentrates","2024","231088.234375"
"European Union","Thailand","Import","Copper","260300","Copper ores and concentrates","2024","3463.6175"
"European Union","Tajikistan","Import","Copper","260300","Copper ores and concentrates","2024","27.0595117"
"European Union","Turkiye","Import","Copper","260300","Copper ores and concentrates","2024","405369411.932198"
"European Union","Turkiye","Export","Copper","260300","Copper ores and concentrates","2024","88401.2578125"
"European Union","Tanzania","Import","Copper","260300","Copper ores and concentrates","2024","18225014.0947656"
"European Union","Ukraine","Export","Copper","260300","Copper ores and concentrates","2024","20599.869140625"
"European Union","Ukraine","Import","Copper","260300","Copper ores and concentrates","2024","568.2497461"
"European Union","United States of America","Import","Copper","260300","Copper ores and concentrates","2024","79355478.485593"
"European Union","United States of America","Export","Copper","260300","Copper ores and concentrates","2024","25936"
"European Union","Uzbekistan","Import","Copper","260300","Copper ores and concentrates","2024","31696.4296469"
"European Union","Viet Nam","Export","Copper","260300","Copper ores and concentrates","2024","19351.880859375"
"European Union","Viet Nam","Import","Copper","260300","Copper ores and concentrates","2024","4.3295219"
"European Union","South Africa","Import","Copper","260300","Copper ores and concentrates","2024","4198.5538383"
"European Union","South Africa","Export","Copper","260300","Copper ores and concentrates","2024","665.6599731445312"
"European Union","Zambia","Import","Copper","260300","Copper ores and concentrates","2024","5549.3646633"
"European Union","United Arab Emirates","Import","Copper","262030","Slag, ash and residues; (not from the manufacture of iron or steel), containing mainly copper","2024","595151.2302641"
"European Union","Australia","Import","Copper","262030","Slag, ash and residues; (not from the manufacture of iron or steel), containing mainly copper","2024","16569825.975768"
"European Union","Brazil","Import","Copper","262030","Slag, ash and residues; (not from the manufacture of iron or steel), containing mainly copper","2024","5798136.8254578"
"European Union","Canada","Import","Copper","262030","Slag, ash and residues; (not from the manufacture of iron or steel), containing mainly copper","2024","1888985.5473891"
"European Union","Switzerland","Import","Copper","262030","Slag, ash and residues; (not from the manufacture of iron or steel), containing mainly copper","2024","1131861.4918789"
"European Union","Chile","Import","Copper","262030","Slag, ash and residues; (not from the manufacture of iron or steel), containing mainly copper","2024","272124.5207898"
"European Union","China","Export","Copper","262030","Slag, ash and residues; (not from the manufacture of iron or steel), containing mainly copper","2024","126514.0390625"
"European Union","China","Import","Copper","262030","Slag, ash and residues; (not from the manufacture of iron or steel), containing mainly copper","2024","917.8586375"
"European Union","Cote d'Ivoire","Import","Copper","262030","Slag, ash and residues; (not from the manufacture of iron or steel), containing mainly copper","2024","12591.331993"
"European Union","Cuba","Import","Copper","262030","Slag, ash and residues; (not from the manufacture of iron or steel), containing mainly copper","2024","7575.5809008"
"European Union","Algeria","Import","Copper","262030","Slag, ash and residues; (not from the manufacture of iron or steel), containing mainly copper","2024","509019.7220828"
"European Union","Egypt","Import","Copper","262030","Slag, ash and residues; (not from the manufacture of iron or steel), containing mainly copper","2024","274008.9451859"
"European Union","United Kingdom","Import","Copper","262030","Slag, ash and residues; (not from the manufacture of iron or steel), containing mainly copper","2024","4956041.5736289"
"European Union","United Kingdom","Export","Copper","262030","Slag, ash and residues; (not from the manufacture of iron or steel), containing mainly copper","2024","185159.03125"
"European Union","Ghana","Import","Copper","262030","Slag, ash and residues; (not from the manufacture of iron or steel), containing mainly copper","2024","29226.4374172"
"European Union","Guinea","Import","Copper","262030","Slag, ash and residues; (not from the manufacture of iron or steel), containing mainly copper","2024","175618.3958156"
"European Union","Indonesia","Import","Copper","262030","Slag, ash and residues; (not from the manufacture of iron or steel), containing mainly copper","2024","80050.6947078"
"European Union","India","Import","Copper","262030","Slag, ash and residues; (not from the manufacture of iron or steel), containing mainly copper","2024","858335.288382"
"European Union","Israel","Import","Copper","262030","Slag, ash and residues; (not from the manufacture of iron or steel), containing mainly copper","2024","1150585.5916078"
"European Union","Jordan","Import","Copper","262030","Slag, ash and residues; (not from the manufacture of iron or steel), containing mainly copper","2024","17049.6571437"
"European Union","Japan","Import","Copper","262030","Slag, ash and residues; (not from the manufacture of iron or steel), containing mainly copper","2024","10057361.3361539"
"European Union","Japan","Export","Copper","262030","Slag, ash and residues; (not from the manufacture of iron or steel), containing mainly copper","2024","889081.375"
"European Union","Kazakhstan","Import","Copper","262030","Slag, ash and residues; (not from the manufacture of iron or steel), containing mainly copper","2024","1638444.7755266"
"European Union","Korea, Republic of","Export","Copper","262030","Slag, ash and residues; (not from the manufacture of iron or steel), containing mainly copper","2024","7998497"
"European Union","Korea, Republic of","Import","Copper","262030","Slag, ash and residues; (not from the manufacture of iron or steel), containing mainly copper","2024","19.4828484"
"European Union","Libya","Export","Copper","262030","Slag, ash and residues; (not from the manufacture of iron or steel), containing mainly copper","2024","1776.18994140625"
"European Union","Sri Lanka","Import","Copper","262030","Slag, ash and residues; (not from the manufacture of iron or steel), containing mainly copper","2024","171016.1140625"
"European Union","Morocco","Import","Copper","262030","Slag, ash and residues; (not from the manufacture of iron or steel), containing mainly copper","2024","1581240.9677531"
"European Union","Mexico","Import","Copper","262030","Slag, ash and residues; (not from the manufacture of iron or steel), containing mainly copper","2024","575352.3267297"
"European Union","Malaysia","Import","Copper","262030","Slag, ash and residues; (not from the manufacture of iron or steel), containing mainly copper","2024","206295.2230609"
"European Union","Namibia","Import","Copper","262030","Slag, ash and residues; (not from the manufacture of iron or steel), containing mainly copper","2024","4.3295219"
"European Union","Nigeria","Import","Copper","262030","Slag, ash and residues; (not from the manufacture of iron or steel), containing mainly copper","2024","1550225.3554211"
"European Union","Norway","Import","Copper","262030","Slag, ash and residues; (not from the manufacture of iron or steel), containing mainly copper","2024","1176820.3294094"
"European Union","Norway","Export","Copper","262030","Slag, ash and residues; (not from the manufacture of iron or steel), containing mainly copper","2024","103.9100036621094"
"European Union","New Zealand","Import","Copper","262030","Slag, ash and residues; (not from the manufacture of iron or steel), containing mainly copper","2024","1031321.3348977"
"European Union","Oman","Import","Copper","262030","Slag, ash and residues; (not from the manufacture of iron or steel), containing mainly copper","2024","130968.0367187"
"European Union","Pakistan","Import","Copper","262030","Slag, ash and residues; (not from the manufacture of iron or steel), containing mainly copper","2024","311147.5838297"
"European Union","Philippines","Export","Copper","262030","Slag, ash and residues; (not from the manufacture of iron or steel), containing mainly copper","2024","1192640.375"
"European Union","Qatar","Import","Copper","262030","Slag, ash and residues; (not from the manufacture of iron or steel), containing mainly copper","2024","33597.08975"
"European Union","Russian Federation","Import","Copper","262030","Slag, ash and residues; (not from the manufacture of iron or steel), containing mainly copper","2024","171340.8282031"
"European Union","Saudi Arabia, Kingdom of","Import","Copper","262030","Slag, ash and residues; (not from the manufacture of iron or steel), containing mainly copper","2024","871739.488107"
"European Union","Serbia","Import","Copper","262030","Slag, ash and residues; (not from the manufacture of iron or steel), containing mainly copper","2024","1167481.550725"
"European Union","Turkiye","Import","Copper","262030","Slag, ash and residues; (not from the manufacture of iron or steel), containing mainly copper","2024","2386620.7917016"
"European Union","Turkiye","Export","Copper","262030","Slag, ash and residues; (not from the manufacture of iron or steel), containing mainly copper","2024","2269009.75"
"European Union","Tanzania","Import","Copper","262030","Slag, ash and residues; (not from the manufacture of iron or steel), containing mainly copper","2024","187034.2626195"
"European Union","Ukraine","Import","Copper","262030","Slag, ash and residues; (not from the manufacture of iron or steel), containing mainly copper","2024","4368008.0773273"
"European Union","Uruguay","Export","Copper","262030","Slag, ash and residues; (not from the manufacture of iron or steel), containing mainly copper","2024","42413.078125"
"European Union","United States of America","Import","Copper","262030","Slag, ash and residues; (not from the manufacture of iron or steel), containing mainly copper","2024","52814401.034243"
"European Union","United States of America","Export","Copper","262030","Slag, ash and residues; (not from the manufacture of iron or steel), containing mainly copper","2024","21.73999977111816"
"European Union","South Africa","Import","Copper","262030","Slag, ash and residues; (not from the manufacture of iron or steel), containing mainly copper","2024","8064220.481018"
"European Union","Angola","Export","Copper","282550","Copper oxides and hydroxides","2024","45459.98046875"
"European Union","Albania","Export","Copper","282550","Copper oxides and hydroxides","2024","50.86999893188477"
"European Union","Andorra","Export","Copper","282550","Copper oxides and hydroxides","2024","45.45999908447266"
"European Union","United Arab Emirates","Export","Copper","282550","Copper oxides and hydroxides","2024","590859.5625"
"European Union","Argentina","Export","Copper","282550","Copper oxides and hydroxides","2024","268317.78125"
"European Union","Armenia","Export","Copper","282550","Copper oxides and hydroxides","2024","617.9400024414062"
"European Union","Australia","Import","Copper","282550","Copper oxides and hydroxides","2024","10390657.6715156"
"European Union","Australia","Export","Copper","282550","Copper oxides and hydroxides","2024","2369722.75"
"European Union","Azerbaijan","Export","Copper","282550","Copper oxides and hydroxides","2024","16.92000007629395"
"European Union","Bangladesh","Export","Copper","282550","Copper oxides and hydroxides","2024","102282.7890625"
"European Union","Bosnia and Herzegovina","Export","Copper","282550","Copper oxides and hydroxides","2024","1990.5"
"European Union","Belarus","Export","Copper","282550","Copper oxides and hydroxides","2024","23602.349609375"
"European Union","Brazil","Export","Copper","282550","Copper oxides and hydroxides","2024","767611.25"
"European Union","Brazil","Import","Copper","282550","Copper oxides and hydroxides","2024","101198.2443062"
"European Union","Canada","Export","Copper","282550","Copper oxides and hydroxides","2024","39145.37109375"
"European Union","Switzerland","Export","Copper","282550","Copper oxides and hydroxides","2024","738376.125"
"European Union","Switzerland","Import","Copper","282550","Copper oxides and hydroxides","2024","94762.4100391"
"European Union","Chile","Import","Copper","282550","Copper oxides and hydroxides","2024","3537925.0839407"
"European Union","Chile","Export","Copper","282550","Copper oxides and hydroxides","2024","2001.319946289063"
"European Union","China","Export","Copper","282550","Copper oxides and hydroxides","2024","18349284"
"European Union","China","Import","Copper","282550","Copper oxides and hydroxides","2024","1741678.9774945"
"European Union","Chinese Taipei","Import","Copper","282550","Copper oxides and hydroxides","2024","1109981.1707031"
"European Union","Chinese Taipei","Export","Copper","282550","Copper oxides and hydroxides","2024","137730.75"
"European Union","Cote d'Ivoire","Export","Copper","282550","Copper oxides and hydroxides","2024","51.95000076293945"
"European Union","Colombia","Export","Copper","282550","Copper oxides and hydroxides","2024","70.36000061035156"
"European Union","Colombia","Import","Copper","282550","Copper oxides and hydroxides","2024","31.3890336"
"European Union","Algeria","Export","Copper","282550","Copper oxides and hydroxides","2024","418058.625"
"European Union","Ecuador","Export","Copper","282550","Copper oxides and hydroxides","2024","33480.19140625"
"European Union","United Kingdom","Export","Copper","282550","Copper oxides and hydroxides","2024","5556311.5"
"European Union","United Kingdom","Import","Copper","282550","Copper oxides and hydroxides","2024","301959.2560304"
"European Union","Georgia","Export","Copper","282550","Copper oxides and hydroxides","2024","3907.389892578125"
"European Union","Guinea","Export","Copper","282550","Copper oxides and hydroxides","2024","995.7899780273438"
"European Union","Guatemala","Export","Copper","282550","Copper oxides and hydroxides","2024","550.9299926757812"
"European Union","Indonesia","Export","Copper","282550","Copper oxides and hydroxides","2024","9397.23046875"
"European Union","India","Import","Copper","282550","Copper oxides and hydroxides","2024","4309936.200418"
"European Union","India","Export","Copper","282550","Copper oxides and hydroxides","2024","85839.2578125"
"European Union","Iran","Export","Copper","282550","Copper oxides and hydroxides","2024","262152.5625"
"European Union","Israel","Export","Copper","282550","Copper oxides and hydroxides","2024","39507.96875"
"European Union","Jordan","Export","Copper","282550","Copper oxides and hydroxides","2024","16.23999977111816"
"European Union","Japan","Export","Copper","282550","Copper oxides and hydroxides","2024","119332.453125"
"European Union","Japan","Import","Copper","282550","Copper oxides and hydroxides","2024","10082.3740664"
"European Union","Kazakhstan","Export","Copper","282550","Copper oxides and hydroxides","2024","2617.199951171875"
"European Union","Kenya","Export","Copper","282550","Copper oxides and hydroxides","2024","7127.47998046875"
"European Union","Korea, Republic of","Export","Copper","282550","Copper oxides and hydroxides","2024","383115.0625"
"European Union","Korea, Republic of","Import","Copper","282550","Copper oxides and hydroxides","2024","129202.6741742"
"European Union","Kuwait, the State of","Export","Copper","282550","Copper oxides and hydroxides","2024","83.33999633789062"
"European Union","Lebanese Republic","Export","Copper","282550","Copper oxides and hydroxides","2024","100.6600036621094"
"European Union","Sri Lanka","Export","Copper","282550","Copper oxides and hydroxides","2024","1428.739990234375"
"European Union","Morocco","Export","Copper","282550","Copper oxides and hydroxides","2024","42514.8203125"
"European Union","Moldova, Republic of","Export","Copper","282550","Copper oxides and hydroxides","2024","20865.599609375"
"European Union","Mexico","Export","Copper","282550","Copper oxides and hydroxides","2024","933766.375"
"European Union","Mexico","Import","Copper","282550","Copper oxides and hydroxides","2024","233280.0505273"
"European Union","North Macedonia","Export","Copper","282550","Copper oxides and hydroxides","2024","31103.279296875"
"European Union","Malaysia","Import","Copper","282550","Copper oxides and hydroxides","2024","1783997.8890617"
"European Union","Malaysia","Export","Copper","282550","Copper oxides and hydroxides","2024","43521.44140625"
"European Union","Norway","Import","Copper","282550","Copper oxides and hydroxides","2024","11452268.3414508"
"European Union","Norway","Export","Copper","282550","Copper oxides and hydroxides","2024","5818449.5"
"European Union","New Zealand","Export","Copper","282550","Copper oxides and hydroxides","2024","1251.22998046875"
"European Union","Oman","Export","Copper","282550","Copper oxides and hydroxides","2024","562.8400268554688"
"European Union","Peru","Import","Copper","282550","Copper oxides and hydroxides","2024","6835423.1591188"
"European Union","Peru","Export","Copper","282550","Copper oxides and hydroxides","2024","15210.6904296875"
"European Union","Qatar","Export","Copper","282550","Copper oxides and hydroxides","2024","42797.3203125"
"European Union","Saudi Arabia, Kingdom of","Export","Copper","282550","Copper oxides and hydroxides","2024","857.25"
"European Union","Senegal","Export","Copper","282550","Copper oxides and hydroxides","2024","4837.16015625"
"European Union","Singapore","Import","Copper","282550","Copper oxides and hydroxides","2024","2703228.9849961"
"European Union","Singapore","Export","Copper","282550","Copper oxides and hydroxides","2024","10952.6103515625"
"European Union","Serbia","Export","Copper","282550","Copper oxides and hydroxides","2024","967934.0625"
"European Union","Thailand","Export","Copper","282550","Copper oxides and hydroxides","2024","75741.7421875"
"European Union","Tunisia","Export","Copper","282550","Copper oxides and hydroxides","2024","65346.55859375"
"European Union","Turkiye","Export","Copper","282550","Copper oxides and hydroxides","2024","1853706.375"
"European Union","Turkiye","Import","Copper","282550","Copper oxides and hydroxides","2024","3268.7890157"
"European Union","Ukraine","Export","Copper","282550","Copper oxides and hydroxides","2024","7264.89990234375"
"European Union","Uruguay","Export","Copper","282550","Copper oxides and hydroxides","2024","5976.89990234375"
"European Union","United States of America","Import","Copper","282550","Copper oxides and hydroxides","2024","45329366.671575"
"European Union","United States of America","Export","Copper","282550","Copper oxides and hydroxides","2024","1708583.125"
"European Union","Uzbekistan","Export","Copper","282550","Copper oxides and hydroxides","2024","1671.18994140625"
"European Union","Viet Nam","Export","Copper","282550","Copper oxides and hydroxides","2024","1722626.875"
"European Union","South Africa","Export","Copper","282550","Copper oxides and hydroxides","2024","210116.015625"
"European Union","Switzerland","Export","Copper","282741","Chloride oxides and chloride hydroxides; of copper","2024","44323.48046875"
"European Union","Switzerland","Import","Copper","282741","Chloride oxides and chloride hydroxides; of copper","2024","154.780407"
"European Union","Chile","Import","Copper","282741","Chloride oxides and chloride hydroxides; of copper","2024","152065.7968156"
"European Union","China","Import","Copper","282741","Chloride oxides and chloride hydroxides; of copper","2024","213580.7259961"
"European Union","China","Export","Copper","282741","Chloride oxides and chloride hydroxides; of copper","2024","295.489990234375"
"European Union","Costa Rica","Export","Copper","282741","Chloride oxides and chloride hydroxides; of copper","2024","13575.2197265625"
"European Union","United Kingdom","Export","Copper","282741","Chloride oxides and chloride hydroxides; of copper","2024","686667.25"
"European Union","United Kingdom","Import","Copper","282741","Chloride oxides and chloride hydroxides; of copper","2024","469533.4002024"
"European Union","Hong Kong, China","Import","Copper","282741","Chloride oxides and chloride hydroxides; of copper","2024","317.1374773"
"European Union","India","Import","Copper","282741","Chloride oxides and chloride hydroxides; of copper","2024","2985934.8572484"
"European Union","India","Export","Copper","282741","Chloride oxides and chloride hydroxides; of copper","2024","1271.800048828125"
"European Union","Israel","Export","Copper","282741","Chloride oxides and chloride hydroxides; of copper","2024","131609.890625"
"European Union","Moldova, Republic of","Export","Copper","282741","Chloride oxides and chloride hydroxides; of copper","2024","26476.109375"
"European Union","Mexico","Export","Copper","282741","Chloride oxides and chloride hydroxides; of copper","2024","7564.759765625"
"European Union","Norway","Export","Copper","282741","Chloride oxides and chloride hydroxides; of copper","2024","24796.060546875"
"European Union","Norway","Import","Copper","282741","Chloride oxides and chloride hydroxides; of copper","2024","3614.0683852"
"European Union","Peru","Import","Copper","282741","Chloride oxides and chloride hydroxides; of copper","2024","3136314.3052938"
"European Union","Serbia","Export","Copper","282741","Chloride oxides and chloride hydroxides; of copper","2024","390657.09375"
"European Union","Turkiye","Export","Copper","282741","Chloride oxides and chloride hydroxides; of copper","2024","2340838.25"
"European Union","Turkiye","Import","Copper","282741","Chloride oxides and chloride hydroxides; of copper","2024","39373.7543117"
"European Union","Ukraine","Export","Copper","282741","Chloride oxides and chloride hydroxides; of copper","2024","36280.30859375"
"European Union","United States of America","Import","Copper","282741","Chloride oxides and chloride hydroxides; of copper","2024","357620.6716359"
"European Union","Venezuela, Bolivarian Republic of","Export","Copper","282741","Chloride oxides and chloride hydroxides; of copper","2024","306111.28125"
"European Union","South Africa","Export","Copper","282741","Chloride oxides and chloride hydroxides; of copper","2024","145365.859375"
"European Union","Angola","Export","Copper","283325","Sulphates; of copper","2024","16517.130859375"
"European Union","Albania","Export","Copper","283325","Sulphates; of copper","2024","77708.2421875"
"European Union","Andorra","Export","Copper","283325","Sulphates; of copper","2024","62.77999877929688"
"European Union","United Arab Emirates","Export","Copper","283325","Sulphates; of copper","2024","31585.94921875"
"European Union","Argentina","Export","Copper","283325","Sulphates; of copper","2024","23115.3203125"
"European Union","Armenia","Export","Copper","283325","Sulphates; of copper","2024","19343.509765625"
"European Union","Australia","Export","Copper","283325","Sulphates; of copper","2024","259481.375"
"European Union","Azerbaijan","Export","Copper","283325","Sulphates; of copper","2024","143.9600067138672"
"European Union","Benin","Export","Copper","283325","Sulphates; of copper","2024","126.6399993896484"
"European Union","Burkina Faso","Export","Copper","283325","Sulphates; of copper","2024","87.66999816894531"
"European Union","Bangladesh","Export","Copper","283325","Sulphates; of copper","2024","9557.419921875"
"European Union","Bahrain, Kingdom of","Export","Copper","283325","Sulphates; of copper","2024","27.05999946594238"
"European Union","Bosnia and Herzegovina","Export","Copper","283325","Sulphates; of copper","2024","159281.34375"
"European Union","Belarus","Export","Copper","283325","Sulphates; of copper","2024","28912.119140625"
"European Union","Bolivia, Plurinational State of","Export","Copper","283325","Sulphates; of copper","2024","69843.8515625"
"European Union","Brazil","Import","Copper","283325","Sulphates; of copper","2024","4883505.8465156"
"European Union","Brazil","Export","Copper","283325","Sulphates; of copper","2024","44203.33984375"
"European Union","Barbados","Export","Copper","283325","Sulphates; of copper","2024","57721.1796875"
"European Union","Canada","Export","Copper","283325","Sulphates; of copper","2024","1069502.75"
"European Union","Switzerland","Export","Copper","283325","Sulphates; of copper","2024","913412.1875"
"European Union","Switzerland","Import","Copper","283325","Sulphates; of copper","2024","475916.1978266"
"European Union","Chile","Import","Copper","283325","Sulphates; of copper","2024","10492045.3324039"
"European Union","Chile","Export","Copper","283325","Sulphates; of copper","2024","39038.21875"
"European Union","China","Import","Copper","283325","Sulphates; of copper","2024","284934.4936375"
"European Union","China","Export","Copper","283325","Sulphates; of copper","2024","253479.453125"
"European Union","Chinese Taipei","Export","Copper","283325","Sulphates; of copper","2024","224969.125"
"European Union","Chinese Taipei","Import","Copper","283325","Sulphates; of copper","2024","220683.306632"
"European Union","Cote d'Ivoire","Export","Copper","283325","Sulphates; of copper","2024","10344.3095703125"
"European Union","Cameroon","Export","Copper","283325","Sulphates; of copper","2024","38.97000122070313"
"European Union","Democratic Republic of the Congo","Export","Copper","283325","Sulphates; of copper","2024","543.3599853515625"
"European Union","Congo","Export","Copper","283325","Sulphates; of copper","2024","102.8300018310547"
"European Union","Colombia","Export","Copper","283325","Sulphates; of copper","2024","222267.90625"
"European Union","Colombia","Import","Copper","283325","Sulphates; of copper","2024","188.3342016"
"European Union","Cabo Verde","Export","Copper","283325","Sulphates; of copper","2024","169.9299926757813"
"European Union","Costa Rica","Export","Copper","283325","Sulphates; of copper","2024","11670.23046875"
"European Union","Cuba","Export","Copper","283325","Sulphates; of copper","2024","2353.090087890625"
"European Union","Djibouti","Export","Copper","283325","Sulphates; of copper","2024","18070.33984375"
"European Union","Dominican Republic","Export","Copper","283325","Sulphates; of copper","2024","573739.5625"
"European Union","Algeria","Export","Copper","283325","Sulphates; of copper","2024","48791.55078125"
"European Union","Ecuador","Export","Copper","283325","Sulphates; of copper","2024","128286.9765625"
"European Union","Egypt","Export","Copper","283325","Sulphates; of copper","2024","1200800"
"European Union","Egypt","Import","Copper","283325","Sulphates; of copper","2024","1.0823805"
"European Union","Ethiopia","Export","Copper","283325","Sulphates; of copper","2024","8188.2099609375"
"European Union","Gabon","Export","Copper","283325","Sulphates; of copper","2024","1314.010009765625"
"European Union","United Kingdom","Export","Copper","283325","Sulphates; of copper","2024","2784483"
"European Union","United Kingdom","Import","Copper","283325","Sulphates; of copper","2024","161123.1565782"
"European Union","Georgia","Export","Copper","283325","Sulphates; of copper","2024","434.0400085449219"
"European Union","Guinea","Export","Copper","283325","Sulphates; of copper","2024","134916.09375"
"European Union","The Gambia","Export","Copper","283325","Sulphates; of copper","2024","4600.1201171875"
"European Union","Equatorial Guinea","Export","Copper","283325","Sulphates; of copper","2024","162221.765625"
"European Union","Guatemala","Export","Copper","283325","Sulphates; of copper","2024","553329.875"
"European Union","Guyana","Export","Copper","283325","Sulphates; of copper","2024","167.0200042724609"
"European Union","Hong Kong, China","Export","Copper","283325","Sulphates; of copper","2024","2807.4599609375"
"European Union","Indonesia","Export","Copper","283325","Sulphates; of copper","2024","106697.8203125"
"European Union","Indonesia","Import","Copper","283325","Sulphates; of copper","2024","9.7414242"
"European Union","India","Import","Copper","283325","Sulphates; of copper","2024","1461080.5000148"
"European Union","India","Export","Copper","283325","Sulphates; of copper","2024","24145.740234375"
"European Union","Iran","Export","Copper","283325","Sulphates; of copper","2024","19368.119140625"
"European Union","Iraq","Export","Copper","283325","Sulphates; of copper","2024","974.1400146484376"
"European Union","Israel","Export","Copper","283325","Sulphates; of copper","2024","1013130.5625"
"European Union","Israel","Import","Copper","283325","Sulphates; of copper","2024","828.0210586"
"European Union","Jamaica","Export","Copper","283325","Sulphates; of copper","2024","66214.6328125"
"European Union","Jordan","Export","Copper","283325","Sulphates; of copper","2024","383427.25"
"European Union","Jordan","Import","Copper","283325","Sulphates; of copper","2024","1.0823805"
"European Union","Japan","Import","Copper","283325","Sulphates; of copper","2024","226370.1336149"
"European Union","Japan","Export","Copper","283325","Sulphates; of copper","2024","4789.52978515625"
"European Union","Kazakhstan","Export","Copper","283325","Sulphates; of copper","2024","4717.10986328125"
"European Union","Kenya","Export","Copper","283325","Sulphates; of copper","2024","49616.3203125"
"European Union","Kyrgyz Republic","Export","Copper","283325","Sulphates; of copper","2024","233.7899932861328"
"European Union","Korea, Republic of","Export","Copper","283325","Sulphates; of copper","2024","42254.12890625"
"European Union","Korea, Republic of","Import","Copper","283325","Sulphates; of copper","2024","269.5127367"
"European Union","Kuwait, the State of","Export","Copper","283325","Sulphates; of copper","2024","154.7799987792969"
"European Union","Lebanese Republic","Export","Copper","283325","Sulphates; of copper","2024","49295.94140625"
"European Union","Liberia","Export","Copper","283325","Sulphates; of copper","2024","115.8099975585938"
"European Union","Libya","Export","Copper","283325","Sulphates; of copper","2024","488.1499938964844"
"European Union","Sri Lanka","Export","Copper","283325","Sulphates; of copper","2024","3894.409912109375"
"European Union","Macao, China","Export","Copper","283325","Sulphates; of copper","2024","61906.5703125"
"European Union","Morocco","Export","Copper","283325","Sulphates; of copper","2024","838724.75"
"European Union","Morocco","Import","Copper","283325","Sulphates; of copper","2024","28.1418922"
"European Union","Moldova, Republic of","Export","Copper","283325","Sulphates; of copper","2024","109639.96875"
"European Union","Madagascar","Export","Copper","283325","Sulphates; of copper","2024","2819.60009765625"
"European Union","Mexico","Import","Copper","283325","Sulphates; of copper","2024","854086.9450422"
"European Union","Mexico","Export","Copper","283325","Sulphates; of copper","2024","232921.4375"
"European Union","North Macedonia","Export","Copper","283325","Sulphates; of copper","2024","262284.625"
"European Union","North Macedonia","Import","Copper","283325","Sulphates; of copper","2024","2042.4519445"
"European Union","Mali","Export","Copper","283325","Sulphates; of copper","2024","171.0200042724609"
"European Union","Montenegro","Export","Copper","283325","Sulphates; of copper","2024","148.2899932861328"
"European Union","Mauritius","Export","Copper","283325","Sulphates; of copper","2024","3121.590087890625"
"European Union","Malaysia","Export","Copper","283325","Sulphates; of copper","2024","1149427.25"
"European Union","Malaysia","Import","Copper","283325","Sulphates; of copper","2024","1.0823805"
"European Union","Nigeria","Export","Copper","283325","Sulphates; of copper","2024","30545.30078125"
"European Union","Nicaragua","Export","Copper","283325","Sulphates; of copper","2024","878.8900146484375"
"European Union","Norway","Export","Copper","283325","Sulphates; of copper","2024","486966.15625"
"European Union","New Zealand","Export","Copper","283325","Sulphates; of copper","2024","47801.109375"
"European Union","Oman","Export","Copper","283325","Sulphates; of copper","2024","47.63000106811523"
"European Union","Pakistan","Export","Copper","283325","Sulphates; of copper","2024","42883.0390625"
"European Union","Panama","Export","Copper","283325","Sulphates; of copper","2024","81294.3515625"
"European Union","Peru","Import","Copper","283325","Sulphates; of copper","2024","919559.0572164"
"European Union","Peru","Export","Copper","283325","Sulphates; of copper","2024","18028.130859375"
"European Union","Philippines","Export","Copper","283325","Sulphates; of copper","2024","14286.3203125"
"European Union","Paraguay","Export","Copper","283325","Sulphates; of copper","2024","416.7200012207031"
"European Union","Qatar","Export","Copper","283325","Sulphates; of copper","2024","621.2899780273438"
"European Union","Russian Federation","Import","Copper","283325","Sulphates; of copper","2024","288208.6945555"
"European Union","Russian Federation","Export","Copper","283325","Sulphates; of copper","2024","13899.2900390625"
"European Union","Saudi Arabia, Kingdom of","Export","Copper","283325","Sulphates; of copper","2024","29230.76953125"
"European Union","Senegal","Export","Copper","283325","Sulphates; of copper","2024","38479.7109375"
"European Union","Singapore","Export","Copper","283325","Sulphates; of copper","2024","28942.740234375"
"European Union","Singapore","Import","Copper","283325","Sulphates; of copper","2024","7746.5970148"
"European Union","El Salvador","Export","Copper","283325","Sulphates; of copper","2024","83413.6484375"
"European Union","Serbia","Export","Copper","283325","Sulphates; of copper","2024","355086.5625"
"European Union","Serbia","Import","Copper","283325","Sulphates; of copper","2024","244800.9082367"
"European Union","Sao Tome and Principe","Export","Copper","283325","Sulphates; of copper","2024","35825.7109375"
"European Union","Suriname","Export","Copper","283325","Sulphates; of copper","2024","7993.3798828125"
"European Union","Syrian Arab Republic","Export","Copper","283325","Sulphates; of copper","2024","78225.796875"
"European Union","Chad","Export","Copper","283325","Sulphates; of copper","2024","2389.89990234375"
"European Union","Togo","Export","Copper","283325","Sulphates; of copper","2024","99.58000183105467"
"European Union","Thailand","Export","Copper","283325","Sulphates; of copper","2024","139411.6875"
"European Union","Thailand","Import","Copper","283325","Sulphates; of copper","2024","1.0823805"
"European Union","Trinidad and Tobago","Export","Copper","283325","Sulphates; of copper","2024","16587.48046875"
"European Union","Tunisia","Export","Copper","283325","Sulphates; of copper","2024","577705.375"
"European Union","Turkiye","Import","Copper","283325","Sulphates; of copper","2024","25840764.2995031"
"European Union","Turkiye","Export","Copper","283325","Sulphates; of copper","2024","1236567.75"
"European Union","Tanzania","Export","Copper","283325","Sulphates; of copper","2024","28.13999938964844"
"European Union","Uganda","Export","Copper","283325","Sulphates; of copper","2024","224.0500030517578"
"European Union","Ukraine","Export","Copper","283325","Sulphates; of copper","2024","3686645.5"
"European Union","Uruguay","Export","Copper","283325","Sulphates; of copper","2024","1374.619995117188"
"European Union","United States of America","Import","Copper","283325","Sulphates; of copper","2024","3585625.5911984"
"European Union","United States of America","Export","Copper","283325","Sulphates; of copper","2024","337293.5625"
"European Union","Uzbekistan","Import","Copper","283325","Sulphates; of copper","2024","2824921.0210977"
"European Union","Uzbekistan","Export","Copper","283325","Sulphates; of copper","2024","910.02001953125"
"European Union","Venezuela, Bolivarian Republic of","Export","Copper","283325","Sulphates; of copper","2024","5190.009765625"
"European Union","Viet Nam","Export","Copper","283325","Sulphates; of copper","2024","128693.421875"
"European Union","Yemen","Export","Copper","283325","Sulphates; of copper","2024","648.3499755859375"
"European Union","South Africa","Export","Copper","283325","Sulphates; of copper","2024","528021.875"
"European Union","South Africa","Import","Copper","283325","Sulphates; of copper","2024","37675.4993563"
"European Union","Zambia","Import","Copper","283325","Sulphates; of copper","2024","139.6270805"
"Egypt","Iraq","Export","Copper","260300","Copper ores and concentrates","2024","750"
"Egypt","World","Export","Copper","260300","Copper ores and concentrates","2024","750"
"Egypt","Germany","Export","Copper","262030","Slag, ash and residues; (not from the manufacture of iron or steel), containing mainly copper","2024","47970"
"Egypt","European Union","Export","Copper","262030","Slag, ash and residues; (not from the manufacture of iron or steel), containing mainly copper","2024","69480"
"Egypt","Netherlands","Export","Copper","262030","Slag, ash and residues; (not from the manufacture of iron or steel), containing mainly copper","2024","21510"
"Egypt","World","Export","Copper","262030","Slag, ash and residues; (not from the manufacture of iron or steel), containing mainly copper","2024","69480"
"Egypt","China","Import","Copper","282550","Copper oxides and hydroxides","2024","76553.47"
"Egypt","Norway","Import","Copper","282550","Copper oxides and hydroxides","2024","498877.89"
"Egypt","United States of America","Import","Copper","282550","Copper oxides and hydroxides","2024","355285.29"
"Egypt","World","Import","Copper","282550","Copper oxides and hydroxides","2024","930716.65"
"Egypt","Brazil","Import","Copper","283325","Sulphates; of copper","2024","62706.12"
"Egypt","China","Import","Copper","283325","Sulphates; of copper","2024","173913.9"
"Egypt","Chinese Taipei","Import","Copper","283325","Sulphates; of copper","2024","772222.13"
"Egypt","Germany","Import","Copper","283325","Sulphates; of copper","2024","8422.64"
"Egypt","European Union","Import","Copper","283325","Sulphates; of copper","2024","1095952.15"
"Egypt","Spain","Import","Copper","283325","Sulphates; of copper","2024","800386.88"
"Egypt","India","Import","Copper","283325","Sulphates; of copper","2024","66243.36"
"Egypt","Italy","Import","Copper","283325","Sulphates; of copper","2024","75035.93"
"Egypt","Jordan","Export","Copper","283325","Sulphates; of copper","2024","15750"
"Egypt","Poland","Import","Copper","283325","Sulphates; of copper","2024","212106.7"
"Egypt","Turkiye","Import","Copper","283325","Sulphates; of copper","2024","1010884.49"
"Egypt","World","Import","Copper","283325","Sulphates; of copper","2024","3181922.15"
"Egypt","World","Export","Copper","283325","Sulphates; of copper","2024","15750"
"Spain","Australia","Import","Copper","260300","Copper ores and concentrates","2024","186.4"
"Spain","Australia","Export","Copper","260300","Copper ores and concentrates","2024","104.79"
"Spain","Belgium","Export","Copper","260300","Copper ores and concentrates","2024","112.04"
"Spain","Bulgaria","Import","Copper","260300","Copper ores and concentrates","2024","104.53"
"Spain","Brazil","Import","Copper","260300","Copper ores and concentrates","2024","455352661.46"
"Spain","Botswana","Import","Copper","260300","Copper ores and concentrates","2024","289.73"
"Spain","Canada","Import","Copper","260300","Copper ores and concentrates","2024","21687935.82"
"Spain","Chile","Import","Copper","260300","Copper ores and concentrates","2024","522507564.47"
"Spain","China","Export","Copper","260300","Copper ores and concentrates","2024","932529504.87"
"Spain","China","Import","Copper","260300","Copper ores and concentrates","2024","1369"
"Spain","Democratic Republic of the Congo","Import","Copper","260300","Copper ores and concentrates","2024","48679048.23"
"Spain","Cyprus","Export","Copper","260300","Copper ores and concentrates","2024","32722923.26"
"Spain","Germany","Import","Copper","260300","Copper ores and concentrates","2024","89439.07"
"Spain","Germany","Export","Copper","260300","Copper ores and concentrates","2024","3407.96"
"Spain","Finland","Export","Copper","260300","Copper ores and concentrates","2024","62190039.67"
"Spain","France","Export","Copper","260300","Copper ores and concentrates","2024","3201.09"
"Spain","United Kingdom","Export","Copper","260300","Copper ores and concentrates","2024","2496.76"
"Spain","United Kingdom","Import","Copper","260300","Copper ores and concentrates","2024","1010.69"
"Spain","Greece","Export","Copper","260300","Copper ores and concentrates","2024","4979.88"
"Spain","Indonesia","Import","Copper","260300","Copper ores and concentrates","2024","579562345.45"
"Spain","Ireland","Export","Copper","260300","Copper ores and concentrates","2024","53.13"
"Spain","Italy","Import","Copper","260300","Copper ores and concentrates","2024","822270.16"
"Spain","Italy","Export","Copper","260300","Copper ores and concentrates","2024","6007.39"
"Spain","Morocco","Import","Copper","260300","Copper ores and concentrates","2024","20364852.53"
"Spain","Mexico","Import","Copper","260300","Copper ores and concentrates","2024","57959038.03"
"Spain","Montenegro","Import","Copper","260300","Copper ores and concentrates","2024","267.76"
"Spain","Malaysia","Import","Copper","260300","Copper ores and concentrates","2024","445.46"
"Spain","Namibia","Import","Copper","260300","Copper ores and concentrates","2024","1356.49"
"Spain","Netherlands","Import","Copper","260300","Copper ores and concentrates","2024","30286.42"
"Spain","Netherlands","Export","Copper","260300","Copper ores and concentrates","2024","121.34"
"Spain","Oman","Import","Copper","260300","Copper ores and concentrates","2024","1168.77"
"Spain","Peru","Import","Copper","260300","Copper ores and concentrates","2024","611527541.93"
"Spain","Poland","Import","Copper","260300","Copper ores and concentrates","2024","53914.96"
"Spain","Portugal","Import","Copper","260300","Copper ores and concentrates","2024","186119007.16"
"Spain","Portugal","Export","Copper","260300","Copper ores and concentrates","2024","14858.56"
"Spain","Romania","Import","Copper","260300","Copper ores and concentrates","2024","447826.49"
"Spain","Serbia","Export","Copper","260300","Copper ores and concentrates","2024","16820265.2"
"Spain","Thailand","Import","Copper","260300","Copper ores and concentrates","2024","62.46"
"Spain","United States of America","Import","Copper","260300","Copper ores and concentrates","2024","76402582.84"
"Spain","World","Import","Copper","260300","Copper ores and concentrates","2024","2581612576.31"
"Spain","World","Export","Copper","260300","Copper ores and concentrates","2024","1044298075.94"
"Spain","Belgium","Import","Copper","262030","Slag, ash and residues; (not from the manufacture of iron or steel), containing mainly copper","2024","54072547.1"
"Spain","Cuba","Import","Copper","262030","Slag, ash and residues; (not from the manufacture of iron or steel), containing mainly copper","2024","7333.55"
"Spain","Germany","Import","Copper","262030","Slag, ash and residues; (not from the manufacture of iron or steel), containing mainly copper","2024","1118619.92"
"Spain","Germany","Export","Copper","262030","Slag, ash and residues; (not from the manufacture of iron or steel), containing mainly copper","2024","44627.86"
"Spain","Egypt","Import","Copper","262030","Slag, ash and residues; (not from the manufacture of iron or steel), containing mainly copper","2024","78.77"
"Spain","France","Import","Copper","262030","Slag, ash and residues; (not from the manufacture of iron or steel), containing mainly copper","2024","242595.43"
"Spain","India","Import","Copper","262030","Slag, ash and residues; (not from the manufacture of iron or steel), containing mainly copper","2024","122.07"
"Spain","Italy","Import","Copper","262030","Slag, ash and residues; (not from the manufacture of iron or steel), containing mainly copper","2024","5627798"
"Spain","Japan","Import","Copper","262030","Slag, ash and residues; (not from the manufacture of iron or steel), containing mainly copper","2024","249037.91"
"Spain","Morocco","Import","Copper","262030","Slag, ash and residues; (not from the manufacture of iron or steel), containing mainly copper","2024","498635.54"
"Spain","Netherlands","Export","Copper","262030","Slag, ash and residues; (not from the manufacture of iron or steel), containing mainly copper","2024","449404.33"
"Spain","Poland","Import","Copper","262030","Slag, ash and residues; (not from the manufacture of iron or steel), containing mainly copper","2024","623403.35"
"Spain","Portugal","Import","Copper","262030","Slag, ash and residues; (not from the manufacture of iron or steel), containing mainly copper","2024","1995165.19"
"Spain","Portugal","Export","Copper","262030","Slag, ash and residues; (not from the manufacture of iron or steel), containing mainly copper","2024","226230.8"
"Spain","Turkiye","Export","Copper","262030","Slag, ash and residues; (not from the manufacture of iron or steel), containing mainly copper","2024","35681.24"
"Spain","United States of America","Import","Copper","262030","Slag, ash and residues; (not from the manufacture of iron or steel), containing mainly copper","2024","15011622.94"
"Spain","World","Import","Copper","262030","Slag, ash and residues; (not from the manufacture of iron or steel), containing mainly copper","2024","82111244.5"
"Spain","World","Export","Copper","262030","Slag, ash and residues; (not from the manufacture of iron or steel), containing mainly copper","2024","755944.23"
"Spain","South Africa","Import","Copper","262030","Slag, ash and residues; (not from the manufacture of iron or steel), containing mainly copper","2024","2664284.73"
"Spain","Australia","Import","Copper","282550","Copper oxides and hydroxides","2024","966395.81"
"Spain","Belgium","Import","Copper","282550","Copper oxides and hydroxides","2024","118968.38"
"Spain","Bangladesh","Export","Copper","282550","Copper oxides and hydroxides","2024","7421.81"
"Spain","Brazil","Import","Copper","282550","Copper oxides and hydroxides","2024","213020.31"
"Spain","Brazil","Export","Copper","282550","Copper oxides and hydroxides","2024","7524.38"
"Spain","Canada","Export","Copper","282550","Copper oxides and hydroxides","2024","37426.74"
"Spain","Switzerland","Export","Copper","282550","Copper oxides and hydroxides","2024","2618.22"
"Spain","Chile","Import","Copper","282550","Copper oxides and hydroxides","2024","183963.66"
"Spain","Chile","Export","Copper","282550","Copper oxides and hydroxides","2024","1937.22"
"Spain","China","Import","Copper","282550","Copper oxides and hydroxides","2024","70800.87"
"Spain","China","Export","Copper","282550","Copper oxides and hydroxides","2024","56.59"
"Spain","Chinese Taipei","Import","Copper","282550","Copper oxides and hydroxides","2024","2701.42"
"Spain","Czech Republic","Export","Copper","282550","Copper oxides and hydroxides","2024","405.43"
"Spain","Germany","Import","Copper","282550","Copper oxides and hydroxides","2024","1346946.34"
"Spain","Germany","Export","Copper","282550","Copper oxides and hydroxides","2024","493796.48"
"Spain","Denmark","Export","Copper","282550","Copper oxides and hydroxides","2024","405.43"
"Spain","Ecuador","Export","Copper","282550","Copper oxides and hydroxides","2024","32200.06"
"Spain","France","Export","Copper","282550","Copper oxides and hydroxides","2024","4466521.57"
"Spain","France","Import","Copper","282550","Copper oxides and hydroxides","2024","224646.95"
"Spain","United Kingdom","Import","Copper","282550","Copper oxides and hydroxides","2024","54424.53"
"Spain","Georgia","Export","Copper","282550","Copper oxides and hydroxides","2024","3782.83"
"Spain","Hungary","Export","Copper","282550","Copper oxides and hydroxides","2024","273811.47"
"Spain","India","Import","Copper","282550","Copper oxides and hydroxides","2024","1058024.58"
"Spain","Israel","Export","Copper","282550","Copper oxides and hydroxides","2024","23990.05"
"Spain","Italy","Export","Copper","282550","Copper oxides and hydroxides","2024","4416890.64"
"Spain","Italy","Import","Copper","282550","Copper oxides and hydroxides","2024","1572484.39"
"Spain","Japan","Import","Copper","282550","Copper oxides and hydroxides","2024","85.49"
"Spain","Korea, Republic of","Export","Copper","282550","Copper oxides and hydroxides","2024","15021.29"
"Spain","Latvia","Export","Copper","282550","Copper oxides and hydroxides","2024","70.7"
"Spain","Mexico","Import","Copper","282550","Copper oxides and hydroxides","2024","225842.87"
"Spain","Malta","Export","Copper","282550","Copper oxides and hydroxides","2024","7829.08"
"Spain","Netherlands","Import","Copper","282550","Copper oxides and hydroxides","2024","19396.17"
"Spain","Netherlands","Export","Copper","282550","Copper oxides and hydroxides","2024","5808.21"
"Spain","Norway","Import","Copper","282550","Copper oxides and hydroxides","2024","187574.86"
"Spain","Peru","Import","Copper","282550","Copper oxides and hydroxides","2024","1933651.24"
"Spain","Peru","Export","Copper","282550","Copper oxides and hydroxides","2024","12931.5"
"Spain","Poland","Import","Copper","282550","Copper oxides and hydroxides","2024","11465.85"
"Spain","Poland","Export","Copper","282550","Copper oxides and hydroxides","2024","8655.19"
"Spain","Portugal","Export","Copper","282550","Copper oxides and hydroxides","2024","950753.42"
"Spain","Portugal","Import","Copper","282550","Copper oxides and hydroxides","2024","1516.8"
"Spain","Saudi Arabia, Kingdom of","Export","Copper","282550","Copper oxides and hydroxides","2024","829.5"
"Spain","Singapore","Import","Copper","282550","Copper oxides and hydroxides","2024","953333.47"
"Spain","Serbia","Export","Copper","282550","Copper oxides and hydroxides","2024","2689.62"
"Spain","Sweden","Export","Copper","282550","Copper oxides and hydroxides","2024","4591.79"
"Spain","Thailand","Export","Copper","282550","Copper oxides and hydroxides","2024","8958.28"
"Spain","Tunisia","Export","Copper","282550","Copper oxides and hydroxides","2024","5377.69"
"Spain","Turkiye","Export","Copper","282550","Copper oxides and hydroxides","2024","335350.47"
"Spain","Turkiye","Import","Copper","282550","Copper oxides and hydroxides","2024","388.83"
"Spain","United States of America","Import","Copper","282550","Copper oxides and hydroxides","2024","319652.74"
"Spain","World","Export","Copper","282550","Copper oxides and hydroxides","2024","11147152.42"
"Spain","World","Import","Copper","282550","Copper oxides and hydroxides","2024","9465285.56"
"Spain","South Africa","Export","Copper","282550","Copper oxides and hydroxides","2024","19496.76"
"Spain","Belgium","Import","Copper","282741","Chloride oxides and chloride hydroxides; of copper","2024","2871426.14"
"Spain","Chile","Import","Copper","282741","Chloride oxides and chloride hydroxides; of copper","2024","147120.69"
"Spain","China","Import","Copper","282741","Chloride oxides and chloride hydroxides; of copper","2024","521.32"
"Spain","Czech Republic","Import","Copper","282741","Chloride oxides and chloride hydroxides; of copper","2024","141714.61"
"Spain","Germany","Import","Copper","282741","Chloride oxides and chloride hydroxides; of copper","2024","1287718.39"
"Spain","Denmark","Export","Copper","282741","Chloride oxides and chloride hydroxides; of copper","2024","305.04"
"Spain","France","Export","Copper","282741","Chloride oxides and chloride hydroxides; of copper","2024","1031486.23"
"Spain","Greece","Export","Copper","282741","Chloride oxides and chloride hydroxides; of copper","2024","1440031.94"
"Spain","Hong Kong, China","Import","Copper","282741","Chloride oxides and chloride hydroxides; of copper","2024","307.49"
"Spain","India","Import","Copper","282741","Chloride oxides and chloride hydroxides; of copper","2024","882814.94"
"Spain","Italy","Import","Copper","282741","Chloride oxides and chloride hydroxides; of copper","2024","3001220.59"
"Spain","Italy","Export","Copper","282741","Chloride oxides and chloride hydroxides; of copper","2024","987658.53"
"Spain","Malta","Export","Copper","282741","Chloride oxides and chloride hydroxides; of copper","2024","2234.07"
"Spain","Netherlands","Import","Copper","282741","Chloride oxides and chloride hydroxides; of copper","2024","140142"
"Spain","Netherlands","Export","Copper","282741","Chloride oxides and chloride hydroxides; of copper","2024","990.24"
"Spain","Peru","Import","Copper","282741","Chloride oxides and chloride hydroxides; of copper","2024","1214729.02"
"Spain","Poland","Export","Copper","282741","Chloride oxides and chloride hydroxides; of copper","2024","305.04"
"Spain","Turkiye","Export","Copper","282741","Chloride oxides and chloride hydroxides; of copper","2024","1322175.14"
"Spain","Turkiye","Import","Copper","282741","Chloride oxides and chloride hydroxides; of copper","2024","38118.42"
"Spain","United States of America","Import","Copper","282741","Chloride oxides and chloride hydroxides; of copper","2024","1299.74"
"Spain","Venezuela, Bolivarian Republic of","Export","Copper","282741","Chloride oxides and chloride hydroxides; of copper","2024","296352.52"
"Spain","World","Import","Copper","282741","Chloride oxides and chloride hydroxides; of copper","2024","9727133.35"
"Spain","World","Export","Copper","282741","Chloride oxides and chloride hydroxides; of copper","2024","5081538.75"
"Spain","Albania","Export","Copper","283325","Sulphates; of copper","2024","4816.25"
"Spain","Australia","Export","Copper","283325","Sulphates; of copper","2024","236238.08"
"Spain","Austria","Export","Copper","283325","Sulphates; of copper","2024","13087.59"
"Spain","Belgium","Export","Copper","283325","Sulphates; of copper","2024","837697.23"
"Spain","Belgium","Import","Copper","283325","Sulphates; of copper","2024","210876.02"
"Spain","Bangladesh","Export","Copper","283325","Sulphates; of copper","2024","4927.95"
"Spain","Bolivia, Plurinational State of","Export","Copper","283325","Sulphates; of copper","2024","67617.04"
"Spain","Brazil","Import","Copper","283325","Sulphates; of copper","2024","2199184.61"
"Spain","Brazil","Export","Copper","283325","Sulphates; of copper","2024","16445.7"
"Spain","Canada","Export","Copper","283325","Sulphates; of copper","2024","13940.93"
"Spain","Switzerland","Export","Copper","283325","Sulphates; of copper","2024","438349.08"
"Spain","Chile","Import","Copper","283325","Sulphates; of copper","2024","2017218.77"
"Spain","Chile","Export","Copper","283325","Sulphates; of copper","2024","11053.42"
"Spain","China","Export","Copper","283325","Sulphates; of copper","2024","165227.58"
"Spain","China","Import","Copper","283325","Sulphates; of copper","2024","165.19"
"Spain","Chinese Taipei","Export","Copper","283325","Sulphates; of copper","2024","34681.15"
"Spain","Cote d'Ivoire","Export","Copper","283325","Sulphates; of copper","2024","61.32"
"Spain","Colombia","Export","Copper","283325","Sulphates; of copper","2024","10546.38"
"Spain","Cabo Verde","Export","Copper","283325","Sulphates; of copper","2024","164.85"
"Spain","Costa Rica","Export","Copper","283325","Sulphates; of copper","2024","11297.45"
"Spain","Cuba","Export","Copper","283325","Sulphates; of copper","2024","480.61"
"Spain","Cyprus","Export","Copper","283325","Sulphates; of copper","2024","15955.07"
"Spain","Germany","Export","Copper","283325","Sulphates; of copper","2024","1043991.33"
"Spain","Germany","Import","Copper","283325","Sulphates; of copper","2024","56867.14"
"Spain","Denmark","Import","Copper","283325","Sulphates; of copper","2024","5792.13"
"Spain","Denmark","Export","Copper","283325","Sulphates; of copper","2024","93.34"
"Spain","Dominican Republic","Export","Copper","283325","Sulphates; of copper","2024","402137.09"
"Spain","Ecuador","Export","Copper","283325","Sulphates; of copper","2024","84146.78"
"Spain","Egypt","Export","Copper","283325","Sulphates; of copper","2024","926961.66"
"Spain","France","Export","Copper","283325","Sulphates; of copper","2024","900880.75"
"Spain","France","Import","Copper","283325","Sulphates; of copper","2024","58961.15"
"Spain","United Kingdom","Export","Copper","283325","Sulphates; of copper","2024","1204624.1"
"Spain","United Kingdom","Import","Copper","283325","Sulphates; of copper","2024","686.25"
"Spain","Equatorial Guinea","Export","Copper","283325","Sulphates; of copper","2024","157050.54"
"Spain","Greece","Export","Copper","283325","Sulphates; of copper","2024","451411.56"
"Spain","Hong Kong, China","Export","Copper","283325","Sulphates; of copper","2024","185.81"
"Spain","Hungary","Export","Copper","283325","Sulphates; of copper","2024","39108.43"
"Spain","Indonesia","Export","Copper","283325","Sulphates; of copper","2024","4981.6"
"Spain","India","Import","Copper","283325","Sulphates; of copper","2024","4337.35"
"Spain","India","Export","Copper","283325","Sulphates; of copper","2024","4142.94"
"Spain","Ireland","Export","Copper","283325","Sulphates; of copper","2024","386398.88"
"Spain","Iraq","Export","Copper","283325","Sulphates; of copper","2024","159.28"
"Spain","Israel","Export","Copper","283325","Sulphates; of copper","2024","134651.94"
"Spain","Italy","Import","Copper","283325","Sulphates; of copper","2024","2919257.78"
"Spain","Italy","Export","Copper","283325","Sulphates; of copper","2024","257188.98"
"Spain","Jordan","Export","Copper","283325","Sulphates; of copper","2024","73038.94"
"Spain","Kenya","Export","Copper","283325","Sulphates; of copper","2024","2540.05"
"Spain","Kyrgyz Republic","Export","Copper","283325","Sulphates; of copper","2024","155.29"
"Spain","Korea, Republic of","Export","Copper","283325","Sulphates; of copper","2024","7219.49"
"Spain","Lebanese Republic","Export","Copper","283325","Sulphates; of copper","2024","4875.69"
"Spain","Libya","Export","Copper","283325","Sulphates; of copper","2024","53.44"
"Spain","Morocco","Export","Copper","283325","Sulphates; of copper","2024","483137.19"
"Spain","Mexico","Import","Copper","283325","Sulphates; of copper","2024","59869.29"
"Spain","North Macedonia","Export","Copper","283325","Sulphates; of copper","2024","9372.48"
"Spain","Malta","Import","Copper","283325","Sulphates; of copper","2024","926814.83"
"Spain","Nicaragua","Export","Copper","283325","Sulphates; of copper","2024","601.1"
"Spain","Netherlands","Import","Copper","283325","Sulphates; of copper","2024","52436.64"
"Spain","Netherlands","Export","Copper","283325","Sulphates; of copper","2024","37227.74"
"Spain","Pakistan","Export","Copper","283325","Sulphates; of copper","2024","17447.12"
"Spain","Panama","Export","Copper","283325","Sulphates; of copper","2024","66973.61"
"Spain","Peru","Import","Copper","283325","Sulphates; of copper","2024","661408.15"
"Spain","Peru","Export","Copper","283325","Sulphates; of copper","2024","11924.89"
"Spain","Philippines","Export","Copper","283325","Sulphates; of copper","2024","6715.52"
"Spain","Poland","Import","Copper","283325","Sulphates; of copper","2024","98444.39"
"Spain","Poland","Export","Copper","283325","Sulphates; of copper","2024","53553.21"
"Spain","Portugal","Export","Copper","283325","Sulphates; of copper","2024","1480482.15"
"Spain","Portugal","Import","Copper","283325","Sulphates; of copper","2024","279174.96"
"Spain","Paraguay","Export","Copper","283325","Sulphates; of copper","2024","370.38"
"Spain","Romania","Export","Copper","283325","Sulphates; of copper","2024","464728.46"
"Spain","Russian Federation","Import","Copper","283325","Sulphates; of copper","2024","278975.61"
"Spain","Russian Federation","Export","Copper","283325","Sulphates; of copper","2024","393.58"
"Spain","Saudi Arabia, Kingdom of","Export","Copper","283325","Sulphates; of copper","2024","3599.73"
"Spain","Senegal","Export","Copper","283325","Sulphates; of copper","2024","383.55"
"Spain","Singapore","Export","Copper","283325","Sulphates; of copper","2024","1697.56"
"Spain","El Salvador","Export","Copper","283325","Sulphates; of copper","2024","75784.82"
"Spain","Sweden","Export","Copper","283325","Sulphates; of copper","2024","1130.13"
"Spain","Thailand","Export","Copper","283325","Sulphates; of copper","2024","59693.37"
"Spain","Tunisia","Export","Copper","283325","Sulphates; of copper","2024","73967.54"
"Spain","Turkiye","Import","Copper","283325","Sulphates; of copper","2024","5163624.59"
"Spain","Turkiye","Export","Copper","283325","Sulphates; of copper","2024","87871.27"
"Spain","United States of America","Import","Copper","283325","Sulphates; of copper","2024","254118.23"
"Spain","United States of America","Export","Copper","283325","Sulphates; of copper","2024","1655.64"
"Spain","Uzbekistan","Import","Copper","283325","Sulphates; of copper","2024","119921.23"
"Spain","Venezuela, Bolivarian Republic of","Export","Copper","283325","Sulphates; of copper","2024","3558.39"
"Spain","Viet Nam","Export","Copper","283325","Sulphates; of copper","2024","303.78"
"Spain","World","Import","Copper","283325","Sulphates; of copper","2024","15368134.31"
"Spain","World","Export","Copper","283325","Sulphates; of copper","2024","10911553.63"
"Spain","Yemen","Export","Copper","283325","Sulphates; of copper","2024","394.83"
"Estonia","Montenegro","Import","Copper","260300","Copper ores and concentrates","2024","2.16"
"Estonia","World","Import","Copper","260300","Copper ores and concentrates","2024","2.16"
"Estonia","Germany","Import","Copper","282550","Copper oxides and hydroxides","2024","785.98"
"Estonia","United States of America","Import","Copper","282550","Copper oxides and hydroxides","2024","53.29"
"Estonia","World","Import","Copper","282550","Copper oxides and hydroxides","2024","839.27"
"Estonia","Austria","Import","Copper","282741","Chloride oxides and chloride hydroxides; of copper","2024","11.11"
"Estonia","World","Import","Copper","282741","Chloride oxides and chloride hydroxides; of copper","2024","11.11"
"Estonia","Belgium","Import","Copper","283325","Sulphates; of copper","2024","168.23"
"Estonia","Germany","Import","Copper","283325","Sulphates; of copper","2024","2998.28"
"Estonia","Spain","Import","Copper","283325","Sulphates; of copper","2024","325.37"
"Estonia","Italy","Import","Copper","283325","Sulphates; of copper","2024","152.36"
"Estonia","Lithuania","Export","Copper","283325","Sulphates; of copper","2024","10162.48"
"Estonia","Lithuania","Import","Copper","283325","Sulphates; of copper","2024","2677.31"
"Estonia","Latvia","Import","Copper","283325","Sulphates; of copper","2024","1182.94"
"Estonia","Poland","Import","Copper","283325","Sulphates; of copper","2024","313779.82"
"Estonia","Russian Federation","Import","Copper","283325","Sulphates; of copper","2024","94.1"
"Estonia","Turkiye","Import","Copper","283325","Sulphates; of copper","2024","21021.73"
"Estonia","United States of America","Import","Copper","283325","Sulphates; of copper","2024","5561.71"
"Estonia","World","Import","Copper","283325","Sulphates; of copper","2024","347961.85"
"Estonia","World","Export","Copper","283325","Sulphates; of copper","2024","10162.48"
"Ethiopia","Hong Kong, China","Export","Copper","260300","Copper ores and concentrates","2024","173831"
"Ethiopia","World","Export","Copper","260300","Copper ores and concentrates","2024","173831"
"Ethiopia","Chile","Import","Copper","283325","Sulphates; of copper","2024","11450"
"Ethiopia","China","Import","Copper","283325","Sulphates; of copper","2024","4061"
"Ethiopia","Germany","Import","Copper","283325","Sulphates; of copper","2024","5955"
"Ethiopia","European Union","Import","Copper","283325","Sulphates; of copper","2024","5955"
"Ethiopia","Hong Kong, China","Import","Copper","283325","Sulphates; of copper","2024","124"
"Ethiopia","India","Import","Copper","283325","Sulphates; of copper","2024","19218"
"Ethiopia","Kenya","Import","Copper","283325","Sulphates; of copper","2024","292"
"Ethiopia","Turkiye","Import","Copper","283325","Sulphates; of copper","2024","759"
"Ethiopia","United States of America","Import","Copper","283325","Sulphates; of copper","2024","478"
"Ethiopia","World","Import","Copper","283325","Sulphates; of copper","2024","42337"
"Finland","Australia","Import","Copper","260300","Copper ores and concentrates","2024","102756105.24"
"Finland","Australia","Export","Copper","260300","Copper ores and concentrates","2024","7.33"
"Finland","Brazil","Import","Copper","260300","Copper ores and concentrates","2024","192979586.72"
"Finland","Brazil","Export","Copper","260300","Copper ores and concentrates","2024","8.38"
"Finland","Botswana","Import","Copper","260300","Copper ores and concentrates","2024","26684176.69"
"Finland","Canada","Import","Copper","260300","Copper ores and concentrates","2024","218743667.33"
"Finland","Canada","Export","Copper","260300","Copper ores and concentrates","2024","15.72"
"Finland","Chile","Import","Copper","260300","Copper ores and concentrates","2024","77852107.85"
"Finland","Chile","Export","Copper","260300","Copper ores and concentrates","2024","1.05"
"Finland","Germany","Export","Copper","260300","Copper ores and concentrates","2024","20997261.62"
"Finland","Spain","Import","Copper","260300","Copper ores and concentrates","2024","75458094.9"
"Finland","United Kingdom","Export","Copper","260300","Copper ores and concentrates","2024","407.62"
"Finland","United Kingdom","Import","Copper","260300","Copper ores and concentrates","2024","219.01"
"Finland","Japan","Export","Copper","260300","Copper ores and concentrates","2024","104.79"
"Finland","Morocco","Import","Copper","260300","Copper ores and concentrates","2024","30087085.79"
"Finland","Morocco","Export","Copper","260300","Copper ores and concentrates","2024","14.67"
"Finland","Norway","Export","Copper","260300","Copper ores and concentrates","2024","733.51"
"Finland","Pakistan","Import","Copper","260300","Copper ores and concentrates","2024","219.01"
"Finland","Peru","Import","Copper","260300","Copper ores and concentrates","2024","105888608.1"
"Finland","Peru","Export","Copper","260300","Copper ores and concentrates","2024","1.05"
"Finland","Portugal","Import","Copper","260300","Copper ores and concentrates","2024","47299006.9"
"Finland","Serbia","Import","Copper","260300","Copper ores and concentrates","2024","123049930.47"
"Finland","Serbia","Export","Copper","260300","Copper ores and concentrates","2024","5.24"
"Finland","Sweden","Export","Copper","260300","Copper ores and concentrates","2024","31453515.84"
"Finland","Sweden","Import","Copper","260300","Copper ores and concentrates","2024","30446046.9"
"Finland","Turkiye","Import","Copper","260300","Copper ores and concentrates","2024","271344.09"
"Finland","United States of America","Import","Copper","260300","Copper ores and concentrates","2024","1774.05"
"Finland","United States of America","Export","Copper","260300","Copper ores and concentrates","2024","18.86"
"Finland","World","Import","Copper","260300","Copper ores and concentrates","2024","1031518140.71"
"Finland","World","Export","Copper","260300","Copper ores and concentrates","2024","52452352.41"
"Finland","South Africa","Export","Copper","260300","Copper ores and concentrates","2024","256.73"
"Finland","South Africa","Import","Copper","260300","Copper ores and concentrates","2024","167.66"
"Finland","Germany","Export","Copper","262030","Slag, ash and residues; (not from the manufacture of iron or steel), containing mainly copper","2024","429057.66"
"Finland","United Kingdom","Import","Copper","262030","Slag, ash and residues; (not from the manufacture of iron or steel), containing mainly copper","2024","252.54"
"Finland","Italy","Export","Copper","262030","Slag, ash and residues; (not from the manufacture of iron or steel), containing mainly copper","2024","476573.55"
"Finland","Netherlands","Export","Copper","262030","Slag, ash and residues; (not from the manufacture of iron or steel), containing mainly copper","2024","1950663.32"
"Finland","Norway","Export","Copper","262030","Slag, ash and residues; (not from the manufacture of iron or steel), containing mainly copper","2024","100.6"
"Finland","Portugal","Export","Copper","262030","Slag, ash and residues; (not from the manufacture of iron or steel), containing mainly copper","2024","1319860.39"
"Finland","World","Export","Copper","262030","Slag, ash and residues; (not from the manufacture of iron or steel), containing mainly copper","2024","4176255.52"
"Finland","World","Import","Copper","262030","Slag, ash and residues; (not from the manufacture of iron or steel), containing mainly copper","2024","252.54"
"Finland","Belgium","Import","Copper","282550","Copper oxides and hydroxides","2024","3715.76"
"Finland","Belgium","Export","Copper","282550","Copper oxides and hydroxides","2024","471.54"
"Finland","China","Import","Copper","282550","Copper oxides and hydroxides","2024","504.03"
"Finland","Germany","Import","Copper","282550","Copper oxides and hydroxides","2024","5383.98"
"Finland","United Kingdom","Import","Copper","282550","Copper oxides and hydroxides","2024","1993.06"
"Finland","Norway","Import","Copper","282550","Copper oxides and hydroxides","2024","75527.69"
"Finland","Poland","Export","Copper","282550","Copper oxides and hydroxides","2024","121.55"
"Finland","Sweden","Export","Copper","282550","Copper oxides and hydroxides","2024","21238.33"
"Finland","United States of America","Import","Copper","282550","Copper oxides and hydroxides","2024","1398.91"
"Finland","World","Import","Copper","282550","Copper oxides and hydroxides","2024","88523.43"
"Finland","World","Export","Copper","282550","Copper oxides and hydroxides","2024","21831.42"
"Finland","Belgium","Import","Copper","283325","Sulphates; of copper","2024","48329.04"
"Finland","Chile","Import","Copper","283325","Sulphates; of copper","2024","201355.47"
"Finland","Germany","Import","Copper","283325","Sulphates; of copper","2024","38838.44"
"Finland","Denmark","Import","Copper","283325","Sulphates; of copper","2024","543.85"
"Finland","Spain","Import","Copper","283325","Sulphates; of copper","2024","197"
"Finland","France","Import","Copper","283325","Sulphates; of copper","2024","26145.53"
"Finland","United Kingdom","Import","Copper","283325","Sulphates; of copper","2024","3186.59"
"Finland","India","Import","Copper","283325","Sulphates; of copper","2024","373.04"
"Finland","Italy","Import","Copper","283325","Sulphates; of copper","2024","10536.38"
"Finland","Lithuania","Import","Copper","283325","Sulphates; of copper","2024","76.5"
"Finland","Netherlands","Import","Copper","283325","Sulphates; of copper","2024","85645.97"
"Finland","Poland","Import","Copper","283325","Sulphates; of copper","2024","3370510.9"
"Finland","Romania","Import","Copper","283325","Sulphates; of copper","2024","121591.22"
"Finland","Sweden","Import","Copper","283325","Sulphates; of copper","2024","58718.72"
"Finland","United States of America","Import","Copper","283325","Sulphates; of copper","2024","588.91"
"Finland","World","Import","Copper","283325","Sulphates; of copper","2024","3966637.56"
"Fiji","United Kingdom","Import","Copper","282550","Copper oxides and hydroxides","2024","61.72"
"Fiji","World","Import","Copper","282550","Copper oxides and hydroxides","2024","61.72"
"Fiji","Australia","Import","Copper","283325","Sulphates; of copper","2024","1395.76"
"Fiji","China","Import","Copper","283325","Sulphates; of copper","2024","25106.03"
"Fiji","India","Import","Copper","283325","Sulphates; of copper","2024","105.81"
"Fiji","Korea, Republic of","Import","Copper","283325","Sulphates; of copper","2024","53.78"
"Fiji","New Zealand","Import","Copper","283325","Sulphates; of copper","2024","26597.45"
"Fiji","World","Import","Copper","283325","Sulphates; of copper","2024","53258.83"
"France","Australia","Import","Copper","260300","Copper ores and concentrates","2024","32.47"
"France","Belgium","Import","Copper","260300","Copper ores and concentrates","2024","11607.45"
"France","China","Import","Copper","260300","Copper ores and concentrates","2024","74.68"
"France","Democratic Republic of the Congo","Import","Copper","260300","Copper ores and concentrates","2024","32.47"
"France","Congo","Import","Copper","260300","Copper ores and concentrates","2024","649.43"
"France","Germany","Import","Copper","260300","Copper ores and concentrates","2024","110809.78"
"France","Germany","Export","Copper","260300","Copper ores and concentrates","2024","56906.15"
"France","Spain","Import","Copper","260300","Copper ores and concentrates","2024","24.89"
"France","United Kingdom","Export","Copper","260300","Copper ores and concentrates","2024","169180.39"
"France","United Kingdom","Import","Copper","260300","Copper ores and concentrates","2024","5809.14"
"France","India","Export","Copper","260300","Copper ores and concentrates","2024","1.08"
"France","Italy","Import","Copper","260300","Copper ores and concentrates","2024","24.89"
"France","Japan","Export","Copper","260300","Copper ores and concentrates","2024","1488755.87"
"France","Korea, Republic of","Export","Copper","260300","Copper ores and concentrates","2024","14636697.59"
"France","Morocco","Import","Copper","260300","Copper ores and concentrates","2024","45.46"
"France","United States of America","Import","Copper","260300","Copper ores and concentrates","2024","31813.33"
"France","World","Export","Copper","260300","Copper ores and concentrates","2024","16351541.08"
"France","World","Import","Copper","260300","Copper ores and concentrates","2024","164726.39"
"France","South Africa","Import","Copper","260300","Copper ores and concentrates","2024","3802.4"
"France","Belgium","Export","Copper","262030","Slag, ash and residues; (not from the manufacture of iron or steel), containing mainly copper","2024","1890800.68"
"France","Belgium","Import","Copper","262030","Slag, ash and residues; (not from the manufacture of iron or steel), containing mainly copper","2024","32134.79"
"France","China","Import","Copper","262030","Slag, ash and residues; (not from the manufacture of iron or steel), containing mainly copper","2024","653.76"
"France","Germany","Export","Copper","262030","Slag, ash and residues; (not from the manufacture of iron or steel), containing mainly copper","2024","2120071.6"
"France","Germany","Import","Copper","262030","Slag, ash and residues; (not from the manufacture of iron or steel), containing mainly copper","2024","6072.15"
"France","Italy","Export","Copper","262030","Slag, ash and residues; (not from the manufacture of iron or steel), containing mainly copper","2024","46884.39"
"France","Italy","Import","Copper","262030","Slag, ash and residues; (not from the manufacture of iron or steel), containing mainly copper","2024","10687.42"
"France","Luxembourg","Import","Copper","262030","Slag, ash and residues; (not from the manufacture of iron or steel), containing mainly copper","2024","58.45"
"France","Netherlands","Export","Copper","262030","Slag, ash and residues; (not from the manufacture of iron or steel), containing mainly copper","2024","137335.68"
"France","World","Export","Copper","262030","Slag, ash and residues; (not from the manufacture of iron or steel), containing mainly copper","2024","4195092.350000001"
"France","World","Import","Copper","262030","Slag, ash and residues; (not from the manufacture of iron or steel), containing mainly copper","2024","49606.57"
"France","Belgium","Import","Copper","282550","Copper oxides and hydroxides","2024","257151.95"
"France","Belgium","Export","Copper","282550","Copper oxides and hydroxides","2024","158245.11"
"France","Brazil","Import","Copper","282550","Copper oxides and hydroxides","2024","41.13"
"France","Brazil","Export","Copper","282550","Copper oxides and hydroxides","2024","8.66"
"France","Switzerland","Export","Copper","282550","Copper oxides and hydroxides","2024","131433.46"
"France","China","Import","Copper","282550","Copper oxides and hydroxides","2024","44649.28"
"France","Chinese Taipei","Import","Copper","282550","Copper oxides and hydroxides","2024","137834.66"
"France","Germany","Import","Copper","282550","Copper oxides and hydroxides","2024","580987.19"
"France","Germany","Export","Copper","282550","Copper oxides and hydroxides","2024","142318.96"
"France","Spain","Import","Copper","282550","Copper oxides and hydroxides","2024","1343244.98"
"France","Spain","Export","Copper","282550","Copper oxides and hydroxides","2024","32669.49"
"France","United Kingdom","Export","Copper","282550","Copper oxides and hydroxides","2024","78946.67"
"France","United Kingdom","Import","Copper","282550","Copper oxides and hydroxides","2024","8780.27"
"France","Greece","Export","Copper","282550","Copper oxides and hydroxides","2024","263.02"
"France","India","Import","Copper","282550","Copper oxides and hydroxides","2024","295048.25"
"France","Israel","Export","Copper","282550","Copper oxides and hydroxides","2024","3911.72"
"France","Italy","Import","Copper","282550","Copper oxides and hydroxides","2024","301211.33"
"France","Italy","Export","Copper","282550","Copper oxides and hydroxides","2024","221268.87"
"France","Japan","Import","Copper","282550","Copper oxides and hydroxides","2024","4786.29"
"France","Japan","Export","Copper","282550","Copper oxides and hydroxides","2024","115.81"
"France","Korea, Republic of","Export","Copper","282550","Copper oxides and hydroxides","2024","31892.34"
"France","Morocco","Export","Copper","282550","Copper oxides and hydroxides","2024","639.69"
"France","Mexico","Export","Copper","282550","Copper oxides and hydroxides","2024","42294.02"
"France","Netherlands","Import","Copper","282550","Copper oxides and hydroxides","2024","2181057.24"
"France","Netherlands","Export","Copper","282550","Copper oxides and hydroxides","2024","22.73"
"France","Norway","Export","Copper","282550","Copper oxides and hydroxides","2024","46531.54"
"France","Norway","Import","Copper","282550","Copper oxides and hydroxides","2024","53.04"
"France","Poland","Export","Copper","282550","Copper oxides and hydroxides","2024","5574.26"
"France","Portugal","Export","Copper","282550","Copper oxides and hydroxides","2024","92"
"France","Romania","Export","Copper","282550","Copper oxides and hydroxides","2024","389.66"
"France","Senegal","Export","Copper","282550","Copper oxides and hydroxides","2024","4837.16"
"France","Singapore","Import","Copper","282550","Copper oxides and hydroxides","2024","253.28"
"France","Slovenia","Export","Copper","282550","Copper oxides and hydroxides","2024","81.18"
"France","United States of America","Import","Copper","282550","Copper oxides and hydroxides","2024","892918.42"
"France","United States of America","Export","Copper","282550","Copper oxides and hydroxides","2024","31.39"
"France","World","Import","Copper","282550","Copper oxides and hydroxides","2024","6048017.310000001"
"France","World","Export","Copper","282550","Copper oxides and hydroxides","2024","901892.45"
"France","South Africa","Export","Copper","282550","Copper oxides and hydroxides","2024","324.71"
"France","Austria","Import","Copper","282741","Chloride oxides and chloride hydroxides; of copper","2024","41.13"
"France","Belgium","Import","Copper","282741","Chloride oxides and chloride hydroxides; of copper","2024","1456893.84"
"France","Belgium","Export","Copper","282741","Chloride oxides and chloride hydroxides; of copper","2024","481423.35"
"France","Switzerland","Export","Copper","282741","Chloride oxides and chloride hydroxides; of copper","2024","70.36"
"France","China","Import","Copper","282741","Chloride oxides and chloride hydroxides; of copper","2024","58285.11"
"France","Germany","Export","Copper","282741","Chloride oxides and chloride hydroxides; of copper","2024","49681.26"
"France","Germany","Import","Copper","282741","Chloride oxides and chloride hydroxides; of copper","2024","88.75"
"France","Spain","Import","Copper","282741","Chloride oxides and chloride hydroxides; of copper","2024","1143898.64"
"France","Spain","Export","Copper","282741","Chloride oxides and chloride hydroxides; of copper","2024","49.79"
"France","United Kingdom","Import","Copper","282741","Chloride oxides and chloride hydroxides; of copper","2024","140.71"
"France","India","Import","Copper","282741","Chloride oxides and chloride hydroxides; of copper","2024","996671.08"
"France","Italy","Import","Copper","282741","Chloride oxides and chloride hydroxides; of copper","2024","326167.78"
"France","Netherlands","Import","Copper","282741","Chloride oxides and chloride hydroxides; of copper","2024","400164.72"
"France","Peru","Import","Copper","282741","Chloride oxides and chloride hydroxides; of copper","2024","262369.02"
"France","Portugal","Export","Copper","282741","Chloride oxides and chloride hydroxides; of copper","2024","143.96"
"France","Slovenia","Import","Copper","282741","Chloride oxides and chloride hydroxides; of copper","2024","1452327.28"
"France","United States of America","Import","Copper","282741","Chloride oxides and chloride hydroxides; of copper","2024","31.39"
"France","World","Import","Copper","282741","Chloride oxides and chloride hydroxides; of copper","2024","6097079.449999999"
"France","World","Export","Copper","282741","Chloride oxides and chloride hydroxides; of copper","2024","531368.72"
"France","Andorra","Export","Copper","283325","Sulphates; of copper","2024","62.78"
"France","United Arab Emirates","Export","Copper","283325","Sulphates; of copper","2024","29704.85"
"France","Argentina","Export","Copper","283325","Sulphates; of copper","2024","14038.48"
"France","Armenia","Export","Copper","283325","Sulphates; of copper","2024","647.26"
"France","Austria","Export","Copper","283325","Sulphates; of copper","2024","27.06"
"France","Belgium","Import","Copper","283325","Sulphates; of copper","2024","284583.8"
"France","Belgium","Export","Copper","283325","Sulphates; of copper","2024","222504.95"
"France","Benin","Export","Copper","283325","Sulphates; of copper","2024","126.64"
"France","Burkina Faso","Export","Copper","283325","Sulphates; of copper","2024","87.67"
"France","Brazil","Import","Copper","283325","Sulphates; of copper","2024","309982.94"
"France","Switzerland","Export","Copper","283325","Sulphates; of copper","2024","13802.52"
"France","Switzerland","Import","Copper","283325","Sulphates; of copper","2024","7151.29"
"France","Chile","Import","Copper","283325","Sulphates; of copper","2024","809252.57"
"France","China","Import","Copper","283325","Sulphates; of copper","2024","20653.98"
"France","Cote d'Ivoire","Export","Copper","283325","Sulphates; of copper","2024","5156.46"
"France","Democratic Republic of the Congo","Export","Copper","283325","Sulphates; of copper","2024","543.36"
"France","Congo","Export","Copper","283325","Sulphates; of copper","2024","48.71"
"France","Colombia","Export","Copper","283325","Sulphates; of copper","2024","157458.21"
"France","Colombia","Import","Copper","283325","Sulphates; of copper","2024","188.33"
"France","Cyprus","Export","Copper","283325","Sulphates; of copper","2024","46.54"
"France","Czech Republic","Export","Copper","283325","Sulphates; of copper","2024","1121.35"
"France","Germany","Import","Copper","283325","Sulphates; of copper","2024","781702.74"
"France","Germany","Export","Copper","283325","Sulphates; of copper","2024","48847.83"
"France","Denmark","Export","Copper","283325","Sulphates; of copper","2024","2649.67"
"France","Algeria","Export","Copper","283325","Sulphates; of copper","2024","4971.37"
"France","Ecuador","Export","Copper","283325","Sulphates; of copper","2024","9425.37"
"France","Egypt","Export","Copper","283325","Sulphates; of copper","2024","15821.16"
"France","Spain","Import","Copper","283325","Sulphates; of copper","2024","1130924.14"
"France","Spain","Export","Copper","283325","Sulphates; of copper","2024","179352.61"
"France","Finland","Export","Copper","283325","Sulphates; of copper","2024","26788.92"
"France","Gabon","Export","Copper","283325","Sulphates; of copper","2024","1314.01"
"France","United Kingdom","Export","Copper","283325","Sulphates; of copper","2024","22014.54"
"France","United Kingdom","Import","Copper","283325","Sulphates; of copper","2024","8203.36"
"France","Georgia","Export","Copper","283325","Sulphates; of copper","2024","434.04"
"France","Greece","Export","Copper","283325","Sulphates; of copper","2024","180549.72"
"France","Croatia","Export","Copper","283325","Sulphates; of copper","2024","71.44"
"France","Hungary","Export","Copper","283325","Sulphates; of copper","2024","68940.06"
"France","India","Import","Copper","283325","Sulphates; of copper","2024","461214.22"
"France","Ireland","Export","Copper","283325","Sulphates; of copper","2024","34.64"
"France","Iran","Export","Copper","283325","Sulphates; of copper","2024","19352.96"
"France","Iraq","Export","Copper","283325","Sulphates; of copper","2024","136.38"
"France","Israel","Export","Copper","283325","Sulphates; of copper","2024","1672.28"
"France","Italy","Import","Copper","283325","Sulphates; of copper","2024","838350.21"
"France","Italy","Export","Copper","283325","Sulphates; of copper","2024","294365.27"
"France","Jordan","Export","Copper","283325","Sulphates; of copper","2024","2520.86"
"France","Lebanese Republic","Export","Copper","283325","Sulphates; of copper","2024","7138.3"
"France","Liberia","Export","Copper","283325","Sulphates; of copper","2024","115.81"
"France","Libya","Export","Copper","283325","Sulphates; of copper","2024","432.95"
"France","Lithuania","Export","Copper","283325","Sulphates; of copper","2024","268.43"
"France","Luxembourg","Export","Copper","283325","Sulphates; of copper","2024","625.62"
"France","Morocco","Export","Copper","283325","Sulphates; of copper","2024","1914.73"
"France","Morocco","Import","Copper","283325","Sulphates; of copper","2024","28.14"
"France","Madagascar","Export","Copper","283325","Sulphates; of copper","2024","194.83"
"France","Mexico","Import","Copper","283325","Sulphates; of copper","2024","66686.54"
"France","Mali","Export","Copper","283325","Sulphates; of copper","2024","171.02"
"France","Malta","Export","Copper","283325","Sulphates; of copper","2024","132.05"
"France","Mauritius","Export","Copper","283325","Sulphates; of copper","2024","114.73"
"France","Netherlands","Import","Copper","283325","Sulphates; of copper","2024","1404964.47"
"France","Netherlands","Export","Copper","283325","Sulphates; of copper","2024","15447.73"
"France","Peru","Import","Copper","283325","Sulphates; of copper","2024","37.88"
"France","Poland","Import","Copper","283325","Sulphates; of copper","2024","4358098.85"
"France","Poland","Export","Copper","283325","Sulphates; of copper","2024","46236.05"
"France","Portugal","Export","Copper","283325","Sulphates; of copper","2024","13109.79"
"France","Portugal","Import","Copper","283325","Sulphates; of copper","2024","356.1"
"France","Paraguay","Export","Copper","283325","Sulphates; of copper","2024","34.64"
"France","Qatar","Export","Copper","283325","Sulphates; of copper","2024","621.29"
"France","Romania","Export","Copper","283325","Sulphates; of copper","2024","47559.8"
"France","Saudi Arabia, Kingdom of","Export","Copper","283325","Sulphates; of copper","2024","20248.09"
"France","Senegal","Export","Copper","283325","Sulphates; of copper","2024","108.24"
"France","Singapore","Export","Copper","283325","Sulphates; of copper","2024","1568.37"
"France","Slovak Republic","Export","Copper","283325","Sulphates; of copper","2024","522.79"
"France","Slovak Republic","Import","Copper","283325","Sulphates; of copper","2024","12.99"
"France","Slovenia","Import","Copper","283325","Sulphates; of copper","2024","1947.2"
"France","Slovenia","Export","Copper","283325","Sulphates; of copper","2024","655.92"
"France","Sweden","Export","Copper","283325","Sulphates; of copper","2024","676.49"
"France","Chad","Export","Copper","283325","Sulphates; of copper","2024","2389.9"
"France","Thailand","Export","Copper","283325","Sulphates; of copper","2024","251.11"
"France","Tunisia","Export","Copper","283325","Sulphates; of copper","2024","69160.86"
"France","Turkiye","Import","Copper","283325","Sulphates; of copper","2024","2595827.6"
"France","Turkiye","Export","Copper","283325","Sulphates; of copper","2024","391028.34"
"France","Uruguay","Export","Copper","283325","Sulphates; of copper","2024","264.1"
"France","United States of America","Import","Copper","283325","Sulphates; of copper","2024","1499782.08"
"France","United States of America","Export","Copper","283325","Sulphates; of copper","2024","543.36"
"France","Viet Nam","Export","Copper","283325","Sulphates; of copper","2024","379.92"
"France","World","Import","Copper","283325","Sulphates; of copper","2024","14579949.43"
"France","World","Export","Copper","283325","Sulphates; of copper","2024","1949852.16"
"France","South Africa","Export","Copper","283325","Sulphates; of copper","2024","3296.93"
"United Kingdom","Australia","Export","Copper","260300","Copper ores and concentrates","2024","221.95"
"United Kingdom","China","Export","Copper","260300","Copper ores and concentrates","2024","187089.47"
"United Kingdom","China","Import","Copper","260300","Copper ores and concentrates","2024","12654.4165211"
"United Kingdom","Germany","Import","Copper","260300","Copper ores and concentrates","2024","175948.9193395"
"United Kingdom","European Union","Import","Copper","260300","Copper ores and concentrates","2024","183331.1948496"
"United Kingdom","Spain","Import","Copper","260300","Copper ores and concentrates","2024","2579.1952873"
"United Kingdom","Kazakhstan","Import","Copper","260300","Copper ores and concentrates","2024","12852.5212137"
"United Kingdom","Korea, Republic of","Import","Copper","260300","Copper ores and concentrates","2024","1973.3783566"
"United Kingdom","Portugal","Import","Copper","260300","Copper ores and concentrates","2024","4803.0802228"
"United Kingdom","Saudi Arabia, Kingdom of","Import","Copper","260300","Copper ores and concentrates","2024","26167.7127415"
"United Kingdom","United States of America","Import","Copper","260300","Copper ores and concentrates","2024","6338.0720663"
"United Kingdom","World","Import","Copper","260300","Copper ores and concentrates","2024","244737.2590611"
"United Kingdom","World","Export","Copper","260300","Copper ores and concentrates","2024","187311.42"
"United Kingdom","Zambia","Import","Copper","260300","Copper ores and concentrates","2024","1419.9633123"
"United Kingdom","Belgium","Import","Copper","262030","Slag, ash and residues; (not from the manufacture of iron or steel), containing mainly copper","2024","89617.450523"
"United Kingdom","Belgium","Export","Copper","262030","Slag, ash and residues; (not from the manufacture of iron or steel), containing mainly copper","2024","20713.88"
"United Kingdom","Switzerland","Export","Copper","262030","Slag, ash and residues; (not from the manufacture of iron or steel), containing mainly copper","2024","283740.27"
"United Kingdom","Germany","Export","Copper","262030","Slag, ash and residues; (not from the manufacture of iron or steel), containing mainly copper","2024","1520706.92"
"United Kingdom","Germany","Import","Copper","262030","Slag, ash and residues; (not from the manufacture of iron or steel), containing mainly copper","2024","78074.9764696"
"United Kingdom","European Union","Export","Copper","262030","Slag, ash and residues; (not from the manufacture of iron or steel), containing mainly copper","2024","1678158.75"
"United Kingdom","European Union","Import","Copper","262030","Slag, ash and residues; (not from the manufacture of iron or steel), containing mainly copper","2024","311598.2318385"
"United Kingdom","Spain","Import","Copper","262030","Slag, ash and residues; (not from the manufacture of iron or steel), containing mainly copper","2024","143905.8048459"
"United Kingdom","France","Export","Copper","262030","Slag, ash and residues; (not from the manufacture of iron or steel), containing mainly copper","2024","9907.96"
"United Kingdom","India","Export","Copper","262030","Slag, ash and residues; (not from the manufacture of iron or steel), containing mainly copper","2024","178675.57"
"United Kingdom","India","Import","Copper","262030","Slag, ash and residues; (not from the manufacture of iron or steel), containing mainly copper","2024","3454.6902188"
"United Kingdom","Poland","Export","Copper","262030","Slag, ash and residues; (not from the manufacture of iron or steel), containing mainly copper","2024","126830"
"United Kingdom","United States of America","Export","Copper","262030","Slag, ash and residues; (not from the manufacture of iron or steel), containing mainly copper","2024","1198.54"
"United Kingdom","World","Export","Copper","262030","Slag, ash and residues; (not from the manufacture of iron or steel), containing mainly copper","2024","2141773.14"
"United Kingdom","World","Import","Copper","262030","Slag, ash and residues; (not from the manufacture of iron or steel), containing mainly copper","2024","315052.9220573"
"United Kingdom","Australia","Import","Copper","282550","Copper oxides and hydroxides","2024","11657313.4264738"
"United Kingdom","Bulgaria","Export","Copper","282550","Copper oxides and hydroxides","2024","7883.75"
"United Kingdom","Brazil","Export","Copper","282550","Copper oxides and hydroxides","2024","3089.58"
"United Kingdom","Switzerland","Export","Copper","282550","Copper oxides and hydroxides","2024","33136.87"
"United Kingdom","Chinese Taipei","Import","Copper","282550","Copper oxides and hydroxides","2024","86141.0326927"
"United Kingdom","Costa Rica","Export","Copper","282550","Copper oxides and hydroxides","2024","106496.61"
"United Kingdom","Czech Republic","Export","Copper","282550","Copper oxides and hydroxides","2024","1234.06"
"United Kingdom","Germany","Import","Copper","282550","Copper oxides and hydroxides","2024","5412877.1407371"
"United Kingdom","Germany","Export","Copper","282550","Copper oxides and hydroxides","2024","10206.01"
"United Kingdom","European Union","Import","Copper","282550","Copper oxides and hydroxides","2024","5811805.0334235"
"United Kingdom","European Union","Export","Copper","282550","Copper oxides and hydroxides","2024","552991.5"
"United Kingdom","Spain","Export","Copper","282550","Copper oxides and hydroxides","2024","248746.61"
"United Kingdom","France","Import","Copper","282550","Copper oxides and hydroxides","2024","23268.9937565"
"United Kingdom","France","Export","Copper","282550","Copper oxides and hydroxides","2024","6284.43"
"United Kingdom","Ireland","Export","Copper","282550","Copper oxides and hydroxides","2024","162298.01"
"United Kingdom","Israel","Export","Copper","282550","Copper oxides and hydroxides","2024","1163.03"
"United Kingdom","Italy","Import","Copper","282550","Copper oxides and hydroxides","2024","145122.5510865"
"United Kingdom","Italy","Export","Copper","282550","Copper oxides and hydroxides","2024","1395.13"
"United Kingdom","Kazakhstan","Export","Copper","282550","Copper oxides and hydroxides","2024","1752.79"
"United Kingdom","Kenya","Export","Copper","282550","Copper oxides and hydroxides","2024","56091.84"
"United Kingdom","Norway","Import","Copper","282550","Copper oxides and hydroxides","2024","3442952.1962695"
"United Kingdom","New Zealand","Export","Copper","282550","Copper oxides and hydroxides","2024","159411.36"
"United Kingdom","Poland","Export","Copper","282550","Copper oxides and hydroxides","2024","114943.49"
"United Kingdom","Senegal","Export","Copper","282550","Copper oxides and hydroxides","2024","51873.47"
"United Kingdom","Sweden","Import","Copper","282550","Copper oxides and hydroxides","2024","230536.3478434"
"United Kingdom","Turkiye","Export","Copper","282550","Copper oxides and hydroxides","2024","68305.57"
"United Kingdom","United States of America","Import","Copper","282550","Copper oxides and hydroxides","2024","15282865.7473728"
"United Kingdom","United States of America","Export","Copper","282550","Copper oxides and hydroxides","2024","3705.97"
"United Kingdom","World","Import","Copper","282550","Copper oxides and hydroxides","2024","36281077.4362323"
"United Kingdom","World","Export","Copper","282550","Copper oxides and hydroxides","2024","1071114.87"
"United Kingdom","South Africa","Export","Copper","282550","Copper oxides and hydroxides","2024","33096.29"
"United Kingdom","Belgium","Import","Copper","282741","Chloride oxides and chloride hydroxides; of copper","2024","11211.4475026"
"United Kingdom","Germany","Import","Copper","282741","Chloride oxides and chloride hydroxides; of copper","2024","104393.5043964"
"United Kingdom","European Union","Import","Copper","282741","Chloride oxides and chloride hydroxides; of copper","2024","468662.022553"
"United Kingdom","European Union","Export","Copper","282741","Chloride oxides and chloride hydroxides; of copper","2024","449631.375"
"United Kingdom","Spain","Import","Copper","282741","Chloride oxides and chloride hydroxides; of copper","2024","345869.065552"
"United Kingdom","India","Import","Copper","282741","Chloride oxides and chloride hydroxides; of copper","2024","1173527.4652507"
"United Kingdom","Ireland","Export","Copper","282741","Chloride oxides and chloride hydroxides; of copper","2024","7.61"
"United Kingdom","Netherlands","Export","Copper","282741","Chloride oxides and chloride hydroxides; of copper","2024","449623.77"
"United Kingdom","Peru","Import","Copper","282741","Chloride oxides and chloride hydroxides; of copper","2024","105790.4620025"
"United Kingdom","Slovenia","Import","Copper","282741","Chloride oxides and chloride hydroxides; of copper","2024","7188.005102"
"United Kingdom","United States of America","Import","Copper","282741","Chloride oxides and chloride hydroxides; of copper","2024","46599.336063"
"United Kingdom","World","Import","Copper","282741","Chloride oxides and chloride hydroxides; of copper","2024","1794579.2858692"
"United Kingdom","World","Export","Copper","282741","Chloride oxides and chloride hydroxides; of copper","2024","449631.38"
"United Kingdom","Belgium","Export","Copper","283325","Sulphates; of copper","2024","8586.39"
"United Kingdom","Belgium","Import","Copper","283325","Sulphates; of copper","2024","3105.770341"
"United Kingdom","Brazil","Import","Copper","283325","Sulphates; of copper","2024","2087602.9661169"
"United Kingdom","Brazil","Export","Copper","283325","Sulphates; of copper","2024","142758.58"
"United Kingdom","Switzerland","Export","Copper","283325","Sulphates; of copper","2024","2511.23"
"United Kingdom","Chile","Import","Copper","283325","Sulphates; of copper","2024","3303182.3061659"
"United Kingdom","Chile","Export","Copper","283325","Sulphates; of copper","2024","313490.78"
"United Kingdom","China","Import","Copper","283325","Sulphates; of copper","2024","17586.5843178"
"United Kingdom","Germany","Import","Copper","283325","Sulphates; of copper","2024","86539.7982673"
"United Kingdom","Germany","Export","Copper","283325","Sulphates; of copper","2024","10065.23"
"United Kingdom","Denmark","Export","Copper","283325","Sulphates; of copper","2024","838626.59"
"United Kingdom","European Union","Import","Copper","283325","Sulphates; of copper","2024","2745688.8613859"
"United Kingdom","European Union","Export","Copper","283325","Sulphates; of copper","2024","1460750.5"
"United Kingdom","Spain","Import","Copper","283325","Sulphates; of copper","2024","1025769.4827061"
"United Kingdom","Spain","Export","Copper","283325","Sulphates; of copper","2024","26893.03"
"United Kingdom","France","Import","Copper","283325","Sulphates; of copper","2024","23882.479256"
"United Kingdom","France","Export","Copper","283325","Sulphates; of copper","2024","1217.57"
"United Kingdom","Greece","Export","Copper","283325","Sulphates; of copper","2024","5468.91"
"United Kingdom","Hungary","Export","Copper","283325","Sulphates; of copper","2024","2573.38"
"United Kingdom","India","Import","Copper","283325","Sulphates; of copper","2024","168495.0705211"
"United Kingdom","Ireland","Export","Copper","283325","Sulphates; of copper","2024","499583.37"
"United Kingdom","Italy","Import","Copper","283325","Sulphates; of copper","2024","611098.0183898"
"United Kingdom","Italy","Export","Copper","283325","Sulphates; of copper","2024","12289.83"
"United Kingdom","Kenya","Export","Copper","283325","Sulphates; of copper","2024","44396.84"
"United Kingdom","Malta","Export","Copper","283325","Sulphates; of copper","2024","12164.26"
"United Kingdom","Netherlands","Export","Copper","283325","Sulphates; of copper","2024","31755.69"
"United Kingdom","Norway","Export","Copper","283325","Sulphates; of copper","2024","3609.58"
"United Kingdom","Poland","Import","Copper","283325","Sulphates; of copper","2024","980505.7556992"
"United Kingdom","Poland","Export","Copper","283325","Sulphates; of copper","2024","11526.31"
"United Kingdom","Portugal","Import","Copper","283325","Sulphates; of copper","2024","14787.5567265"
"United Kingdom","Saudi Arabia, Kingdom of","Export","Copper","283325","Sulphates; of copper","2024","158654.18"
"United Kingdom","Turkiye","Import","Copper","283325","Sulphates; of copper","2024","1938638.46209"
"United Kingdom","Turkiye","Export","Copper","283325","Sulphates; of copper","2024","133062.43"
"United Kingdom","World","Import","Copper","283325","Sulphates; of copper","2024","10261194.2505976"
"United Kingdom","World","Export","Copper","283325","Sulphates; of copper","2024","2259234.18"
"Georgia","Armenia","Import","Copper","260300","Copper ores and concentrates","2024","69353626.3"
"Georgia","Azerbaijan","Import","Copper","260300","Copper ores and concentrates","2024","2133907.46"
"Georgia","Bulgaria","Export","Copper","260300","Copper ores and concentrates","2024","54782565.84"
"Georgia","China","Export","Copper","260300","Copper ores and concentrates","2024","39069057.76"
"Georgia","European Union","Export","Copper","260300","Copper ores and concentrates","2024","54782572"
"Georgia","United Kingdom","Export","Copper","260300","Copper ores and concentrates","2024","3.2"
"Georgia","Iran","Import","Copper","260300","Copper ores and concentrates","2024","450"
"Georgia","Kazakhstan","Export","Copper","260300","Copper ores and concentrates","2024","9031.29"
"Georgia","Netherlands","Export","Copper","260300","Copper ores and concentrates","2024","5"
"Georgia","United States of America","Import","Copper","260300","Copper ores and concentrates","2024","814179.25"
"Georgia","World","Export","Copper","260300","Copper ores and concentrates","2024","93860663.09"
"Georgia","World","Import","Copper","260300","Copper ores and concentrates","2024","72302163.00999999"
"Georgia","United States of America","Import","Copper","262030","Slag, ash and residues; (not from the manufacture of iron or steel), containing mainly copper","2024","3135866.04"
"Georgia","World","Import","Copper","262030","Slag, ash and residues; (not from the manufacture of iron or steel), containing mainly copper","2024","3135866.04"
"Georgia","Armenia","Import","Copper","282550","Copper oxides and hydroxides","2024","155358.81"
"Georgia","Turkiye","Import","Copper","282550","Copper oxides and hydroxides","2024","858.09"
"Georgia","World","Import","Copper","282550","Copper oxides and hydroxides","2024","156216.9"
"Georgia","Armenia","Export","Copper","283325","Sulphates; of copper","2024","266760"
"Georgia","China","Import","Copper","283325","Sulphates; of copper","2024","4112.1"
"Georgia","Germany","Import","Copper","283325","Sulphates; of copper","2024","1522.09"
"Georgia","European Union","Import","Copper","283325","Sulphates; of copper","2024","1596.47"
"Georgia","Spain","Import","Copper","283325","Sulphates; of copper","2024","17.91"
"Georgia","France","Import","Copper","283325","Sulphates; of copper","2024","56.47"
"Georgia","Russian Federation","Import","Copper","283325","Sulphates; of copper","2024","415166.61"
"Georgia","Turkiye","Import","Copper","283325","Sulphates; of copper","2024","2608.5"
"Georgia","World","Import","Copper","283325","Sulphates; of copper","2024","423483.6799999999"
"Georgia","World","Export","Copper","283325","Sulphates; of copper","2024","266760"
"Ghana","Cote d'Ivoire","Import","Copper","260300","Copper ores and concentrates","2024","5062"
"Ghana","World","Import","Copper","260300","Copper ores and concentrates","2024","5062"
"Ghana","China","Import","Copper","282550","Copper oxides and hydroxides","2024","1669152"
"Ghana","India","Import","Copper","282550","Copper oxides and hydroxides","2024","139100"
"Ghana","Lebanese Republic","Import","Copper","282550","Copper oxides and hydroxides","2024","80"
"Ghana","United States of America","Import","Copper","282550","Copper oxides and hydroxides","2024","4381"
"Ghana","World","Import","Copper","282550","Copper oxides and hydroxides","2024","1812713"
"Ghana","India","Import","Copper","282741","Chloride oxides and chloride hydroxides; of copper","2024","7"
"Ghana","World","Import","Copper","282741","Chloride oxides and chloride hydroxides; of copper","2024","7"
"Ghana","Belgium","Import","Copper","283325","Sulphates; of copper","2024","562"
"Ghana","China","Import","Copper","283325","Sulphates; of copper","2024","440235"
"Ghana","European Union","Import","Copper","283325","Sulphates; of copper","2024","562"
"Ghana","India","Import","Copper","283325","Sulphates; of copper","2024","1655"
"Ghana","Mali","Export","Copper","283325","Sulphates; of copper","2024","96"
"Ghana","Malaysia","Import","Copper","283325","Sulphates; of copper","2024","143306"
"Ghana","Peru","Import","Copper","283325","Sulphates; of copper","2024","243"
"Ghana","Turkiye","Import","Copper","283325","Sulphates; of copper","2024","1318580"
"Ghana","World","Import","Copper","283325","Sulphates; of copper","2024","1918139"
"Ghana","World","Export","Copper","283325","Sulphates; of copper","2024","96"
"Ghana","South Africa","Import","Copper","283325","Sulphates; of copper","2024","13558"
"Guinea","Germany","Import","Copper","282550","Copper oxides and hydroxides","2024","13787"
"Guinea","European Union","Import","Copper","282550","Copper oxides and hydroxides","2024","13787"
"Guinea","World","Import","Copper","282550","Copper oxides and hydroxides","2024","13787"
"Guinea","Switzerland","Import","Copper","283325","Sulphates; of copper","2024","411239"
"Guinea","European Union","Import","Copper","283325","Sulphates; of copper","2024","282361"
"Guinea","Georgia","Import","Copper","283325","Sulphates; of copper","2024","473347"
"Guinea","Morocco","Import","Copper","283325","Sulphates; of copper","2024","133272"
"Guinea","Poland","Import","Copper","283325","Sulphates; of copper","2024","282361"
"Guinea","World","Import","Copper","283325","Sulphates; of copper","2024","1300219"
"The Gambia","China","Import","Copper","283325","Sulphates; of copper","2024","3671.56"
"The Gambia","World","Import","Copper","283325","Sulphates; of copper","2024","3671.56"
"Greece","Bulgaria","Export","Copper","260300","Copper ores and concentrates","2024","1682.02"
"Greece","Italy","Import","Copper","260300","Copper ores and concentrates","2024","5894.64"
"Greece","Turkiye","Import","Copper","260300","Copper ores and concentrates","2024","32.47"
"Greece","World","Import","Copper","260300","Copper ores and concentrates","2024","5927.110000000001"
"Greece","World","Export","Copper","260300","Copper ores and concentrates","2024","1682.02"
"Greece","Bulgaria","Import","Copper","262030","Slag, ash and residues; (not from the manufacture of iron or steel), containing mainly copper","2024","9663.49"
"Greece","Bulgaria","Export","Copper","262030","Slag, ash and residues; (not from the manufacture of iron or steel), containing mainly copper","2024","364.76"
"Greece","Cyprus","Export","Copper","262030","Slag, ash and residues; (not from the manufacture of iron or steel), containing mainly copper","2024","687.31"
"Greece","Germany","Export","Copper","262030","Slag, ash and residues; (not from the manufacture of iron or steel), containing mainly copper","2024","4234.27"
"Greece","Italy","Export","Copper","262030","Slag, ash and residues; (not from the manufacture of iron or steel), containing mainly copper","2024","1595524.05"
"Greece","Italy","Import","Copper","262030","Slag, ash and residues; (not from the manufacture of iron or steel), containing mainly copper","2024","15567.88"
"Greece","Turkiye","Export","Copper","262030","Slag, ash and residues; (not from the manufacture of iron or steel), containing mainly copper","2024","364130.1"
"Greece","World","Export","Copper","262030","Slag, ash and residues; (not from the manufacture of iron or steel), containing mainly copper","2024","1964940.49"
"Greece","World","Import","Copper","262030","Slag, ash and residues; (not from the manufacture of iron or steel), containing mainly copper","2024","25231.37"
"Greece","Belgium","Import","Copper","282550","Copper oxides and hydroxides","2024","12753.69"
"Greece","Germany","Import","Copper","282550","Copper oxides and hydroxides","2024","19475.27"
"Greece","United Kingdom","Import","Copper","282550","Copper oxides and hydroxides","2024","5.41"
"Greece","Italy","Export","Copper","282550","Copper oxides and hydroxides","2024","313545.05"
"Greece","Italy","Import","Copper","282550","Copper oxides and hydroxides","2024","6189.05"
"Greece","Peru","Import","Copper","282550","Copper oxides and hydroxides","2024","240488.7"
"Greece","Romania","Import","Copper","282550","Copper oxides and hydroxides","2024","657329.65"
"Greece","United States of America","Import","Copper","282550","Copper oxides and hydroxides","2024","635140.85"
"Greece","World","Import","Copper","282550","Copper oxides and hydroxides","2024","1571382.62"
"Greece","World","Export","Copper","282550","Copper oxides and hydroxides","2024","313545.05"
"Greece","Italy","Import","Copper","282741","Chloride oxides and chloride hydroxides; of copper","2024","335629.95"
"Greece","Netherlands","Import","Copper","282741","Chloride oxides and chloride hydroxides; of copper","2024","541.19"
"Greece","Peru","Import","Copper","282741","Chloride oxides and chloride hydroxides; of copper","2024","27537.92"
"Greece","Slovenia","Import","Copper","282741","Chloride oxides and chloride hydroxides; of copper","2024","35393.84"
"Greece","Turkiye","Export","Copper","282741","Chloride oxides and chloride hydroxides; of copper","2024","32307.97"
"Greece","World","Import","Copper","282741","Chloride oxides and chloride hydroxides; of copper","2024","399102.9"
"Greece","World","Export","Copper","282741","Chloride oxides and chloride hydroxides; of copper","2024","32307.97"
"Greece","Albania","Export","Copper","283325","Sulphates; of copper","2024","11866.14"
"Greece","Austria","Import","Copper","283325","Sulphates; of copper","2024","31.39"
"Greece","Belgium","Import","Copper","283325","Sulphates; of copper","2024","520.63"
"Greece","Bulgaria","Export","Copper","283325","Sulphates; of copper","2024","1504.51"
"Greece","China","Import","Copper","283325","Sulphates; of copper","2024","2218.88"
"Greece","Cyprus","Export","Copper","283325","Sulphates; of copper","2024","12041.48"
"Greece","Germany","Import","Copper","283325","Sulphates; of copper","2024","1709.08"
"Greece","Denmark","Import","Copper","283325","Sulphates; of copper","2024","396.15"
"Greece","Spain","Import","Copper","283325","Sulphates; of copper","2024","346051.1"
"Greece","France","Import","Copper","283325","Sulphates; of copper","2024","48789.38"
"Greece","United Kingdom","Import","Copper","283325","Sulphates; of copper","2024","14146.71"
"Greece","Italy","Import","Copper","283325","Sulphates; of copper","2024","403029.78"
"Greece","North Macedonia","Export","Copper","283325","Sulphates; of copper","2024","43046.27"
"Greece","Netherlands","Import","Copper","283325","Sulphates; of copper","2024","6182.56"
"Greece","Peru","Import","Copper","283325","Sulphates; of copper","2024","183928.91"
"Greece","Poland","Import","Copper","283325","Sulphates; of copper","2024","239288.34"
"Greece","Turkiye","Import","Copper","283325","Sulphates; of copper","2024","1847594.22"
"Greece","World","Import","Copper","283325","Sulphates; of copper","2024","3093887.13"
"Greece","World","Export","Copper","283325","Sulphates; of copper","2024","69306.98999999999"
"Greece","South Africa","Export","Copper","283325","Sulphates; of copper","2024","848.59"
"Grenada","Saint Lucia","Import","Copper","282550","Copper oxides and hydroxides","2024","544.59"
"Grenada","United States of America","Import","Copper","282550","Copper oxides and hydroxides","2024","18.74"
"Grenada","World","Import","Copper","282550","Copper oxides and hydroxides","2024","563.33"
"Grenada","Trinidad and Tobago","Import","Copper","283325","Sulphates; of copper","2024","1524.69"
"Grenada","United States of America","Import","Copper","283325","Sulphates; of copper","2024","2357.77"
"Grenada","World","Import","Copper","283325","Sulphates; of copper","2024","3882.46"
"Guatemala","China","Import","Copper","260300","Copper ores and concentrates","2024","700"
"Guatemala","Hong Kong, China","Import","Copper","260300","Copper ores and concentrates","2024","20"
"Guatemala","Panama","Import","Copper","260300","Copper ores and concentrates","2024","118"
"Guatemala","El Salvador","Export","Copper","260300","Copper ores and concentrates","2024","16"
"Guatemala","United States of America","Import","Copper","260300","Copper ores and concentrates","2024","342"
"Guatemala","World","Import","Copper","260300","Copper ores and concentrates","2024","1180"
"Guatemala","World","Export","Copper","260300","Copper ores and concentrates","2024","16"
"Guatemala","Costa Rica","Export","Copper","282550","Copper oxides and hydroxides","2024","2476"
"Guatemala","India","Import","Copper","282550","Copper oxides and hydroxides","2024","50000"
"Guatemala","United States of America","Import","Copper","282550","Copper oxides and hydroxides","2024","139832"
"Guatemala","World","Import","Copper","282550","Copper oxides and hydroxides","2024","189832"
"Guatemala","World","Export","Copper","282550","Copper oxides and hydroxides","2024","2476"
"Guatemala","China","Import","Copper","282741","Chloride oxides and chloride hydroxides; of copper","2024","400315"
"Guatemala","Colombia","Export","Copper","282741","Chloride oxides and chloride hydroxides; of copper","2024","114263"
"Guatemala","Ecuador","Export","Copper","282741","Chloride oxides and chloride hydroxides; of copper","2024","50555"
"Guatemala","Jamaica","Export","Copper","282741","Chloride oxides and chloride hydroxides; of copper","2024","220600"
"Guatemala","Japan","Import","Copper","282741","Chloride oxides and chloride hydroxides; of copper","2024","184046"
"Guatemala","Peru","Export","Copper","282741","Chloride oxides and chloride hydroxides; of copper","2024","158400"
"Guatemala","El Salvador","Export","Copper","282741","Chloride oxides and chloride hydroxides; of copper","2024","17304"
"Guatemala","United States of America","Import","Copper","282741","Chloride oxides and chloride hydroxides; of copper","2024","1011274"
"Guatemala","World","Import","Copper","282741","Chloride oxides and chloride hydroxides; of copper","2024","1595635"
"Guatemala","World","Export","Copper","282741","Chloride oxides and chloride hydroxides; of copper","2024","561122"
"Guatemala","Belize","Export","Copper","283325","Sulphates; of copper","2024","4676"
"Guatemala","Switzerland","Import","Copper","283325","Sulphates; of copper","2024","10383"
"Guatemala","China","Import","Copper","283325","Sulphates; of copper","2024","21479"
"Guatemala","Colombia","Import","Copper","283325","Sulphates; of copper","2024","68319"
"Guatemala","Czech Republic","Import","Copper","283325","Sulphates; of copper","2024","1871"
"Guatemala","Germany","Import","Copper","283325","Sulphates; of copper","2024","29941"
"Guatemala","European Union","Import","Copper","283325","Sulphates; of copper","2024","729412"
"Guatemala","Finland","Import","Copper","283325","Sulphates; of copper","2024","167"
"Guatemala","Honduras","Export","Copper","283325","Sulphates; of copper","2024","200133"
"Guatemala","Honduras","Import","Copper","283325","Sulphates; of copper","2024","69345"
"Guatemala","Italy","Import","Copper","283325","Sulphates; of copper","2024","3782"
"Guatemala","Mexico","Import","Copper","283325","Sulphates; of copper","2024","127557"
"Guatemala","Nicaragua","Export","Copper","283325","Sulphates; of copper","2024","55"
"Guatemala","Peru","Import","Copper","283325","Sulphates; of copper","2024","568347"
"Guatemala","Poland","Import","Copper","283325","Sulphates; of copper","2024","693651"
"Guatemala","El Salvador","Export","Copper","283325","Sulphates; of copper","2024","28059"
"Guatemala","United States of America","Import","Copper","283325","Sulphates; of copper","2024","14809"
"Guatemala","World","Import","Copper","283325","Sulphates; of copper","2024","1609651"
"Guatemala","World","Export","Copper","283325","Sulphates; of copper","2024","232923"
"Guyana","Norway","Import","Copper","282550","Copper oxides and hydroxides","2024","31940.98"
"Guyana","United States of America","Import","Copper","282550","Copper oxides and hydroxides","2024","120.23"
"Guyana","World","Import","Copper","282550","Copper oxides and hydroxides","2024","32061.21"
"Guyana","China","Import","Copper","283325","Sulphates; of copper","2024","343230.98"
"Guyana","Trinidad and Tobago","Import","Copper","283325","Sulphates; of copper","2024","4511.19"
"Guyana","United States of America","Import","Copper","283325","Sulphates; of copper","2024","313.08"
"Guyana","World","Import","Copper","283325","Sulphates; of copper","2024","348055.25"
"Hong Kong, China","Brazil","Import","Copper","260300","Copper ores and concentrates","2024","109074.0875211"
"Hong Kong, China","China","Export","Copper","260300","Copper ores and concentrates","2024","1919077.34"
"Hong Kong, China","China","Import","Copper","260300","Copper ores and concentrates","2024","691231.4460842"
"Hong Kong, China","Chinese Taipei","Import","Copper","260300","Copper ores and concentrates","2024","94518.2922922"
"Hong Kong, China","Lao People's Democratic Republic","Import","Copper","260300","Copper ores and concentrates","2024","317778.6985029"
"Hong Kong, China","Lao People's Democratic Republic","Export","Copper","260300","Copper ores and concentrates","2024","32035.54"
"Hong Kong, China","Mozambique","Import","Copper","260300","Copper ores and concentrates","2024","18321.8930867"
"Hong Kong, China","Peru","Import","Copper","260300","Copper ores and concentrates","2024","690008.4573821"
"Hong Kong, China","Philippines","Import","Copper","260300","Copper ores and concentrates","2024","35392.8624821"
"Hong Kong, China","World","Import","Copper","260300","Copper ores and concentrates","2024","1956325.7373513"
"Hong Kong, China","World","Export","Copper","260300","Copper ores and concentrates","2024","1951112.88"
"Hong Kong, China","Japan","Import","Copper","262030","Slag, ash and residues; (not from the manufacture of iron or steel), containing mainly copper","2024","147014.8004186"
"Hong Kong, China","World","Import","Copper","262030","Slag, ash and residues; (not from the manufacture of iron or steel), containing mainly copper","2024","147014.8004186"
"Hong Kong, China","China","Export","Copper","282550","Copper oxides and hydroxides","2024","872097.03"
"Hong Kong, China","China","Import","Copper","282550","Copper oxides and hydroxides","2024","209.384277"
"Hong Kong, China","Germany","Import","Copper","282550","Copper oxides and hydroxides","2024","15441.513786"
"Hong Kong, China","European Union","Import","Copper","282550","Copper oxides and hydroxides","2024","15441.513786"
"Hong Kong, China","Japan","Import","Copper","282550","Copper oxides and hydroxides","2024","57702.9237768"
"Hong Kong, China","Thailand","Import","Copper","282550","Copper oxides and hydroxides","2024","1517572.9022062"
"Hong Kong, China","World","Import","Copper","282550","Copper oxides and hydroxides","2024","1590926.724046"
"Hong Kong, China","World","Export","Copper","282550","Copper oxides and hydroxides","2024","872097.03"
"Hong Kong, China","Mexico","Import","Copper","282741","Chloride oxides and chloride hydroxides; of copper","2024","11.789078"
"Hong Kong, China","World","Import","Copper","282741","Chloride oxides and chloride hydroxides; of copper","2024","11.789078"
"Hong Kong, China","Belgium","Import","Copper","283325","Sulphates; of copper","2024","272.4302159"
"Hong Kong, China","China","Import","Copper","283325","Sulphates; of copper","2024","412791.8757875"
"Hong Kong, China","Chinese Taipei","Export","Copper","283325","Sulphates; of copper","2024","257370.56"
"Hong Kong, China","European Union","Import","Copper","283325","Sulphates; of copper","2024","272.4302159"
"Hong Kong, China","Japan","Import","Copper","283325","Sulphates; of copper","2024","103057.5571834"
"Hong Kong, China","Sri Lanka","Export","Copper","283325","Sulphates; of copper","2024","3972.41"
"Hong Kong, China","Malaysia","Export","Copper","283325","Sulphates; of copper","2024","52193.32"
"Hong Kong, China","United States of America","Import","Copper","283325","Sulphates; of copper","2024","15514.4266707"
"Hong Kong, China","World","Import","Copper","283325","Sulphates; of copper","2024","531636.2898575"
"Hong Kong, China","World","Export","Copper","283325","Sulphates; of copper","2024","313536.29"
"Honduras","Chile","Import","Copper","262030","Slag, ash and residues; (not from the manufacture of iron or steel), containing mainly copper","2024","46440"
"Honduras","Guatemala","Export","Copper","262030","Slag, ash and residues; (not from the manufacture of iron or steel), containing mainly copper","2024","195.2"
"Honduras","World","Import","Copper","262030","Slag, ash and residues; (not from the manufacture of iron or steel), containing mainly copper","2024","46440"
"Honduras","World","Export","Copper","262030","Slag, ash and residues; (not from the manufacture of iron or steel), containing mainly copper","2024","195.2"
"Honduras","Brazil","Import","Copper","283325","Sulphates; of copper","2024","22260"
"Honduras","China","Import","Copper","283325","Sulphates; of copper","2024","212996.23"
"Honduras","European Union","Import","Copper","283325","Sulphates; of copper","2024","153.17"
"Honduras","France","Import","Copper","283325","Sulphates; of copper","2024","153.17"
"Honduras","Guatemala","Import","Copper","283325","Sulphates; of copper","2024","175110.65"
"Honduras","India","Import","Copper","283325","Sulphates; of copper","2024","15522.37"
"Honduras","United States of America","Import","Copper","283325","Sulphates; of copper","2024","102.57"
"Honduras","World","Import","Copper","283325","Sulphates; of copper","2024","426144.99"
"Croatia","Italy","Export","Copper","262030","Slag, ash and residues; (not from the manufacture of iron or steel), containing mainly copper","2024","170234"
"Croatia","World","Export","Copper","262030","Slag, ash and residues; (not from the manufacture of iron or steel), containing mainly copper","2024","170234"
"Croatia","Austria","Import","Copper","282550","Copper oxides and hydroxides","2024","384"
"Croatia","Belgium","Import","Copper","282550","Copper oxides and hydroxides","2024","492"
"Croatia","Bosnia and Herzegovina","Export","Copper","282550","Copper oxides and hydroxides","2024","1908"
"Croatia","Germany","Import","Copper","282550","Copper oxides and hydroxides","2024","99933"
"Croatia","Italy","Import","Copper","282550","Copper oxides and hydroxides","2024","30970"
"Croatia","Netherlands","Import","Copper","282550","Copper oxides and hydroxides","2024","305811"
"Croatia","Poland","Export","Copper","282550","Copper oxides and hydroxides","2024","26800"
"Croatia","Portugal","Export","Copper","282550","Copper oxides and hydroxides","2024","166373"
"Croatia","Portugal","Import","Copper","282550","Copper oxides and hydroxides","2024","9562"
"Croatia","Serbia","Export","Copper","282550","Copper oxides and hydroxides","2024","115"
"Croatia","Slovenia","Import","Copper","282550","Copper oxides and hydroxides","2024","861497"
"Croatia","World","Import","Copper","282550","Copper oxides and hydroxides","2024","1308649"
"Croatia","World","Export","Copper","282550","Copper oxides and hydroxides","2024","195196"
"Croatia","Austria","Import","Copper","282741","Chloride oxides and chloride hydroxides; of copper","2024","94"
"Croatia","World","Import","Copper","282741","Chloride oxides and chloride hydroxides; of copper","2024","94"
"Croatia","Austria","Import","Copper","283325","Sulphates; of copper","2024","123"
"Croatia","Belgium","Import","Copper","283325","Sulphates; of copper","2024","326"
"Croatia","Bosnia and Herzegovina","Export","Copper","283325","Sulphates; of copper","2024","33"
"Croatia","Germany","Import","Copper","283325","Sulphates; of copper","2024","79690"
"Croatia","Denmark","Import","Copper","283325","Sulphates; of copper","2024","140"
"Croatia","France","Import","Copper","283325","Sulphates; of copper","2024","155"
"Croatia","Hungary","Import","Copper","283325","Sulphates; of copper","2024","7924"
"Croatia","Italy","Import","Copper","283325","Sulphates; of copper","2024","53332"
"Croatia","North Macedonia","Import","Copper","283325","Sulphates; of copper","2024","1993"
"Croatia","Poland","Import","Copper","283325","Sulphates; of copper","2024","254105"
"Croatia","Serbia","Export","Copper","283325","Sulphates; of copper","2024","16403"
"Croatia","Slovenia","Import","Copper","283325","Sulphates; of copper","2024","256138"
"Croatia","Slovenia","Export","Copper","283325","Sulphates; of copper","2024","5992"
"Croatia","Turkiye","Import","Copper","283325","Sulphates; of copper","2024","49844"
"Croatia","World","Import","Copper","283325","Sulphates; of copper","2024","703770"
"Croatia","World","Export","Copper","283325","Sulphates; of copper","2024","22428"
"Hungary","Mongolia","Import","Copper","260300","Copper ores and concentrates","2024","29.81"
"Hungary","United States of America","Import","Copper","260300","Copper ores and concentrates","2024","50"
"Hungary","World","Import","Copper","260300","Copper ores and concentrates","2024","79.81"
"Hungary","Azerbaijan","Export","Copper","282550","Copper oxides and hydroxides","2024","16.57"
"Hungary","Belgium","Import","Copper","282550","Copper oxides and hydroxides","2024","394.5"
"Hungary","Switzerland","Import","Copper","282550","Copper oxides and hydroxides","2024","101.52"
"Hungary","China","Import","Copper","282550","Copper oxides and hydroxides","2024","163.72"
"Hungary","Czech Republic","Import","Copper","282550","Copper oxides and hydroxides","2024","289.29"
"Hungary","Germany","Import","Copper","282550","Copper oxides and hydroxides","2024","519"
"Hungary","France","Import","Copper","282550","Copper oxides and hydroxides","2024","113125.72"
"Hungary","United Kingdom","Import","Copper","282550","Copper oxides and hydroxides","2024","108.44"
"Hungary","Croatia","Export","Copper","282550","Copper oxides and hydroxides","2024","20.35"
"Hungary","Netherlands","Import","Copper","282550","Copper oxides and hydroxides","2024","56.14"
"Hungary","Poland","Import","Copper","282550","Copper oxides and hydroxides","2024","28528.18"
"Hungary","Romania","Export","Copper","282550","Copper oxides and hydroxides","2024","1044.04"
"Hungary","Serbia","Export","Copper","282550","Copper oxides and hydroxides","2024","6.42"
"Hungary","Slovak Republic","Export","Copper","282550","Copper oxides and hydroxides","2024","274.06"
"Hungary","United States of America","Import","Copper","282550","Copper oxides and hydroxides","2024","0.98"
"Hungary","World","Import","Copper","282550","Copper oxides and hydroxides","2024","143287.49"
"Hungary","World","Export","Copper","282550","Copper oxides and hydroxides","2024","1361.44"
"Hungary","Netherlands","Import","Copper","282741","Chloride oxides and chloride hydroxides; of copper","2024","27230.34"
"Hungary","Romania","Export","Copper","282741","Chloride oxides and chloride hydroxides; of copper","2024","494.77"
"Hungary","World","Import","Copper","282741","Chloride oxides and chloride hydroxides; of copper","2024","27230.34"
"Hungary","World","Export","Copper","282741","Chloride oxides and chloride hydroxides; of copper","2024","494.77"
"Hungary","Austria","Import","Copper","283325","Sulphates; of copper","2024","74067.92"
"Hungary","Belgium","Import","Copper","283325","Sulphates; of copper","2024","98249.8"
"Hungary","China","Import","Copper","283325","Sulphates; of copper","2024","1864.46"
"Hungary","Czech Republic","Import","Copper","283325","Sulphates; of copper","2024","26316.6"
"Hungary","Germany","Import","Copper","283325","Sulphates; of copper","2024","311951.68"
"Hungary","France","Import","Copper","283325","Sulphates; of copper","2024","104565.61"
"Hungary","United Kingdom","Import","Copper","283325","Sulphates; of copper","2024","2565.02"
"Hungary","Italy","Import","Copper","283325","Sulphates; of copper","2024","18696.69"
"Hungary","Malta","Import","Copper","283325","Sulphates; of copper","2024","377835.13"
"Hungary","Netherlands","Import","Copper","283325","Sulphates; of copper","2024","3959.1"
"Hungary","Poland","Import","Copper","283325","Sulphates; of copper","2024","1576377.42"
"Hungary","Portugal","Import","Copper","283325","Sulphates; of copper","2024","64672.03"
"Hungary","Slovak Republic","Import","Copper","283325","Sulphates; of copper","2024","14.56"
"Hungary","Turkiye","Import","Copper","283325","Sulphates; of copper","2024","515654.78"
"Hungary","World","Import","Copper","283325","Sulphates; of copper","2024","3176790.8"
"Indonesia","Australia","Import","Copper","260300","Copper ores and concentrates","2024","15338"
"Indonesia","Australia","Export","Copper","260300","Copper ores and concentrates","2024","140.13"
"Indonesia","Belgium","Export","Copper","260300","Copper ores and concentrates","2024","18"
"Indonesia","Bulgaria","Export","Copper","260300","Copper ores and concentrates","2024","315041490.78"
"Indonesia","Bulgaria","Import","Copper","260300","Copper ores and concentrates","2024","220"
"Indonesia","Canada","Import","Copper","260300","Copper ores and concentrates","2024","314"
"Indonesia","Chile","Import","Copper","260300","Copper ores and concentrates","2024","76676"
"Indonesia","China","Export","Copper","260300","Copper ores and concentrates","2024","2620351298.28"
"Indonesia","China","Import","Copper","260300","Copper ores and concentrates","2024","717030"
"Indonesia","Chinese Taipei","Export","Copper","260300","Copper ores and concentrates","2024","48772579.42"
"Indonesia","Chinese Taipei","Import","Copper","260300","Copper ores and concentrates","2024","40568"
"Indonesia","Germany","Export","Copper","260300","Copper ores and concentrates","2024","161983187.11"
"Indonesia","European Union","Export","Copper","260300","Copper ores and concentrates","2024","1052299712"
"Indonesia","European Union","Import","Copper","260300","Copper ores and concentrates","2024","1021"
"Indonesia","Spain","Export","Copper","260300","Copper ores and concentrates","2024","575275008.53"
"Indonesia","Spain","Import","Copper","260300","Copper ores and concentrates","2024","801"
"Indonesia","United Kingdom","Import","Copper","260300","Copper ores and concentrates","2024","112"
"Indonesia","United Kingdom","Export","Copper","260300","Copper ores and concentrates","2024","32"
"Indonesia","Hong Kong, China","Import","Copper","260300","Copper ores and concentrates","2024","36399"
"Indonesia","India","Export","Copper","260300","Copper ores and concentrates","2024","968984768.67"
"Indonesia","India","Import","Copper","260300","Copper ores and concentrates","2024","146"
"Indonesia","Japan","Export","Copper","260300","Copper ores and concentrates","2024","1986254645.96"
"Indonesia","Japan","Import","Copper","260300","Copper ores and concentrates","2024","66"
"Indonesia","Korea, Republic of","Export","Copper","260300","Copper ores and concentrates","2024","968885528.11"
"Indonesia","Korea, Republic of","Import","Copper","260300","Copper ores and concentrates","2024","19131"
"Indonesia","Malaysia","Export","Copper","260300","Copper ores and concentrates","2024","32328162.55"
"Indonesia","Philippines","Export","Copper","260300","Copper ores and concentrates","2024","291296225.84"
"Indonesia","Philippines","Import","Copper","260300","Copper ores and concentrates","2024","150"
"Indonesia","Papua New Guinea","Import","Copper","260300","Copper ores and concentrates","2024","68"
"Indonesia","Singapore","Import","Copper","260300","Copper ores and concentrates","2024","15264"
"Indonesia","United States of America","Export","Copper","260300","Copper ores and concentrates","2024","1517.55"
"Indonesia","United States of America","Import","Copper","260300","Copper ores and concentrates","2024","1376"
"Indonesia","World","Export","Copper","260300","Copper ores and concentrates","2024","7969174602.93"
"Indonesia","World","Import","Copper","260300","Copper ores and concentrates","2024","923659"
"Indonesia","Belgium","Export","Copper","262030","Slag, ash and residues; (not from the manufacture of iron or steel), containing mainly copper","2024","85118.12"
"Indonesia","European Union","Export","Copper","262030","Slag, ash and residues; (not from the manufacture of iron or steel), containing mainly copper","2024","183698.0625"
"Indonesia","Korea, Republic of","Import","Copper","262030","Slag, ash and residues; (not from the manufacture of iron or steel), containing mainly copper","2024","114"
"Indonesia","Netherlands","Export","Copper","262030","Slag, ash and residues; (not from the manufacture of iron or steel), containing mainly copper","2024","98579.94"
"Indonesia","World","Export","Copper","262030","Slag, ash and residues; (not from the manufacture of iron or steel), containing mainly copper","2024","183698.06"
"Indonesia","World","Import","Copper","262030","Slag, ash and residues; (not from the manufacture of iron or steel), containing mainly copper","2024","114"
"Indonesia","United Arab Emirates","Export","Copper","282550","Copper oxides and hydroxides","2024","447200"
"Indonesia","China","Import","Copper","282550","Copper oxides and hydroxides","2024","426738"
"Indonesia","China","Export","Copper","282550","Copper oxides and hydroxides","2024","32881.81"
"Indonesia","Chinese Taipei","Import","Copper","282550","Copper oxides and hydroxides","2024","1338180"
"Indonesia","Germany","Import","Copper","282550","Copper oxides and hydroxides","2024","5309"
"Indonesia","Algeria","Import","Copper","282550","Copper oxides and hydroxides","2024","21"
"Indonesia","European Union","Import","Copper","282550","Copper oxides and hydroxides","2024","23683"
"Indonesia","Spain","Import","Copper","282550","Copper oxides and hydroxides","2024","12737"
"Indonesia","United Kingdom","Import","Copper","282550","Copper oxides and hydroxides","2024","173"
"Indonesia","India","Import","Copper","282550","Copper oxides and hydroxides","2024","10"
"Indonesia","Italy","Import","Copper","282550","Copper oxides and hydroxides","2024","5637"
"Indonesia","Japan","Import","Copper","282550","Copper oxides and hydroxides","2024","552730"
"Indonesia","Korea, Republic of","Import","Copper","282550","Copper oxides and hydroxides","2024","135555"
"Indonesia","Malaysia","Import","Copper","282550","Copper oxides and hydroxides","2024","3461"
"Indonesia","Norway","Import","Copper","282550","Copper oxides and hydroxides","2024","3005507"
"Indonesia","Singapore","Import","Copper","282550","Copper oxides and hydroxides","2024","57980"
"Indonesia","Thailand","Export","Copper","282550","Copper oxides and hydroxides","2024","163410.8"
"Indonesia","United States of America","Import","Copper","282550","Copper oxides and hydroxides","2024","7338016"
"Indonesia","World","Import","Copper","282550","Copper oxides and hydroxides","2024","12882054"
"Indonesia","World","Export","Copper","282550","Copper oxides and hydroxides","2024","643492.61"
"Indonesia","China","Import","Copper","282741","Chloride oxides and chloride hydroxides; of copper","2024","4757026"
"Indonesia","Hong Kong, China","Import","Copper","282741","Chloride oxides and chloride hydroxides; of copper","2024","164"
"Indonesia","India","Import","Copper","282741","Chloride oxides and chloride hydroxides; of copper","2024","30413"
"Indonesia","Japan","Export","Copper","282741","Chloride oxides and chloride hydroxides; of copper","2024","410513.22"
"Indonesia","Japan","Import","Copper","282741","Chloride oxides and chloride hydroxides; of copper","2024","12834"
"Indonesia","Korea, Republic of","Import","Copper","282741","Chloride oxides and chloride hydroxides; of copper","2024","7604"
"Indonesia","Singapore","Import","Copper","282741","Chloride oxides and chloride hydroxides; of copper","2024","1741"
"Indonesia","World","Import","Copper","282741","Chloride oxides and chloride hydroxides; of copper","2024","4809782"
"Indonesia","World","Export","Copper","282741","Chloride oxides and chloride hydroxides; of copper","2024","410513.22"
"Indonesia","Belgium","Import","Copper","283325","Sulphates; of copper","2024","157"
"Indonesia","Brazil","Import","Copper","283325","Sulphates; of copper","2024","1"
"Indonesia","China","Import","Copper","283325","Sulphates; of copper","2024","3568110"
"Indonesia","Chinese Taipei","Import","Copper","283325","Sulphates; of copper","2024","9930814"
"Indonesia","Germany","Import","Copper","283325","Sulphates; of copper","2024","92595"
"Indonesia","European Union","Import","Copper","283325","Sulphates; of copper","2024","120061"
"Indonesia","Spain","Import","Copper","283325","Sulphates; of copper","2024","5490"
"Indonesia","France","Import","Copper","283325","Sulphates; of copper","2024","7684"
"Indonesia","United Kingdom","Import","Copper","283325","Sulphates; of copper","2024","679"
"Indonesia","Georgia","Import","Copper","283325","Sulphates; of copper","2024","1076625"
"Indonesia","Hong Kong, China","Import","Copper","283325","Sulphates; of copper","2024","15266"
"Indonesia","India","Import","Copper","283325","Sulphates; of copper","2024","66315"
"Indonesia","Italy","Import","Copper","283325","Sulphates; of copper","2024","14135"
"Indonesia","Japan","Import","Copper","283325","Sulphates; of copper","2024","235140"
"Indonesia","Korea, Republic of","Import","Copper","283325","Sulphates; of copper","2024","89648"
"Indonesia","Maldives","Export","Copper","283325","Sulphates; of copper","2024","3455.35"
"Indonesia","Malaysia","Import","Copper","283325","Sulphates; of copper","2024","837161"
"Indonesia","Singapore","Import","Copper","283325","Sulphates; of copper","2024","111"
"Indonesia","Thailand","Import","Copper","283325","Sulphates; of copper","2024","6755684"
"Indonesia","Turkiye","Import","Copper","283325","Sulphates; of copper","2024","62250"
"Indonesia","United States of America","Import","Copper","283325","Sulphates; of copper","2024","3052"
"Indonesia","Viet Nam","Import","Copper","283325","Sulphates; of copper","2024","1720675"
"Indonesia","World","Import","Copper","283325","Sulphates; of copper","2024","24481592"
"Indonesia","World","Export","Copper","283325","Sulphates; of copper","2024","3455.35"
"India","Australia","Import","Copper","260300","Copper ores and concentrates","2024","499231967.36"
"India","Brazil","Import","Copper","260300","Copper ores and concentrates","2024","21994981.79"
"India","Canada","Import","Copper","260300","Copper ores and concentrates","2024","140602837.18"
"India","Chile","Import","Copper","260300","Copper ores and concentrates","2024","1229191834.8"
"India","China","Export","Copper","260300","Copper ores and concentrates","2024","22897866.39"
"India","Democratic Republic of the Congo","Import","Copper","260300","Copper ores and concentrates","2024","86312652.36"
"India","European Union","Import","Copper","260300","Copper ores and concentrates","2024","679.59"
"India","European Union","Export","Copper","260300","Copper ores and concentrates","2024","6.409999847412109"
"India","France","Import","Copper","260300","Copper ores and concentrates","2024","679.59"
"India","United Kingdom","Export","Copper","260300","Copper ores and concentrates","2024","57.3"
"India","Indonesia","Import","Copper","260300","Copper ores and concentrates","2024","1149943627"
"India","Netherlands","Export","Copper","260300","Copper ores and concentrates","2024","6.41"
"India","Peru","Import","Copper","260300","Copper ores and concentrates","2024","250697206.67"
"India","Philippines","Import","Copper","260300","Copper ores and concentrates","2024","53348174.82"
"India","Papua New Guinea","Import","Copper","260300","Copper ores and concentrates","2024","135092394.31"
"India","Seychelles","Export","Copper","260300","Copper ores and concentrates","2024","42.43"
"India","Thailand","Export","Copper","260300","Copper ores and concentrates","2024","4.89"
"India","Tanzania","Import","Copper","260300","Copper ores and concentrates","2024","141882640.19"
"India","Viet Nam","Export","Copper","260300","Copper ores and concentrates","2024","30.2"
"India","World","Import","Copper","260300","Copper ores and concentrates","2024","3708365238.910001"
"India","World","Export","Copper","260300","Copper ores and concentrates","2024","22898007.62"
"India","Zimbabwe","Import","Copper","260300","Copper ores and concentrates","2024","66242.84"
"India","United Arab Emirates","Import","Copper","262030","Slag, ash and residues; (not from the manufacture of iron or steel), containing mainly copper","2024","2393069.15"
"India","Australia","Import","Copper","262030","Slag, ash and residues; (not from the manufacture of iron or steel), containing mainly copper","2024","281333.27"
"India","Australia","Export","Copper","262030","Slag, ash and residues; (not from the manufacture of iron or steel), containing mainly copper","2024","3.11"
"India","Belgium","Export","Copper","262030","Slag, ash and residues; (not from the manufacture of iron or steel), containing mainly copper","2024","1102402.61"
"India","Bangladesh","Export","Copper","262030","Slag, ash and residues; (not from the manufacture of iron or steel), containing mainly copper","2024","1402.93"
"India","Bahrain, Kingdom of","Import","Copper","262030","Slag, ash and residues; (not from the manufacture of iron or steel), containing mainly copper","2024","256552.75"
"India","Chinese Taipei","Export","Copper","262030","Slag, ash and residues; (not from the manufacture of iron or steel), containing mainly copper","2024","234103.45"
"India","Germany","Import","Copper","262030","Slag, ash and residues; (not from the manufacture of iron or steel), containing mainly copper","2024","2360381.14"
"India","European Union","Import","Copper","262030","Slag, ash and residues; (not from the manufacture of iron or steel), containing mainly copper","2024","2421309.48"
"India","European Union","Export","Copper","262030","Slag, ash and residues; (not from the manufacture of iron or steel), containing mainly copper","2024","1102402.625"
"India","United Kingdom","Export","Copper","262030","Slag, ash and residues; (not from the manufacture of iron or steel), containing mainly copper","2024","74.27"
"India","Indonesia","Import","Copper","262030","Slag, ash and residues; (not from the manufacture of iron or steel), containing mainly copper","2024","178494.76"
"India","Israel","Import","Copper","262030","Slag, ash and residues; (not from the manufacture of iron or steel), containing mainly copper","2024","41358.49"
"India","Israel","Export","Copper","262030","Slag, ash and residues; (not from the manufacture of iron or steel), containing mainly copper","2024","6270.33"
"India","Korea, Republic of","Export","Copper","262030","Slag, ash and residues; (not from the manufacture of iron or steel), containing mainly copper","2024","4161303.43"
"India","Kuwait, the State of","Export","Copper","262030","Slag, ash and residues; (not from the manufacture of iron or steel), containing mainly copper","2024","14579.08"
"India","Morocco","Import","Copper","262030","Slag, ash and residues; (not from the manufacture of iron or steel), containing mainly copper","2024","43449.42"
"India","Maldives","Export","Copper","262030","Slag, ash and residues; (not from the manufacture of iron or steel), containing mainly copper","2024","41257.96"
"India","Mozambique","Export","Copper","262030","Slag, ash and residues; (not from the manufacture of iron or steel), containing mainly copper","2024","72932.47"
"India","Nigeria","Export","Copper","262030","Slag, ash and residues; (not from the manufacture of iron or steel), containing mainly copper","2024","30955.72"
"India","Netherlands","Import","Copper","262030","Slag, ash and residues; (not from the manufacture of iron or steel), containing mainly copper","2024","60928.34"
"India","Oman","Import","Copper","262030","Slag, ash and residues; (not from the manufacture of iron or steel), containing mainly copper","2024","254795.77"
"India","Qatar","Import","Copper","262030","Slag, ash and residues; (not from the manufacture of iron or steel), containing mainly copper","2024","796316.5"
"India","Qatar","Export","Copper","262030","Slag, ash and residues; (not from the manufacture of iron or steel), containing mainly copper","2024","666419.05"
"India","Saudi Arabia, Kingdom of","Import","Copper","262030","Slag, ash and residues; (not from the manufacture of iron or steel), containing mainly copper","2024","66623.27"
"India","Saudi Arabia, Kingdom of","Export","Copper","262030","Slag, ash and residues; (not from the manufacture of iron or steel), containing mainly copper","2024","773.4"
"India","Thailand","Export","Copper","262030","Slag, ash and residues; (not from the manufacture of iron or steel), containing mainly copper","2024","30286.74"
"India","World","Import","Copper","262030","Slag, ash and residues; (not from the manufacture of iron or steel), containing mainly copper","2024","6733302.859999999"
"India","World","Export","Copper","262030","Slag, ash and residues; (not from the manufacture of iron or steel), containing mainly copper","2024","6362764.550000001"
"India","United Arab Emirates","Export","Copper","282550","Copper oxides and hydroxides","2024","330.52"
"India","Australia","Export","Copper","282550","Copper oxides and hydroxides","2024","412153.28"
"India","Belgium","Export","Copper","282550","Copper oxides and hydroxides","2024","76263.18"
"India","Bangladesh","Export","Copper","282550","Copper oxides and hydroxides","2024","419972.67"
"India","Brazil","Export","Copper","282550","Copper oxides and hydroxides","2024","135673.94"
"India","Bhutan","Export","Copper","282550","Copper oxides and hydroxides","2024","80.06"
"India","Botswana","Export","Copper","282550","Copper oxides and hydroxides","2024","54.69"
"India","Canada","Export","Copper","282550","Copper oxides and hydroxides","2024","679.54"
"India","Switzerland","Import","Copper","282550","Copper oxides and hydroxides","2024","543.1"
"India","China","Import","Copper","282550","Copper oxides and hydroxides","2024","553931.19"
"India","Chinese Taipei","Import","Copper","282550","Copper oxides and hydroxides","2024","112576.55"
"India","Chinese Taipei","Export","Copper","282550","Copper oxides and hydroxides","2024","17646.48"
"India","Cote d'Ivoire","Export","Copper","282550","Copper oxides and hydroxides","2024","67.27"
"India","Germany","Export","Copper","282550","Copper oxides and hydroxides","2024","18537.83"
"India","Germany","Import","Copper","282550","Copper oxides and hydroxides","2024","1949.23"
"India","Djibouti","Export","Copper","282550","Copper oxides and hydroxides","2024","320834.93"
"India","European Union","Export","Copper","282550","Copper oxides and hydroxides","2024","4077750"
"India","European Union","Import","Copper","282550","Copper oxides and hydroxides","2024","1949.23"
"India","Egypt","Export","Copper","282550","Copper oxides and hydroxides","2024","106422.41"
"India","Spain","Export","Copper","282550","Copper oxides and hydroxides","2024","911113.96"
"India","France","Export","Copper","282550","Copper oxides and hydroxides","2024","354011.38"
"India","United Kingdom","Import","Copper","282550","Copper oxides and hydroxides","2024","223.18"
"India","United Kingdom","Export","Copper","282550","Copper oxides and hydroxides","2024","74.84"
"India","Ghana","Export","Copper","282550","Copper oxides and hydroxides","2024","81966.66"
"India","Greece","Export","Copper","282550","Copper oxides and hydroxides","2024","174.12"
"India","Guatemala","Export","Copper","282550","Copper oxides and hydroxides","2024","46407.07"
"India","Indonesia","Export","Copper","282550","Copper oxides and hydroxides","2024","80.94"
"India","Italy","Export","Copper","282550","Copper oxides and hydroxides","2024","2660897.27"
"India","Jordan","Export","Copper","282550","Copper oxides and hydroxides","2024","563664.11"
"India","Japan","Import","Copper","282550","Copper oxides and hydroxides","2024","12561.19"
"India","Korea, Republic of","Export","Copper","282550","Copper oxides and hydroxides","2024","2016.89"
"India","Liberia","Export","Copper","282550","Copper oxides and hydroxides","2024","6.99"
"India","Sri Lanka","Export","Copper","282550","Copper oxides and hydroxides","2024","3529.1"
"India","Luxembourg","Export","Copper","282550","Copper oxides and hydroxides","2024","178.44"
"India","Morocco","Export","Copper","282550","Copper oxides and hydroxides","2024","528"
"India","Mexico","Export","Copper","282550","Copper oxides and hydroxides","2024","43208.42"
"India","Mexico","Import","Copper","282550","Copper oxides and hydroxides","2024","24.04"
"India","Myanmar","Export","Copper","282550","Copper oxides and hydroxides","2024","109547.57"
"India","Malaysia","Export","Copper","282550","Copper oxides and hydroxides","2024","458.53"
"India","Netherlands","Export","Copper","282550","Copper oxides and hydroxides","2024","40227.85"
"India","Norway","Import","Copper","282550","Copper oxides and hydroxides","2024","2540934.75"
"India","Norway","Export","Copper","282550","Copper oxides and hydroxides","2024","99190.45"
"India","Nepal","Export","Copper","282550","Copper oxides and hydroxides","2024","435.73"
"India","New Zealand","Export","Copper","282550","Copper oxides and hydroxides","2024","1134.5"
"India","Oman","Export","Copper","282550","Copper oxides and hydroxides","2024","89.85"
"India","Peru","Export","Copper","282550","Copper oxides and hydroxides","2024","4750.91"
"India","Philippines","Export","Copper","282550","Copper oxides and hydroxides","2024","5.2"
"India","Qatar","Export","Copper","282550","Copper oxides and hydroxides","2024","157.39"
"India","Russian Federation","Export","Copper","282550","Copper oxides and hydroxides","2024","5.12"
"India","Rwanda","Export","Copper","282550","Copper oxides and hydroxides","2024","153.38"
"India","Saudi Arabia, Kingdom of","Export","Copper","282550","Copper oxides and hydroxides","2024","197761.45"
"India","Singapore","Import","Copper","282550","Copper oxides and hydroxides","2024","221653.64"
"India","Singapore","Export","Copper","282550","Copper oxides and hydroxides","2024","153.05"
"India","Slovenia","Export","Copper","282550","Copper oxides and hydroxides","2024","16345.98"
"India","Thailand","Export","Copper","282550","Copper oxides and hydroxides","2024","51.97"
"India","Turkiye","Export","Copper","282550","Copper oxides and hydroxides","2024","1698209.68"
"India","United States of America","Import","Copper","282550","Copper oxides and hydroxides","2024","888206.56"
"India","United States of America","Export","Copper","282550","Copper oxides and hydroxides","2024","92582.66"
"India","Viet Nam","Export","Copper","282550","Copper oxides and hydroxides","2024","102754.36"
"India","World","Export","Copper","282550","Copper oxides and hydroxides","2024","8609713.530000001"
"India","World","Import","Copper","282550","Copper oxides and hydroxides","2024","4334433.949999999"
"India","South Africa","Export","Copper","282550","Copper oxides and hydroxides","2024","69122.91"
"India","Zambia","Import","Copper","282550","Copper oxides and hydroxides","2024","1830.52"
"India","United Arab Emirates","Export","Copper","282741","Chloride oxides and chloride hydroxides; of copper","2024","1814.49"
"India","Argentina","Export","Copper","282741","Chloride oxides and chloride hydroxides; of copper","2024","654.89"
"India","Australia","Export","Copper","282741","Chloride oxides and chloride hydroxides; of copper","2024","4834.78"
"India","Belgium","Export","Copper","282741","Chloride oxides and chloride hydroxides; of copper","2024","26050.43"
"India","Bangladesh","Export","Copper","282741","Chloride oxides and chloride hydroxides; of copper","2024","897.04"
"India","Bhutan","Export","Copper","282741","Chloride oxides and chloride hydroxides; of copper","2024","70.83"
"India","Chile","Export","Copper","282741","Chloride oxides and chloride hydroxides; of copper","2024","6.21"
"India","China","Import","Copper","282741","Chloride oxides and chloride hydroxides; of copper","2024","757733.53"
"India","Cote d'Ivoire","Export","Copper","282741","Chloride oxides and chloride hydroxides; of copper","2024","164.77"
"India","Congo","Export","Copper","282741","Chloride oxides and chloride hydroxides; of copper","2024","3.88"
"India","Colombia","Export","Copper","282741","Chloride oxides and chloride hydroxides; of copper","2024","1186.93"
"India","European Union","Export","Copper","282741","Chloride oxides and chloride hydroxides; of copper","2024","3566709.5"
"India","European Union","Import","Copper","282741","Chloride oxides and chloride hydroxides; of copper","2024","3203.46"
"India","Spain","Export","Copper","282741","Chloride oxides and chloride hydroxides; of copper","2024","60561.4"
"India","Ethiopia","Export","Copper","282741","Chloride oxides and chloride hydroxides; of copper","2024","293.69"
"India","France","Export","Copper","282741","Chloride oxides and chloride hydroxides; of copper","2024","2785067.47"
"India","France","Import","Copper","282741","Chloride oxides and chloride hydroxides; of copper","2024","3203.46"
"India","United Kingdom","Export","Copper","282741","Chloride oxides and chloride hydroxides; of copper","2024","346.68"
"India","Indonesia","Export","Copper","282741","Chloride oxides and chloride hydroxides; of copper","2024","24299.6"
"India","Ireland","Export","Copper","282741","Chloride oxides and chloride hydroxides; of copper","2024","24469.58"
"India","Israel","Export","Copper","282741","Chloride oxides and chloride hydroxides; of copper","2024","393789.62"
"India","Jordan","Export","Copper","282741","Chloride oxides and chloride hydroxides; of copper","2024","153196.7"
"India","Kenya","Export","Copper","282741","Chloride oxides and chloride hydroxides; of copper","2024","852.47"
"India","Sri Lanka","Export","Copper","282741","Chloride oxides and chloride hydroxides; of copper","2024","7.08"
"India","Morocco","Export","Copper","282741","Chloride oxides and chloride hydroxides; of copper","2024","210.78"
"India","Maldives","Export","Copper","282741","Chloride oxides and chloride hydroxides; of copper","2024","126.9"
"India","Mauritius","Export","Copper","282741","Chloride oxides and chloride hydroxides; of copper","2024","4.7"
"India","Malaysia","Export","Copper","282741","Chloride oxides and chloride hydroxides; of copper","2024","8.43"
"India","Nepal","Export","Copper","282741","Chloride oxides and chloride hydroxides; of copper","2024","4216.68"
"India","New Zealand","Export","Copper","282741","Chloride oxides and chloride hydroxides; of copper","2024","654.45"
"India","Oman","Export","Copper","282741","Chloride oxides and chloride hydroxides; of copper","2024","302.7"
"India","Peru","Export","Copper","282741","Chloride oxides and chloride hydroxides; of copper","2024","1214.89"
"India","Philippines","Export","Copper","282741","Chloride oxides and chloride hydroxides; of copper","2024","1051.88"
"India","Poland","Export","Copper","282741","Chloride oxides and chloride hydroxides; of copper","2024","670560.52"
"India","Qatar","Export","Copper","282741","Chloride oxides and chloride hydroxides; of copper","2024","246.84"
"India","Russian Federation","Export","Copper","282741","Chloride oxides and chloride hydroxides; of copper","2024","2052213.76"
"India","Rwanda","Export","Copper","282741","Chloride oxides and chloride hydroxides; of copper","2024","564.04"
"India","Saudi Arabia, Kingdom of","Export","Copper","282741","Chloride oxides and chloride hydroxides; of copper","2024","216.26"
"India","Senegal","Export","Copper","282741","Chloride oxides and chloride hydroxides; of copper","2024","61.77"
"India","Singapore","Export","Copper","282741","Chloride oxides and chloride hydroxides; of copper","2024","3.71"
"India","Tunisia","Export","Copper","282741","Chloride oxides and chloride hydroxides; of copper","2024","202.49"
"India","Turkiye","Export","Copper","282741","Chloride oxides and chloride hydroxides; of copper","2024","617181.4"
"India","Tanzania","Export","Copper","282741","Chloride oxides and chloride hydroxides; of copper","2024","131.5"
"India","Uganda","Export","Copper","282741","Chloride oxides and chloride hydroxides; of copper","2024","48.62"
"India","United States of America","Export","Copper","282741","Chloride oxides and chloride hydroxides; of copper","2024","9105554.32"
"India","United States of America","Import","Copper","282741","Chloride oxides and chloride hydroxides; of copper","2024","11877.57"
"India","Uzbekistan","Export","Copper","282741","Chloride oxides and chloride hydroxides; of copper","2024","25.07"
"India","World","Export","Copper","282741","Chloride oxides and chloride hydroxides; of copper","2024","15935547.21"
"India","World","Import","Copper","282741","Chloride oxides and chloride hydroxides; of copper","2024","772814.5599999999"
"India","South Africa","Export","Copper","282741","Chloride oxides and chloride hydroxides; of copper","2024","2176.96"
"India","Afghanistan","Export","Copper","283325","Sulphates; of copper","2024","178.37"
"India","Angola","Export","Copper","283325","Sulphates; of copper","2024","225.71"
"India","United Arab Emirates","Export","Copper","283325","Sulphates; of copper","2024","4371.44"
"India","Argentina","Export","Copper","283325","Sulphates; of copper","2024","1225.78"
"India","Australia","Export","Copper","283325","Sulphates; of copper","2024","3667.75"
"India","Belgium","Export","Copper","283325","Sulphates; of copper","2024","1543.6"
"India","Belgium","Import","Copper","283325","Sulphates; of copper","2024","348.82"
"India","Bangladesh","Export","Copper","283325","Sulphates; of copper","2024","40976.65"
"India","Bulgaria","Export","Copper","283325","Sulphates; of copper","2024","6.28"
"India","Belarus","Export","Copper","283325","Sulphates; of copper","2024","3025.17"
"India","Bhutan","Export","Copper","283325","Sulphates; of copper","2024","713.41"
"India","Botswana","Export","Copper","283325","Sulphates; of copper","2024","19.89"
"India","Switzerland","Import","Copper","283325","Sulphates; of copper","2024","1690.85"
"India","Switzerland","Export","Copper","283325","Sulphates; of copper","2024","1019.82"
"India","Chile","Export","Copper","283325","Sulphates; of copper","2024","2190.15"
"India","China","Import","Copper","283325","Sulphates; of copper","2024","106244.06"
"India","Chinese Taipei","Import","Copper","283325","Sulphates; of copper","2024","938.41"
"India","Democratic Republic of the Congo","Export","Copper","283325","Sulphates; of copper","2024","8.79"
"India","Colombia","Export","Copper","283325","Sulphates; of copper","2024","0.98"
"India","Czech Republic","Export","Copper","283325","Sulphates; of copper","2024","253.47"
"India","Germany","Import","Copper","283325","Sulphates; of copper","2024","6071.55"
"India","Germany","Export","Copper","283325","Sulphates; of copper","2024","97.46"
"India","Algeria","Export","Copper","283325","Sulphates; of copper","2024","198103.42"
"India","Ecuador","Export","Copper","283325","Sulphates; of copper","2024","107.84"
"India","European Union","Export","Copper","283325","Sulphates; of copper","2024","1467740.625"
"India","European Union","Import","Copper","283325","Sulphates; of copper","2024","10786.08"
"India","Egypt","Export","Copper","283325","Sulphates; of copper","2024","6197.44"
"India","Spain","Export","Copper","283325","Sulphates; of copper","2024","6615.4"
"India","Spain","Import","Copper","283325","Sulphates; of copper","2024","4365.71"
"India","Ethiopia","Export","Copper","283325","Sulphates; of copper","2024","9478.48"
"India","Fiji","Export","Copper","283325","Sulphates; of copper","2024","88"
"India","France","Export","Copper","283325","Sulphates; of copper","2024","384024.3"
"India","United Kingdom","Export","Copper","283325","Sulphates; of copper","2024","61005.17"
"India","United Kingdom","Import","Copper","283325","Sulphates; of copper","2024","145.4"
"India","Georgia","Export","Copper","283325","Sulphates; of copper","2024","111306.01"
"India","Ghana","Export","Copper","283325","Sulphates; of copper","2024","1432.18"
"India","The Gambia","Export","Copper","283325","Sulphates; of copper","2024","640.37"
"India","Greece","Export","Copper","283325","Sulphates; of copper","2024","5.6"
"India","Indonesia","Export","Copper","283325","Sulphates; of copper","2024","64892.72"
"India","Israel","Export","Copper","283325","Sulphates; of copper","2024","45081.08"
"India","Italy","Export","Copper","283325","Sulphates; of copper","2024","1020396.82"
"India","Jordan","Export","Copper","283325","Sulphates; of copper","2024","2920.07"
"India","Japan","Import","Copper","283325","Sulphates; of copper","2024","1127.34"
"India","Japan","Export","Copper","283325","Sulphates; of copper","2024","2.98"
"India","Kazakhstan","Export","Copper","283325","Sulphates; of copper","2024","7.75"
"India","Kenya","Export","Copper","283325","Sulphates; of copper","2024","58502.61"
"India","Korea, Republic of","Export","Copper","283325","Sulphates; of copper","2024","175292.37"
"India","Korea, Republic of","Import","Copper","283325","Sulphates; of copper","2024","21339.99"
"India","Kuwait, the State of","Export","Copper","283325","Sulphates; of copper","2024","1706.35"
"India","Lebanese Republic","Export","Copper","283325","Sulphates; of copper","2024","142.44"
"India","Liberia","Export","Copper","283325","Sulphates; of copper","2024","7.83"
"India","Sri Lanka","Export","Copper","283325","Sulphates; of copper","2024","186211.76"
"India","Sri Lanka","Import","Copper","283325","Sulphates; of copper","2024","12131.76"
"India","Morocco","Export","Copper","283325","Sulphates; of copper","2024","682.95"
"India","Madagascar","Export","Copper","283325","Sulphates; of copper","2024","232.06"
"India","Maldives","Export","Copper","283325","Sulphates; of copper","2024","74.15"
"India","Myanmar","Export","Copper","283325","Sulphates; of copper","2024","715.23"
"India","Mongolia","Export","Copper","283325","Sulphates; of copper","2024","132.3"
"India","Mozambique","Export","Copper","283325","Sulphates; of copper","2024","335.21"
"India","Mauritius","Export","Copper","283325","Sulphates; of copper","2024","1842.32"
"India","Malawi","Export","Copper","283325","Sulphates; of copper","2024","1621.27"
"India","Malaysia","Export","Copper","283325","Sulphates; of copper","2024","85770.13"
"India","Nigeria","Export","Copper","283325","Sulphates; of copper","2024","296696.25"
"India","Nepal","Export","Copper","283325","Sulphates; of copper","2024","164190.52"
"India","New Zealand","Export","Copper","283325","Sulphates; of copper","2024","27968.9"
"India","Oman","Export","Copper","283325","Sulphates; of copper","2024","334.51"
"India","Pakistan","Export","Copper","283325","Sulphates; of copper","2024","13363.56"
"India","Peru","Export","Copper","283325","Sulphates; of copper","2024","548.28"
"India","Philippines","Export","Copper","283325","Sulphates; of copper","2024","4174.57"
"India","Poland","Export","Copper","283325","Sulphates; of copper","2024","54797.68"
"India","Qatar","Export","Copper","283325","Sulphates; of copper","2024","595.86"
"India","Russian Federation","Export","Copper","283325","Sulphates; of copper","2024","1355796.28"
"India","Rwanda","Export","Copper","283325","Sulphates; of copper","2024","31.63"
"India","Saudi Arabia, Kingdom of","Export","Copper","283325","Sulphates; of copper","2024","9530.52"
"India","Singapore","Import","Copper","283325","Sulphates; of copper","2024","1702.85"
"India","Singapore","Export","Copper","283325","Sulphates; of copper","2024","181.71"
"India","Thailand","Import","Copper","283325","Sulphates; of copper","2024","224287"
"India","Thailand","Export","Copper","283325","Sulphates; of copper","2024","69910.04"
"India","Trinidad and Tobago","Export","Copper","283325","Sulphates; of copper","2024","12.76"
"India","Tunisia","Export","Copper","283325","Sulphates; of copper","2024","436.09"
"India","Turkiye","Export","Copper","283325","Sulphates; of copper","2024","77574.24"
"India","Turkiye","Import","Copper","283325","Sulphates; of copper","2024","6497.11"
"India","Tanzania","Export","Copper","283325","Sulphates; of copper","2024","130594.25"
"India","Uganda","Export","Copper","283325","Sulphates; of copper","2024","146.2"
"India","United States of America","Export","Copper","283325","Sulphates; of copper","2024","298043.97"
"India","United States of America","Import","Copper","283325","Sulphates; of copper","2024","15192.02"
"India","Uzbekistan","Export","Copper","283325","Sulphates; of copper","2024","23.38"
"India","Viet Nam","Export","Copper","283325","Sulphates; of copper","2024","165979.25"
"India","World","Export","Copper","283325","Sulphates; of copper","2024","8371225.52"
"India","World","Import","Copper","283325","Sulphates; of copper","2024","402082.8699999999"
"India","Yemen","Export","Copper","283325","Sulphates; of copper","2024","367.54"
"India","South Africa","Export","Copper","283325","Sulphates; of copper","2024","3214314.83"
"India","Zambia","Export","Copper","283325","Sulphates; of copper","2024","97.94"
"India","Zimbabwe","Export","Copper","283325","Sulphates; of copper","2024","415.43"
"Ireland","Botswana","Import","Copper","260300","Copper ores and concentrates","2024","1808.66"
"Ireland","Canada","Import","Copper","260300","Copper ores and concentrates","2024","84.43"
"Ireland","Democratic Republic of the Congo","Import","Copper","260300","Copper ores and concentrates","2024","426.46"
"Ireland","Germany","Import","Copper","260300","Copper ores and concentrates","2024","1743.71"
"Ireland","Algeria","Import","Copper","260300","Copper ores and concentrates","2024","21.65"
"Ireland","United Kingdom","Export","Copper","260300","Copper ores and concentrates","2024","1.08"
"Ireland","Ghana","Import","Copper","260300","Copper ores and concentrates","2024","19.48"
"Ireland","Kazakhstan","Import","Copper","260300","Copper ores and concentrates","2024","3944.19"
"Ireland","United States of America","Import","Copper","260300","Copper ores and concentrates","2024","180.76"
"Ireland","World","Import","Copper","260300","Copper ores and concentrates","2024","8229.34"
"Ireland","World","Export","Copper","260300","Copper ores and concentrates","2024","1.08"
"Ireland","China","Import","Copper","262030","Slag, ash and residues; (not from the manufacture of iron or steel), containing mainly copper","2024","264.1"
"Ireland","United Kingdom","Import","Copper","262030","Slag, ash and residues; (not from the manufacture of iron or steel), containing mainly copper","2024","541.19"
"Ireland","Italy","Import","Copper","262030","Slag, ash and residues; (not from the manufacture of iron or steel), containing mainly copper","2024","6770.29"
"Ireland","World","Import","Copper","262030","Slag, ash and residues; (not from the manufacture of iron or steel), containing mainly copper","2024","7575.58"
"Ireland","Australia","Import","Copper","282550","Copper oxides and hydroxides","2024","172416.71"
"Ireland","Belgium","Import","Copper","282550","Copper oxides and hydroxides","2024","141.79"
"Ireland","China","Import","Copper","282550","Copper oxides and hydroxides","2024","42088.36"
"Ireland","Germany","Import","Copper","282550","Copper oxides and hydroxides","2024","60.61"
"Ireland","United Kingdom","Import","Copper","282550","Copper oxides and hydroxides","2024","202417.05"
"Ireland","India","Import","Copper","282550","Copper oxides and hydroxides","2024","46680.9"
"Ireland","Italy","Import","Copper","282550","Copper oxides and hydroxides","2024","39174.6"
"Ireland","United States of America","Import","Copper","282550","Copper oxides and hydroxides","2024","116.9"
"Ireland","World","Import","Copper","282550","Copper oxides and hydroxides","2024","503096.9199999999"
"Ireland","United Kingdom","Import","Copper","282741","Chloride oxides and chloride hydroxides; of copper","2024","882.14"
"Ireland","United Kingdom","Export","Copper","282741","Chloride oxides and chloride hydroxides; of copper","2024","2.17"
"Ireland","Netherlands","Import","Copper","282741","Chloride oxides and chloride hydroxides; of copper","2024","57997.19"
"Ireland","World","Import","Copper","282741","Chloride oxides and chloride hydroxides; of copper","2024","58879.33"
"Ireland","World","Export","Copper","282741","Chloride oxides and chloride hydroxides; of copper","2024","2.17"
"Ireland","Belgium","Import","Copper","283325","Sulphates; of copper","2024","99705.64"
"Ireland","Canada","Export","Copper","283325","Sulphates; of copper","2024","1.08"
"Ireland","Chile","Import","Copper","283325","Sulphates; of copper","2024","1045203.94"
"Ireland","Chinese Taipei","Import","Copper","283325","Sulphates; of copper","2024","310905.13"
"Ireland","Germany","Import","Copper","283325","Sulphates; of copper","2024","390359.43"
"Ireland","Spain","Import","Copper","283325","Sulphates; of copper","2024","180.76"
"Ireland","United Kingdom","Import","Copper","283325","Sulphates; of copper","2024","394026.54"
"Ireland","United Kingdom","Export","Copper","283325","Sulphates; of copper","2024","159453.04"
"Ireland","India","Import","Copper","283325","Sulphates; of copper","2024","534.7"
"Ireland","Italy","Import","Copper","283325","Sulphates; of copper","2024","1047.74"
"Ireland","Mexico","Import","Copper","283325","Sulphates; of copper","2024","14072.03"
"Ireland","Netherlands","Import","Copper","283325","Sulphates; of copper","2024","64111.56"
"Ireland","Poland","Import","Copper","283325","Sulphates; of copper","2024","353916.76"
"Ireland","Slovenia","Export","Copper","283325","Sulphates; of copper","2024","730.61"
"Ireland","Turkiye","Import","Copper","283325","Sulphates; of copper","2024","160170.66"
"Ireland","United States of America","Import","Copper","283325","Sulphates; of copper","2024","450341.71"
"Ireland","United States of America","Export","Copper","283325","Sulphates; of copper","2024","147947.34"
"Ireland","World","Import","Copper","283325","Sulphates; of copper","2024","3284576.6"
"Ireland","World","Export","Copper","283325","Sulphates; of copper","2024","308132.07"
"Iran","United Arab Emirates","Export","Copper","260300","Copper ores and concentrates","2024","26249547"
"Iran","United Arab Emirates","Import","Copper","260300","Copper ores and concentrates","2024","9538"
"Iran","Armenia","Import","Copper","260300","Copper ores and concentrates","2024","1481799"
"Iran","China","Export","Copper","260300","Copper ores and concentrates","2024","40031995"
"Iran","Germany","Import","Copper","260300","Copper ores and concentrates","2024","104303"
"Iran","European Union","Import","Copper","260300","Copper ores and concentrates","2024","104303"
"Iran","Korea, Republic of","Export","Copper","260300","Copper ores and concentrates","2024","71926853"
"Iran","Turkiye","Import","Copper","260300","Copper ores and concentrates","2024","323152"
"Iran","World","Export","Copper","260300","Copper ores and concentrates","2024","138208395"
"Iran","World","Import","Copper","260300","Copper ores and concentrates","2024","1918792"
"Iran","Afghanistan","Export","Copper","262030","Slag, ash and residues; (not from the manufacture of iron or steel), containing mainly copper","2024","4989"
"Iran","Azerbaijan","Export","Copper","262030","Slag, ash and residues; (not from the manufacture of iron or steel), containing mainly copper","2024","1995"
"Iran","India","Import","Copper","262030","Slag, ash and residues; (not from the manufacture of iron or steel), containing mainly copper","2024","345905"
"Iran","Iraq","Export","Copper","262030","Slag, ash and residues; (not from the manufacture of iron or steel), containing mainly copper","2024","45488"
"Iran","Tajikistan","Export","Copper","262030","Slag, ash and residues; (not from the manufacture of iron or steel), containing mainly copper","2024","1296"
"Iran","World","Import","Copper","262030","Slag, ash and residues; (not from the manufacture of iron or steel), containing mainly copper","2024","345905"
"Iran","World","Export","Copper","262030","Slag, ash and residues; (not from the manufacture of iron or steel), containing mainly copper","2024","53768"
"Iran","United Arab Emirates","Import","Copper","282550","Copper oxides and hydroxides","2024","683050"
"Iran","India","Import","Copper","282550","Copper oxides and hydroxides","2024","634"
"Iran","Norway","Import","Copper","282550","Copper oxides and hydroxides","2024","22387"
"Iran","Turkiye","Import","Copper","282550","Copper oxides and hydroxides","2024","121089"
"Iran","World","Import","Copper","282550","Copper oxides and hydroxides","2024","827160"
"Iran","United Arab Emirates","Import","Copper","283325","Sulphates; of copper","2024","1007"
"Iran","Armenia","Export","Copper","283325","Sulphates; of copper","2024","313776"
"Iran","Azerbaijan","Export","Copper","283325","Sulphates; of copper","2024","18046"
"Iran","European Union","Import","Copper","283325","Sulphates; of copper","2024","3112"
"Iran","France","Import","Copper","283325","Sulphates; of copper","2024","3112"
"Iran","Iraq","Export","Copper","283325","Sulphates; of copper","2024","13275"
"Iran","Russian Federation","Import","Copper","283325","Sulphates; of copper","2024","149403"
"Iran","Turkiye","Import","Copper","283325","Sulphates; of copper","2024","224613"
"Iran","World","Import","Copper","283325","Sulphates; of copper","2024","378135"
"Iran","World","Export","Copper","283325","Sulphates; of copper","2024","345097"
"Iceland","Belgium","Import","Copper","260300","Copper ores and concentrates","2024","260.3619452"
"Iceland","European Union","Import","Copper","260300","Copper ores and concentrates","2024","260.3619452"
"Iceland","World","Import","Copper","260300","Copper ores and concentrates","2024","260.3619452"
"Iceland","China","Import","Copper","282550","Copper oxides and hydroxides","2024","493.0833818"
"Iceland","United Kingdom","Import","Copper","282550","Copper oxides and hydroxides","2024","256.5620213"
"Iceland","United States of America","Import","Copper","282550","Copper oxides and hydroxides","2024","194.1952982"
"Iceland","World","Import","Copper","282550","Copper oxides and hydroxides","2024","943.8407013"
"Iceland","European Union","Import","Copper","282741","Chloride oxides and chloride hydroxides; of copper","2024","5401.1939843"
"Iceland","Netherlands","Import","Copper","282741","Chloride oxides and chloride hydroxides; of copper","2024","5401.1939843"
"Iceland","World","Import","Copper","282741","Chloride oxides and chloride hydroxides; of copper","2024","5401.1939843"
"Iceland","Germany","Import","Copper","283325","Sulphates; of copper","2024","369.3153018"
"Iceland","European Union","Import","Copper","283325","Sulphates; of copper","2024","369.3153018"
"Iceland","United Kingdom","Import","Copper","283325","Sulphates; of copper","2024","34.8300867"
"Iceland","World","Import","Copper","283325","Sulphates; of copper","2024","404.1453885"
"Israel","European Union","Export","Copper","260300","Copper ores and concentrates","2024","11000"
"Israel","Romania","Export","Copper","260300","Copper ores and concentrates","2024","11000"
"Israel","United States of America","Import","Copper","260300","Copper ores and concentrates","2024","1000"
"Israel","World","Export","Copper","260300","Copper ores and concentrates","2024","11000"
"Israel","World","Import","Copper","260300","Copper ores and concentrates","2024","1000"
"Israel","Germany","Import","Copper","262030","Slag, ash and residues; (not from the manufacture of iron or steel), containing mainly copper","2024","175000"
"Israel","European Union","Export","Copper","262030","Slag, ash and residues; (not from the manufacture of iron or steel), containing mainly copper","2024","415000"
"Israel","European Union","Import","Copper","262030","Slag, ash and residues; (not from the manufacture of iron or steel), containing mainly copper","2024","175000"
"Israel","India","Import","Copper","262030","Slag, ash and residues; (not from the manufacture of iron or steel), containing mainly copper","2024","25000"
"Israel","Italy","Export","Copper","262030","Slag, ash and residues; (not from the manufacture of iron or steel), containing mainly copper","2024","415000"
"Israel","World","Export","Copper","262030","Slag, ash and residues; (not from the manufacture of iron or steel), containing mainly copper","2024","415000"
"Israel","World","Import","Copper","262030","Slag, ash and residues; (not from the manufacture of iron or steel), containing mainly copper","2024","200000"
"Israel","China","Import","Copper","282550","Copper oxides and hydroxides","2024","59000"
"Israel","Germany","Import","Copper","282550","Copper oxides and hydroxides","2024","2000"
"Israel","European Union","Import","Copper","282550","Copper oxides and hydroxides","2024","29000"
"Israel","Spain","Import","Copper","282550","Copper oxides and hydroxides","2024","27000"
"Israel","United Kingdom","Import","Copper","282550","Copper oxides and hydroxides","2024","2000"
"Israel","Hong Kong, China","Import","Copper","282550","Copper oxides and hydroxides","2024","21000"
"Israel","United States of America","Import","Copper","282550","Copper oxides and hydroxides","2024","1000"
"Israel","World","Import","Copper","282550","Copper oxides and hydroxides","2024","112000"
"Israel","European Union","Import","Copper","282741","Chloride oxides and chloride hydroxides; of copper","2024","77000"
"Israel","United Kingdom","Import","Copper","282741","Chloride oxides and chloride hydroxides; of copper","2024","62000"
"Israel","India","Import","Copper","282741","Chloride oxides and chloride hydroxides; of copper","2024","423000"
"Israel","Italy","Import","Copper","282741","Chloride oxides and chloride hydroxides; of copper","2024","77000"
"Israel","World","Import","Copper","282741","Chloride oxides and chloride hydroxides; of copper","2024","562000"
"Israel","Australia","Export","Copper","283325","Sulphates; of copper","2024","1000"
"Israel","Belgium","Import","Copper","283325","Sulphates; of copper","2024","2000"
"Israel","Switzerland","Import","Copper","283325","Sulphates; of copper","2024","513000"
"Israel","China","Import","Copper","283325","Sulphates; of copper","2024","80000"
"Israel","Chinese Taipei","Import","Copper","283325","Sulphates; of copper","2024","66000"
"Israel","Germany","Import","Copper","283325","Sulphates; of copper","2024","13000"
"Israel","European Union","Import","Copper","283325","Sulphates; of copper","2024","993000"
"Israel","Spain","Import","Copper","283325","Sulphates; of copper","2024","147000"
"Israel","France","Import","Copper","283325","Sulphates; of copper","2024","2000"
"Israel","United Kingdom","Import","Copper","283325","Sulphates; of copper","2024","188000"
"Israel","India","Import","Copper","283325","Sulphates; of copper","2024","50000"
"Israel","Italy","Import","Copper","283325","Sulphates; of copper","2024","35000"
"Israel","Mexico","Import","Copper","283325","Sulphates; of copper","2024","5000"
"Israel","Malta","Import","Copper","283325","Sulphates; of copper","2024","124000"
"Israel","Netherlands","Import","Copper","283325","Sulphates; of copper","2024","159000"
"Israel","Poland","Import","Copper","283325","Sulphates; of copper","2024","511000"
"Israel","Russian Federation","Import","Copper","283325","Sulphates; of copper","2024","148000"
"Israel","Turkiye","Import","Copper","283325","Sulphates; of copper","2024","86000"
"Israel","United States of America","Import","Copper","283325","Sulphates; of copper","2024","2021000"
"Israel","World","Import","Copper","283325","Sulphates; of copper","2024","4150000"
"Israel","World","Export","Copper","283325","Sulphates; of copper","2024","1000"
"Italy","United Arab Emirates","Export","Copper","260300","Copper ores and concentrates","2024","1241.73"
"Italy","Australia","Export","Copper","260300","Copper ores and concentrates","2024","13706.2"
"Italy","Austria","Import","Copper","260300","Copper ores and concentrates","2024","88755.01"
"Italy","Czech Republic","Export","Copper","260300","Copper ores and concentrates","2024","94293.03"
"Italy","Germany","Export","Copper","260300","Copper ores and concentrates","2024","145893.54"
"Italy","Dominican Republic","Import","Copper","260300","Copper ores and concentrates","2024","1601.15"
"Italy","Spain","Export","Copper","260300","Copper ores and concentrates","2024","35913.82"
"Italy","Spain","Import","Copper","260300","Copper ores and concentrates","2024","151.94"
"Italy","Greece","Export","Copper","260300","Copper ores and concentrates","2024","5706.73"
"Italy","Hungary","Export","Copper","260300","Copper ores and concentrates","2024","571.09"
"Italy","Lithuania","Import","Copper","260300","Copper ores and concentrates","2024","54.49"
"Italy","Latvia","Export","Copper","260300","Copper ores and concentrates","2024","18016.12"
"Italy","Malta","Export","Copper","260300","Copper ores and concentrates","2024","80.69"
"Italy","Netherlands","Export","Copper","260300","Copper ores and concentrates","2024","82237.23"
"Italy","Poland","Export","Copper","260300","Copper ores and concentrates","2024","30005.9"
"Italy","Romania","Export","Copper","260300","Copper ores and concentrates","2024","6287.25"
"Italy","Slovenia","Export","Copper","260300","Copper ores and concentrates","2024","87287.99"
"Italy","Turkiye","Import","Copper","260300","Copper ores and concentrates","2024","297145.91"
"Italy","Turkiye","Export","Copper","260300","Copper ores and concentrates","2024","85526.51"
"Italy","Ukraine","Export","Copper","260300","Copper ores and concentrates","2024","19943.16"
"Italy","World","Export","Copper","260300","Copper ores and concentrates","2024","626710.99"
"Italy","World","Import","Copper","260300","Copper ores and concentrates","2024","387708.5"
"Italy","Austria","Export","Copper","262030","Slag, ash and residues; (not from the manufacture of iron or steel), containing mainly copper","2024","7509.07"
"Italy","Belgium","Export","Copper","262030","Slag, ash and residues; (not from the manufacture of iron or steel), containing mainly copper","2024","1917837.59"
"Italy","Bulgaria","Import","Copper","262030","Slag, ash and residues; (not from the manufacture of iron or steel), containing mainly copper","2024","1855212.39"
"Italy","Czech Republic","Import","Copper","262030","Slag, ash and residues; (not from the manufacture of iron or steel), containing mainly copper","2024","65851.61"
"Italy","Czech Republic","Export","Copper","262030","Slag, ash and residues; (not from the manufacture of iron or steel), containing mainly copper","2024","2066.41"
"Italy","Germany","Export","Copper","262030","Slag, ash and residues; (not from the manufacture of iron or steel), containing mainly copper","2024","2893822.08"
"Italy","Spain","Export","Copper","262030","Slag, ash and residues; (not from the manufacture of iron or steel), containing mainly copper","2024","2791017.16"
"Italy","France","Export","Copper","262030","Slag, ash and residues; (not from the manufacture of iron or steel), containing mainly copper","2024","25323.99"
"Italy","Greece","Import","Copper","262030","Slag, ash and residues; (not from the manufacture of iron or steel), containing mainly copper","2024","1563059.6"
"Italy","Greece","Export","Copper","262030","Slag, ash and residues; (not from the manufacture of iron or steel), containing mainly copper","2024","7999.48"
"Italy","Hungary","Export","Copper","262030","Slag, ash and residues; (not from the manufacture of iron or steel), containing mainly copper","2024","2456.22"
"Italy","Israel","Import","Copper","262030","Slag, ash and residues; (not from the manufacture of iron or steel), containing mainly copper","2024","401703.93"
"Italy","Korea, Republic of","Export","Copper","262030","Slag, ash and residues; (not from the manufacture of iron or steel), containing mainly copper","2024","443594.83"
"Italy","Libya","Export","Copper","262030","Slag, ash and residues; (not from the manufacture of iron or steel), containing mainly copper","2024","1719.56"
"Italy","Malta","Export","Copper","262030","Slag, ash and residues; (not from the manufacture of iron or steel), containing mainly copper","2024","1635.73"
"Italy","Netherlands","Export","Copper","262030","Slag, ash and residues; (not from the manufacture of iron or steel), containing mainly copper","2024","5241.47"
"Italy","Poland","Import","Copper","262030","Slag, ash and residues; (not from the manufacture of iron or steel), containing mainly copper","2024","537939.21"
"Italy","Poland","Export","Copper","262030","Slag, ash and residues; (not from the manufacture of iron or steel), containing mainly copper","2024","40038.26"
"Italy","Romania","Export","Copper","262030","Slag, ash and residues; (not from the manufacture of iron or steel), containing mainly copper","2024","10288.04"
"Italy","Serbia","Import","Copper","262030","Slag, ash and residues; (not from the manufacture of iron or steel), containing mainly copper","2024","521638.46"
"Italy","Slovak Republic","Export","Copper","262030","Slag, ash and residues; (not from the manufacture of iron or steel), containing mainly copper","2024","1736.33"
"Italy","Slovenia","Export","Copper","262030","Slag, ash and residues; (not from the manufacture of iron or steel), containing mainly copper","2024","46264.73"
"Italy","Sweden","Export","Copper","262030","Slag, ash and residues; (not from the manufacture of iron or steel), containing mainly copper","2024","2744.39"
"Italy","Turkiye","Import","Copper","262030","Slag, ash and residues; (not from the manufacture of iron or steel), containing mainly copper","2024","708428.47"
"Italy","Turkiye","Export","Copper","262030","Slag, ash and residues; (not from the manufacture of iron or steel), containing mainly copper","2024","230049.43"
"Italy","Uruguay","Export","Copper","262030","Slag, ash and residues; (not from the manufacture of iron or steel), containing mainly copper","2024","41060.98"
"Italy","World","Export","Copper","262030","Slag, ash and residues; (not from the manufacture of iron or steel), containing mainly copper","2024","8472405.75"
"Italy","World","Import","Copper","262030","Slag, ash and residues; (not from the manufacture of iron or steel), containing mainly copper","2024","5653833.67"
"Italy","Australia","Import","Copper","282550","Copper oxides and hydroxides","2024","1311467.96"
"Italy","Austria","Export","Copper","282550","Copper oxides and hydroxides","2024","27569.59"
"Italy","Austria","Import","Copper","282550","Copper oxides and hydroxides","2024","172.9"
"Italy","Belgium","Export","Copper","282550","Copper oxides and hydroxides","2024","511843.97"
"Italy","Belgium","Import","Copper","282550","Copper oxides and hydroxides","2024","79964.39"
"Italy","Bulgaria","Export","Copper","282550","Copper oxides and hydroxides","2024","666.45"
"Italy","Brazil","Export","Copper","282550","Copper oxides and hydroxides","2024","11547.58"
"Italy","Switzerland","Import","Copper","282550","Copper oxides and hydroxides","2024","84188.37"
"Italy","Switzerland","Export","Copper","282550","Copper oxides and hydroxides","2024","81824.37"
"Italy","China","Import","Copper","282550","Copper oxides and hydroxides","2024","178828.25"
"Italy","Chinese Taipei","Import","Copper","282550","Copper oxides and hydroxides","2024","185185.71"
"Italy","Cyprus","Export","Copper","282550","Copper oxides and hydroxides","2024","4719.63"
"Italy","Czech Republic","Export","Copper","282550","Copper oxides and hydroxides","2024","2601.87"
"Italy","Czech Republic","Import","Copper","282550","Copper oxides and hydroxides","2024","1047.88"
"Italy","Germany","Import","Copper","282550","Copper oxides and hydroxides","2024","3471668.56"
"Italy","Germany","Export","Copper","282550","Copper oxides and hydroxides","2024","748274.96"
"Italy","Spain","Import","Copper","282550","Copper oxides and hydroxides","2024","4704039.76"
"Italy","Spain","Export","Copper","282550","Copper oxides and hydroxides","2024","1693959.1"
"Italy","Finland","Export","Copper","282550","Copper oxides and hydroxides","2024","609.86"
"Italy","France","Export","Copper","282550","Copper oxides and hydroxides","2024","298308.01"
"Italy","France","Import","Copper","282550","Copper oxides and hydroxides","2024","199029.19"
"Italy","United Kingdom","Export","Copper","282550","Copper oxides and hydroxides","2024","211796.49"
"Italy","United Kingdom","Import","Copper","282550","Copper oxides and hydroxides","2024","1353.85"
"Italy","Greece","Import","Copper","282550","Copper oxides and hydroxides","2024","303549.48"
"Italy","Greece","Export","Copper","282550","Copper oxides and hydroxides","2024","8735.09"
"Italy","Croatia","Export","Copper","282550","Copper oxides and hydroxides","2024","26344.63"
"Italy","Hungary","Export","Copper","282550","Copper oxides and hydroxides","2024","699.98"
"Italy","Indonesia","Export","Copper","282550","Copper oxides and hydroxides","2024","3877.14"
"Italy","India","Import","Copper","282550","Copper oxides and hydroxides","2024","2510379.47"
"Italy","India","Export","Copper","282550","Copper oxides and hydroxides","2024","25620.54"
"Italy","Ireland","Export","Copper","282550","Copper oxides and hydroxides","2024","62862.02"
"Italy","Kenya","Export","Copper","282550","Copper oxides and hydroxides","2024","6900.26"
"Italy","Morocco","Export","Copper","282550","Copper oxides and hydroxides","2024","38196.09"
"Italy","Mexico","Export","Copper","282550","Copper oxides and hydroxides","2024","759762.82"
"Italy","North Macedonia","Export","Copper","282550","Copper oxides and hydroxides","2024","18547.39"
"Italy","Malta","Export","Copper","282550","Copper oxides and hydroxides","2024","1718.52"
"Italy","Netherlands","Import","Copper","282550","Copper oxides and hydroxides","2024","814318.33"
"Italy","Peru","Import","Copper","282550","Copper oxides and hydroxides","2024","2947527.77"
"Italy","Poland","Export","Copper","282550","Copper oxides and hydroxides","2024","517271.97"
"Italy","Poland","Import","Copper","282550","Copper oxides and hydroxides","2024","6263.15"
"Italy","Portugal","Export","Copper","282550","Copper oxides and hydroxides","2024","15238.2"
"Italy","Singapore","Import","Copper","282550","Copper oxides and hydroxides","2024","255088.4"
"Italy","Sweden","Import","Copper","282550","Copper oxides and hydroxides","2024","1776114.59"
"Italy","Tunisia","Export","Copper","282550","Copper oxides and hydroxides","2024","7062.68"
"Italy","Turkiye","Export","Copper","282550","Copper oxides and hydroxides","2024","422479.1"
"Italy","United States of America","Import","Copper","282550","Copper oxides and hydroxides","2024","931920.3"
"Italy","United States of America","Export","Copper","282550","Copper oxides and hydroxides","2024","36193.6"
"Italy","World","Import","Copper","282550","Copper oxides and hydroxides","2024","19762108.31"
"Italy","World","Export","Copper","282550","Copper oxides and hydroxides","2024","5545231.91"
"Italy","Austria","Import","Copper","282741","Chloride oxides and chloride hydroxides; of copper","2024","2597.68"
"Italy","Belgium","Export","Copper","282741","Chloride oxides and chloride hydroxides; of copper","2024","145933.36"
"Italy","Cyprus","Export","Copper","282741","Chloride oxides and chloride hydroxides; of copper","2024","171.85"
"Italy","Germany","Export","Copper","282741","Chloride oxides and chloride hydroxides; of copper","2024","1170656.61"
"Italy","Germany","Import","Copper","282741","Chloride oxides and chloride hydroxides; of copper","2024","8894.36"
"Italy","Spain","Export","Copper","282741","Chloride oxides and chloride hydroxides; of copper","2024","4054388.7"
"Italy","Spain","Import","Copper","282741","Chloride oxides and chloride hydroxides; of copper","2024","1253830.64"
"Italy","France","Export","Copper","282741","Chloride oxides and chloride hydroxides; of copper","2024","325632.4"
"Italy","Greece","Export","Copper","282741","Chloride oxides and chloride hydroxides; of copper","2024","328449.08"
"Italy","Hungary","Export","Copper","282741","Chloride oxides and chloride hydroxides; of copper","2024","142.51"
"Italy","Israel","Export","Copper","282741","Chloride oxides and chloride hydroxides; of copper","2024","127414.26"
"Italy","Malta","Export","Copper","282741","Chloride oxides and chloride hydroxides; of copper","2024","1508.94"
"Italy","Netherlands","Import","Copper","282741","Chloride oxides and chloride hydroxides; of copper","2024","1410644.09"
"Italy","Poland","Export","Copper","282741","Chloride oxides and chloride hydroxides; of copper","2024","610563.23"
"Italy","Poland","Import","Copper","282741","Chloride oxides and chloride hydroxides; of copper","2024","387642.49"
"Italy","Portugal","Export","Copper","282741","Chloride oxides and chloride hydroxides; of copper","2024","3767.11"
"Italy","Romania","Export","Copper","282741","Chloride oxides and chloride hydroxides; of copper","2024","5780.08"
"Italy","Slovenia","Import","Copper","282741","Chloride oxides and chloride hydroxides; of copper","2024","28973.74"
"Italy","Turkiye","Export","Copper","282741","Chloride oxides and chloride hydroxides; of copper","2024","874345.85"
"Italy","Ukraine","Export","Copper","282741","Chloride oxides and chloride hydroxides; of copper","2024","34369.25"
"Italy","United States of America","Import","Copper","282741","Chloride oxides and chloride hydroxides; of copper","2024","110880.89"
"Italy","World","Export","Copper","282741","Chloride oxides and chloride hydroxides; of copper","2024","7683123.23"
"Italy","World","Import","Copper","282741","Chloride oxides and chloride hydroxides; of copper","2024","3203463.890000001"
"Italy","Austria","Import","Copper","283325","Sulphates; of copper","2024","190913.39"
"Italy","Belgium","Import","Copper","283325","Sulphates; of copper","2024","9316.66"
"Italy","Chile","Import","Copper","283325","Sulphates; of copper","2024","182321.87"
"Italy","Germany","Import","Copper","283325","Sulphates; of copper","2024","151313.15"
"Italy","Denmark","Import","Copper","283325","Sulphates; of copper","2024","25890.9"
"Italy","Spain","Import","Copper","283325","Sulphates; of copper","2024","193849.54"
"Italy","France","Import","Copper","283325","Sulphates; of copper","2024","320155.15"
"Italy","United Kingdom","Import","Copper","283325","Sulphates; of copper","2024","6313.45"
"Italy","India","Import","Copper","283325","Sulphates; of copper","2024","903582.61"
"Italy","Netherlands","Import","Copper","283325","Sulphates; of copper","2024","288.17"
"Italy","Peru","Import","Copper","283325","Sulphates; of copper","2024","50681.52"
"Italy","Poland","Import","Copper","283325","Sulphates; of copper","2024","686186.27"
"Italy","Slovenia","Import","Copper","283325","Sulphates; of copper","2024","1350819.85"
"Italy","Turkiye","Import","Copper","283325","Sulphates; of copper","2024","282872.81"
"Italy","United States of America","Import","Copper","283325","Sulphates; of copper","2024","1927.04"
"Italy","World","Import","Copper","283325","Sulphates; of copper","2024","4356432.380000001"
"Jordan","Oman","Import","Copper","262030","Slag, ash and residues; (not from the manufacture of iron or steel), containing mainly copper","2024","4419.72"
"Jordan","World","Import","Copper","262030","Slag, ash and residues; (not from the manufacture of iron or steel), containing mainly copper","2024","4419.72"
"Jordan","China","Import","Copper","282550","Copper oxides and hydroxides","2024","26063.24"
"Jordan","United Kingdom","Import","Copper","282550","Copper oxides and hydroxides","2024","461.97"
"Jordan","India","Import","Copper","282550","Copper oxides and hydroxides","2024","595083.8"
"Jordan","Peru","Import","Copper","282550","Copper oxides and hydroxides","2024","78589.15"
"Jordan","World","Import","Copper","282550","Copper oxides and hydroxides","2024","700198.16"
"Jordan","China","Import","Copper","282741","Chloride oxides and chloride hydroxides; of copper","2024","68304.37"
"Jordan","India","Import","Copper","282741","Chloride oxides and chloride hydroxides; of copper","2024","332374.96"
"Jordan","Peru","Import","Copper","282741","Chloride oxides and chloride hydroxides; of copper","2024","139004.23"
"Jordan","World","Import","Copper","282741","Chloride oxides and chloride hydroxides; of copper","2024","539683.56"
"Jordan","Chile","Import","Copper","283325","Sulphates; of copper","2024","15826.06"
"Jordan","China","Import","Copper","283325","Sulphates; of copper","2024","138534.37"
"Jordan","Chinese Taipei","Import","Copper","283325","Sulphates; of copper","2024","35129.86"
"Jordan","European Union","Import","Copper","283325","Sulphates; of copper","2024","330929.67"
"Jordan","Spain","Import","Copper","283325","Sulphates; of copper","2024","76748.91"
"Jordan","Poland","Import","Copper","283325","Sulphates; of copper","2024","254180.76"
"Jordan","Saudi Arabia, Kingdom of","Export","Copper","283325","Sulphates; of copper","2024","13181.41"
"Jordan","Turkiye","Import","Copper","283325","Sulphates; of copper","2024","528617.35"
"Jordan","World","Import","Copper","283325","Sulphates; of copper","2024","1049037.31"
"Jordan","World","Export","Copper","283325","Sulphates; of copper","2024","13181.41"
"Japan","Australia","Import","Copper","260300","Copper ores and concentrates","2024","2077728246.4493"
"Japan","Canada","Import","Copper","260300","Copper ores and concentrates","2024","931970326.985447"
"Japan","Chile","Import","Copper","260300","Copper ores and concentrates","2024","5163543212.11932"
"Japan","Chinese Taipei","Import","Copper","260300","Copper ores and concentrates","2024","282542147.474961"
"Japan","Congo","Import","Copper","260300","Copper ores and concentrates","2024","4195.1216122"
"Japan","Indonesia","Import","Copper","260300","Copper ores and concentrates","2024","2460208873.42194"
"Japan","Mexico","Import","Copper","260300","Copper ores and concentrates","2024","19528766.7720393"
"Japan","Peru","Import","Copper","260300","Copper ores and concentrates","2024","1762568717.93456"
"Japan","Philippines","Import","Copper","260300","Copper ores and concentrates","2024","144965261.493469"
"Japan","Papua New Guinea","Import","Copper","260300","Copper ores and concentrates","2024","585601511.65168"
"Japan","United States of America","Import","Copper","260300","Copper ores and concentrates","2024","739650552.553141"
"Japan","World","Import","Copper","260300","Copper ores and concentrates","2024","14168311811.97747"
"Japan","Belgium","Export","Copper","262030","Slag, ash and residues; (not from the manufacture of iron or steel), containing mainly copper","2024","10365318.55"
"Japan","Chinese Taipei","Import","Copper","262030","Slag, ash and residues; (not from the manufacture of iron or steel), containing mainly copper","2024","12453083.0727021"
"Japan","Germany","Import","Copper","262030","Slag, ash and residues; (not from the manufacture of iron or steel), containing mainly copper","2024","2731909.439288"
"Japan","European Union","Export","Copper","262030","Slag, ash and residues; (not from the manufacture of iron or steel), containing mainly copper","2024","10365319"
"Japan","European Union","Import","Copper","262030","Slag, ash and residues; (not from the manufacture of iron or steel), containing mainly copper","2024","2731909.439288"
"Japan","Korea, Republic of","Export","Copper","262030","Slag, ash and residues; (not from the manufacture of iron or steel), containing mainly copper","2024","334731.03"
"Japan","Malaysia","Import","Copper","262030","Slag, ash and residues; (not from the manufacture of iron or steel), containing mainly copper","2024","2910912.3055589"
"Japan","Singapore","Export","Copper","262030","Slag, ash and residues; (not from the manufacture of iron or steel), containing mainly copper","2024","121374.43"
"Japan","United States of America","Import","Copper","262030","Slag, ash and residues; (not from the manufacture of iron or steel), containing mainly copper","2024","330971.9724836"
"Japan","Viet Nam","Import","Copper","262030","Slag, ash and residues; (not from the manufacture of iron or steel), containing mainly copper","2024","649669.0851949"
"Japan","World","Import","Copper","262030","Slag, ash and residues; (not from the manufacture of iron or steel), containing mainly copper","2024","19076545.8752275"
"Japan","World","Export","Copper","262030","Slag, ash and residues; (not from the manufacture of iron or steel), containing mainly copper","2024","10821424.01"
"Japan","Australia","Import","Copper","282550","Copper oxides and hydroxides","2024","2536984.9303629"
"Japan","China","Import","Copper","282550","Copper oxides and hydroxides","2024","600523.4006705"
"Japan","China","Export","Copper","282550","Copper oxides and hydroxides","2024","193444.63"
"Japan","Chinese Taipei","Import","Copper","282550","Copper oxides and hydroxides","2024","2552127.0071111"
"Japan","Chinese Taipei","Export","Copper","282550","Copper oxides and hydroxides","2024","131845.72"
"Japan","Germany","Import","Copper","282550","Copper oxides and hydroxides","2024","124842.8552841"
"Japan","European Union","Import","Copper","282550","Copper oxides and hydroxides","2024","124842.8552841"
"Japan","Hong Kong, China","Export","Copper","282550","Copper oxides and hydroxides","2024","52812.28"
"Japan","Indonesia","Export","Copper","282550","Copper oxides and hydroxides","2024","543337.56"
"Japan","India","Export","Copper","282550","Copper oxides and hydroxides","2024","6527.21"
"Japan","Korea, Republic of","Import","Copper","282550","Copper oxides and hydroxides","2024","670003.8636552"
"Japan","Korea, Republic of","Export","Copper","282550","Copper oxides and hydroxides","2024","9870.1"
"Japan","Malaysia","Export","Copper","282550","Copper oxides and hydroxides","2024","2021.59"
"Japan","Norway","Import","Copper","282550","Copper oxides and hydroxides","2024","2655122.1975582"
"Japan","Philippines","Export","Copper","282550","Copper oxides and hydroxides","2024","56069.28"
"Japan","Singapore","Import","Copper","282550","Copper oxides and hydroxides","2024","922338.7770053"
"Japan","Singapore","Export","Copper","282550","Copper oxides and hydroxides","2024","620263.53"
"Japan","Thailand","Import","Copper","282550","Copper oxides and hydroxides","2024","384160.8293335"
"Japan","Thailand","Export","Copper","282550","Copper oxides and hydroxides","2024","201180.83"
"Japan","United States of America","Import","Copper","282550","Copper oxides and hydroxides","2024","10008119.9516874"
"Japan","United States of America","Export","Copper","282550","Copper oxides and hydroxides","2024","133873.91"
"Japan","Viet Nam","Import","Copper","282550","Copper oxides and hydroxides","2024","5474435.5091756"
"Japan","Viet Nam","Export","Copper","282550","Copper oxides and hydroxides","2024","628957.67"
"Japan","World","Import","Copper","282550","Copper oxides and hydroxides","2024","25928659.32184379"
"Japan","World","Export","Copper","282550","Copper oxides and hydroxides","2024","2580204.31"
"Japan","Chinese Taipei","Export","Copper","282741","Chloride oxides and chloride hydroxides; of copper","2024","214301.32"
"Japan","Germany","Import","Copper","282741","Chloride oxides and chloride hydroxides; of copper","2024","151077.2299644"
"Japan","European Union","Import","Copper","282741","Chloride oxides and chloride hydroxides; of copper","2024","151077.2299644"
"Japan","Korea, Republic of","Export","Copper","282741","Chloride oxides and chloride hydroxides; of copper","2024","440798.23"
"Japan","World","Export","Copper","282741","Chloride oxides and chloride hydroxides; of copper","2024","655099.55"
"Japan","World","Import","Copper","282741","Chloride oxides and chloride hydroxides; of copper","2024","151077.2299644"
"Japan","Australia","Export","Copper","283325","Sulphates; of copper","2024","1585.56"
"Japan","Belgium","Export","Copper","283325","Sulphates; of copper","2024","10372.19"
"Japan","Bangladesh","Export","Copper","283325","Sulphates; of copper","2024","7544.61"
"Japan","Brazil","Import","Copper","283325","Sulphates; of copper","2024","156567.2237592"
"Japan","China","Export","Copper","283325","Sulphates; of copper","2024","7763200.51"
"Japan","China","Import","Copper","283325","Sulphates; of copper","2024","574929.8555908"
"Japan","Chinese Taipei","Export","Copper","283325","Sulphates; of copper","2024","7461092.33"
"Japan","Chinese Taipei","Import","Copper","283325","Sulphates; of copper","2024","3304275.9764763"
"Japan","Germany","Export","Copper","283325","Sulphates; of copper","2024","68007.21"
"Japan","European Union","Export","Copper","283325","Sulphates; of copper","2024","261709.5"
"Japan","European Union","Import","Copper","283325","Sulphates; of copper","2024","1420.3955065"
"Japan","Spain","Import","Copper","283325","Sulphates; of copper","2024","1420.3955065"
"Japan","Hong Kong, China","Export","Copper","283325","Sulphates; of copper","2024","96593.49"
"Japan","Indonesia","Export","Copper","283325","Sulphates; of copper","2024","206670.83"
"Japan","Korea, Republic of","Export","Copper","283325","Sulphates; of copper","2024","1505493.55"
"Japan","Malaysia","Export","Copper","283325","Sulphates; of copper","2024","390641.75"
"Japan","Pakistan","Export","Copper","283325","Sulphates; of copper","2024","4631.15"
"Japan","Philippines","Export","Copper","283325","Sulphates; of copper","2024","228003.18"
"Japan","Poland","Export","Copper","283325","Sulphates; of copper","2024","183330.1"
"Japan","Singapore","Export","Copper","283325","Sulphates; of copper","2024","25639.79"
"Japan","Thailand","Import","Copper","283325","Sulphates; of copper","2024","1690415.9955153"
"Japan","Thailand","Export","Copper","283325","Sulphates; of copper","2024","1445123.44"
"Japan","United States of America","Export","Copper","283325","Sulphates; of copper","2024","440467.9"
"Japan","United States of America","Import","Copper","283325","Sulphates; of copper","2024","240951.929826"
"Japan","Viet Nam","Export","Copper","283325","Sulphates; of copper","2024","293565.99"
"Japan","Viet Nam","Import","Copper","283325","Sulphates; of copper","2024","106470.20457"
"Japan","World","Export","Copper","283325","Sulphates; of copper","2024","20131963.58"
"Japan","World","Import","Copper","283325","Sulphates; of copper","2024","6075031.581244101"
"Kazakhstan","Canada","Export","Copper","260300","Copper ores and concentrates","2024","39747.3"
"Kazakhstan","China","Export","Copper","260300","Copper ores and concentrates","2024","2876235733.7"
"Kazakhstan","United Kingdom","Export","Copper","260300","Copper ores and concentrates","2024","11470"
"Kazakhstan","Russian Federation","Export","Copper","260300","Copper ores and concentrates","2024","216722177.54"
"Kazakhstan","Russian Federation","Import","Copper","260300","Copper ores and concentrates","2024","55164216.07"
"Kazakhstan","Tajikistan","Import","Copper","260300","Copper ores and concentrates","2024","11282499.25"
"Kazakhstan","United States of America","Import","Copper","260300","Copper ores and concentrates","2024","634.73"
"Kazakhstan","Uzbekistan","Export","Copper","260300","Copper ores and concentrates","2024","66580793.18"
"Kazakhstan","World","Export","Copper","260300","Copper ores and concentrates","2024","3159589921.72"
"Kazakhstan","World","Import","Copper","260300","Copper ores and concentrates","2024","66447350.05"
"Kazakhstan","Russian Federation","Export","Copper","262030","Slag, ash and residues; (not from the manufacture of iron or steel), containing mainly copper","2024","110926"
"Kazakhstan","Russian Federation","Import","Copper","262030","Slag, ash and residues; (not from the manufacture of iron or steel), containing mainly copper","2024","1393"
"Kazakhstan","World","Export","Copper","262030","Slag, ash and residues; (not from the manufacture of iron or steel), containing mainly copper","2024","110926"
"Kazakhstan","World","Import","Copper","262030","Slag, ash and residues; (not from the manufacture of iron or steel), containing mainly copper","2024","1393"
"Kazakhstan","Germany","Import","Copper","282550","Copper oxides and hydroxides","2024","4310.54"
"Kazakhstan","European Union","Import","Copper","282550","Copper oxides and hydroxides","2024","7628.62"
"Kazakhstan","United Kingdom","Import","Copper","282550","Copper oxides and hydroxides","2024","11194.15"
"Kazakhstan","India","Import","Copper","282550","Copper oxides and hydroxides","2024","356.57"
"Kazakhstan","Italy","Import","Copper","282550","Copper oxides and hydroxides","2024","3318.08"
"Kazakhstan","Kyrgyz Republic","Export","Copper","282550","Copper oxides and hydroxides","2024","72"
"Kazakhstan","Norway","Import","Copper","282550","Copper oxides and hydroxides","2024","1364635.61"
"Kazakhstan","Russian Federation","Export","Copper","282550","Copper oxides and hydroxides","2024","1197122.77"
"Kazakhstan","Russian Federation","Import","Copper","282550","Copper oxides and hydroxides","2024","8993.43"
"Kazakhstan","Turkiye","Import","Copper","282550","Copper oxides and hydroxides","2024","619.98"
"Kazakhstan","United States of America","Import","Copper","282550","Copper oxides and hydroxides","2024","6471.89"
"Kazakhstan","World","Import","Copper","282550","Copper oxides and hydroxides","2024","1399900.25"
"Kazakhstan","World","Export","Copper","282550","Copper oxides and hydroxides","2024","1197194.77"
"Kazakhstan","China","Import","Copper","282741","Chloride oxides and chloride hydroxides; of copper","2024","392.73"
"Kazakhstan","Germany","Import","Copper","282741","Chloride oxides and chloride hydroxides; of copper","2024","47.66"
"Kazakhstan","European Union","Import","Copper","282741","Chloride oxides and chloride hydroxides; of copper","2024","47.66"
"Kazakhstan","Russian Federation","Import","Copper","282741","Chloride oxides and chloride hydroxides; of copper","2024","28.48"
"Kazakhstan","World","Import","Copper","282741","Chloride oxides and chloride hydroxides; of copper","2024","468.87"
"Kazakhstan","Germany","Import","Copper","283325","Sulphates; of copper","2024","861.38"
"Kazakhstan","European Union","Import","Copper","283325","Sulphates; of copper","2024","5834.04"
"Kazakhstan","Spain","Import","Copper","283325","Sulphates; of copper","2024","4972.66"
"Kazakhstan","India","Import","Copper","283325","Sulphates; of copper","2024","99.06"
"Kazakhstan","Kyrgyz Republic","Export","Copper","283325","Sulphates; of copper","2024","5578.51"
"Kazakhstan","Russian Federation","Import","Copper","283325","Sulphates; of copper","2024","11251756.37"
"Kazakhstan","United States of America","Import","Copper","283325","Sulphates; of copper","2024","2142.64"
"Kazakhstan","Uzbekistan","Import","Copper","283325","Sulphates; of copper","2024","3566071.5"
"Kazakhstan","Uzbekistan","Export","Copper","283325","Sulphates; of copper","2024","11.39"
"Kazakhstan","World","Import","Copper","283325","Sulphates; of copper","2024","14825903.61"
"Kazakhstan","World","Export","Copper","283325","Sulphates; of copper","2024","5589.900000000001"
"Kenya","China","Export","Copper","260300","Copper ores and concentrates","2024","4654697.29"
"Kenya","Iran","Export","Copper","260300","Copper ores and concentrates","2024","7350.69"
"Kenya","Ukraine","Export","Copper","260300","Copper ores and concentrates","2024","64187.08"
"Kenya","World","Export","Copper","260300","Copper ores and concentrates","2024","4726235.060000001"
"Kenya","Australia","Import","Copper","282550","Copper oxides and hydroxides","2024","247224.3"
"Kenya","European Union","Import","Copper","282550","Copper oxides and hydroxides","2024","7581.26"
"Kenya","India","Import","Copper","282550","Copper oxides and hydroxides","2024","92.83"
"Kenya","Italy","Import","Copper","282550","Copper oxides and hydroxides","2024","7581.26"
"Kenya","World","Import","Copper","282550","Copper oxides and hydroxides","2024","254898.39"
"Kenya","India","Import","Copper","282741","Chloride oxides and chloride hydroxides; of copper","2024","1663.06"
"Kenya","World","Import","Copper","282741","Chloride oxides and chloride hydroxides; of copper","2024","1663.06"
"Kenya","Burundi","Export","Copper","283325","Sulphates; of copper","2024","60.42"
"Kenya","Brazil","Import","Copper","283325","Sulphates; of copper","2024","62300.9"
"Kenya","China","Import","Copper","283325","Sulphates; of copper","2024","333493.44"
"Kenya","Germany","Import","Copper","283325","Sulphates; of copper","2024","843.89"
"Kenya","European Union","Import","Copper","283325","Sulphates; of copper","2024","843.89"
"Kenya","Ethiopia","Export","Copper","283325","Sulphates; of copper","2024","1885.3"
"Kenya","India","Import","Copper","283325","Sulphates; of copper","2024","53296.64"
"Kenya","Russian Federation","Import","Copper","283325","Sulphates; of copper","2024","66728.14"
"Kenya","Rwanda","Export","Copper","283325","Sulphates; of copper","2024","2405.45"
"Kenya","Turkiye","Import","Copper","283325","Sulphates; of copper","2024","224116.93"
"Kenya","Tanzania","Export","Copper","283325","Sulphates; of copper","2024","6093.65"
"Kenya","Uganda","Export","Copper","283325","Sulphates; of copper","2024","2362.88"
"Kenya","World","Import","Copper","283325","Sulphates; of copper","2024","740779.94"
"Kenya","World","Export","Copper","283325","Sulphates; of copper","2024","12807.7"
"Kyrgyz Republic","China","Export","Copper","260300","Copper ores and concentrates","2024","4726955"
"Kyrgyz Republic","China","Import","Copper","260300","Copper ores and concentrates","2024","6391"
"Kyrgyz Republic","Uzbekistan","Export","Copper","260300","Copper ores and concentrates","2024","14520070"
"Kyrgyz Republic","World","Export","Copper","260300","Copper ores and concentrates","2024","19247025"
"Kyrgyz Republic","World","Import","Copper","260300","Copper ores and concentrates","2024","6391"
"Kyrgyz Republic","Kazakhstan","Import","Copper","262030","Slag, ash and residues; (not from the manufacture of iron or steel), containing mainly copper","2024","4791"
"Kyrgyz Republic","Kazakhstan","Export","Copper","262030","Slag, ash and residues; (not from the manufacture of iron or steel), containing mainly copper","2024","2350"
"Kyrgyz Republic","World","Import","Copper","262030","Slag, ash and residues; (not from the manufacture of iron or steel), containing mainly copper","2024","4791"
"Kyrgyz Republic","World","Export","Copper","262030","Slag, ash and residues; (not from the manufacture of iron or steel), containing mainly copper","2024","2350"
"Kyrgyz Republic","Kazakhstan","Import","Copper","282550","Copper oxides and hydroxides","2024","72"
"Kyrgyz Republic","Russian Federation","Import","Copper","282550","Copper oxides and hydroxides","2024","44"
"Kyrgyz Republic","World","Import","Copper","282550","Copper oxides and hydroxides","2024","116"
"Kyrgyz Republic","European Union","Import","Copper","283325","Sulphates; of copper","2024","44"
"Kyrgyz Republic","Spain","Import","Copper","283325","Sulphates; of copper","2024","44"
"Kyrgyz Republic","Kazakhstan","Import","Copper","283325","Sulphates; of copper","2024","603"
"Kyrgyz Republic","Russian Federation","Import","Copper","283325","Sulphates; of copper","2024","567135"
"Kyrgyz Republic","Turkiye","Import","Copper","283325","Sulphates; of copper","2024","943"
"Kyrgyz Republic","Uzbekistan","Import","Copper","283325","Sulphates; of copper","2024","722923"
"Kyrgyz Republic","World","Import","Copper","283325","Sulphates; of copper","2024","1291648"
"Cambodia","Belgium","Import","Copper","260300","Copper ores and concentrates","2024","746482.87"
"Cambodia","Chile","Import","Copper","260300","Copper ores and concentrates","2024","656044.71"
"Cambodia","European Union","Import","Copper","260300","Copper ores and concentrates","2024","746482.87"
"Cambodia","Malaysia","Import","Copper","260300","Copper ores and concentrates","2024","2252732.3"
"Cambodia","Peru","Import","Copper","260300","Copper ores and concentrates","2024","3714816.2"
"Cambodia","Thailand","Import","Copper","260300","Copper ores and concentrates","2024","254874.8"
"Cambodia","Turkiye","Import","Copper","260300","Copper ores and concentrates","2024","1407608.68"
"Cambodia","Viet Nam","Import","Copper","260300","Copper ores and concentrates","2024","1233557.29"
"Cambodia","World","Import","Copper","260300","Copper ores and concentrates","2024","14632637.67"
"Cambodia","South Africa","Import","Copper","260300","Copper ores and concentrates","2024","4366520.82"
"Cambodia","Malaysia","Import","Copper","262030","Slag, ash and residues; (not from the manufacture of iron or steel), containing mainly copper","2024","85332.78"
"Cambodia","World","Import","Copper","262030","Slag, ash and residues; (not from the manufacture of iron or steel), containing mainly copper","2024","85332.78"
"Cambodia","China","Import","Copper","283325","Sulphates; of copper","2024","158852.5"
"Cambodia","Malaysia","Import","Copper","283325","Sulphates; of copper","2024","715500"
"Cambodia","World","Import","Copper","283325","Sulphates; of copper","2024","874352.5"
"Korea, Republic of","United Arab Emirates","Import","Copper","260300","Copper ores and concentrates","2024","160553541"
"Korea, Republic of","Argentina","Import","Copper","260300","Copper ores and concentrates","2024","273186"
"Korea, Republic of","Australia","Import","Copper","260300","Copper ores and concentrates","2024","600651857"
"Korea, Republic of","Bulgaria","Import","Copper","260300","Copper ores and concentrates","2024","16206300"
"Korea, Republic of","Canada","Import","Copper","260300","Copper ores and concentrates","2024","701218308"
"Korea, Republic of","Switzerland","Import","Copper","260300","Copper ores and concentrates","2024","804"
"Korea, Republic of","Chile","Import","Copper","260300","Copper ores and concentrates","2024","1463709435"
"Korea, Republic of","China","Export","Copper","260300","Copper ores and concentrates","2024","684855122"
"Korea, Republic of","China","Import","Copper","260300","Copper ores and concentrates","2024","761143"
"Korea, Republic of","Chinese Taipei","Export","Copper","260300","Copper ores and concentrates","2024","13854"
"Korea, Republic of","Ecuador","Import","Copper","260300","Copper ores and concentrates","2024","2173475"
"Korea, Republic of","European Union","Import","Copper","260300","Copper ores and concentrates","2024","41032781"
"Korea, Republic of","France","Import","Copper","260300","Copper ores and concentrates","2024","147"
"Korea, Republic of","United Kingdom","Export","Copper","260300","Copper ores and concentrates","2024","2000"
"Korea, Republic of","Georgia","Import","Copper","260300","Copper ores and concentrates","2024","7271668"
"Korea, Republic of","Croatia","Import","Copper","260300","Copper ores and concentrates","2024","10719024"
"Korea, Republic of","Indonesia","Import","Copper","260300","Copper ores and concentrates","2024","1086312947"
"Korea, Republic of","Indonesia","Export","Copper","260300","Copper ores and concentrates","2024","10378"
"Korea, Republic of","Italy","Import","Copper","260300","Copper ores and concentrates","2024","226"
"Korea, Republic of","Japan","Import","Copper","260300","Copper ores and concentrates","2024","164"
"Korea, Republic of","Morocco","Import","Copper","260300","Copper ores and concentrates","2024","45"
"Korea, Republic of","Mexico","Import","Copper","260300","Copper ores and concentrates","2024","65486602"
"Korea, Republic of","Montenegro","Import","Copper","260300","Copper ores and concentrates","2024","94695249"
"Korea, Republic of","Mongolia","Import","Copper","260300","Copper ores and concentrates","2024","148142"
"Korea, Republic of","Malaysia","Import","Copper","260300","Copper ores and concentrates","2024","288850"
"Korea, Republic of","Namibia","Import","Copper","260300","Copper ores and concentrates","2024","30013556"
"Korea, Republic of","Pakistan","Import","Copper","260300","Copper ores and concentrates","2024","4"
"Korea, Republic of","Peru","Import","Copper","260300","Copper ores and concentrates","2024","617808386"
"Korea, Republic of","Philippines","Import","Copper","260300","Copper ores and concentrates","2024","94787576"
"Korea, Republic of","Papua New Guinea","Import","Copper","260300","Copper ores and concentrates","2024","143802335"
"Korea, Republic of","Poland","Import","Copper","260300","Copper ores and concentrates","2024","661820"
"Korea, Republic of","Romania","Import","Copper","260300","Copper ores and concentrates","2024","5589284"
"Korea, Republic of","Serbia","Import","Copper","260300","Copper ores and concentrates","2024","32987872"
"Korea, Republic of","Slovenia","Import","Copper","260300","Copper ores and concentrates","2024","7855980"
"Korea, Republic of","Turkiye","Import","Copper","260300","Copper ores and concentrates","2024","1078517"
"Korea, Republic of","Tanzania","Import","Copper","260300","Copper ores and concentrates","2024","20"
"Korea, Republic of","United States of America","Import","Copper","260300","Copper ores and concentrates","2024","8449"
"Korea, Republic of","Viet Nam","Export","Copper","260300","Copper ores and concentrates","2024","20652"
"Korea, Republic of","World","Import","Copper","260300","Copper ores and concentrates","2024","5145301927"
"Korea, Republic of","World","Export","Copper","260300","Copper ores and concentrates","2024","684902006"
"Korea, Republic of","South Africa","Import","Copper","260300","Copper ores and concentrates","2024","236990"
"Korea, Republic of","Zambia","Import","Copper","260300","Copper ores and concentrates","2024","25"
"Korea, Republic of","United Arab Emirates","Import","Copper","262030","Slag, ash and residues; (not from the manufacture of iron or steel), containing mainly copper","2024","81462"
"Korea, Republic of","Canada","Import","Copper","262030","Slag, ash and residues; (not from the manufacture of iron or steel), containing mainly copper","2024","2176262"
"Korea, Republic of","Chile","Import","Copper","262030","Slag, ash and residues; (not from the manufacture of iron or steel), containing mainly copper","2024","37819"
"Korea, Republic of","China","Import","Copper","262030","Slag, ash and residues; (not from the manufacture of iron or steel), containing mainly copper","2024","53698"
"Korea, Republic of","Chinese Taipei","Import","Copper","262030","Slag, ash and residues; (not from the manufacture of iron or steel), containing mainly copper","2024","4105897"
"Korea, Republic of","Germany","Export","Copper","262030","Slag, ash and residues; (not from the manufacture of iron or steel), containing mainly copper","2024","6948502"
"Korea, Republic of","Germany","Import","Copper","262030","Slag, ash and residues; (not from the manufacture of iron or steel), containing mainly copper","2024","18848"
"Korea, Republic of","Algeria","Import","Copper","262030","Slag, ash and residues; (not from the manufacture of iron or steel), containing mainly copper","2024","17"
"Korea, Republic of","European Union","Import","Copper","262030","Slag, ash and residues; (not from the manufacture of iron or steel), containing mainly copper","2024","11348074"
"Korea, Republic of","European Union","Export","Copper","262030","Slag, ash and residues; (not from the manufacture of iron or steel), containing mainly copper","2024","6948502"
"Korea, Republic of","France","Import","Copper","262030","Slag, ash and residues; (not from the manufacture of iron or steel), containing mainly copper","2024","10989339"
"Korea, Republic of","India","Import","Copper","262030","Slag, ash and residues; (not from the manufacture of iron or steel), containing mainly copper","2024","10341462"
"Korea, Republic of","Italy","Import","Copper","262030","Slag, ash and residues; (not from the manufacture of iron or steel), containing mainly copper","2024","339887"
"Korea, Republic of","Japan","Import","Copper","262030","Slag, ash and residues; (not from the manufacture of iron or steel), containing mainly copper","2024","279285"
"Korea, Republic of","Lebanese Republic","Import","Copper","262030","Slag, ash and residues; (not from the manufacture of iron or steel), containing mainly copper","2024","80287"
"Korea, Republic of","Malaysia","Import","Copper","262030","Slag, ash and residues; (not from the manufacture of iron or steel), containing mainly copper","2024","2307572"
"Korea, Republic of","Norway","Import","Copper","262030","Slag, ash and residues; (not from the manufacture of iron or steel), containing mainly copper","2024","15"
"Korea, Republic of","Philippines","Import","Copper","262030","Slag, ash and residues; (not from the manufacture of iron or steel), containing mainly copper","2024","1481474"
"Korea, Republic of","Saudi Arabia, Kingdom of","Import","Copper","262030","Slag, ash and residues; (not from the manufacture of iron or steel), containing mainly copper","2024","81764"
"Korea, Republic of","Thailand","Import","Copper","262030","Slag, ash and residues; (not from the manufacture of iron or steel), containing mainly copper","2024","3464464"
"Korea, Republic of","Thailand","Export","Copper","262030","Slag, ash and residues; (not from the manufacture of iron or steel), containing mainly copper","2024","57751"
"Korea, Republic of","United States of America","Import","Copper","262030","Slag, ash and residues; (not from the manufacture of iron or steel), containing mainly copper","2024","2748405"
"Korea, Republic of","World","Import","Copper","262030","Slag, ash and residues; (not from the manufacture of iron or steel), containing mainly copper","2024","38587957"
"Korea, Republic of","World","Export","Copper","262030","Slag, ash and residues; (not from the manufacture of iron or steel), containing mainly copper","2024","7006253"
"Korea, Republic of","United Arab Emirates","Export","Copper","282550","Copper oxides and hydroxides","2024","135"
"Korea, Republic of","Australia","Import","Copper","282550","Copper oxides and hydroxides","2024","172920"
"Korea, Republic of","Australia","Export","Copper","282550","Copper oxides and hydroxides","2024","157570"
"Korea, Republic of","Belgium","Export","Copper","282550","Copper oxides and hydroxides","2024","122710"
"Korea, Republic of","Belgium","Import","Copper","282550","Copper oxides and hydroxides","2024","104"
"Korea, Republic of","Bangladesh","Export","Copper","282550","Copper oxides and hydroxides","2024","405600"
"Korea, Republic of","China","Import","Copper","282550","Copper oxides and hydroxides","2024","343451"
"Korea, Republic of","China","Export","Copper","282550","Copper oxides and hydroxides","2024","31227"
"Korea, Republic of","Chinese Taipei","Import","Copper","282550","Copper oxides and hydroxides","2024","169009"
"Korea, Republic of","Chinese Taipei","Export","Copper","282550","Copper oxides and hydroxides","2024","10266"
"Korea, Republic of","Germany","Import","Copper","282550","Copper oxides and hydroxides","2024","279480"
"Korea, Republic of","European Union","Import","Copper","282550","Copper oxides and hydroxides","2024","329718"
"Korea, Republic of","European Union","Export","Copper","282550","Copper oxides and hydroxides","2024","213109"
"Korea, Republic of","Spain","Import","Copper","282550","Copper oxides and hydroxides","2024","15476"
"Korea, Republic of","France","Import","Copper","282550","Copper oxides and hydroxides","2024","34658"
"Korea, Republic of","United Kingdom","Import","Copper","282550","Copper oxides and hydroxides","2024","4211"
"Korea, Republic of","Greece","Export","Copper","282550","Copper oxides and hydroxides","2024","90399"
"Korea, Republic of","Hong Kong, China","Export","Copper","282550","Copper oxides and hydroxides","2024","542"
"Korea, Republic of","Hong Kong, China","Import","Copper","282550","Copper oxides and hydroxides","2024","1"
"Korea, Republic of","Indonesia","Export","Copper","282550","Copper oxides and hydroxides","2024","185177"
"Korea, Republic of","India","Import","Copper","282550","Copper oxides and hydroxides","2024","5556"
"Korea, Republic of","Japan","Import","Copper","282550","Copper oxides and hydroxides","2024","8336997"
"Korea, Republic of","Japan","Export","Copper","282550","Copper oxides and hydroxides","2024","109585"
"Korea, Republic of","Malaysia","Export","Copper","282550","Copper oxides and hydroxides","2024","40"
"Korea, Republic of","Norway","Import","Copper","282550","Copper oxides and hydroxides","2024","12026620"
"Korea, Republic of","Pakistan","Export","Copper","282550","Copper oxides and hydroxides","2024","199"
"Korea, Republic of","Philippines","Export","Copper","282550","Copper oxides and hydroxides","2024","270471"
"Korea, Republic of","Singapore","Import","Copper","282550","Copper oxides and hydroxides","2024","28"
"Korea, Republic of","Thailand","Export","Copper","282550","Copper oxides and hydroxides","2024","1045472"
"Korea, Republic of","Turkiye","Export","Copper","282550","Copper oxides and hydroxides","2024","181168"
"Korea, Republic of","United States of America","Import","Copper","282550","Copper oxides and hydroxides","2024","24828596"
"Korea, Republic of","United States of America","Export","Copper","282550","Copper oxides and hydroxides","2024","196252"
"Korea, Republic of","Viet Nam","Import","Copper","282550","Copper oxides and hydroxides","2024","6911917"
"Korea, Republic of","Viet Nam","Export","Copper","282550","Copper oxides and hydroxides","2024","6724330"
"Korea, Republic of","World","Import","Copper","282550","Copper oxides and hydroxides","2024","53129024"
"Korea, Republic of","World","Export","Copper","282550","Copper oxides and hydroxides","2024","9531143"
"Korea, Republic of","China","Import","Copper","282741","Chloride oxides and chloride hydroxides; of copper","2024","1541435"
"Korea, Republic of","Indonesia","Export","Copper","282741","Chloride oxides and chloride hydroxides; of copper","2024","353"
"Korea, Republic of","India","Import","Copper","282741","Chloride oxides and chloride hydroxides; of copper","2024","147825"
"Korea, Republic of","Japan","Import","Copper","282741","Chloride oxides and chloride hydroxides; of copper","2024","302913"
"Korea, Republic of","United States of America","Export","Copper","282741","Chloride oxides and chloride hydroxides; of copper","2024","200"
"Korea, Republic of","United States of America","Import","Copper","282741","Chloride oxides and chloride hydroxides; of copper","2024","24"
"Korea, Republic of","Viet Nam","Export","Copper","282741","Chloride oxides and chloride hydroxides; of copper","2024","43"
"Korea, Republic of","World","Import","Copper","282741","Chloride oxides and chloride hydroxides; of copper","2024","1992197"
"Korea, Republic of","World","Export","Copper","282741","Chloride oxides and chloride hydroxides; of copper","2024","596"
"Korea, Republic of","United Arab Emirates","Export","Copper","283325","Sulphates; of copper","2024","2584"
"Korea, Republic of","Argentina","Export","Copper","283325","Sulphates; of copper","2024","17783"
"Korea, Republic of","Australia","Export","Copper","283325","Sulphates; of copper","2024","473"
"Korea, Republic of","Austria","Import","Copper","283325","Sulphates; of copper","2024","84020"
"Korea, Republic of","Belgium","Import","Copper","283325","Sulphates; of copper","2024","200"
"Korea, Republic of","Bangladesh","Export","Copper","283325","Sulphates; of copper","2024","736"
"Korea, Republic of","Canada","Import","Copper","283325","Sulphates; of copper","2024","37723"
"Korea, Republic of","Switzerland","Import","Copper","283325","Sulphates; of copper","2024","2290"
"Korea, Republic of","China","Import","Copper","283325","Sulphates; of copper","2024","53045"
"Korea, Republic of","China","Export","Copper","283325","Sulphates; of copper","2024","43495"
"Korea, Republic of","Chinese Taipei","Import","Copper","283325","Sulphates; of copper","2024","1807188"
"Korea, Republic of","Chinese Taipei","Export","Copper","283325","Sulphates; of copper","2024","3042"
"Korea, Republic of","Germany","Import","Copper","283325","Sulphates; of copper","2024","25341"
"Korea, Republic of","Germany","Export","Copper","283325","Sulphates; of copper","2024","272"
"Korea, Republic of","European Union","Import","Copper","283325","Sulphates; of copper","2024","123453"
"Korea, Republic of","European Union","Export","Copper","283325","Sulphates; of copper","2024","272"
"Korea, Republic of","Spain","Import","Copper","283325","Sulphates; of copper","2024","10562"
"Korea, Republic of","Fiji","Export","Copper","283325","Sulphates; of copper","2024","52"
"Korea, Republic of","United Kingdom","Import","Copper","283325","Sulphates; of copper","2024","2396"
"Korea, Republic of","Hong Kong, China","Export","Copper","283325","Sulphates; of copper","2024","122"
"Korea, Republic of","Indonesia","Export","Copper","283325","Sulphates; of copper","2024","89481"
"Korea, Republic of","India","Import","Copper","283325","Sulphates; of copper","2024","189927"
"Korea, Republic of","India","Export","Copper","283325","Sulphates; of copper","2024","18500"
"Korea, Republic of","Ireland","Import","Copper","283325","Sulphates; of copper","2024","297"
"Korea, Republic of","Italy","Import","Copper","283325","Sulphates; of copper","2024","3033"
"Korea, Republic of","Japan","Import","Copper","283325","Sulphates; of copper","2024","1458655"
"Korea, Republic of","Cambodia","Export","Copper","283325","Sulphates; of copper","2024","6"
"Korea, Republic of","Libya","Export","Copper","283325","Sulphates; of copper","2024","42"
"Korea, Republic of","Malaysia","Export","Copper","283325","Sulphates; of copper","2024","255"
"Korea, Republic of","Malaysia","Import","Copper","283325","Sulphates; of copper","2024","51"
"Korea, Republic of","New Zealand","Export","Copper","283325","Sulphates; of copper","2024","80"
"Korea, Republic of","Pakistan","Export","Copper","283325","Sulphates; of copper","2024","2723"
"Korea, Republic of","Philippines","Export","Copper","283325","Sulphates; of copper","2024","372"
"Korea, Republic of","Russian Federation","Export","Copper","283325","Sulphates; of copper","2024","2054"
"Korea, Republic of","Singapore","Export","Copper","283325","Sulphates; of copper","2024","430"
"Korea, Republic of","Thailand","Import","Copper","283325","Sulphates; of copper","2024","2179800"
"Korea, Republic of","Thailand","Export","Copper","283325","Sulphates; of copper","2024","14953"
"Korea, Republic of","United States of America","Import","Copper","283325","Sulphates; of copper","2024","31760245"
"Korea, Republic of","United States of America","Export","Copper","283325","Sulphates; of copper","2024","20351"
"Korea, Republic of","Viet Nam","Export","Copper","283325","Sulphates; of copper","2024","1279678"
"Korea, Republic of","Viet Nam","Import","Copper","283325","Sulphates; of copper","2024","32727"
"Korea, Republic of","World","Import","Copper","283325","Sulphates; of copper","2024","37647500"
"Korea, Republic of","World","Export","Copper","283325","Sulphates; of copper","2024","1497484"
"Kuwait, the State of","India","Import","Copper","260300","Copper ores and concentrates","2024","29821"
"Kuwait, the State of","Japan","Import","Copper","260300","Copper ores and concentrates","2024","1656"
"Kuwait, the State of","World","Import","Copper","260300","Copper ores and concentrates","2024","31477"
"Kuwait, the State of","China","Import","Copper","283325","Sulphates; of copper","2024","845"
"Kuwait, the State of","India","Import","Copper","283325","Sulphates; of copper","2024","3657"
"Kuwait, the State of","World","Import","Copper","283325","Sulphates; of copper","2024","4502"
"Lebanese Republic","Belgium","Import","Copper","282550","Copper oxides and hydroxides","2024","71"
"Lebanese Republic","European Union","Import","Copper","282550","Copper oxides and hydroxides","2024","71"
"Lebanese Republic","World","Import","Copper","282550","Copper oxides and hydroxides","2024","71"
"Lebanese Republic","China","Import","Copper","283325","Sulphates; of copper","2024","3696"
"Lebanese Republic","European Union","Import","Copper","283325","Sulphates; of copper","2024","10042"
"Lebanese Republic","Spain","Import","Copper","283325","Sulphates; of copper","2024","3340"
"Lebanese Republic","France","Import","Copper","283325","Sulphates; of copper","2024","213"
"Lebanese Republic","Italy","Import","Copper","283325","Sulphates; of copper","2024","4150"
"Lebanese Republic","Poland","Import","Copper","283325","Sulphates; of copper","2024","2339"
"Lebanese Republic","Turkiye","Import","Copper","283325","Sulphates; of copper","2024","84427"
"Lebanese Republic","United States of America","Import","Copper","283325","Sulphates; of copper","2024","63"
"Lebanese Republic","World","Import","Copper","283325","Sulphates; of copper","2024","98228"
"Sri Lanka","Oman","Import","Copper","262030","Slag, ash and residues; (not from the manufacture of iron or steel), containing mainly copper","2024","21366.62"
"Sri Lanka","World","Import","Copper","262030","Slag, ash and residues; (not from the manufacture of iron or steel), containing mainly copper","2024","21366.62"
"Sri Lanka","Belgium","Import","Copper","282550","Copper oxides and hydroxides","2024","155.21"
"Sri Lanka","China","Import","Copper","282550","Copper oxides and hydroxides","2024","4875.52"
"Sri Lanka","European Union","Import","Copper","282550","Copper oxides and hydroxides","2024","155.21"
"Sri Lanka","India","Import","Copper","282550","Copper oxides and hydroxides","2024","7886.29"
"Sri Lanka","World","Import","Copper","282550","Copper oxides and hydroxides","2024","12917.02"
"Sri Lanka","India","Import","Copper","282741","Chloride oxides and chloride hydroxides; of copper","2024","20"
"Sri Lanka","World","Import","Copper","282741","Chloride oxides and chloride hydroxides; of copper","2024","20"
"Sri Lanka","Belgium","Import","Copper","283325","Sulphates; of copper","2024","93.02"
"Sri Lanka","China","Import","Copper","283325","Sulphates; of copper","2024","329771.37"
"Sri Lanka","European Union","Import","Copper","283325","Sulphates; of copper","2024","137.7"
"Sri Lanka","India","Import","Copper","283325","Sulphates; of copper","2024","211643.45"
"Sri Lanka","India","Export","Copper","283325","Sulphates; of copper","2024","6445.59"
"Sri Lanka","Malaysia","Import","Copper","283325","Sulphates; of copper","2024","22114.99"
"Sri Lanka","Netherlands","Import","Copper","283325","Sulphates; of copper","2024","44.68"
"Sri Lanka","Thailand","Import","Copper","283325","Sulphates; of copper","2024","50533.05"
"Sri Lanka","World","Import","Copper","283325","Sulphates; of copper","2024","614200.56"
"Sri Lanka","World","Export","Copper","283325","Sulphates; of copper","2024","6445.59"
"Lesotho","World","Import","Copper","282550","Copper oxides and hydroxides","2024","34.78"
"Lesotho","South Africa","Import","Copper","282550","Copper oxides and hydroxides","2024","34.78"
"Lesotho","India","Import","Copper","283325","Sulphates; of copper","2024","785.16"
"Lesotho","World","Import","Copper","283325","Sulphates; of copper","2024","3956.33"
"Lesotho","South Africa","Import","Copper","283325","Sulphates; of copper","2024","3171.17"
"Lithuania","United Kingdom","Import","Copper","262030","Slag, ash and residues; (not from the manufacture of iron or steel), containing mainly copper","2024","57"
"Lithuania","World","Import","Copper","262030","Slag, ash and residues; (not from the manufacture of iron or steel), containing mainly copper","2024","57"
"Lithuania","Austria","Import","Copper","282550","Copper oxides and hydroxides","2024","8"
"Lithuania","Germany","Import","Copper","282550","Copper oxides and hydroxides","2024","35591"
"Lithuania","United Kingdom","Import","Copper","282550","Copper oxides and hydroxides","2024","209"
"Lithuania","Kazakhstan","Export","Copper","282550","Copper oxides and hydroxides","2024","332"
"Lithuania","Netherlands","Import","Copper","282550","Copper oxides and hydroxides","2024","639"
"Lithuania","Poland","Import","Copper","282550","Copper oxides and hydroxides","2024","42998"
"Lithuania","United States of America","Import","Copper","282550","Copper oxides and hydroxides","2024","263"
"Lithuania","World","Import","Copper","282550","Copper oxides and hydroxides","2024","79708"
"Lithuania","World","Export","Copper","282550","Copper oxides and hydroxides","2024","332"
"Lithuania","Spain","Import","Copper","282741","Chloride oxides and chloride hydroxides; of copper","2024","106819"
"Lithuania","World","Import","Copper","282741","Chloride oxides and chloride hydroxides; of copper","2024","106819"
"Lithuania","Austria","Import","Copper","283325","Sulphates; of copper","2024","357"
"Lithuania","Belgium","Import","Copper","283325","Sulphates; of copper","2024","70"
"Lithuania","Belarus","Export","Copper","283325","Sulphates; of copper","2024","2120"
"Lithuania","Czech Republic","Import","Copper","283325","Sulphates; of copper","2024","86"
"Lithuania","Germany","Import","Copper","283325","Sulphates; of copper","2024","1984"
"Lithuania","Estonia","Export","Copper","283325","Sulphates; of copper","2024","92264"
"Lithuania","Estonia","Import","Copper","283325","Sulphates; of copper","2024","10154"
"Lithuania","Finland","Export","Copper","283325","Sulphates; of copper","2024","151"
"Lithuania","United Kingdom","Import","Copper","283325","Sulphates; of copper","2024","325"
"Lithuania","Israel","Import","Copper","283325","Sulphates; of copper","2024","830"
"Lithuania","Latvia","Export","Copper","283325","Sulphates; of copper","2024","109469"
"Lithuania","Latvia","Import","Copper","283325","Sulphates; of copper","2024","18608"
"Lithuania","Netherlands","Import","Copper","283325","Sulphates; of copper","2024","923"
"Lithuania","Poland","Import","Copper","283325","Sulphates; of copper","2024","434162"
"Lithuania","Slovenia","Import","Copper","283325","Sulphates; of copper","2024","1026"
"Lithuania","Turkiye","Import","Copper","283325","Sulphates; of copper","2024","260973"
"Lithuania","United States of America","Import","Copper","283325","Sulphates; of copper","2024","190"
"Lithuania","Uzbekistan","Export","Copper","283325","Sulphates; of copper","2024","770"
"Lithuania","World","Import","Copper","283325","Sulphates; of copper","2024","729688"
"Lithuania","World","Export","Copper","283325","Sulphates; of copper","2024","204774"
"Luxembourg","Belgium","Import","Copper","260300","Copper ores and concentrates","2024","49.19"
"Luxembourg","Germany","Import","Copper","260300","Copper ores and concentrates","2024","4262.41"
"Luxembourg","United Kingdom","Export","Copper","260300","Copper ores and concentrates","2024","10.81"
"Luxembourg","World","Import","Copper","260300","Copper ores and concentrates","2024","4311.599999999999"
"Luxembourg","World","Export","Copper","260300","Copper ores and concentrates","2024","10.81"
"Luxembourg","Germany","Import","Copper","262030","Slag, ash and residues; (not from the manufacture of iron or steel), containing mainly copper","2024","44339.09"
"Luxembourg","Kyrgyz Republic","Import","Copper","262030","Slag, ash and residues; (not from the manufacture of iron or steel), containing mainly copper","2024","6180.39"
"Luxembourg","World","Import","Copper","262030","Slag, ash and residues; (not from the manufacture of iron or steel), containing mainly copper","2024","50519.48"
"Luxembourg","Germany","Import","Copper","282550","Copper oxides and hydroxides","2024","29.66"
"Luxembourg","United Kingdom","Import","Copper","282550","Copper oxides and hydroxides","2024","58.38"
"Luxembourg","India","Import","Copper","282550","Copper oxides and hydroxides","2024","225.44"
"Luxembourg","World","Import","Copper","282550","Copper oxides and hydroxides","2024","313.48"
"Luxembourg","China","Import","Copper","282741","Chloride oxides and chloride hydroxides; of copper","2024","216.45"
"Luxembourg","World","Import","Copper","282741","Chloride oxides and chloride hydroxides; of copper","2024","216.45"
"Luxembourg","Belgium","Import","Copper","283325","Sulphates; of copper","2024","14395.22"
"Luxembourg","Germany","Import","Copper","283325","Sulphates; of copper","2024","23138.44"
"Luxembourg","France","Export","Copper","283325","Sulphates; of copper","2024","4047.27"
"Luxembourg","Netherlands","Import","Copper","283325","Sulphates; of copper","2024","10889.29"
"Luxembourg","United States of America","Import","Copper","283325","Sulphates; of copper","2024","1062.6"
"Luxembourg","World","Import","Copper","283325","Sulphates; of copper","2024","49485.55"
"Luxembourg","World","Export","Copper","283325","Sulphates; of copper","2024","4047.27"
"Latvia","Poland","Import","Copper","262030","Slag, ash and residues; (not from the manufacture of iron or steel), containing mainly copper","2024","17940.67"
"Latvia","World","Import","Copper","262030","Slag, ash and residues; (not from the manufacture of iron or steel), containing mainly copper","2024","17940.67"
"Latvia","Chinese Taipei","Import","Copper","282550","Copper oxides and hydroxides","2024","48.2"
"Latvia","Germany","Import","Copper","282550","Copper oxides and hydroxides","2024","90.12"
"Latvia","United Kingdom","Import","Copper","282550","Copper oxides and hydroxides","2024","34.58"
"Latvia","Lithuania","Import","Copper","282550","Copper oxides and hydroxides","2024","1068.83"
"Latvia","Lithuania","Export","Copper","282550","Copper oxides and hydroxides","2024","137.27"
"Latvia","Poland","Import","Copper","282550","Copper oxides and hydroxides","2024","3504.09"
"Latvia","Ukraine","Export","Copper","282550","Copper oxides and hydroxides","2024","35.63"
"Latvia","World","Import","Copper","282550","Copper oxides and hydroxides","2024","4745.82"
"Latvia","World","Export","Copper","282550","Copper oxides and hydroxides","2024","172.9"
"Latvia","Austria","Import","Copper","282741","Chloride oxides and chloride hydroxides; of copper","2024","26.2"
"Latvia","World","Import","Copper","282741","Chloride oxides and chloride hydroxides; of copper","2024","26.2"
"Latvia","Austria","Import","Copper","283325","Sulphates; of copper","2024","126.79"
"Latvia","Germany","Import","Copper","283325","Sulphates; of copper","2024","617.2"
"Latvia","Germany","Export","Copper","283325","Sulphates; of copper","2024","214.81"
"Latvia","Denmark","Import","Copper","283325","Sulphates; of copper","2024","1783.48"
"Latvia","Estonia","Export","Copper","283325","Sulphates; of copper","2024","776.48"
"Latvia","Lithuania","Import","Copper","283325","Sulphates; of copper","2024","169267.44"
"Latvia","Lithuania","Export","Copper","283325","Sulphates; of copper","2024","12850.09"
"Latvia","Netherlands","Import","Copper","283325","Sulphates; of copper","2024","398.19"
"Latvia","Poland","Import","Copper","283325","Sulphates; of copper","2024","298700.96"
"Latvia","Poland","Export","Copper","283325","Sulphates; of copper","2024","226.34"
"Latvia","Turkiye","Import","Copper","283325","Sulphates; of copper","2024","63903.61"
"Latvia","Turkiye","Export","Copper","283325","Sulphates; of copper","2024","231.58"
"Latvia","World","Import","Copper","283325","Sulphates; of copper","2024","534797.67"
"Latvia","World","Export","Copper","283325","Sulphates; of copper","2024","14299.3"
"Morocco","Canada","Export","Copper","260300","Copper ores and concentrates","2024","1427.33"
"Morocco","China","Export","Copper","260300","Copper ores and concentrates","2024","166421995.51"
"Morocco","Germany","Export","Copper","260300","Copper ores and concentrates","2024","112729212.67"
"Morocco","European Union","Export","Copper","260300","Copper ores and concentrates","2024","274920896"
"Morocco","European Union","Import","Copper","260300","Copper ores and concentrates","2024","54.92"
"Morocco","Spain","Export","Copper","260300","Copper ores and concentrates","2024","58730457.51"
"Morocco","Finland","Export","Copper","260300","Copper ores and concentrates","2024","103405165.91"
"Morocco","Finland","Import","Copper","260300","Copper ores and concentrates","2024","54.92"
"Morocco","France","Export","Copper","260300","Copper ores and concentrates","2024","296.71"
"Morocco","India","Export","Copper","260300","Copper ores and concentrates","2024","23201.23"
"Morocco","Netherlands","Export","Copper","260300","Copper ores and concentrates","2024","55777.9"
"Morocco","Turkiye","Export","Copper","260300","Copper ores and concentrates","2024","142518.88"
"Morocco","World","Export","Copper","260300","Copper ores and concentrates","2024","441510053.65"
"Morocco","World","Import","Copper","260300","Copper ores and concentrates","2024","54.92"
"Morocco","Belgium","Export","Copper","262030","Slag, ash and residues; (not from the manufacture of iron or steel), containing mainly copper","2024","222715.53"
"Morocco","Germany","Export","Copper","262030","Slag, ash and residues; (not from the manufacture of iron or steel), containing mainly copper","2024","89911.35"
"Morocco","European Union","Export","Copper","262030","Slag, ash and residues; (not from the manufacture of iron or steel), containing mainly copper","2024","1067601.125"
"Morocco","Spain","Export","Copper","262030","Slag, ash and residues; (not from the manufacture of iron or steel), containing mainly copper","2024","433554.8"
"Morocco","Italy","Export","Copper","262030","Slag, ash and residues; (not from the manufacture of iron or steel), containing mainly copper","2024","18039.78"
"Morocco","Malaysia","Export","Copper","262030","Slag, ash and residues; (not from the manufacture of iron or steel), containing mainly copper","2024","369495.27"
"Morocco","Netherlands","Export","Copper","262030","Slag, ash and residues; (not from the manufacture of iron or steel), containing mainly copper","2024","303379.7"
"Morocco","Thailand","Export","Copper","262030","Slag, ash and residues; (not from the manufacture of iron or steel), containing mainly copper","2024","90899.54"
"Morocco","World","Export","Copper","262030","Slag, ash and residues; (not from the manufacture of iron or steel), containing mainly copper","2024","1527995.97"
"Morocco","China","Import","Copper","282550","Copper oxides and hydroxides","2024","12802.9"
"Morocco","Germany","Import","Copper","282550","Copper oxides and hydroxides","2024","2873.86"
"Morocco","European Union","Import","Copper","282550","Copper oxides and hydroxides","2024","14236.15"
"Morocco","United Kingdom","Import","Copper","282550","Copper oxides and hydroxides","2024","90.72"
"Morocco","India","Import","Copper","282550","Copper oxides and hydroxides","2024","15551.64"
"Morocco","Italy","Import","Copper","282550","Copper oxides and hydroxides","2024","11362.29"
"Morocco","Norway","Import","Copper","282550","Copper oxides and hydroxides","2024","42316.91"
"Morocco","Singapore","Import","Copper","282550","Copper oxides and hydroxides","2024","2807.38"
"Morocco","United States of America","Import","Copper","282550","Copper oxides and hydroxides","2024","414.69"
"Morocco","World","Import","Copper","282550","Copper oxides and hydroxides","2024","88220.39000000001"
"Morocco","India","Import","Copper","282741","Chloride oxides and chloride hydroxides; of copper","2024","508.03"
"Morocco","World","Import","Copper","282741","Chloride oxides and chloride hydroxides; of copper","2024","508.03"
"Morocco","Brazil","Import","Copper","283325","Sulphates; of copper","2024","4583.42"
"Morocco","China","Import","Copper","283325","Sulphates; of copper","2024","7684.09"
"Morocco","Germany","Import","Copper","283325","Sulphates; of copper","2024","6206.07"
"Morocco","European Union","Import","Copper","283325","Sulphates; of copper","2024","1455097.57"
"Morocco","Spain","Import","Copper","283325","Sulphates; of copper","2024","174772.59"
"Morocco","France","Import","Copper","283325","Sulphates; of copper","2024","396.49"
"Morocco","Guinea","Export","Copper","283325","Sulphates; of copper","2024","357398.04"
"Morocco","India","Import","Copper","283325","Sulphates; of copper","2024","455.73"
"Morocco","Mauritania","Export","Copper","283325","Sulphates; of copper","2024","622.79"
"Morocco","Poland","Import","Copper","283325","Sulphates; of copper","2024","1273722.42"
"Morocco","Turkiye","Import","Copper","283325","Sulphates; of copper","2024","8426585.6"
"Morocco","World","Import","Copper","283325","Sulphates; of copper","2024","9894406.41"
"Morocco","World","Export","Copper","283325","Sulphates; of copper","2024","358020.83"
"Moldova, Republic of","European Union","Import","Copper","282550","Copper oxides and hydroxides","2024","21822"
"Moldova, Republic of","India","Import","Copper","282550","Copper oxides and hydroxides","2024","1252"
"Moldova, Republic of","Poland","Import","Copper","282550","Copper oxides and hydroxides","2024","21822"
"Moldova, Republic of","United States of America","Import","Copper","282550","Copper oxides and hydroxides","2024","103"
"Moldova, Republic of","World","Import","Copper","282550","Copper oxides and hydroxides","2024","23177"
"Moldova, Republic of","European Union","Import","Copper","282741","Chloride oxides and chloride hydroxides; of copper","2024","26406"
"Moldova, Republic of","India","Import","Copper","282741","Chloride oxides and chloride hydroxides; of copper","2024","534"
"Moldova, Republic of","Slovenia","Import","Copper","282741","Chloride oxides and chloride hydroxides; of copper","2024","26406"
"Moldova, Republic of","World","Import","Copper","282741","Chloride oxides and chloride hydroxides; of copper","2024","26940"
"Moldova, Republic of","Belgium","Import","Copper","283325","Sulphates; of copper","2024","299"
"Moldova, Republic of","China","Import","Copper","283325","Sulphates; of copper","2024","171"
"Moldova, Republic of","Germany","Import","Copper","283325","Sulphates; of copper","2024","140"
"Moldova, Republic of","European Union","Import","Copper","283325","Sulphates; of copper","2024","112927"
"Moldova, Republic of","Spain","Import","Copper","283325","Sulphates; of copper","2024","51"
"Moldova, Republic of","France","Import","Copper","283325","Sulphates; of copper","2024","2952"
"Moldova, Republic of","India","Import","Copper","283325","Sulphates; of copper","2024","679"
"Moldova, Republic of","Italy","Import","Copper","283325","Sulphates; of copper","2024","917"
"Moldova, Republic of","Poland","Import","Copper","283325","Sulphates; of copper","2024","108568"
"Moldova, Republic of","Russian Federation","Import","Copper","283325","Sulphates; of copper","2024","51523"
"Moldova, Republic of","Turkiye","Import","Copper","283325","Sulphates; of copper","2024","60661"
"Moldova, Republic of","Ukraine","Import","Copper","283325","Sulphates; of copper","2024","1134"
"Moldova, Republic of","World","Import","Copper","283325","Sulphates; of copper","2024","227095"
"Madagascar","China","Export","Copper","260300","Copper ores and concentrates","2024","150921.44"
"Madagascar","World","Export","Copper","260300","Copper ores and concentrates","2024","150921.44"
"Madagascar","European Union","Import","Copper","282550","Copper oxides and hydroxides","2024","1301.08"
"Madagascar","France","Import","Copper","282550","Copper oxides and hydroxides","2024","1301.08"
"Madagascar","World","Import","Copper","282550","Copper oxides and hydroxides","2024","1301.08"
"Madagascar","World","Import","Copper","282741","Chloride oxides and chloride hydroxides; of copper","2024","1215.99"
"Madagascar","South Africa","Import","Copper","282741","Chloride oxides and chloride hydroxides; of copper","2024","1215.99"
"Madagascar","European Union","Import","Copper","283325","Sulphates; of copper","2024","238.06"
"Madagascar","Italy","Import","Copper","283325","Sulphates; of copper","2024","222.12"
"Madagascar","Netherlands","Import","Copper","283325","Sulphates; of copper","2024","15.94"
"Madagascar","World","Import","Copper","283325","Sulphates; of copper","2024","50656.14"
"Madagascar","South Africa","Import","Copper","283325","Sulphates; of copper","2024","50418.08"
"Maldives","India","Import","Copper","262030","Slag, ash and residues; (not from the manufacture of iron or steel), containing mainly copper","2024","130910.54"
"Maldives","World","Import","Copper","262030","Slag, ash and residues; (not from the manufacture of iron or steel), containing mainly copper","2024","130910.54"
"Maldives","Sri Lanka","Import","Copper","282550","Copper oxides and hydroxides","2024","111.72"
"Maldives","World","Import","Copper","282550","Copper oxides and hydroxides","2024","111.72"
"Maldives","India","Import","Copper","283325","Sulphates; of copper","2024","81.09"
"Maldives","World","Import","Copper","283325","Sulphates; of copper","2024","81.09"
"Mexico","Canada","Import","Copper","260300","Copper ores and concentrates","2024","13841686"
"Mexico","Chile","Import","Copper","260300","Copper ores and concentrates","2024","56164337"
"Mexico","China","Export","Copper","260300","Copper ores and concentrates","2024","3718889902"
"Mexico","United States of America","Import","Copper","260300","Copper ores and concentrates","2024","1186224331"
"Mexico","World","Export","Copper","260300","Copper ores and concentrates","2024","3718889902"
"Mexico","World","Import","Copper","260300","Copper ores and concentrates","2024","1256230354"
"Mexico","China","Import","Copper","282550","Copper oxides and hydroxides","2024","145948"
"Mexico","Germany","Import","Copper","282550","Copper oxides and hydroxides","2024","1675"
"Mexico","European Union","Import","Copper","282550","Copper oxides and hydroxides","2024","1675"
"Mexico","United States of America","Import","Copper","282550","Copper oxides and hydroxides","2024","503943"
"Mexico","World","Import","Copper","282550","Copper oxides and hydroxides","2024","651566"
"Mexico","Germany","Import","Copper","283325","Sulphates; of copper","2024","10237"
"Mexico","European Union","Import","Copper","283325","Sulphates; of copper","2024","10237"
"Mexico","United States of America","Export","Copper","283325","Sulphates; of copper","2024","60677196"
"Mexico","United States of America","Import","Copper","283325","Sulphates; of copper","2024","204680"
"Mexico","World","Export","Copper","283325","Sulphates; of copper","2024","60677196"
"Mexico","World","Import","Copper","283325","Sulphates; of copper","2024","214917"
"North Macedonia","Bulgaria","Export","Copper","260300","Copper ores and concentrates","2024","72813996.89"
"North Macedonia","European Union","Export","Copper","260300","Copper ores and concentrates","2024","72814000"
"North Macedonia","Serbia","Export","Copper","260300","Copper ores and concentrates","2024","152.24"
"North Macedonia","World","Export","Copper","260300","Copper ores and concentrates","2024","72814149.13"
"North Macedonia","Australia","Import","Copper","282550","Copper oxides and hydroxides","2024","20.38"
"North Macedonia","China","Import","Copper","282550","Copper oxides and hydroxides","2024","179078.93"
"North Macedonia","Chinese Taipei","Import","Copper","282550","Copper oxides and hydroxides","2024","18704.36"
"North Macedonia","India","Import","Copper","282550","Copper oxides and hydroxides","2024","283.81"
"North Macedonia","Serbia","Export","Copper","282550","Copper oxides and hydroxides","2024","823.78"
"North Macedonia","World","Import","Copper","282550","Copper oxides and hydroxides","2024","198087.48"
"North Macedonia","World","Export","Copper","282550","Copper oxides and hydroxides","2024","823.78"
"North Macedonia","Belgium","Import","Copper","283325","Sulphates; of copper","2024","139.13"
"North Macedonia","Bulgaria","Import","Copper","283325","Sulphates; of copper","2024","184647.73"
"North Macedonia","Germany","Import","Copper","283325","Sulphates; of copper","2024","121.58"
"North Macedonia","European Union","Import","Copper","283325","Sulphates; of copper","2024","263269.87"
"North Macedonia","European Union","Export","Copper","283325","Sulphates; of copper","2024","1944.650024414063"
"North Macedonia","Spain","Import","Copper","283325","Sulphates; of copper","2024","10364.05"
"North Macedonia","France","Import","Copper","283325","Sulphates; of copper","2024","5.34"
"North Macedonia","Greece","Import","Copper","283325","Sulphates; of copper","2024","44585.35"
"North Macedonia","Croatia","Export","Copper","283325","Sulphates; of copper","2024","1869.34"
"North Macedonia","Japan","Import","Copper","283325","Sulphates; of copper","2024","734.69"
"North Macedonia","Poland","Import","Copper","283325","Sulphates; of copper","2024","17801.45"
"North Macedonia","Serbia","Import","Copper","283325","Sulphates; of copper","2024","36981.48"
"North Macedonia","Serbia","Export","Copper","283325","Sulphates; of copper","2024","233.45"
"North Macedonia","Slovenia","Import","Copper","283325","Sulphates; of copper","2024","5605.24"
"North Macedonia","Slovenia","Export","Copper","283325","Sulphates; of copper","2024","75.31"
"North Macedonia","Turkiye","Import","Copper","283325","Sulphates; of copper","2024","510826.99"
"North Macedonia","Turkiye","Export","Copper","283325","Sulphates; of copper","2024","562.5"
"North Macedonia","World","Import","Copper","283325","Sulphates; of copper","2024","811813.03"
"North Macedonia","World","Export","Copper","283325","Sulphates; of copper","2024","2740.6"
"Malta","Egypt","Import","Copper","262030","Slag, ash and residues; (not from the manufacture of iron or steel), containing mainly copper","2024","5.41"
"Malta","World","Import","Copper","262030","Slag, ash and residues; (not from the manufacture of iron or steel), containing mainly copper","2024","5.41"
"Malta","Spain","Import","Copper","282550","Copper oxides and hydroxides","2024","3679.01"
"Malta","France","Import","Copper","282550","Copper oxides and hydroxides","2024","17.32"
"Malta","United Kingdom","Import","Copper","282550","Copper oxides and hydroxides","2024","85.51"
"Malta","World","Import","Copper","282550","Copper oxides and hydroxides","2024","3781.840000000001"
"Malta","Spain","Import","Copper","282741","Chloride oxides and chloride hydroxides; of copper","2024","2458.09"
"Malta","World","Import","Copper","282741","Chloride oxides and chloride hydroxides; of copper","2024","2458.09"
"Malta","France","Import","Copper","283325","Sulphates; of copper","2024","98.5"
"Malta","United Kingdom","Import","Copper","283325","Sulphates; of copper","2024","27.06"
"Malta","United States of America","Import","Copper","283325","Sulphates; of copper","2024","25.98"
"Malta","World","Import","Copper","283325","Sulphates; of copper","2024","151.54"
"Myanmar","China","Import","Copper","282741","Chloride oxides and chloride hydroxides; of copper","2024","125070"
"Myanmar","World","Import","Copper","282741","Chloride oxides and chloride hydroxides; of copper","2024","125070"
"Myanmar","Canada","Import","Copper","283325","Sulphates; of copper","2024","19.48"
"Myanmar","China","Import","Copper","283325","Sulphates; of copper","2024","226843.35"
"Myanmar","Chinese Taipei","Import","Copper","283325","Sulphates; of copper","2024","117120"
"Myanmar","Germany","Import","Copper","283325","Sulphates; of copper","2024","22.89"
"Myanmar","European Union","Import","Copper","283325","Sulphates; of copper","2024","22.89"
"Myanmar","India","Import","Copper","283325","Sulphates; of copper","2024","15.46"
"Myanmar","United States of America","Import","Copper","283325","Sulphates; of copper","2024","37.32"
"Myanmar","World","Import","Copper","283325","Sulphates; of copper","2024","344058.5"
"Montenegro","Germany","Import","Copper","282741","Chloride oxides and chloride hydroxides; of copper","2024","42.91"
"Montenegro","European Union","Import","Copper","282741","Chloride oxides and chloride hydroxides; of copper","2024","42.91"
"Montenegro","World","Import","Copper","282741","Chloride oxides and chloride hydroxides; of copper","2024","42.91"
"Montenegro","Germany","Import","Copper","283325","Sulphates; of copper","2024","44.03"
"Montenegro","European Union","Import","Copper","283325","Sulphates; of copper","2024","7831.4"
"Montenegro","Italy","Import","Copper","283325","Sulphates; of copper","2024","4058.34"
"Montenegro","Mexico","Import","Copper","283325","Sulphates; of copper","2024","29.25"
"Montenegro","Poland","Import","Copper","283325","Sulphates; of copper","2024","3729.03"
"Montenegro","Serbia","Import","Copper","283325","Sulphates; of copper","2024","2970.4"
"Montenegro","Suriname","Import","Copper","283325","Sulphates; of copper","2024","212.26"
"Montenegro","Turkiye","Import","Copper","283325","Sulphates; of copper","2024","142781.32"
"Montenegro","World","Import","Copper","283325","Sulphates; of copper","2024","153824.63"
"Mongolia","Canada","Import","Copper","260300","Copper ores and concentrates","2024","1563"
"Mongolia","China","Export","Copper","260300","Copper ores and concentrates","2024","3318970294"
"Mongolia","China","Import","Copper","260300","Copper ores and concentrates","2024","398"
"Mongolia","Korea, Republic of","Export","Copper","260300","Copper ores and concentrates","2024","148332"
"Mongolia","United States of America","Import","Copper","260300","Copper ores and concentrates","2024","1695"
"Mongolia","World","Export","Copper","260300","Copper ores and concentrates","2024","3319118626"
"Mongolia","World","Import","Copper","260300","Copper ores and concentrates","2024","3656"
"Mongolia","Kazakhstan","Import","Copper","282550","Copper oxides and hydroxides","2024","566"
"Mongolia","World","Import","Copper","282550","Copper oxides and hydroxides","2024","566"
"Mongolia","China","Import","Copper","283325","Sulphates; of copper","2024","1796210"
"Mongolia","Germany","Import","Copper","283325","Sulphates; of copper","2024","359"
"Mongolia","European Union","Import","Copper","283325","Sulphates; of copper","2024","359"
"Mongolia","Russian Federation","Import","Copper","283325","Sulphates; of copper","2024","160359"
"Mongolia","World","Import","Copper","283325","Sulphates; of copper","2024","1956928"
"Mozambique","China","Export","Copper","260300","Copper ores and concentrates","2024","67358.2"
"Mozambique","World","Export","Copper","260300","Copper ores and concentrates","2024","75657.59999999999"
"Mozambique","South Africa","Export","Copper","260300","Copper ores and concentrates","2024","8299.4"
"Mozambique","World","Import","Copper","262030","Slag, ash and residues; (not from the manufacture of iron or steel), containing mainly copper","2024","3071.9"
"Mozambique","Zambia","Import","Copper","262030","Slag, ash and residues; (not from the manufacture of iron or steel), containing mainly copper","2024","3071.9"
"Mozambique","China","Import","Copper","283325","Sulphates; of copper","2024","271.7"
"Mozambique","World","Import","Copper","283325","Sulphates; of copper","2024","12811.9"
"Mozambique","South Africa","Import","Copper","283325","Sulphates; of copper","2024","12540.2"
"Mauritania","China","Export","Copper","260300","Copper ores and concentrates","2024","205610126.99"
"Mauritania","World","Export","Copper","260300","Copper ores and concentrates","2024","205610126.99"
"Mauritius","India","Export","Copper","262030","Slag, ash and residues; (not from the manufacture of iron or steel), containing mainly copper","2024","8002.79"
"Mauritius","World","Export","Copper","262030","Slag, ash and residues; (not from the manufacture of iron or steel), containing mainly copper","2024","8002.79"
"Mauritius","India","Import","Copper","282550","Copper oxides and hydroxides","2024","234.2578075"
"Mauritius","World","Import","Copper","282550","Copper oxides and hydroxides","2024","290.683927"
"Mauritius","South Africa","Import","Copper","282550","Copper oxides and hydroxides","2024","56.4261195"
"Mauritius","India","Import","Copper","282741","Chloride oxides and chloride hydroxides; of copper","2024","707.7287517"
"Mauritius","World","Import","Copper","282741","Chloride oxides and chloride hydroxides; of copper","2024","707.7287517"
"Mauritius","United Arab Emirates","Import","Copper","283325","Sulphates; of copper","2024","415.3212319"
"Mauritius","Belgium","Import","Copper","283325","Sulphates; of copper","2024","97.1459996"
"Mauritius","Switzerland","Import","Copper","283325","Sulphates; of copper","2024","790.590476"
"Mauritius","Germany","Import","Copper","283325","Sulphates; of copper","2024","55.8013171"
"Mauritius","European Union","Import","Copper","283325","Sulphates; of copper","2024","601.3184407"
"Mauritius","Spain","Import","Copper","283325","Sulphates; of copper","2024","146.9793767"
"Mauritius","France","Import","Copper","283325","Sulphates; of copper","2024","267.2430648"
"Mauritius","India","Import","Copper","283325","Sulphates; of copper","2024","2742.7963247"
"Mauritius","Netherlands","Import","Copper","283325","Sulphates; of copper","2024","34.1486825"
"Mauritius","World","Import","Copper","283325","Sulphates; of copper","2024","5146.4542195"
"Mauritius","South Africa","Import","Copper","283325","Sulphates; of copper","2024","596.4277462"
"Malawi","India","Import","Copper","262030","Slag, ash and residues; (not from the manufacture of iron or steel), containing mainly copper","2024","24886.92"
"Malawi","World","Import","Copper","262030","Slag, ash and residues; (not from the manufacture of iron or steel), containing mainly copper","2024","24886.92"
"Malawi","India","Import","Copper","282741","Chloride oxides and chloride hydroxides; of copper","2024","596.61"
"Malawi","World","Import","Copper","282741","Chloride oxides and chloride hydroxides; of copper","2024","596.61"
"Malawi","Chile","Import","Copper","283325","Sulphates; of copper","2024","314574.09"
"Malawi","China","Import","Copper","283325","Sulphates; of copper","2024","20415.62"
"Malawi","India","Import","Copper","283325","Sulphates; of copper","2024","3591.4"
"Malawi","World","Import","Copper","283325","Sulphates; of copper","2024","349872.41"
"Malawi","South Africa","Import","Copper","283325","Sulphates; of copper","2024","11291.3"
"Malaysia","Albania","Import","Copper","260300","Copper ores and concentrates","2024","17039441.14"
"Malaysia","Australia","Export","Copper","260300","Copper ores and concentrates","2024","0.22"
"Malaysia","Canada","Import","Copper","260300","Copper ores and concentrates","2024","4194.54"
"Malaysia","Canada","Export","Copper","260300","Copper ores and concentrates","2024","0.44"
"Malaysia","Switzerland","Export","Copper","260300","Copper ores and concentrates","2024","7714274.07"
"Malaysia","Chile","Import","Copper","260300","Copper ores and concentrates","2024","52704922.64"
"Malaysia","China","Export","Copper","260300","Copper ores and concentrates","2024","69217440.92"
"Malaysia","China","Import","Copper","260300","Copper ores and concentrates","2024","71276.99"
"Malaysia","Chinese Taipei","Import","Copper","260300","Copper ores and concentrates","2024","39688.16"
"Malaysia","European Union","Export","Copper","260300","Copper ores and concentrates","2024","164.5399932861328"
"Malaysia","European Union","Import","Copper","260300","Copper ores and concentrates","2024","90.68"
"Malaysia","Spain","Export","Copper","260300","Copper ores and concentrates","2024","163.23"
"Malaysia","United Kingdom","Import","Copper","260300","Copper ores and concentrates","2024","28425.23"
"Malaysia","United Kingdom","Export","Copper","260300","Copper ores and concentrates","2024","15.08"
"Malaysia","Hong Kong, China","Import","Copper","260300","Copper ores and concentrates","2024","47338.45"
"Malaysia","Indonesia","Import","Copper","260300","Copper ores and concentrates","2024","39548174.15"
"Malaysia","Japan","Import","Copper","260300","Copper ores and concentrates","2024","34092.97"
"Malaysia","Cambodia","Export","Copper","260300","Copper ores and concentrates","2024","2706525.91"
"Malaysia","Korea, Republic of","Export","Copper","260300","Copper ores and concentrates","2024","66489.41"
"Malaysia","Korea, Republic of","Import","Copper","260300","Copper ores and concentrates","2024","4264.02"
"Malaysia","Madagascar","Import","Copper","260300","Copper ores and concentrates","2024","327432.45"
"Malaysia","Mexico","Import","Copper","260300","Copper ores and concentrates","2024","3349645.47"
"Malaysia","Mauritius","Import","Copper","260300","Copper ores and concentrates","2024","7559.83"
"Malaysia","Namibia","Import","Copper","260300","Copper ores and concentrates","2024","57267032.52"
"Malaysia","Nigeria","Import","Copper","260300","Copper ores and concentrates","2024","7896.99"
"Malaysia","Netherlands","Import","Copper","260300","Copper ores and concentrates","2024","90.68"
"Malaysia","Netherlands","Export","Copper","260300","Copper ores and concentrates","2024","1.31"
"Malaysia","Peru","Import","Copper","260300","Copper ores and concentrates","2024","103005350.07"
"Malaysia","Philippines","Import","Copper","260300","Copper ores and concentrates","2024","2489221.99"
"Malaysia","Papua New Guinea","Import","Copper","260300","Copper ores and concentrates","2024","32643.58"
"Malaysia","Saudi Arabia, Kingdom of","Import","Copper","260300","Copper ores and concentrates","2024","4079999.59"
"Malaysia","Singapore","Export","Copper","260300","Copper ores and concentrates","2024","20425.1"
"Malaysia","Serbia","Import","Copper","260300","Copper ores and concentrates","2024","4064988.54"
"Malaysia","Suriname","Import","Copper","260300","Copper ores and concentrates","2024","4398238.41"
"Malaysia","Thailand","Export","Copper","260300","Copper ores and concentrates","2024","317401.47"
"Malaysia","Turkiye","Import","Copper","260300","Copper ores and concentrates","2024","4306505.73"
"Malaysia","Tanzania","Import","Copper","260300","Copper ores and concentrates","2024","2147190.82"
"Malaysia","United States of America","Import","Copper","260300","Copper ores and concentrates","2024","171716.02"
"Malaysia","Viet Nam","Export","Copper","260300","Copper ores and concentrates","2024","536908.26"
"Malaysia","Viet Nam","Import","Copper","260300","Copper ores and concentrates","2024","357094.45"
"Malaysia","World","Import","Copper","260300","Copper ores and concentrates","2024","305881351.8800001"
"Malaysia","World","Export","Copper","260300","Copper ores and concentrates","2024","80579645.41999999"
"Malaysia","South Africa","Import","Copper","260300","Copper ores and concentrates","2024","9423114.02"
"Malaysia","Zambia","Import","Copper","260300","Copper ores and concentrates","2024","923812.43"
"Malaysia","China","Export","Copper","262030","Slag, ash and residues; (not from the manufacture of iron or steel), containing mainly copper","2024","334742.73"
"Malaysia","China","Import","Copper","262030","Slag, ash and residues; (not from the manufacture of iron or steel), containing mainly copper","2024","97.67"
"Malaysia","Germany","Import","Copper","262030","Slag, ash and residues; (not from the manufacture of iron or steel), containing mainly copper","2024","28.84"
"Malaysia","European Union","Import","Copper","262030","Slag, ash and residues; (not from the manufacture of iron or steel), containing mainly copper","2024","28.84"
"Malaysia","Japan","Import","Copper","262030","Slag, ash and residues; (not from the manufacture of iron or steel), containing mainly copper","2024","474814.86"
"Malaysia","Korea, Republic of","Export","Copper","262030","Slag, ash and residues; (not from the manufacture of iron or steel), containing mainly copper","2024","29014.11"
"Malaysia","Viet Nam","Import","Copper","262030","Slag, ash and residues; (not from the manufacture of iron or steel), containing mainly copper","2024","346635.64"
"Malaysia","World","Import","Copper","262030","Slag, ash and residues; (not from the manufacture of iron or steel), containing mainly copper","2024","821577.0100000001"
"Malaysia","World","Export","Copper","262030","Slag, ash and residues; (not from the manufacture of iron or steel), containing mainly copper","2024","363756.84"
"Malaysia","Belgium","Export","Copper","282550","Copper oxides and hydroxides","2024","141931"
"Malaysia","Belgium","Import","Copper","282550","Copper oxides and hydroxides","2024","26642.83"
"Malaysia","Chile","Export","Copper","282550","Copper oxides and hydroxides","2024","179240.01"
"Malaysia","Chile","Import","Copper","282550","Copper oxides and hydroxides","2024","242.11"
"Malaysia","China","Import","Copper","282550","Copper oxides and hydroxides","2024","409832.52"
"Malaysia","Chinese Taipei","Import","Copper","282550","Copper oxides and hydroxides","2024","2317099.1"
"Malaysia","Germany","Import","Copper","282550","Copper oxides and hydroxides","2024","100.08"
"Malaysia","European Union","Export","Copper","282550","Copper oxides and hydroxides","2024","1810866.25"
"Malaysia","European Union","Import","Copper","282550","Copper oxides and hydroxides","2024","26742.91"
"Malaysia","Indonesia","Export","Copper","282550","Copper oxides and hydroxides","2024","258.28"
"Malaysia","India","Import","Copper","282550","Copper oxides and hydroxides","2024","2742.75"
"Malaysia","Japan","Export","Copper","282550","Copper oxides and hydroxides","2024","39553.77"
"Malaysia","Korea, Republic of","Export","Copper","282550","Copper oxides and hydroxides","2024","944444.88"
"Malaysia","Korea, Republic of","Import","Copper","282550","Copper oxides and hydroxides","2024","731816.18"
"Malaysia","Netherlands","Export","Copper","282550","Copper oxides and hydroxides","2024","1668935.24"
"Malaysia","Norway","Import","Copper","282550","Copper oxides and hydroxides","2024","17317613.55"
"Malaysia","Peru","Export","Copper","282550","Copper oxides and hydroxides","2024","93376.76"
"Malaysia","Singapore","Export","Copper","282550","Copper oxides and hydroxides","2024","2831782.11"
"Malaysia","Singapore","Import","Copper","282550","Copper oxides and hydroxides","2024","2348846.13"
"Malaysia","Thailand","Export","Copper","282550","Copper oxides and hydroxides","2024","95424.42"
"Malaysia","United States of America","Import","Copper","282550","Copper oxides and hydroxides","2024","8419044.45"
"Malaysia","Viet Nam","Export","Copper","282550","Copper oxides and hydroxides","2024","50250.98"
"Malaysia","World","Import","Copper","282550","Copper oxides and hydroxides","2024","31573979.7"
"Malaysia","World","Export","Copper","282550","Copper oxides and hydroxides","2024","6045197.449999999"
"Malaysia","China","Import","Copper","282741","Chloride oxides and chloride hydroxides; of copper","2024","1579954.31"
"Malaysia","Chinese Taipei","Import","Copper","282741","Chloride oxides and chloride hydroxides; of copper","2024","65363.42"
"Malaysia","Germany","Import","Copper","282741","Chloride oxides and chloride hydroxides; of copper","2024","191.63"
"Malaysia","European Union","Import","Copper","282741","Chloride oxides and chloride hydroxides; of copper","2024","191.63"
"Malaysia","India","Import","Copper","282741","Chloride oxides and chloride hydroxides; of copper","2024","689.84"
"Malaysia","Japan","Import","Copper","282741","Chloride oxides and chloride hydroxides; of copper","2024","72.33"
"Malaysia","Singapore","Export","Copper","282741","Chloride oxides and chloride hydroxides; of copper","2024","16666.49"
"Malaysia","Thailand","Import","Copper","282741","Chloride oxides and chloride hydroxides; of copper","2024","242031.34"
"Malaysia","World","Import","Copper","282741","Chloride oxides and chloride hydroxides; of copper","2024","1888302.87"
"Malaysia","World","Export","Copper","282741","Chloride oxides and chloride hydroxides; of copper","2024","16666.49"
"Malaysia","Australia","Export","Copper","283325","Sulphates; of copper","2024","1696635.23"
"Malaysia","Austria","Import","Copper","283325","Sulphates; of copper","2024","707326.99"
"Malaysia","Bangladesh","Export","Copper","283325","Sulphates; of copper","2024","70479.2"
"Malaysia","Brazil","Import","Copper","283325","Sulphates; of copper","2024","62080.51"
"Malaysia","Canada","Export","Copper","283325","Sulphates; of copper","2024","410874.38"
"Malaysia","China","Import","Copper","283325","Sulphates; of copper","2024","1442346.11"
"Malaysia","China","Export","Copper","283325","Sulphates; of copper","2024","0.44"
"Malaysia","Chinese Taipei","Import","Copper","283325","Sulphates; of copper","2024","4585346.78"
"Malaysia","Germany","Import","Copper","283325","Sulphates; of copper","2024","30082.2"
"Malaysia","Denmark","Import","Copper","283325","Sulphates; of copper","2024","245.39"
"Malaysia","European Union","Import","Copper","283325","Sulphates; of copper","2024","755075.81"
"Malaysia","European Union","Export","Copper","283325","Sulphates; of copper","2024","20953.6796875"
"Malaysia","Spain","Import","Copper","283325","Sulphates; of copper","2024","102.04"
"Malaysia","Finland","Import","Copper","283325","Sulphates; of copper","2024","14233.59"
"Malaysia","United Kingdom","Import","Copper","283325","Sulphates; of copper","2024","387.86"
"Malaysia","Ghana","Export","Copper","283325","Sulphates; of copper","2024","120492.88"
"Malaysia","Hong Kong, China","Import","Copper","283325","Sulphates; of copper","2024","104003.39"
"Malaysia","Indonesia","Export","Copper","283325","Sulphates; of copper","2024","842947.6"
"Malaysia","Indonesia","Import","Copper","283325","Sulphates; of copper","2024","154661.46"
"Malaysia","India","Import","Copper","283325","Sulphates; of copper","2024","91502.81"
"Malaysia","Ireland","Export","Copper","283325","Sulphates; of copper","2024","20953.68"
"Malaysia","Italy","Import","Copper","283325","Sulphates; of copper","2024","1296.43"
"Malaysia","Japan","Import","Copper","283325","Sulphates; of copper","2024","448078.95"
"Malaysia","Cambodia","Export","Copper","283325","Sulphates; of copper","2024","650420.37"
"Malaysia","Korea, Republic of","Export","Copper","283325","Sulphates; of copper","2024","370029.42"
"Malaysia","Sri Lanka","Export","Copper","283325","Sulphates; of copper","2024","345.9"
"Malaysia","Mexico","Import","Copper","283325","Sulphates; of copper","2024","69229.1"
"Malaysia","New Zealand","Export","Copper","283325","Sulphates; of copper","2024","134743.73"
"Malaysia","Philippines","Export","Copper","283325","Sulphates; of copper","2024","4.81"
"Malaysia","Singapore","Export","Copper","283325","Sulphates; of copper","2024","249923.96"
"Malaysia","Singapore","Import","Copper","283325","Sulphates; of copper","2024","108223.93"
"Malaysia","Sweden","Import","Copper","283325","Sulphates; of copper","2024","1789.17"
"Malaysia","Thailand","Import","Copper","283325","Sulphates; of copper","2024","668433.12"
"Malaysia","Thailand","Export","Copper","283325","Sulphates; of copper","2024","105046.77"
"Malaysia","Tanzania","Export","Copper","283325","Sulphates; of copper","2024","1352.8"
"Malaysia","United States of America","Import","Copper","283325","Sulphates; of copper","2024","838024.78"
"Malaysia","United States of America","Export","Copper","283325","Sulphates; of copper","2024","6229.75"
"Malaysia","Viet Nam","Import","Copper","283325","Sulphates; of copper","2024","6738557.8"
"Malaysia","Viet Nam","Export","Copper","283325","Sulphates; of copper","2024","969586.97"
"Malaysia","World","Import","Copper","283325","Sulphates; of copper","2024","16065952.41"
"Malaysia","World","Export","Copper","283325","Sulphates; of copper","2024","5650067.89"
"Namibia","Australia","Export","Copper","260300","Copper ores and concentrates","2024","25.35"
"Namibia","Belgium","Export","Copper","260300","Copper ores and concentrates","2024","46.87"
"Namibia","Bulgaria","Import","Copper","260300","Copper ores and concentrates","2024","79951639.52"
"Namibia","Switzerland","Export","Copper","260300","Copper ores and concentrates","2024","22.06"
"Namibia","Chile","Import","Copper","260300","Copper ores and concentrates","2024","29710930.86"
"Namibia","Chile","Export","Copper","260300","Copper ores and concentrates","2024","217.3"
"Namibia","China","Export","Copper","260300","Copper ores and concentrates","2024","30072200.99"
"Namibia","Germany","Export","Copper","260300","Copper ores and concentrates","2024","438.71"
"Namibia","European Union","Import","Copper","260300","Copper ores and concentrates","2024","79951890.59"
"Namibia","European Union","Export","Copper","260300","Copper ores and concentrates","2024","1940.319946289063"
"Namibia","Spain","Export","Copper","260300","Copper ores and concentrates","2024","1179.81"
"Namibia","United Kingdom","Export","Copper","260300","Copper ores and concentrates","2024","564.65"
"Namibia","Greece","Export","Copper","260300","Copper ores and concentrates","2024","69.04"
"Namibia","Hong Kong, China","Import","Copper","260300","Copper ores and concentrates","2024","185.51"
"Namibia","India","Export","Copper","260300","Copper ores and concentrates","2024","165.25"
"Namibia","Ireland","Export","Copper","260300","Copper ores and concentrates","2024","27.51"
"Namibia","Netherlands","Import","Copper","260300","Copper ores and concentrates","2024","251.07"
"Namibia","Netherlands","Export","Copper","260300","Copper ores and concentrates","2024","178.38"
"Namibia","Peru","Import","Copper","260300","Copper ores and concentrates","2024","322010013.55"
"Namibia","United States of America","Export","Copper","260300","Copper ores and concentrates","2024","30.79"
"Namibia","Viet Nam","Export","Copper","260300","Copper ores and concentrates","2024","51296.35"
"Namibia","World","Import","Copper","260300","Copper ores and concentrates","2024","431673792.45"
"Namibia","World","Export","Copper","260300","Copper ores and concentrates","2024","30129577.84999999"
"Namibia","South Africa","Export","Copper","260300","Copper ores and concentrates","2024","3031.06"
"Namibia","South Africa","Import","Copper","260300","Copper ores and concentrates","2024","720.99"
"Namibia","Zambia","Export","Copper","260300","Copper ores and concentrates","2024","83.73"
"Namibia","Zambia","Import","Copper","260300","Copper ores and concentrates","2024","50.95"
"Namibia","European Union","Export","Copper","262030","Slag, ash and residues; (not from the manufacture of iron or steel), containing mainly copper","2024","3.299999952316284"
"Namibia","Netherlands","Export","Copper","262030","Slag, ash and residues; (not from the manufacture of iron or steel), containing mainly copper","2024","3.3"
"Namibia","World","Export","Copper","262030","Slag, ash and residues; (not from the manufacture of iron or steel), containing mainly copper","2024","3.3"
"Namibia","Australia","Export","Copper","282550","Copper oxides and hydroxides","2024","13.75"
"Namibia","Japan","Import","Copper","282550","Copper oxides and hydroxides","2024","44.32"
"Namibia","World","Import","Copper","282550","Copper oxides and hydroxides","2024","642.5600000000001"
"Namibia","World","Export","Copper","282550","Copper oxides and hydroxides","2024","13.75"
"Namibia","South Africa","Import","Copper","282550","Copper oxides and hydroxides","2024","598.24"
"Namibia","World","Import","Copper","282741","Chloride oxides and chloride hydroxides; of copper","2024","237.31"
"Namibia","South Africa","Import","Copper","282741","Chloride oxides and chloride hydroxides; of copper","2024","237.31"
"Namibia","China","Import","Copper","283325","Sulphates; of copper","2024","153890.95"
"Namibia","Germany","Import","Copper","283325","Sulphates; of copper","2024","29.01"
"Namibia","European Union","Import","Copper","283325","Sulphates; of copper","2024","29.01"
"Namibia","India","Import","Copper","283325","Sulphates; of copper","2024","315.99"
"Namibia","Peru","Import","Copper","283325","Sulphates; of copper","2024","4.66"
"Namibia","World","Import","Copper","283325","Sulphates; of copper","2024","1162159.2"
"Namibia","World","Export","Copper","283325","Sulphates; of copper","2024","1926.69"
"Namibia","South Africa","Import","Copper","283325","Sulphates; of copper","2024","1007918.59"
"Namibia","South Africa","Export","Copper","283325","Sulphates; of copper","2024","1926.69"
"Nigeria","China","Export","Copper","260300","Copper ores and concentrates","2024","11208.41"
"Nigeria","China","Import","Copper","260300","Copper ores and concentrates","2024","3079.56"
"Nigeria","World","Export","Copper","260300","Copper ores and concentrates","2024","11208.41"
"Nigeria","World","Import","Copper","260300","Copper ores and concentrates","2024","3079.56"
"Nigeria","United Arab Emirates","Import","Copper","262030","Slag, ash and residues; (not from the manufacture of iron or steel), containing mainly copper","2024","116379.28"
"Nigeria","China","Import","Copper","262030","Slag, ash and residues; (not from the manufacture of iron or steel), containing mainly copper","2024","4268.7"
"Nigeria","European Union","Import","Copper","262030","Slag, ash and residues; (not from the manufacture of iron or steel), containing mainly copper","2024","54540.61"
"Nigeria","Spain","Import","Copper","262030","Slag, ash and residues; (not from the manufacture of iron or steel), containing mainly copper","2024","54540.61"
"Nigeria","India","Import","Copper","262030","Slag, ash and residues; (not from the manufacture of iron or steel), containing mainly copper","2024","200423.35"
"Nigeria","World","Import","Copper","262030","Slag, ash and residues; (not from the manufacture of iron or steel), containing mainly copper","2024","375611.94"
"Nigeria","United Arab Emirates","Import","Copper","282550","Copper oxides and hydroxides","2024","279952.28"
"Nigeria","World","Import","Copper","282550","Copper oxides and hydroxides","2024","279952.28"
"Nigeria","Switzerland","Import","Copper","283325","Sulphates; of copper","2024","283678.89"
"Nigeria","China","Import","Copper","283325","Sulphates; of copper","2024","564467.78"
"Nigeria","European Union","Import","Copper","283325","Sulphates; of copper","2024","73497.98"
"Nigeria","India","Import","Copper","283325","Sulphates; of copper","2024","245605.24"
"Nigeria","Israel","Import","Copper","283325","Sulphates; of copper","2024","45568.25"
"Nigeria","Poland","Import","Copper","283325","Sulphates; of copper","2024","73497.98"
"Nigeria","Turkiye","Import","Copper","283325","Sulphates; of copper","2024","765520.21"
"Nigeria","United States of America","Import","Copper","283325","Sulphates; of copper","2024","4174.92"
"Nigeria","World","Import","Copper","283325","Sulphates; of copper","2024","1998020.26"
"Nigeria","South Africa","Import","Copper","283325","Sulphates; of copper","2024","15506.99"
"Nicaragua","Chile","Export","Copper","260300","Copper ores and concentrates","2024","12150"
"Nicaragua","China","Export","Copper","260300","Copper ores and concentrates","2024","162000"
"Nicaragua","China","Import","Copper","260300","Copper ores and concentrates","2024","0.36"
"Nicaragua","World","Export","Copper","260300","Copper ores and concentrates","2024","174150"
"Nicaragua","World","Import","Copper","260300","Copper ores and concentrates","2024","0.36"
"Nicaragua","Costa Rica","Export","Copper","283325","Sulphates; of copper","2024","29510"
"Nicaragua","Germany","Import","Copper","283325","Sulphates; of copper","2024","55.18"
"Nicaragua","European Union","Import","Copper","283325","Sulphates; of copper","2024","55.18"
"Nicaragua","Guatemala","Export","Copper","283325","Sulphates; of copper","2024","172350"
"Nicaragua","India","Import","Copper","283325","Sulphates; of copper","2024","0.43"
"Nicaragua","Peru","Import","Copper","283325","Sulphates; of copper","2024","60107.8"
"Nicaragua","World","Export","Copper","283325","Sulphates; of copper","2024","201860"
"Nicaragua","World","Import","Copper","283325","Sulphates; of copper","2024","60163.41"
"Netherlands","United Arab Emirates","Import","Copper","260300","Copper ores and concentrates","2024","7.58"
"Netherlands","United Arab Emirates","Export","Copper","260300","Copper ores and concentrates","2024","2.17"
"Netherlands","Armenia","Import","Copper","260300","Copper ores and concentrates","2024","20945.14"
"Netherlands","Australia","Export","Copper","260300","Copper ores and concentrates","2024","334.46"
"Netherlands","Australia","Import","Copper","260300","Copper ores and concentrates","2024","125.56"
"Netherlands","Austria","Export","Copper","260300","Copper ores and concentrates","2024","145.04"
"Netherlands","Belgium","Import","Copper","260300","Copper ores and concentrates","2024","76224.48"
"Netherlands","Belgium","Export","Copper","260300","Copper ores and concentrates","2024","17890.67"
"Netherlands","Bulgaria","Export","Copper","260300","Copper ores and concentrates","2024","11.91"
"Netherlands","Bolivia, Plurinational State of","Import","Copper","260300","Copper ores and concentrates","2024","243.54"
"Netherlands","Brazil","Import","Copper","260300","Copper ores and concentrates","2024","695.97"
"Netherlands","Brazil","Export","Copper","260300","Copper ores and concentrates","2024","55.2"
"Netherlands","Botswana","Import","Copper","260300","Copper ores and concentrates","2024","4285.14"
"Netherlands","Canada","Import","Copper","260300","Copper ores and concentrates","2024","4.33"
"Netherlands","Switzerland","Import","Copper","260300","Copper ores and concentrates","2024","38.97"
"Netherlands","Chile","Import","Copper","260300","Copper ores and concentrates","2024","6663.13"
"Netherlands","China","Import","Copper","260300","Copper ores and concentrates","2024","9807.45"
"Netherlands","Chinese Taipei","Import","Copper","260300","Copper ores and concentrates","2024","562.84"
"Netherlands","Democratic Republic of the Congo","Import","Copper","260300","Copper ores and concentrates","2024","32.47"
"Netherlands","Cyprus","Export","Copper","260300","Copper ores and concentrates","2024","42.21"
"Netherlands","Czech Republic","Export","Copper","260300","Copper ores and concentrates","2024","107.16"
"Netherlands","Germany","Export","Copper","260300","Copper ores and concentrates","2024","41186.74"
"Netherlands","Denmark","Export","Copper","260300","Copper ores and concentrates","2024","218.64"
"Netherlands","Spain","Import","Copper","260300","Copper ores and concentrates","2024","7982.56"
"Netherlands","Estonia","Export","Copper","260300","Copper ores and concentrates","2024","74.68"
"Netherlands","Finland","Export","Copper","260300","Copper ores and concentrates","2024","3815.39"
"Netherlands","United Kingdom","Import","Copper","260300","Copper ores and concentrates","2024","8690.43"
"Netherlands","United Kingdom","Export","Copper","260300","Copper ores and concentrates","2024","545.52"
"Netherlands","Georgia","Import","Copper","260300","Copper ores and concentrates","2024","2708.12"
"Netherlands","Greece","Export","Copper","260300","Copper ores and concentrates","2024","124.47"
"Netherlands","Hong Kong, China","Import","Copper","260300","Copper ores and concentrates","2024","297.65"
"Netherlands","Croatia","Export","Copper","260300","Copper ores and concentrates","2024","43.3"
"Netherlands","Hungary","Export","Copper","260300","Copper ores and concentrates","2024","35.72"
"Netherlands","Indonesia","Import","Copper","260300","Copper ores and concentrates","2024","82146.18"
"Netherlands","India","Import","Copper","260300","Copper ores and concentrates","2024","425.38"
"Netherlands","Japan","Export","Copper","260300","Copper ores and concentrates","2024","38143.09"
"Netherlands","Japan","Import","Copper","260300","Copper ores and concentrates","2024","14325.31"
"Netherlands","Kazakhstan","Import","Copper","260300","Copper ores and concentrates","2024","782.56"
"Netherlands","Cambodia","Export","Copper","260300","Copper ores and concentrates","2024","34527.94"
"Netherlands","Cambodia","Import","Copper","260300","Copper ores and concentrates","2024","226.22"
"Netherlands","Korea, Republic of","Import","Copper","260300","Copper ores and concentrates","2024","1699.34"
"Netherlands","Lithuania","Export","Copper","260300","Copper ores and concentrates","2024","492.48"
"Netherlands","Luxembourg","Export","Copper","260300","Copper ores and concentrates","2024","190.5"
"Netherlands","Latvia","Export","Copper","260300","Copper ores and concentrates","2024","76.85"
"Netherlands","Morocco","Import","Copper","260300","Copper ores and concentrates","2024","82.26"
"Netherlands","Mexico","Import","Copper","260300","Copper ores and concentrates","2024","1741.55"
"Netherlands","Malta","Export","Copper","260300","Copper ores and concentrates","2024","403.73"
"Netherlands","Montenegro","Import","Copper","260300","Copper ores and concentrates","2024","29.22"
"Netherlands","Mongolia","Import","Copper","260300","Copper ores and concentrates","2024","122.31"
"Netherlands","Malaysia","Export","Copper","260300","Copper ores and concentrates","2024","229194.06"
"Netherlands","Malaysia","Import","Copper","260300","Copper ores and concentrates","2024","30.31"
"Netherlands","Namibia","Import","Copper","260300","Copper ores and concentrates","2024","391.82"
"Netherlands","Namibia","Export","Copper","260300","Copper ores and concentrates","2024","289"
"Netherlands","Nigeria","Import","Copper","260300","Copper ores and concentrates","2024","2.17"
"Netherlands","Oman","Import","Copper","260300","Copper ores and concentrates","2024","24.89"
"Netherlands","Panama","Export","Copper","260300","Copper ores and concentrates","2024","60.61"
"Netherlands","Peru","Import","Copper","260300","Copper ores and concentrates","2024","13394.46"
"Netherlands","Philippines","Import","Copper","260300","Copper ores and concentrates","2024","6216.11"
"Netherlands","Poland","Import","Copper","260300","Copper ores and concentrates","2024","20098.72"
"Netherlands","Portugal","Export","Copper","260300","Copper ores and concentrates","2024","172.1"
"Netherlands","Romania","Export","Copper","260300","Copper ores and concentrates","2024","38.97"
"Netherlands","Russian Federation","Import","Copper","260300","Copper ores and concentrates","2024","89844.07"
"Netherlands","Saudi Arabia, Kingdom of","Import","Copper","260300","Copper ores and concentrates","2024","201.32"
"Netherlands","Serbia","Import","Copper","260300","Copper ores and concentrates","2024","8.66"
"Netherlands","Slovak Republic","Export","Copper","260300","Copper ores and concentrates","2024","12.99"
"Netherlands","Slovenia","Export","Copper","260300","Copper ores and concentrates","2024","6.49"
"Netherlands","Sweden","Export","Copper","260300","Copper ores and concentrates","2024","15559.22"
"Netherlands","Thailand","Export","Copper","260300","Copper ores and concentrates","2024","231088.23"
"Netherlands","Thailand","Import","Copper","260300","Copper ores and concentrates","2024","3398.68"
"Netherlands","Tajikistan","Import","Copper","260300","Copper ores and concentrates","2024","27.06"
"Netherlands","Turkiye","Export","Copper","260300","Copper ores and concentrates","2024","54.12"
"Netherlands","Turkiye","Import","Copper","260300","Copper ores and concentrates","2024","38.97"
"Netherlands","United States of America","Import","Copper","260300","Copper ores and concentrates","2024","41769.06"
"Netherlands","Uzbekistan","Import","Copper","260300","Copper ores and concentrates","2024","9625.61"
"Netherlands","Viet Nam","Import","Copper","260300","Copper ores and concentrates","2024","4.33"
"Netherlands","World","Export","Copper","260300","Copper ores and concentrates","2024","614943.6599999998"
"Netherlands","World","Import","Copper","260300","Copper ores and concentrates","2024","431667.41"
"Netherlands","South Africa","Import","Copper","260300","Copper ores and concentrates","2024","146.12"
"Netherlands","Zambia","Import","Copper","260300","Copper ores and concentrates","2024","5549.36"
"Netherlands","United Arab Emirates","Import","Copper","262030","Slag, ash and residues; (not from the manufacture of iron or steel), containing mainly copper","2024","1462.3"
"Netherlands","Austria","Export","Copper","262030","Slag, ash and residues; (not from the manufacture of iron or steel), containing mainly copper","2024","19021.75"
"Netherlands","Austria","Import","Copper","262030","Slag, ash and residues; (not from the manufacture of iron or steel), containing mainly copper","2024","2.17"
"Netherlands","Belgium","Export","Copper","262030","Slag, ash and residues; (not from the manufacture of iron or steel), containing mainly copper","2024","8388512.42"
"Netherlands","Bulgaria","Export","Copper","262030","Slag, ash and residues; (not from the manufacture of iron or steel), containing mainly copper","2024","12359.7"
"Netherlands","Cyprus","Export","Copper","262030","Slag, ash and residues; (not from the manufacture of iron or steel), containing mainly copper","2024","1487.19"
"Netherlands","Czech Republic","Export","Copper","262030","Slag, ash and residues; (not from the manufacture of iron or steel), containing mainly copper","2024","9125.55"
"Netherlands","Czech Republic","Import","Copper","262030","Slag, ash and residues; (not from the manufacture of iron or steel), containing mainly copper","2024","787.97"
"Netherlands","Germany","Export","Copper","262030","Slag, ash and residues; (not from the manufacture of iron or steel), containing mainly copper","2024","19916326.5"
"Netherlands","Germany","Import","Copper","262030","Slag, ash and residues; (not from the manufacture of iron or steel), containing mainly copper","2024","700943.09"
"Netherlands","Denmark","Export","Copper","262030","Slag, ash and residues; (not from the manufacture of iron or steel), containing mainly copper","2024","14385.92"
"Netherlands","Denmark","Import","Copper","262030","Slag, ash and residues; (not from the manufacture of iron or steel), containing mainly copper","2024","11758.98"
"Netherlands","Spain","Import","Copper","262030","Slag, ash and residues; (not from the manufacture of iron or steel), containing mainly copper","2024","84359.65"
"Netherlands","Spain","Export","Copper","262030","Slag, ash and residues; (not from the manufacture of iron or steel), containing mainly copper","2024","1177.63"
"Netherlands","Estonia","Export","Copper","262030","Slag, ash and residues; (not from the manufacture of iron or steel), containing mainly copper","2024","3672.52"
"Netherlands","Finland","Export","Copper","262030","Slag, ash and residues; (not from the manufacture of iron or steel), containing mainly copper","2024","1276.13"
"Netherlands","Finland","Import","Copper","262030","Slag, ash and residues; (not from the manufacture of iron or steel), containing mainly copper","2024","4.33"
"Netherlands","United Kingdom","Export","Copper","262030","Slag, ash and residues; (not from the manufacture of iron or steel), containing mainly copper","2024","101.74"
"Netherlands","United Kingdom","Import","Copper","262030","Slag, ash and residues; (not from the manufacture of iron or steel), containing mainly copper","2024","6.49"
"Netherlands","Greece","Export","Copper","262030","Slag, ash and residues; (not from the manufacture of iron or steel), containing mainly copper","2024","2315.21"
"Netherlands","Croatia","Export","Copper","262030","Slag, ash and residues; (not from the manufacture of iron or steel), containing mainly copper","2024","155.86"
"Netherlands","Hungary","Export","Copper","262030","Slag, ash and residues; (not from the manufacture of iron or steel), containing mainly copper","2024","2022.97"
"Netherlands","India","Import","Copper","262030","Slag, ash and residues; (not from the manufacture of iron or steel), containing mainly copper","2024","324.71"
"Netherlands","Ireland","Export","Copper","262030","Slag, ash and residues; (not from the manufacture of iron or steel), containing mainly copper","2024","8714.25"
"Netherlands","Israel","Import","Copper","262030","Slag, ash and residues; (not from the manufacture of iron or steel), containing mainly copper","2024","587.73"
"Netherlands","Italy","Export","Copper","262030","Slag, ash and residues; (not from the manufacture of iron or steel), containing mainly copper","2024","1831.39"
"Netherlands","Italy","Import","Copper","262030","Slag, ash and residues; (not from the manufacture of iron or steel), containing mainly copper","2024","5.41"
"Netherlands","Korea, Republic of","Import","Copper","262030","Slag, ash and residues; (not from the manufacture of iron or steel), containing mainly copper","2024","19.48"
"Netherlands","Lithuania","Export","Copper","262030","Slag, ash and residues; (not from the manufacture of iron or steel), containing mainly copper","2024","1010.94"
"Netherlands","Luxembourg","Export","Copper","262030","Slag, ash and residues; (not from the manufacture of iron or steel), containing mainly copper","2024","21034.98"
"Netherlands","Luxembourg","Import","Copper","262030","Slag, ash and residues; (not from the manufacture of iron or steel), containing mainly copper","2024","753.34"
"Netherlands","Latvia","Export","Copper","262030","Slag, ash and residues; (not from the manufacture of iron or steel), containing mainly copper","2024","771.74"
"Netherlands","Malta","Export","Copper","262030","Slag, ash and residues; (not from the manufacture of iron or steel), containing mainly copper","2024","11.91"
"Netherlands","Namibia","Import","Copper","262030","Slag, ash and residues; (not from the manufacture of iron or steel), containing mainly copper","2024","4.33"
"Netherlands","Norway","Import","Copper","262030","Slag, ash and residues; (not from the manufacture of iron or steel), containing mainly copper","2024","20518.69"
"Netherlands","Pakistan","Import","Copper","262030","Slag, ash and residues; (not from the manufacture of iron or steel), containing mainly copper","2024","1.08"
"Netherlands","Portugal","Export","Copper","262030","Slag, ash and residues; (not from the manufacture of iron or steel), containing mainly copper","2024","3816.47"
"Netherlands","Portugal","Import","Copper","262030","Slag, ash and residues; (not from the manufacture of iron or steel), containing mainly copper","2024","4.33"
"Netherlands","Romania","Import","Copper","262030","Slag, ash and residues; (not from the manufacture of iron or steel), containing mainly copper","2024","325044.26"
"Netherlands","Romania","Export","Copper","262030","Slag, ash and residues; (not from the manufacture of iron or steel), containing mainly copper","2024","8491.27"
"Netherlands","Slovak Republic","Export","Copper","262030","Slag, ash and residues; (not from the manufacture of iron or steel), containing mainly copper","2024","260.85"
"Netherlands","Slovenia","Export","Copper","262030","Slag, ash and residues; (not from the manufacture of iron or steel), containing mainly copper","2024","2052.19"
"Netherlands","Sweden","Export","Copper","262030","Slag, ash and residues; (not from the manufacture of iron or steel), containing mainly copper","2024","61187637.4"
"Netherlands","Sweden","Import","Copper","262030","Slag, ash and residues; (not from the manufacture of iron or steel), containing mainly copper","2024","1005.53"
"Netherlands","United States of America","Import","Copper","262030","Slag, ash and residues; (not from the manufacture of iron or steel), containing mainly copper","2024","122574.18"
"Netherlands","World","Export","Copper","262030","Slag, ash and residues; (not from the manufacture of iron or steel), containing mainly copper","2024","89607574.47999997"
"Netherlands","World","Import","Copper","262030","Slag, ash and residues; (not from the manufacture of iron or steel), containing mainly copper","2024","1270168.05"
"Netherlands","United Arab Emirates","Export","Copper","282550","Copper oxides and hydroxides","2024","47101.95"
"Netherlands","Argentina","Export","Copper","282550","Copper oxides and hydroxides","2024","264836.85"
"Netherlands","Australia","Export","Copper","282550","Copper oxides and hydroxides","2024","106.07"
"Netherlands","Austria","Export","Copper","282550","Copper oxides and hydroxides","2024","86.59"
"Netherlands","Belgium","Import","Copper","282550","Copper oxides and hydroxides","2024","366578.45"
"Netherlands","Belgium","Export","Copper","282550","Copper oxides and hydroxides","2024","2560.91"
"Netherlands","Bulgaria","Import","Copper","282550","Copper oxides and hydroxides","2024","55.2"
"Netherlands","Bulgaria","Export","Copper","282550","Copper oxides and hydroxides","2024","24.89"
"Netherlands","Canada","Import","Copper","282550","Copper oxides and hydroxides","2024","164671.2"
"Netherlands","Switzerland","Export","Copper","282550","Copper oxides and hydroxides","2024","7.58"
"Netherlands","Cyprus","Export","Copper","282550","Copper oxides and hydroxides","2024","86.59"
"Netherlands","Czech Republic","Export","Copper","282550","Copper oxides and hydroxides","2024","2855.32"
"Netherlands","Czech Republic","Import","Copper","282550","Copper oxides and hydroxides","2024","3.25"
"Netherlands","Germany","Import","Copper","282550","Copper oxides and hydroxides","2024","160204.21"
"Netherlands","Germany","Export","Copper","282550","Copper oxides and hydroxides","2024","112492.88"
"Netherlands","Denmark","Export","Copper","282550","Copper oxides and hydroxides","2024","261.94"
"Netherlands","Denmark","Import","Copper","282550","Copper oxides and hydroxides","2024","1.08"
"Netherlands","Spain","Import","Copper","282550","Copper oxides and hydroxides","2024","24252.9"
"Netherlands","Spain","Export","Copper","282550","Copper oxides and hydroxides","2024","11973.29"
"Netherlands","Estonia","Export","Copper","282550","Copper oxides and hydroxides","2024","15.15"
"Netherlands","Finland","Import","Copper","282550","Copper oxides and hydroxides","2024","6053.75"
"Netherlands","Finland","Export","Copper","282550","Copper oxides and hydroxides","2024","6.49"
"Netherlands","France","Export","Copper","282550","Copper oxides and hydroxides","2024","2484531.83"
"Netherlands","France","Import","Copper","282550","Copper oxides and hydroxides","2024","3176.79"
"Netherlands","United Kingdom","Export","Copper","282550","Copper oxides and hydroxides","2024","17193.61"
"Netherlands","United Kingdom","Import","Copper","282550","Copper oxides and hydroxides","2024","4612.02"
"Netherlands","Greece","Import","Copper","282550","Copper oxides and hydroxides","2024","130.97"
"Netherlands","Greece","Export","Copper","282550","Copper oxides and hydroxides","2024","28.14"
"Netherlands","Croatia","Export","Copper","282550","Copper oxides and hydroxides","2024","334231.51"
"Netherlands","Hungary","Export","Copper","282550","Copper oxides and hydroxides","2024","132.05"
"Netherlands","India","Import","Copper","282550","Copper oxides and hydroxides","2024","41685.72"
"Netherlands","Ireland","Export","Copper","282550","Copper oxides and hydroxides","2024","8.66"
"Netherlands","Ireland","Import","Copper","282550","Copper oxides and hydroxides","2024","1.08"
"Netherlands","Italy","Export","Copper","282550","Copper oxides and hydroxides","2024","5940.1"
"Netherlands","Italy","Import","Copper","282550","Copper oxides and hydroxides","2024","3.25"
"Netherlands","Jordan","Export","Copper","282550","Copper oxides and hydroxides","2024","16.24"
"Netherlands","Japan","Import","Copper","282550","Copper oxides and hydroxides","2024","3.25"
"Netherlands","Korea, Republic of","Export","Copper","282550","Copper oxides and hydroxides","2024","28996.97"
"Netherlands","Kuwait, the State of","Export","Copper","282550","Copper oxides and hydroxides","2024","83.34"
"Netherlands","Lebanese Republic","Export","Copper","282550","Copper oxides and hydroxides","2024","45.46"
"Netherlands","Lithuania","Export","Copper","282550","Copper oxides and hydroxides","2024","1130.01"
"Netherlands","Luxembourg","Export","Copper","282550","Copper oxides and hydroxides","2024","12.99"
"Netherlands","Luxembourg","Import","Copper","282550","Copper oxides and hydroxides","2024","8.66"
"Netherlands","Latvia","Export","Copper","282550","Copper oxides and hydroxides","2024","1.08"
"Netherlands","Mexico","Export","Copper","282550","Copper oxides and hydroxides","2024","105523.44"
"Netherlands","Malta","Export","Copper","282550","Copper oxides and hydroxides","2024","37.88"
"Netherlands","Malaysia","Import","Copper","282550","Copper oxides and hydroxides","2024","1783997.88"
"Netherlands","Norway","Import","Copper","282550","Copper oxides and hydroxides","2024","2607943.76"
"Netherlands","New Zealand","Export","Copper","282550","Copper oxides and hydroxides","2024","106.07"
"Netherlands","Oman","Export","Copper","282550","Copper oxides and hydroxides","2024","562.84"
"Netherlands","Poland","Export","Copper","282550","Copper oxides and hydroxides","2024","654791.47"
"Netherlands","Poland","Import","Copper","282550","Copper oxides and hydroxides","2024","107.16"
"Netherlands","Portugal","Export","Copper","282550","Copper oxides and hydroxides","2024","604833.12"
"Netherlands","Qatar","Export","Copper","282550","Copper oxides and hydroxides","2024","42797.32"
"Netherlands","Romania","Export","Copper","282550","Copper oxides and hydroxides","2024","4479.97"
"Netherlands","Singapore","Import","Copper","282550","Copper oxides and hydroxides","2024","1454761.55"
"Netherlands","Slovak Republic","Export","Copper","282550","Copper oxides and hydroxides","2024","276.01"
"Netherlands","Slovak Republic","Import","Copper","282550","Copper oxides and hydroxides","2024","3.25"
"Netherlands","Slovenia","Export","Copper","282550","Copper oxides and hydroxides","2024","53.04"
"Netherlands","Sweden","Export","Copper","282550","Copper oxides and hydroxides","2024","38736.23"
"Netherlands","United States of America","Import","Copper","282550","Copper oxides and hydroxides","2024","10352727.73"
"Netherlands","United States of America","Export","Copper","282550","Copper oxides and hydroxides","2024","43076.58"
"Netherlands","World","Import","Copper","282550","Copper oxides and hydroxides","2024","16970983.11"
"Netherlands","World","Export","Copper","282550","Copper oxides and hydroxides","2024","4810076.01"
"Netherlands","South Africa","Export","Copper","282550","Copper oxides and hydroxides","2024","33.55"
"Netherlands","Austria","Export","Copper","282741","Chloride oxides and chloride hydroxides; of copper","2024","13160.66"
"Netherlands","Austria","Import","Copper","282741","Chloride oxides and chloride hydroxides; of copper","2024","254.36"
"Netherlands","Belgium","Export","Copper","282741","Chloride oxides and chloride hydroxides; of copper","2024","492040.42"
"Netherlands","Belgium","Import","Copper","282741","Chloride oxides and chloride hydroxides; of copper","2024","327495.86"
"Netherlands","Bulgaria","Import","Copper","282741","Chloride oxides and chloride hydroxides; of copper","2024","58.45"
"Netherlands","Bulgaria","Export","Copper","282741","Chloride oxides and chloride hydroxides; of copper","2024","21.65"
"Netherlands","Switzerland","Export","Copper","282741","Chloride oxides and chloride hydroxides; of copper","2024","43760.64"
"Netherlands","Costa Rica","Export","Copper","282741","Chloride oxides and chloride hydroxides; of copper","2024","13575.22"
"Netherlands","Cyprus","Export","Copper","282741","Chloride oxides and chloride hydroxides; of copper","2024","336.62"
"Netherlands","Czech Republic","Export","Copper","282741","Chloride oxides and chloride hydroxides; of copper","2024","7624.29"
"Netherlands","Czech Republic","Import","Copper","282741","Chloride oxides and chloride hydroxides; of copper","2024","3.25"
"Netherlands","Germany","Export","Copper","282741","Chloride oxides and chloride hydroxides; of copper","2024","696200.1"
"Netherlands","Germany","Import","Copper","282741","Chloride oxides and chloride hydroxides; of copper","2024","414074.39"
"Netherlands","Denmark","Export","Copper","282741","Chloride oxides and chloride hydroxides; of copper","2024","267149.9"
"Netherlands","Denmark","Import","Copper","282741","Chloride oxides and chloride hydroxides; of copper","2024","84985.27"
"Netherlands","Spain","Import","Copper","282741","Chloride oxides and chloride hydroxides; of copper","2024","2882183.25"
"Netherlands","Spain","Export","Copper","282741","Chloride oxides and chloride hydroxides; of copper","2024","378205.38"
"Netherlands","France","Export","Copper","282741","Chloride oxides and chloride hydroxides; of copper","2024","561479.45"
"Netherlands","France","Import","Copper","282741","Chloride oxides and chloride hydroxides; of copper","2024","7455.44"
"Netherlands","United Kingdom","Export","Copper","282741","Chloride oxides and chloride hydroxides; of copper","2024","541526.85"
"Netherlands","United Kingdom","Import","Copper","282741","Chloride oxides and chloride hydroxides; of copper","2024","472174.41"
"Netherlands","Greece","Export","Copper","282741","Chloride oxides and chloride hydroxides; of copper","2024","547.68"
"Netherlands","Greece","Import","Copper","282741","Chloride oxides and chloride hydroxides; of copper","2024","392.9"
"Netherlands","Hong Kong, China","Import","Copper","282741","Chloride oxides and chloride hydroxides; of copper","2024","16.24"
"Netherlands","Croatia","Export","Copper","282741","Chloride oxides and chloride hydroxides; of copper","2024","7.58"
"Netherlands","Hungary","Export","Copper","282741","Chloride oxides and chloride hydroxides; of copper","2024","26706.65"
"Netherlands","Hungary","Import","Copper","282741","Chloride oxides and chloride hydroxides; of copper","2024","2.17"
"Netherlands","Ireland","Export","Copper","282741","Chloride oxides and chloride hydroxides; of copper","2024","135037.79"
"Netherlands","Ireland","Import","Copper","282741","Chloride oxides and chloride hydroxides; of copper","2024","4.33"
"Netherlands","Italy","Export","Copper","282741","Chloride oxides and chloride hydroxides; of copper","2024","148315.35"
"Netherlands","Italy","Import","Copper","282741","Chloride oxides and chloride hydroxides; of copper","2024","63.86"
"Netherlands","Lithuania","Export","Copper","282741","Chloride oxides and chloride hydroxides; of copper","2024","875.65"
"Netherlands","Luxembourg","Export","Copper","282741","Chloride oxides and chloride hydroxides; of copper","2024","66.03"
"Netherlands","Luxembourg","Import","Copper","282741","Chloride oxides and chloride hydroxides; of copper","2024","4.33"
"Netherlands","Latvia","Export","Copper","282741","Chloride oxides and chloride hydroxides; of copper","2024","5.41"
"Netherlands","Mexico","Export","Copper","282741","Chloride oxides and chloride hydroxides; of copper","2024","7564.76"
"Netherlands","Malta","Export","Copper","282741","Chloride oxides and chloride hydroxides; of copper","2024","70.36"
"Netherlands","Norway","Export","Copper","282741","Chloride oxides and chloride hydroxides; of copper","2024","21604.31"
"Netherlands","Peru","Import","Copper","282741","Chloride oxides and chloride hydroxides; of copper","2024","211438.69"
"Netherlands","Poland","Export","Copper","282741","Chloride oxides and chloride hydroxides; of copper","2024","434590.91"
"Netherlands","Poland","Import","Copper","282741","Chloride oxides and chloride hydroxides; of copper","2024","201577.13"
"Netherlands","Portugal","Import","Copper","282741","Chloride oxides and chloride hydroxides; of copper","2024","8.66"
"Netherlands","Portugal","Export","Copper","282741","Chloride oxides and chloride hydroxides; of copper","2024","2.17"
"Netherlands","Romania","Export","Copper","282741","Chloride oxides and chloride hydroxides; of copper","2024","102963.61"
"Netherlands","Romania","Import","Copper","282741","Chloride oxides and chloride hydroxides; of copper","2024","11.91"
"Netherlands","Serbia","Export","Copper","282741","Chloride oxides and chloride hydroxides; of copper","2024","37883.32"
"Netherlands","Slovak Republic","Import","Copper","282741","Chloride oxides and chloride hydroxides; of copper","2024","246.78"
"Netherlands","Slovak Republic","Export","Copper","282741","Chloride oxides and chloride hydroxides; of copper","2024","21.65"
"Netherlands","Slovenia","Import","Copper","282741","Chloride oxides and chloride hydroxides; of copper","2024","99671.01"
"Netherlands","Slovenia","Export","Copper","282741","Chloride oxides and chloride hydroxides; of copper","2024","27.06"
"Netherlands","Sweden","Export","Copper","282741","Chloride oxides and chloride hydroxides; of copper","2024","72235.91"
"Netherlands","Turkiye","Export","Copper","282741","Chloride oxides and chloride hydroxides; of copper","2024","39680.07"
"Netherlands","Ukraine","Export","Copper","282741","Chloride oxides and chloride hydroxides; of copper","2024","779.31"
"Netherlands","United States of America","Import","Copper","282741","Chloride oxides and chloride hydroxides; of copper","2024","205523.48"
"Netherlands","World","Import","Copper","282741","Chloride oxides and chloride hydroxides; of copper","2024","4907646.17"
"Netherlands","World","Export","Copper","282741","Chloride oxides and chloride hydroxides; of copper","2024","4189432.62"
"Netherlands","South Africa","Export","Copper","282741","Chloride oxides and chloride hydroxides; of copper","2024","145365.86"
"Netherlands","United Arab Emirates","Export","Copper","283325","Sulphates; of copper","2024","15.15"
"Netherlands","Argentina","Export","Copper","283325","Sulphates; of copper","2024","18.4"
"Netherlands","Armenia","Export","Copper","283325","Sulphates; of copper","2024","15532.16"
"Netherlands","Austria","Export","Copper","283325","Sulphates; of copper","2024","70466.21"
"Netherlands","Austria","Import","Copper","283325","Sulphates; of copper","2024","11.91"
"Netherlands","Belgium","Export","Copper","283325","Sulphates; of copper","2024","3538606.96"
"Netherlands","Belgium","Import","Copper","283325","Sulphates; of copper","2024","780483.98"
"Netherlands","Bulgaria","Export","Copper","283325","Sulphates; of copper","2024","287.91"
"Netherlands","Bulgaria","Import","Copper","283325","Sulphates; of copper","2024","187.25"
"Netherlands","Brazil","Import","Copper","283325","Sulphates; of copper","2024","929272.33"
"Netherlands","Brazil","Export","Copper","283325","Sulphates; of copper","2024","121.23"
"Netherlands","Barbados","Export","Copper","283325","Sulphates; of copper","2024","17774.85"
"Netherlands","Canada","Export","Copper","283325","Sulphates; of copper","2024","461.09"
"Netherlands","Switzerland","Export","Copper","283325","Sulphates; of copper","2024","72556.29"
"Netherlands","Chile","Import","Copper","283325","Sulphates; of copper","2024","3879933.47"
"Netherlands","China","Export","Copper","283325","Sulphates; of copper","2024","2659.41"
"Netherlands","China","Import","Copper","283325","Sulphates; of copper","2024","689.48"
"Netherlands","Cuba","Export","Copper","283325","Sulphates; of copper","2024","1809.74"
"Netherlands","Cyprus","Export","Copper","283325","Sulphates; of copper","2024","445.94"
"Netherlands","Cyprus","Import","Copper","283325","Sulphates; of copper","2024","4.33"
"Netherlands","Czech Republic","Export","Copper","283325","Sulphates; of copper","2024","8324.59"
"Netherlands","Czech Republic","Import","Copper","283325","Sulphates; of copper","2024","48.71"
"Netherlands","Germany","Export","Copper","283325","Sulphates; of copper","2024","3153455.94"
"Netherlands","Germany","Import","Copper","283325","Sulphates; of copper","2024","442232.51"
"Netherlands","Djibouti","Export","Copper","283325","Sulphates; of copper","2024","18070.34"
"Netherlands","Denmark","Export","Copper","283325","Sulphates; of copper","2024","146516.43"
"Netherlands","Denmark","Import","Copper","283325","Sulphates; of copper","2024","8306.19"
"Netherlands","Dominican Republic","Export","Copper","283325","Sulphates; of copper","2024","143816.97"
"Netherlands","Egypt","Export","Copper","283325","Sulphates; of copper","2024","460.01"
"Netherlands","Egypt","Import","Copper","283325","Sulphates; of copper","2024","1.08"
"Netherlands","Spain","Import","Copper","283325","Sulphates; of copper","2024","796672.07"
"Netherlands","Spain","Export","Copper","283325","Sulphates; of copper","2024","198641.71"
"Netherlands","Estonia","Import","Copper","283325","Sulphates; of copper","2024","272.76"
"Netherlands","Estonia","Export","Copper","283325","Sulphates; of copper","2024","6.49"
"Netherlands","Ethiopia","Export","Copper","283325","Sulphates; of copper","2024","8188.21"
"Netherlands","Finland","Export","Copper","283325","Sulphates; of copper","2024","225765.08"
"Netherlands","Finland","Import","Copper","283325","Sulphates; of copper","2024","4.33"
"Netherlands","France","Export","Copper","283325","Sulphates; of copper","2024","2192107.26"
"Netherlands","France","Import","Copper","283325","Sulphates; of copper","2024","301.98"
"Netherlands","United Kingdom","Export","Copper","283325","Sulphates; of copper","2024","81045.4"
"Netherlands","United Kingdom","Import","Copper","283325","Sulphates; of copper","2024","33823.31"
"Netherlands","The Gambia","Export","Copper","283325","Sulphates; of copper","2024","4600.12"
"Netherlands","Greece","Import","Copper","283325","Sulphates; of copper","2024","1450.39"
"Netherlands","Greece","Export","Copper","283325","Sulphates; of copper","2024","491.4"
"Netherlands","Croatia","Import","Copper","283325","Sulphates; of copper","2024","19.48"
"Netherlands","Croatia","Export","Copper","283325","Sulphates; of copper","2024","15.15"
"Netherlands","Hungary","Export","Copper","283325","Sulphates; of copper","2024","19238.23"
"Netherlands","Hungary","Import","Copper","283325","Sulphates; of copper","2024","12.99"
"Netherlands","Indonesia","Import","Copper","283325","Sulphates; of copper","2024","9.74"
"Netherlands","India","Export","Copper","283325","Sulphates; of copper","2024","6891.52"
"Netherlands","Ireland","Import","Copper","283325","Sulphates; of copper","2024","73.6"
"Netherlands","Ireland","Export","Copper","283325","Sulphates; of copper","2024","6.49"
"Netherlands","Iran","Export","Copper","283325","Sulphates; of copper","2024","15.15"
"Netherlands","Iraq","Export","Copper","283325","Sulphates; of copper","2024","15.15"
"Netherlands","Israel","Export","Copper","283325","Sulphates; of copper","2024","157434.4"
"Netherlands","Italy","Export","Copper","283325","Sulphates; of copper","2024","31227.76"
"Netherlands","Italy","Import","Copper","283325","Sulphates; of copper","2024","147.2"
"Netherlands","Jordan","Import","Copper","283325","Sulphates; of copper","2024","1.08"
"Netherlands","Japan","Export","Copper","283325","Sulphates; of copper","2024","716.54"
"Netherlands","Japan","Import","Copper","283325","Sulphates; of copper","2024","232.71"
"Netherlands","Kenya","Export","Copper","283325","Sulphates; of copper","2024","19.48"
"Netherlands","Korea, Republic of","Export","Copper","283325","Sulphates; of copper","2024","10.82"
"Netherlands","Kuwait, the State of","Export","Copper","283325","Sulphates; of copper","2024","154.78"
"Netherlands","Sri Lanka","Export","Copper","283325","Sulphates; of copper","2024","37.88"
"Netherlands","Lithuania","Export","Copper","283325","Sulphates; of copper","2024","6745.4"
"Netherlands","Luxembourg","Export","Copper","283325","Sulphates; of copper","2024","23848.09"
"Netherlands","Luxembourg","Import","Copper","283325","Sulphates; of copper","2024","50.87"
"Netherlands","Latvia","Export","Copper","283325","Sulphates; of copper","2024","487.07"
"Netherlands","Latvia","Import","Copper","283325","Sulphates; of copper","2024","11.91"
"Netherlands","Morocco","Export","Copper","283325","Sulphates; of copper","2024","5162.95"
"Netherlands","Mexico","Import","Copper","283325","Sulphates; of copper","2024","723824.61"
"Netherlands","Mexico","Export","Copper","283325","Sulphates; of copper","2024","101.74"
"Netherlands","Malta","Import","Copper","283325","Sulphates; of copper","2024","4912651.07"
"Netherlands","Malta","Export","Copper","283325","Sulphates; of copper","2024","88.75"
"Netherlands","Mauritius","Export","Copper","283325","Sulphates; of copper","2024","29.22"
"Netherlands","Malaysia","Export","Copper","283325","Sulphates; of copper","2024","75.77"
"Netherlands","Norway","Export","Copper","283325","Sulphates; of copper","2024","863.74"
"Netherlands","New Zealand","Export","Copper","283325","Sulphates; of copper","2024","15580.87"
"Netherlands","Panama","Export","Copper","283325","Sulphates; of copper","2024","12115.08"
"Netherlands","Peru","Export","Copper","283325","Sulphates; of copper","2024","17.32"
"Netherlands","Poland","Import","Copper","283325","Sulphates; of copper","2024","5929925.26"
"Netherlands","Poland","Export","Copper","283325","Sulphates; of copper","2024","54427.5"
"Netherlands","Portugal","Export","Copper","283325","Sulphates; of copper","2024","41618.61"
"Netherlands","Portugal","Import","Copper","283325","Sulphates; of copper","2024","12.99"
"Netherlands","Romania","Export","Copper","283325","Sulphates; of copper","2024","5561.27"
"Netherlands","Romania","Import","Copper","283325","Sulphates; of copper","2024","44.38"
"Netherlands","Senegal","Export","Copper","283325","Sulphates; of copper","2024","37883.32"
"Netherlands","Singapore","Export","Copper","283325","Sulphates; of copper","2024","980.64"
"Netherlands","Singapore","Import","Copper","283325","Sulphates; of copper","2024","569.33"
"Netherlands","Suriname","Export","Copper","283325","Sulphates; of copper","2024","7993.38"
"Netherlands","Slovak Republic","Export","Copper","283325","Sulphates; of copper","2024","375.59"
"Netherlands","Slovak Republic","Import","Copper","283325","Sulphates; of copper","2024","8.66"
"Netherlands","Slovenia","Import","Copper","283325","Sulphates; of copper","2024","4876.12"
"Netherlands","Slovenia","Export","Copper","283325","Sulphates; of copper","2024","1592.18"
"Netherlands","Sweden","Export","Copper","283325","Sulphates; of copper","2024","712863.35"
"Netherlands","Sweden","Import","Copper","283325","Sulphates; of copper","2024","1467.71"
"Netherlands","Syrian Arab Republic","Export","Copper","283325","Sulphates; of copper","2024","76036.15"
"Netherlands","Thailand","Import","Copper","283325","Sulphates; of copper","2024","1.08"
"Netherlands","Trinidad and Tobago","Export","Copper","283325","Sulphates; of copper","2024","4464.82"
"Netherlands","Turkiye","Import","Copper","283325","Sulphates; of copper","2024","2528454.83"
"Netherlands","Turkiye","Export","Copper","283325","Sulphates; of copper","2024","208.9"
"Netherlands","Tanzania","Export","Copper","283325","Sulphates; of copper","2024","28.14"
"Netherlands","United States of America","Import","Copper","283325","Sulphates; of copper","2024","81112.51"
"Netherlands","United States of America","Export","Copper","283325","Sulphates; of copper","2024","5016.83"
"Netherlands","Uzbekistan","Export","Copper","283325","Sulphates; of copper","2024","29.22"
"Netherlands","Viet Nam","Export","Copper","283325","Sulphates; of copper","2024","404.81"
"Netherlands","World","Import","Copper","283325","Sulphates; of copper","2024","21094942.49"
"Netherlands","World","Export","Copper","283325","Sulphates; of copper","2024","11132629.35"
"Netherlands","South Africa","Import","Copper","283325","Sulphates; of copper","2024","37598.65"
"Netherlands","Zambia","Import","Copper","283325","Sulphates; of copper","2024","139.63"
"Norway","Chile","Import","Copper","282550","Copper oxides and hydroxides","2024","467634.2768515"
"Norway","China","Import","Copper","282550","Copper oxides and hydroxides","2024","254962.5436216"
"Norway","Germany","Import","Copper","282550","Copper oxides and hydroxides","2024","5773121.0856921"
"Norway","European Union","Import","Copper","282550","Copper oxides and hydroxides","2024","5990754.8352074"
"Norway","France","Import","Copper","282550","Copper oxides and hydroxides","2024","44967.0104692"
"Norway","United Kingdom","Import","Copper","282550","Copper oxides and hydroxides","2024","846.0953858"
"Norway","Netherlands","Import","Copper","282550","Copper oxides and hydroxides","2024","169351.5005816"
"Norway","Sweden","Import","Copper","282550","Copper oxides and hydroxides","2024","3315.2384645"
"Norway","United States of America","Import","Copper","282550","Copper oxides and hydroxides","2024","4690767.5222955"
"Norway","World","Import","Copper","282550","Copper oxides and hydroxides","2024","11404965.2733618"
"Norway","Germany","Export","Copper","282741","Chloride oxides and chloride hydroxides; of copper","2024","5327.27"
"Norway","Germany","Import","Copper","282741","Chloride oxides and chloride hydroxides; of copper","2024","189.934083"
"Norway","Denmark","Import","Copper","282741","Chloride oxides and chloride hydroxides; of copper","2024","3178.069019"
"Norway","European Union","Import","Copper","282741","Chloride oxides and chloride hydroxides; of copper","2024","82320.3722373"
"Norway","European Union","Export","Copper","282741","Chloride oxides and chloride hydroxides; of copper","2024","5327.27001953125"
"Norway","Netherlands","Import","Copper","282741","Chloride oxides and chloride hydroxides; of copper","2024","78952.3691353"
"Norway","United States of America","Export","Copper","282741","Chloride oxides and chloride hydroxides; of copper","2024","16283.71"
"Norway","World","Import","Copper","282741","Chloride oxides and chloride hydroxides; of copper","2024","82320.3722373"
"Norway","World","Export","Copper","282741","Chloride oxides and chloride hydroxides; of copper","2024","21610.98"
"Norway","China","Import","Copper","283325","Sulphates; of copper","2024","2925.5060101"
"Norway","Cabo Verde","Export","Copper","283325","Sulphates; of copper","2024","204.73"
"Norway","Germany","Import","Copper","283325","Sulphates; of copper","2024","102956.7429236"
"Norway","Denmark","Import","Copper","283325","Sulphates; of copper","2024","111059.7906165"
"Norway","European Union","Import","Copper","283325","Sulphates; of copper","2024","538514.2148118"
"Norway","France","Import","Copper","283325","Sulphates; of copper","2024","685.1958123"
"Norway","United Kingdom","Import","Copper","283325","Sulphates; of copper","2024","769.9728577"
"Norway","India","Import","Copper","283325","Sulphates; of copper","2024","1464.3815432"
"Norway","Italy","Import","Copper","283325","Sulphates; of copper","2024","11617.5261729"
"Norway","Malta","Import","Copper","283325","Sulphates; of copper","2024","64708.5226832"
"Norway","Netherlands","Import","Copper","283325","Sulphates; of copper","2024","813.6176813"
"Norway","Poland","Import","Copper","283325","Sulphates; of copper","2024","232572.9352462"
"Norway","Serbia","Import","Copper","283325","Sulphates; of copper","2024","9441.240791"
"Norway","Sweden","Import","Copper","283325","Sulphates; of copper","2024","14099.8836758"
"Norway","Turkiye","Import","Copper","283325","Sulphates; of copper","2024","135965.1647926"
"Norway","United States of America","Import","Copper","283325","Sulphates; of copper","2024","4829.6859248"
"Norway","World","Import","Copper","283325","Sulphates; of copper","2024","693910.1667312"
"Norway","World","Export","Copper","283325","Sulphates; of copper","2024","204.73"
"New Zealand","United States of America","Import","Copper","260300","Copper ores and concentrates","2024","8975.93"
"New Zealand","World","Import","Copper","260300","Copper ores and concentrates","2024","8975.93"
"New Zealand","Australia","Import","Copper","282550","Copper oxides and hydroxides","2024","10049996.39"
"New Zealand","China","Import","Copper","282550","Copper oxides and hydroxides","2024","50137.74"
"New Zealand","Germany","Import","Copper","282550","Copper oxides and hydroxides","2024","1259.45"
"New Zealand","European Union","Import","Copper","282550","Copper oxides and hydroxides","2024","9380.81"
"New Zealand","United Kingdom","Import","Copper","282550","Copper oxides and hydroxides","2024","166035.59"
"New Zealand","India","Import","Copper","282550","Copper oxides and hydroxides","2024","987.71"
"New Zealand","Japan","Import","Copper","282550","Copper oxides and hydroxides","2024","42.37"
"New Zealand","Norway","Import","Copper","282550","Copper oxides and hydroxides","2024","14187.42"
"New Zealand","Sweden","Import","Copper","282550","Copper oxides and hydroxides","2024","8121.36"
"New Zealand","United States of America","Import","Copper","282550","Copper oxides and hydroxides","2024","1925791.87"
"New Zealand","Vanuatu","Export","Copper","282550","Copper oxides and hydroxides","2024","3161.64"
"New Zealand","World","Import","Copper","282550","Copper oxides and hydroxides","2024","12216559.9"
"New Zealand","World","Export","Copper","282550","Copper oxides and hydroxides","2024","3161.64"
"New Zealand","Australia","Import","Copper","283325","Sulphates; of copper","2024","5544.36"
"New Zealand","Australia","Export","Copper","283325","Sulphates; of copper","2024","2676.86"
"New Zealand","China","Import","Copper","283325","Sulphates; of copper","2024","278018.32"
"New Zealand","Chinese Taipei","Import","Copper","283325","Sulphates; of copper","2024","3068677.82"
"New Zealand","Germany","Import","Copper","283325","Sulphates; of copper","2024","13859.4"
"New Zealand","European Union","Import","Copper","283325","Sulphates; of copper","2024","32918.19"
"New Zealand","Spain","Import","Copper","283325","Sulphates; of copper","2024","26.63"
"New Zealand","Fiji","Export","Copper","283325","Sulphates; of copper","2024","6663.4"
"New Zealand","Indonesia","Import","Copper","283325","Sulphates; of copper","2024","67279.82"
"New Zealand","India","Import","Copper","283325","Sulphates; of copper","2024","23350.97"
"New Zealand","Italy","Import","Copper","283325","Sulphates; of copper","2024","96.83"
"New Zealand","Japan","Import","Copper","283325","Sulphates; of copper","2024","2888.69"
"New Zealand","Malaysia","Import","Copper","283325","Sulphates; of copper","2024","67279.82"
"New Zealand","Sweden","Import","Copper","283325","Sulphates; of copper","2024","18935.33"
"New Zealand","United States of America","Import","Copper","283325","Sulphates; of copper","2024","15201.16"
"New Zealand","World","Import","Copper","283325","Sulphates; of copper","2024","3561159.15"
"New Zealand","World","Export","Copper","283325","Sulphates; of copper","2024","9340.26"
"Oman","United Arab Emirates","Import","Copper","260300","Copper ores and concentrates","2024","184697.01"
"Oman","United Arab Emirates","Export","Copper","260300","Copper ores and concentrates","2024","200.26"
"Oman","China","Export","Copper","260300","Copper ores and concentrates","2024","36652192.4"
"Oman","Japan","Import","Copper","260300","Copper ores and concentrates","2024","1060936.28"
"Oman","United States of America","Export","Copper","260300","Copper ores and concentrates","2024","2041.61"
"Oman","World","Export","Copper","260300","Copper ores and concentrates","2024","36654434.27"
"Oman","World","Import","Copper","260300","Copper ores and concentrates","2024","1245633.29"
"Oman","United Arab Emirates","Export","Copper","262030","Slag, ash and residues; (not from the manufacture of iron or steel), containing mainly copper","2024","3476587.77"
"Oman","United Arab Emirates","Import","Copper","262030","Slag, ash and residues; (not from the manufacture of iron or steel), containing mainly copper","2024","52.02"
"Oman","Bahrain, Kingdom of","Export","Copper","262030","Slag, ash and residues; (not from the manufacture of iron or steel), containing mainly copper","2024","75498.05"
"Oman","India","Export","Copper","262030","Slag, ash and residues; (not from the manufacture of iron or steel), containing mainly copper","2024","254658"
"Oman","Iraq","Export","Copper","262030","Slag, ash and residues; (not from the manufacture of iron or steel), containing mainly copper","2024","2291.29"
"Oman","Jordan","Export","Copper","262030","Slag, ash and residues; (not from the manufacture of iron or steel), containing mainly copper","2024","2114.43"
"Oman","Japan","Import","Copper","262030","Slag, ash and residues; (not from the manufacture of iron or steel), containing mainly copper","2024","2512416.12"
"Oman","Sri Lanka","Export","Copper","262030","Slag, ash and residues; (not from the manufacture of iron or steel), containing mainly copper","2024","22085.83"
"Oman","Malaysia","Export","Copper","262030","Slag, ash and residues; (not from the manufacture of iron or steel), containing mainly copper","2024","11609.88"
"Oman","Nigeria","Export","Copper","262030","Slag, ash and residues; (not from the manufacture of iron or steel), containing mainly copper","2024","5599.48"
"Oman","Pakistan","Export","Copper","262030","Slag, ash and residues; (not from the manufacture of iron or steel), containing mainly copper","2024","33414.82"
"Oman","Qatar","Export","Copper","262030","Slag, ash and residues; (not from the manufacture of iron or steel), containing mainly copper","2024","654260.08"
"Oman","Saudi Arabia, Kingdom of","Export","Copper","262030","Slag, ash and residues; (not from the manufacture of iron or steel), containing mainly copper","2024","1164486.34"
"Oman","World","Export","Copper","262030","Slag, ash and residues; (not from the manufacture of iron or steel), containing mainly copper","2024","5702605.97"
"Oman","World","Import","Copper","262030","Slag, ash and residues; (not from the manufacture of iron or steel), containing mainly copper","2024","2512468.14"
"Oman","China","Import","Copper","282550","Copper oxides and hydroxides","2024","16020.81"
"Oman","United Kingdom","Import","Copper","282550","Copper oxides and hydroxides","2024","205.46"
"Oman","India","Import","Copper","282550","Copper oxides and hydroxides","2024","137.84"
"Oman","Qatar","Import","Copper","282550","Copper oxides and hydroxides","2024","132.64"
"Oman","Turkiye","Import","Copper","282550","Copper oxides and hydroxides","2024","117.03"
"Oman","World","Import","Copper","282550","Copper oxides and hydroxides","2024","16613.78"
"Oman","United Arab Emirates","Import","Copper","282741","Chloride oxides and chloride hydroxides; of copper","2024","522.76"
"Oman","India","Import","Copper","282741","Chloride oxides and chloride hydroxides; of copper","2024","338.1"
"Oman","Qatar","Import","Copper","282741","Chloride oxides and chloride hydroxides; of copper","2024","44.21"
"Oman","World","Import","Copper","282741","Chloride oxides and chloride hydroxides; of copper","2024","905.07"
"Oman","United Arab Emirates","Import","Copper","283325","Sulphates; of copper","2024","1211.96"
"Oman","European Union","Import","Copper","283325","Sulphates; of copper","2024","148.24"
"Oman","France","Import","Copper","283325","Sulphates; of copper","2024","148.24"
"Oman","United Kingdom","Import","Copper","283325","Sulphates; of copper","2024","18.2"
"Oman","India","Import","Copper","283325","Sulphates; of copper","2024","639.79"
"Oman","Qatar","Import","Copper","283325","Sulphates; of copper","2024","33.81"
"Oman","Turkiye","Import","Copper","283325","Sulphates; of copper","2024","1029.91"
"Oman","United States of America","Import","Copper","283325","Sulphates; of copper","2024","49.41"
"Oman","World","Import","Copper","283325","Sulphates; of copper","2024","3131.32"
"Pakistan","Bahrain, Kingdom of","Export","Copper","260300","Copper ores and concentrates","2024","293.96"
"Pakistan","China","Export","Copper","260300","Copper ores and concentrates","2024","3861351.25"
"Pakistan","Indonesia","Export","Copper","260300","Copper ores and concentrates","2024","44469.31"
"Pakistan","Thailand","Export","Copper","260300","Copper ores and concentrates","2024","87072.86"
"Pakistan","World","Export","Copper","260300","Copper ores and concentrates","2024","3993187.38"
"Pakistan","European Union","Import","Copper","262030","Slag, ash and residues; (not from the manufacture of iron or steel), containing mainly copper","2024","7160.34"
"Pakistan","France","Import","Copper","262030","Slag, ash and residues; (not from the manufacture of iron or steel), containing mainly copper","2024","7160.34"
"Pakistan","Malaysia","Export","Copper","262030","Slag, ash and residues; (not from the manufacture of iron or steel), containing mainly copper","2024","309.9"
"Pakistan","Oman","Import","Copper","262030","Slag, ash and residues; (not from the manufacture of iron or steel), containing mainly copper","2024","33859.28"
"Pakistan","Thailand","Export","Copper","262030","Slag, ash and residues; (not from the manufacture of iron or steel), containing mainly copper","2024","20204.13"
"Pakistan","World","Import","Copper","262030","Slag, ash and residues; (not from the manufacture of iron or steel), containing mainly copper","2024","41019.62"
"Pakistan","World","Export","Copper","262030","Slag, ash and residues; (not from the manufacture of iron or steel), containing mainly copper","2024","20514.03"
"Pakistan","Hong Kong, China","Import","Copper","282550","Copper oxides and hydroxides","2024","36.62"
"Pakistan","Korea, Republic of","Export","Copper","282550","Copper oxides and hydroxides","2024","455481.87"
"Pakistan","Norway","Import","Copper","282550","Copper oxides and hydroxides","2024","2067.19"
"Pakistan","World","Export","Copper","282550","Copper oxides and hydroxides","2024","455481.87"
"Pakistan","World","Import","Copper","282550","Copper oxides and hydroxides","2024","2103.81"
"Pakistan","China","Import","Copper","282741","Chloride oxides and chloride hydroxides; of copper","2024","71219.59"
"Pakistan","Korea, Republic of","Import","Copper","282741","Chloride oxides and chloride hydroxides; of copper","2024","14.46"
"Pakistan","United States of America","Import","Copper","282741","Chloride oxides and chloride hydroxides; of copper","2024","84.42"
"Pakistan","World","Import","Copper","282741","Chloride oxides and chloride hydroxides; of copper","2024","71318.47"
"Pakistan","Brazil","Import","Copper","283325","Sulphates; of copper","2024","75823.93"
"Pakistan","China","Import","Copper","283325","Sulphates; of copper","2024","569529.68"
"Pakistan","Chinese Taipei","Import","Copper","283325","Sulphates; of copper","2024","377295.26"
"Pakistan","Germany","Import","Copper","283325","Sulphates; of copper","2024","24070.77"
"Pakistan","European Union","Import","Copper","283325","Sulphates; of copper","2024","61706.27"
"Pakistan","Spain","Import","Copper","283325","Sulphates; of copper","2024","36619.39"
"Pakistan","France","Import","Copper","283325","Sulphates; of copper","2024","49.98"
"Pakistan","United Kingdom","Import","Copper","283325","Sulphates; of copper","2024","107.82"
"Pakistan","India","Import","Copper","283325","Sulphates; of copper","2024","14241.58"
"Pakistan","Italy","Import","Copper","283325","Sulphates; of copper","2024","966.13"
"Pakistan","Japan","Import","Copper","283325","Sulphates; of copper","2024","5171.1"
"Pakistan","Korea, Republic of","Import","Copper","283325","Sulphates; of copper","2024","330.43"
"Pakistan","Turkiye","Import","Copper","283325","Sulphates; of copper","2024","75919.74"
"Pakistan","United States of America","Import","Copper","283325","Sulphates; of copper","2024","31.05"
"Pakistan","Viet Nam","Import","Copper","283325","Sulphates; of copper","2024","69359.48"
"Pakistan","World","Import","Copper","283325","Sulphates; of copper","2024","1249516.34"
"Panama","Mexico","Import","Copper","282550","Copper oxides and hydroxides","2024","5499"
"Panama","World","Import","Copper","282550","Copper oxides and hydroxides","2024","5499"
"Panama","China","Import","Copper","283325","Sulphates; of copper","2024","45909"
"Panama","European Union","Import","Copper","283325","Sulphates; of copper","2024","13327"
"Panama","Mexico","Import","Copper","283325","Sulphates; of copper","2024","31536"
"Panama","Netherlands","Import","Copper","283325","Sulphates; of copper","2024","13327"
"Panama","Peru","Import","Copper","283325","Sulphates; of copper","2024","6746"
"Panama","United States of America","Import","Copper","283325","Sulphates; of copper","2024","10407"
"Panama","World","Import","Copper","283325","Sulphates; of copper","2024","107925"
"Peru","Australia","Export","Copper","260300","Copper ores and concentrates","2024","33275.52"
"Peru","Bulgaria","Export","Copper","260300","Copper ores and concentrates","2024","280972526.75"
"Peru","Bolivia, Plurinational State of","Import","Copper","260300","Copper ores and concentrates","2024","8296974.44"
"Peru","Brazil","Export","Copper","260300","Copper ores and concentrates","2024","1700.01"
"Peru","Brazil","Import","Copper","260300","Copper ores and concentrates","2024","740.14"
"Peru","Canada","Export","Copper","260300","Copper ores and concentrates","2024","18774606.82"
"Peru","Switzerland","Export","Copper","260300","Copper ores and concentrates","2024","4358763.91"
"Peru","Chile","Export","Copper","260300","Copper ores and concentrates","2024","33211113.08"
"Peru","Chile","Import","Copper","260300","Copper ores and concentrates","2024","70169.02"
"Peru","China","Export","Copper","260300","Copper ores and concentrates","2024","15432371398.6"
"Peru","Chinese Taipei","Export","Copper","260300","Copper ores and concentrates","2024","165165800.88"
"Peru","Germany","Export","Copper","260300","Copper ores and concentrates","2024","348677277.77"
"Peru","Germany","Import","Copper","260300","Copper ores and concentrates","2024","4536.1"
"Peru","Ecuador","Import","Copper","260300","Copper ores and concentrates","2024","54976576.51"
"Peru","European Union","Export","Copper","260300","Copper ores and concentrates","2024","1548895232"
"Peru","European Union","Import","Copper","260300","Copper ores and concentrates","2024","5570.17"
"Peru","Spain","Export","Copper","260300","Copper ores and concentrates","2024","663216965.23"
"Peru","Spain","Import","Copper","260300","Copper ores and concentrates","2024","1034.07"
"Peru","Finland","Export","Copper","260300","Copper ores and concentrates","2024","150212671.67"
"Peru","United Kingdom","Import","Copper","260300","Copper ores and concentrates","2024","615.84"
"Peru","India","Export","Copper","260300","Copper ores and concentrates","2024","372235806.11"
"Peru","Italy","Export","Copper","260300","Copper ores and concentrates","2024","4028593.5"
"Peru","Japan","Export","Copper","260300","Copper ores and concentrates","2024","1824933989.4"
"Peru","Japan","Import","Copper","260300","Copper ores and concentrates","2024","6988.13"
"Peru","Cambodia","Export","Copper","260300","Copper ores and concentrates","2024","2363799.24"
"Peru","Korea, Republic of","Export","Copper","260300","Copper ores and concentrates","2024","602860604.72"
"Peru","Korea, Republic of","Import","Copper","260300","Copper ores and concentrates","2024","823.28"
"Peru","Mexico","Import","Copper","260300","Copper ores and concentrates","2024","21719999.46"
"Peru","Mexico","Export","Copper","260300","Copper ores and concentrates","2024","7409171.42"
"Peru","Malaysia","Export","Copper","260300","Copper ores and concentrates","2024","82200333.45"
"Peru","Namibia","Export","Copper","260300","Copper ores and concentrates","2024","213582226.54"
"Peru","Netherlands","Export","Copper","260300","Copper ores and concentrates","2024","1285.15"
"Peru","Philippines","Export","Copper","260300","Copper ores and concentrates","2024","178581200.06"
"Peru","Saudi Arabia, Kingdom of","Import","Copper","260300","Copper ores and concentrates","2024","14182398.3"
"Peru","Singapore","Export","Copper","260300","Copper ores and concentrates","2024","2081493.28"
"Peru","Sweden","Export","Copper","260300","Copper ores and concentrates","2024","101785944.91"
"Peru","United States of America","Import","Copper","260300","Copper ores and concentrates","2024","779.9"
"Peru","United States of America","Export","Copper","260300","Copper ores and concentrates","2024","655.01"
"Peru","World","Export","Copper","260300","Copper ores and concentrates","2024","20489169474.14"
"Peru","World","Import","Copper","260300","Copper ores and concentrates","2024","99261635.18999998"
"Peru","South Africa","Export","Copper","260300","Copper ores and concentrates","2024","108271.11"
"Peru","Canada","Export","Copper","262030","Slag, ash and residues; (not from the manufacture of iron or steel), containing mainly copper","2024","10396.28"
"Peru","World","Export","Copper","262030","Slag, ash and residues; (not from the manufacture of iron or steel), containing mainly copper","2024","10396.28"
"Peru","Australia","Export","Copper","282550","Copper oxides and hydroxides","2024","95904"
"Peru","Brazil","Export","Copper","282550","Copper oxides and hydroxides","2024","2544941.75"
"Peru","Chile","Export","Copper","282550","Copper oxides and hydroxides","2024","3612692.38"
"Peru","China","Import","Copper","282550","Copper oxides and hydroxides","2024","169229.2"
"Peru","Colombia","Export","Copper","282550","Copper oxides and hydroxides","2024","79971.9"
"Peru","Germany","Export","Copper","282550","Copper oxides and hydroxides","2024","152395"
"Peru","Germany","Import","Copper","282550","Copper oxides and hydroxides","2024","2812.25"
"Peru","European Union","Export","Copper","282550","Copper oxides and hydroxides","2024","6322319"
"Peru","European Union","Import","Copper","282550","Copper oxides and hydroxides","2024","16915.74"
"Peru","Spain","Export","Copper","282550","Copper oxides and hydroxides","2024","1352986.2"
"Peru","Spain","Import","Copper","282550","Copper oxides and hydroxides","2024","14103.49"
"Peru","India","Import","Copper","282550","Copper oxides and hydroxides","2024","5941.34"
"Peru","Italy","Export","Copper","282550","Copper oxides and hydroxides","2024","3512573.5"
"Peru","Jordan","Export","Copper","282550","Copper oxides and hydroxides","2024","74527.61"
"Peru","Norway","Import","Copper","282550","Copper oxides and hydroxides","2024","192249.92"
"Peru","Portugal","Export","Copper","282550","Copper oxides and hydroxides","2024","1304364.42"
"Peru","Singapore","Import","Copper","282550","Copper oxides and hydroxides","2024","96514.07"
"Peru","United States of America","Export","Copper","282550","Copper oxides and hydroxides","2024","579867.66"
"Peru","United States of America","Import","Copper","282550","Copper oxides and hydroxides","2024","470027.99"
"Peru","World","Export","Copper","282550","Copper oxides and hydroxides","2024","16458527.41"
"Peru","World","Import","Copper","282550","Copper oxides and hydroxides","2024","950878.26"
"Peru","South Africa","Export","Copper","282550","Copper oxides and hydroxides","2024","3148302.99"
"Peru","Belgium","Export","Copper","282741","Chloride oxides and chloride hydroxides; of copper","2024","839407"
"Peru","Brazil","Export","Copper","282741","Chloride oxides and chloride hydroxides; of copper","2024","1546695"
"Peru","China","Import","Copper","282741","Chloride oxides and chloride hydroxides; of copper","2024","146250"
"Peru","European Union","Export","Copper","282741","Chloride oxides and chloride hydroxides; of copper","2024","3189946.25"
"Peru","Spain","Export","Copper","282741","Chloride oxides and chloride hydroxides; of copper","2024","1025756"
"Peru","Greece","Export","Copper","282741","Chloride oxides and chloride hydroxides; of copper","2024","29770.53"
"Peru","India","Import","Copper","282741","Chloride oxides and chloride hydroxides; of copper","2024","413.37"
"Peru","Jordan","Export","Copper","282741","Chloride oxides and chloride hydroxides; of copper","2024","135165.01"
"Peru","Portugal","Export","Copper","282741","Chloride oxides and chloride hydroxides; of copper","2024","1295012.62"
"Peru","United States of America","Export","Copper","282741","Chloride oxides and chloride hydroxides; of copper","2024","459760.84"
"Peru","United States of America","Import","Copper","282741","Chloride oxides and chloride hydroxides; of copper","2024","496.74"
"Peru","World","Export","Copper","282741","Chloride oxides and chloride hydroxides; of copper","2024","5331567"
"Peru","World","Import","Copper","282741","Chloride oxides and chloride hydroxides; of copper","2024","147160.11"
"Peru","Argentina","Export","Copper","283325","Sulphates; of copper","2024","197582.27"
"Peru","Australia","Export","Copper","283325","Sulphates; of copper","2024","442378.4"
"Peru","Bolivia, Plurinational State of","Export","Copper","283325","Sulphates; of copper","2024","5038267.62"
"Peru","Brazil","Export","Copper","283325","Sulphates; of copper","2024","415162.2"
"Peru","Canada","Export","Copper","283325","Sulphates; of copper","2024","1617610.15"
"Peru","Chile","Export","Copper","283325","Sulphates; of copper","2024","807561.87"
"Peru","China","Import","Copper","283325","Sulphates; of copper","2024","24801.92"
"Peru","Colombia","Export","Copper","283325","Sulphates; of copper","2024","584225.67"
"Peru","Costa Rica","Export","Copper","283325","Sulphates; of copper","2024","309661.7"
"Peru","Germany","Import","Copper","283325","Sulphates; of copper","2024","4125.58"
"Peru","Dominican Republic","Export","Copper","283325","Sulphates; of copper","2024","380876.66"
"Peru","Ecuador","Export","Copper","283325","Sulphates; of copper","2024","5774086.47"
"Peru","European Union","Export","Copper","283325","Sulphates; of copper","2024","1215122"
"Peru","European Union","Import","Copper","283325","Sulphates; of copper","2024","29740.57"
"Peru","Spain","Export","Copper","283325","Sulphates; of copper","2024","788909.25"
"Peru","Spain","Import","Copper","283325","Sulphates; of copper","2024","24466.95"
"Peru","United Kingdom","Import","Copper","283325","Sulphates; of copper","2024","55.61"
"Peru","Greece","Export","Copper","283325","Sulphates; of copper","2024","239782.75"
"Peru","Guatemala","Export","Copper","283325","Sulphates; of copper","2024","300889.74"
"Peru","India","Import","Copper","283325","Sulphates; of copper","2024","722.81"
"Peru","Italy","Export","Copper","283325","Sulphates; of copper","2024","117478"
"Peru","Italy","Import","Copper","283325","Sulphates; of copper","2024","1148.04"
"Peru","Japan","Import","Copper","283325","Sulphates; of copper","2024","245.44"
"Peru","Mexico","Export","Copper","283325","Sulphates; of copper","2024","66891"
"Peru","Mexico","Import","Copper","283325","Sulphates; of copper","2024","868.39"
"Peru","Nicaragua","Export","Copper","283325","Sulphates; of copper","2024","57914"
"Peru","Portugal","Export","Copper","283325","Sulphates; of copper","2024","68952.01"
"Peru","Suriname","Export","Copper","283325","Sulphates; of copper","2024","340347"
"Peru","Uruguay","Export","Copper","283325","Sulphates; of copper","2024","14261.55"
"Peru","United States of America","Export","Copper","283325","Sulphates; of copper","2024","9413437.71"
"Peru","United States of America","Import","Copper","283325","Sulphates; of copper","2024","2048.64"
"Peru","Venezuela, Bolivarian Republic of","Export","Copper","283325","Sulphates; of copper","2024","634160"
"Peru","World","Export","Copper","283325","Sulphates; of copper","2024","27610436.02"
"Peru","World","Import","Copper","283325","Sulphates; of copper","2024","58483.38"
"Philippines","Australia","Import","Copper","260300","Copper ores and concentrates","2024","857676253"
"Philippines","Brazil","Import","Copper","260300","Copper ores and concentrates","2024","158945340"
"Philippines","Canada","Import","Copper","260300","Copper ores and concentrates","2024","52047822"
"Philippines","Chile","Import","Copper","260300","Copper ores and concentrates","2024","278198276"
"Philippines","China","Export","Copper","260300","Copper ores and concentrates","2024","1038822263"
"Philippines","China","Import","Copper","260300","Copper ores and concentrates","2024","26133341"
"Philippines","Chinese Taipei","Import","Copper","260300","Copper ores and concentrates","2024","1078606"
"Philippines","Chinese Taipei","Export","Copper","260300","Copper ores and concentrates","2024","38134"
"Philippines","Germany","Import","Copper","260300","Copper ores and concentrates","2024","3338845"
"Philippines","European Union","Import","Copper","260300","Copper ores and concentrates","2024","46287254"
"Philippines","Indonesia","Import","Copper","260300","Copper ores and concentrates","2024","338822745"
"Philippines","India","Export","Copper","260300","Copper ores and concentrates","2024","50736328"
"Philippines","Japan","Export","Copper","260300","Copper ores and concentrates","2024","131616031"
"Philippines","Japan","Import","Copper","260300","Copper ores and concentrates","2024","235"
"Philippines","Korea, Republic of","Export","Copper","260300","Copper ores and concentrates","2024","84196748"
"Philippines","Mexico","Import","Copper","260300","Copper ores and concentrates","2024","104777691"
"Philippines","Malaysia","Export","Copper","260300","Copper ores and concentrates","2024","78720"
"Philippines","Oman","Export","Copper","260300","Copper ores and concentrates","2024","92000"
"Philippines","Peru","Import","Copper","260300","Copper ores and concentrates","2024","280738196"
"Philippines","Papua New Guinea","Import","Copper","260300","Copper ores and concentrates","2024","172904342"
"Philippines","Romania","Import","Copper","260300","Copper ores and concentrates","2024","42948409"
"Philippines","Thailand","Export","Copper","260300","Copper ores and concentrates","2024","12500"
"Philippines","United States of America","Import","Copper","260300","Copper ores and concentrates","2024","482830"
"Philippines","World","Import","Copper","260300","Copper ores and concentrates","2024","2318092931"
"Philippines","World","Export","Copper","260300","Copper ores and concentrates","2024","1305592724"
"Philippines","Japan","Export","Copper","262030","Slag, ash and residues; (not from the manufacture of iron or steel), containing mainly copper","2024","320536"
"Philippines","Japan","Import","Copper","262030","Slag, ash and residues; (not from the manufacture of iron or steel), containing mainly copper","2024","265180"
"Philippines","Mexico","Import","Copper","262030","Slag, ash and residues; (not from the manufacture of iron or steel), containing mainly copper","2024","50048348"
"Philippines","World","Import","Copper","262030","Slag, ash and residues; (not from the manufacture of iron or steel), containing mainly copper","2024","50313528"
"Philippines","World","Export","Copper","262030","Slag, ash and residues; (not from the manufacture of iron or steel), containing mainly copper","2024","320536"
"Philippines","Australia","Export","Copper","282550","Copper oxides and hydroxides","2024","130908"
"Philippines","Chinese Taipei","Import","Copper","282550","Copper oxides and hydroxides","2024","1989076"
"Philippines","Germany","Import","Copper","282550","Copper oxides and hydroxides","2024","698"
"Philippines","European Union","Import","Copper","282550","Copper oxides and hydroxides","2024","698"
"Philippines","Japan","Import","Copper","282550","Copper oxides and hydroxides","2024","56699"
"Philippines","Korea, Republic of","Import","Copper","282550","Copper oxides and hydroxides","2024","295246"
"Philippines","Norway","Import","Copper","282550","Copper oxides and hydroxides","2024","354870"
"Philippines","United States of America","Import","Copper","282550","Copper oxides and hydroxides","2024","1005496"
"Philippines","World","Import","Copper","282550","Copper oxides and hydroxides","2024","3702085"
"Philippines","World","Export","Copper","282550","Copper oxides and hydroxides","2024","130908"
"Philippines","China","Import","Copper","282741","Chloride oxides and chloride hydroxides; of copper","2024","1070949"
"Philippines","Chinese Taipei","Import","Copper","282741","Chloride oxides and chloride hydroxides; of copper","2024","166"
"Philippines","Japan","Import","Copper","282741","Chloride oxides and chloride hydroxides; of copper","2024","2758"
"Philippines","World","Import","Copper","282741","Chloride oxides and chloride hydroxides; of copper","2024","1073873"
"Philippines","Angola","Import","Copper","283325","Sulphates; of copper","2024","32865"
"Philippines","Belgium","Import","Copper","283325","Sulphates; of copper","2024","534"
"Philippines","China","Import","Copper","283325","Sulphates; of copper","2024","2722957"
"Philippines","Chinese Taipei","Import","Copper","283325","Sulphates; of copper","2024","5608602"
"Philippines","Germany","Import","Copper","283325","Sulphates; of copper","2024","6529"
"Philippines","European Union","Import","Copper","283325","Sulphates; of copper","2024","15076"
"Philippines","Spain","Import","Copper","283325","Sulphates; of copper","2024","1799"
"Philippines","France","Import","Copper","283325","Sulphates; of copper","2024","6214"
"Philippines","India","Import","Copper","283325","Sulphates; of copper","2024","22470"
"Philippines","Japan","Import","Copper","283325","Sulphates; of copper","2024","233322"
"Philippines","Korea, Republic of","Import","Copper","283325","Sulphates; of copper","2024","4716"
"Philippines","Malaysia","Import","Copper","283325","Sulphates; of copper","2024","69220"
"Philippines","Singapore","Import","Copper","283325","Sulphates; of copper","2024","318"
"Philippines","Thailand","Import","Copper","283325","Sulphates; of copper","2024","429000"
"Philippines","United States of America","Import","Copper","283325","Sulphates; of copper","2024","39159"
"Philippines","Viet Nam","Import","Copper","283325","Sulphates; of copper","2024","138348"
"Philippines","World","Import","Copper","283325","Sulphates; of copper","2024","9316053"
"Poland","Belgium","Export","Copper","260300","Copper ores and concentrates","2024","467834"
"Poland","Bulgaria","Import","Copper","260300","Copper ores and concentrates","2024","992836"
"Poland","Brazil","Import","Copper","260300","Copper ores and concentrates","2024","613647260"
"Poland","China","Import","Copper","260300","Copper ores and concentrates","2024","34"
"Poland","Congo","Import","Copper","260300","Copper ores and concentrates","2024","6949143"
"Poland","Spain","Import","Copper","260300","Copper ores and concentrates","2024","1173"
"Poland","France","Import","Copper","260300","Copper ores and concentrates","2024","43945"
"Poland","Indonesia","Export","Copper","260300","Copper ores and concentrates","2024","80640"
"Poland","Italy","Import","Copper","260300","Copper ores and concentrates","2024","54"
"Poland","Cambodia","Export","Copper","260300","Copper ores and concentrates","2024","393328"
"Poland","Korea, Republic of","Export","Copper","260300","Copper ores and concentrates","2024","263096"
"Poland","Netherlands","Export","Copper","260300","Copper ores and concentrates","2024","590991"
"Poland","Norway","Import","Copper","260300","Copper ores and concentrates","2024","290"
"Poland","World","Import","Copper","260300","Copper ores and concentrates","2024","621634735"
"Poland","World","Export","Copper","260300","Copper ores and concentrates","2024","1795889"
"Poland","Germany","Export","Copper","262030","Slag, ash and residues; (not from the manufacture of iron or steel), containing mainly copper","2024","2125248"
"Poland","Germany","Import","Copper","262030","Slag, ash and residues; (not from the manufacture of iron or steel), containing mainly copper","2024","11463"
"Poland","Italy","Export","Copper","262030","Slag, ash and residues; (not from the manufacture of iron or steel), containing mainly copper","2024","553696"
"Poland","Norway","Import","Copper","262030","Slag, ash and residues; (not from the manufacture of iron or steel), containing mainly copper","2024","34"
"Poland","World","Export","Copper","262030","Slag, ash and residues; (not from the manufacture of iron or steel), containing mainly copper","2024","2678944"
"Poland","World","Import","Copper","262030","Slag, ash and residues; (not from the manufacture of iron or steel), containing mainly copper","2024","11497"
"Poland","Armenia","Export","Copper","282550","Copper oxides and hydroxides","2024","554"
"Poland","Belgium","Import","Copper","282550","Copper oxides and hydroxides","2024","31469"
"Poland","Belarus","Export","Copper","282550","Copper oxides and hydroxides","2024","23517"
"Poland","China","Import","Copper","282550","Copper oxides and hydroxides","2024","977926"
"Poland","Czech Republic","Export","Copper","282550","Copper oxides and hydroxides","2024","10225"
"Poland","Germany","Import","Copper","282550","Copper oxides and hydroxides","2024","3068044"
"Poland","Germany","Export","Copper","282550","Copper oxides and hydroxides","2024","153973"
"Poland","Spain","Export","Copper","282550","Copper oxides and hydroxides","2024","11810"
"Poland","France","Import","Copper","282550","Copper oxides and hydroxides","2024","49525"
"Poland","United Kingdom","Import","Copper","282550","Copper oxides and hydroxides","2024","1044"
"Poland","Croatia","Export","Copper","282550","Copper oxides and hydroxides","2024","27036"
"Poland","Hungary","Export","Copper","282550","Copper oxides and hydroxides","2024","4907"
"Poland","India","Import","Copper","282550","Copper oxides and hydroxides","2024","81"
"Poland","Italy","Import","Copper","282550","Copper oxides and hydroxides","2024","511952"
"Poland","Lithuania","Export","Copper","282550","Copper oxides and hydroxides","2024","11350"
"Poland","Moldova, Republic of","Export","Copper","282550","Copper oxides and hydroxides","2024","21696"
"Poland","Netherlands","Import","Copper","282550","Copper oxides and hydroxides","2024","29389"
"Poland","Romania","Export","Copper","282550","Copper oxides and hydroxides","2024","4837"
"Poland","Slovak Republic","Export","Copper","282550","Copper oxides and hydroxides","2024","540"
"Poland","Turkiye","Import","Copper","282550","Copper oxides and hydroxides","2024","1052"
"Poland","Ukraine","Export","Copper","282550","Copper oxides and hydroxides","2024","7301"
"Poland","United States of America","Import","Copper","282550","Copper oxides and hydroxides","2024","3742571"
"Poland","World","Import","Copper","282550","Copper oxides and hydroxides","2024","8413053"
"Poland","World","Export","Copper","282550","Copper oxides and hydroxides","2024","277746"
"Poland","Austria","Import","Copper","282741","Chloride oxides and chloride hydroxides; of copper","2024","225"
"Poland","China","Import","Copper","282741","Chloride oxides and chloride hydroxides; of copper","2024","49863"
"Poland","Germany","Import","Copper","282741","Chloride oxides and chloride hydroxides; of copper","2024","471533"
"Poland","Spain","Import","Copper","282741","Chloride oxides and chloride hydroxides; of copper","2024","237357"
"Poland","India","Import","Copper","282741","Chloride oxides and chloride hydroxides; of copper","2024","702617"
"Poland","Italy","Export","Copper","282741","Chloride oxides and chloride hydroxides; of copper","2024","768609"
"Poland","Netherlands","Import","Copper","282741","Chloride oxides and chloride hydroxides; of copper","2024","16080"
"Poland","Slovenia","Import","Copper","282741","Chloride oxides and chloride hydroxides; of copper","2024","330786"
"Poland","World","Import","Copper","282741","Chloride oxides and chloride hydroxides; of copper","2024","1808461"
"Poland","World","Export","Copper","282741","Chloride oxides and chloride hydroxides; of copper","2024","768609"
"Poland","Austria","Export","Copper","283325","Sulphates; of copper","2024","703228"
"Poland","Belgium","Export","Copper","283325","Sulphates; of copper","2024","2321313"
"Poland","Belgium","Import","Copper","283325","Sulphates; of copper","2024","28403"
"Poland","Bulgaria","Export","Copper","283325","Sulphates; of copper","2024","529110"
"Poland","Bosnia and Herzegovina","Export","Copper","283325","Sulphates; of copper","2024","142364"
"Poland","Belarus","Export","Copper","283325","Sulphates; of copper","2024","25655"
"Poland","Canada","Export","Copper","283325","Sulphates; of copper","2024","1052733"
"Poland","China","Import","Copper","283325","Sulphates; of copper","2024","1516"
"Poland","Czech Republic","Export","Copper","283325","Sulphates; of copper","2024","1803599"
"Poland","Germany","Export","Copper","283325","Sulphates; of copper","2024","5596461"
"Poland","Germany","Import","Copper","283325","Sulphates; of copper","2024","154998"
"Poland","Denmark","Export","Copper","283325","Sulphates; of copper","2024","2400313"
"Poland","Egypt","Export","Copper","283325","Sulphates; of copper","2024","137549"
"Poland","Spain","Export","Copper","283325","Sulphates; of copper","2024","325901"
"Poland","Spain","Import","Copper","283325","Sulphates; of copper","2024","9957"
"Poland","Estonia","Export","Copper","283325","Sulphates; of copper","2024","248156"
"Poland","Finland","Export","Copper","283325","Sulphates; of copper","2024","3263948"
"Poland","France","Export","Copper","283325","Sulphates; of copper","2024","4593109"
"Poland","United Kingdom","Export","Copper","283325","Sulphates; of copper","2024","1075161"
"Poland","United Kingdom","Import","Copper","283325","Sulphates; of copper","2024","1992"
"Poland","Guinea","Export","Copper","283325","Sulphates; of copper","2024","135438"
"Poland","Greece","Export","Copper","283325","Sulphates; of copper","2024","249614"
"Poland","Guatemala","Export","Copper","283325","Sulphates; of copper","2024","539928"
"Poland","Croatia","Export","Copper","283325","Sulphates; of copper","2024","188452"
"Poland","Hungary","Export","Copper","283325","Sulphates; of copper","2024","1913271"
"Poland","India","Import","Copper","283325","Sulphates; of copper","2024","351341"
"Poland","Ireland","Export","Copper","283325","Sulphates; of copper","2024","354322"
"Poland","Israel","Export","Copper","283325","Sulphates; of copper","2024","695717"
"Poland","Italy","Export","Copper","283325","Sulphates; of copper","2024","874097"
"Poland","Italy","Import","Copper","283325","Sulphates; of copper","2024","100719"
"Poland","Jordan","Export","Copper","283325","Sulphates; of copper","2024","297714"
"Poland","Japan","Import","Copper","283325","Sulphates; of copper","2024","154454"
"Poland","Lithuania","Export","Copper","283325","Sulphates; of copper","2024","642703"
"Poland","Luxembourg","Export","Copper","283325","Sulphates; of copper","2024","3191"
"Poland","Latvia","Export","Copper","283325","Sulphates; of copper","2024","284462"
"Poland","Macao, China","Export","Copper","283325","Sulphates; of copper","2024","63158"
"Poland","Morocco","Export","Copper","283325","Sulphates; of copper","2024","336783"
"Poland","Moldova, Republic of","Export","Copper","283325","Sulphates; of copper","2024","106108"
"Poland","Mexico","Export","Copper","283325","Sulphates; of copper","2024","223081"
"Poland","North Macedonia","Export","Copper","283325","Sulphates; of copper","2024","15921"
"Poland","Netherlands","Export","Copper","283325","Sulphates; of copper","2024","6727488"
"Poland","Netherlands","Import","Copper","283325","Sulphates; of copper","2024","1606"
"Poland","Norway","Export","Copper","283325","Sulphates; of copper","2024","229095"
"Poland","Romania","Export","Copper","283325","Sulphates; of copper","2024","385003"
"Poland","Russian Federation","Export","Copper","283325","Sulphates; of copper","2024","12881"
"Poland","Serbia","Export","Copper","283325","Sulphates; of copper","2024","322250"
"Poland","Serbia","Import","Copper","283325","Sulphates; of copper","2024","203047"
"Poland","Slovak Republic","Export","Copper","283325","Sulphates; of copper","2024","559520"
"Poland","Slovak Republic","Import","Copper","283325","Sulphates; of copper","2024","64486"
"Poland","Slovenia","Export","Copper","283325","Sulphates; of copper","2024","99718"
"Poland","Slovenia","Import","Copper","283325","Sulphates; of copper","2024","188"
"Poland","Sweden","Export","Copper","283325","Sulphates; of copper","2024","36085"
"Poland","Tunisia","Export","Copper","283325","Sulphates; of copper","2024","337755"
"Poland","Turkiye","Export","Copper","283325","Sulphates; of copper","2024","414881"
"Poland","Turkiye","Import","Copper","283325","Sulphates; of copper","2024","376757"
"Poland","Ukraine","Export","Copper","283325","Sulphates; of copper","2024","3667482"
"Poland","United States of America","Import","Copper","283325","Sulphates; of copper","2024","198571"
"Poland","Uzbekistan","Export","Copper","283325","Sulphates; of copper","2024","25"
"Poland","World","Export","Copper","283325","Sulphates; of copper","2024","43971912"
"Poland","World","Import","Copper","283325","Sulphates; of copper","2024","1648035"
"Poland","South Africa","Export","Copper","283325","Sulphates; of copper","2024","37169"
"Portugal","Bulgaria","Export","Copper","260300","Copper ores and concentrates","2024","25955972.73"
"Portugal","Canada","Import","Copper","260300","Copper ores and concentrates","2024","384.57"
"Portugal","Spain","Export","Copper","260300","Copper ores and concentrates","2024","190160235.02"
"Portugal","Spain","Import","Copper","260300","Copper ores and concentrates","2024","13012071.64"
"Portugal","Finland","Export","Copper","260300","Copper ores and concentrates","2024","49929551.43"
"Portugal","United Kingdom","Export","Copper","260300","Copper ores and concentrates","2024","9.43"
"Portugal","Netherlands","Import","Copper","260300","Copper ores and concentrates","2024","5658.52"
"Portugal","Sweden","Export","Copper","260300","Copper ores and concentrates","2024","136714367.17"
"Portugal","United States of America","Import","Copper","260300","Copper ores and concentrates","2024","832.01"
"Portugal","World","Export","Copper","260300","Copper ores and concentrates","2024","402760135.78"
"Portugal","World","Import","Copper","260300","Copper ores and concentrates","2024","13018946.74"
"Portugal","Spain","Import","Copper","262030","Slag, ash and residues; (not from the manufacture of iron or steel), containing mainly copper","2024","1683416.43"
"Portugal","World","Import","Copper","262030","Slag, ash and residues; (not from the manufacture of iron or steel), containing mainly copper","2024","1683416.43"
"Portugal","Angola","Export","Copper","282550","Copper oxides and hydroxides","2024","44010.75"
"Portugal","China","Import","Copper","282550","Copper oxides and hydroxides","2024","8.38"
"Portugal","Germany","Import","Copper","282550","Copper oxides and hydroxides","2024","2864.89"
"Portugal","Spain","Import","Copper","282550","Copper oxides and hydroxides","2024","922903.33"
"Portugal","Spain","Export","Copper","282550","Copper oxides and hydroxides","2024","611.96"
"Portugal","France","Export","Copper","282550","Copper oxides and hydroxides","2024","1100.27"
"Portugal","France","Import","Copper","282550","Copper oxides and hydroxides","2024","56.59"
"Portugal","Croatia","Import","Copper","282550","Copper oxides and hydroxides","2024","224426.53"
"Portugal","Italy","Import","Copper","282550","Copper oxides and hydroxides","2024","20575.03"
"Portugal","Netherlands","Import","Copper","282550","Copper oxides and hydroxides","2024","372376"
"Portugal","Norway","Import","Copper","282550","Copper oxides and hydroxides","2024","5036363.89"
"Portugal","Peru","Import","Copper","282550","Copper oxides and hydroxides","2024","1503513.05"
"Portugal","United States of America","Import","Copper","282550","Copper oxides and hydroxides","2024","3147018.02"
"Portugal","World","Import","Copper","282550","Copper oxides and hydroxides","2024","11230105.71"
"Portugal","World","Export","Copper","282550","Copper oxides and hydroxides","2024","45722.98"
"Portugal","Spain","Import","Copper","282741","Chloride oxides and chloride hydroxides; of copper","2024","14357.98"
"Portugal","India","Import","Copper","282741","Chloride oxides and chloride hydroxides; of copper","2024","1015268.27"
"Portugal","Italy","Import","Copper","282741","Chloride oxides and chloride hydroxides; of copper","2024","2831.36"
"Portugal","Peru","Import","Copper","282741","Chloride oxides and chloride hydroxides; of copper","2024","1126640.62"
"Portugal","World","Import","Copper","282741","Chloride oxides and chloride hydroxides; of copper","2024","2159098.23"
"Portugal","Angola","Export","Copper","283325","Sulphates; of copper","2024","15990.57"
"Portugal","Belgium","Import","Copper","283325","Sulphates; of copper","2024","2017.16"
"Portugal","Brazil","Import","Copper","283325","Sulphates; of copper","2024","758877.36"
"Portugal","Chile","Export","Copper","283325","Sulphates; of copper","2024","11796.98"
"Portugal","China","Import","Copper","283325","Sulphates; of copper","2024","39.82"
"Portugal","Germany","Import","Copper","283325","Sulphates; of copper","2024","81222.89"
"Portugal","Algeria","Export","Copper","283325","Sulphates; of copper","2024","32798.49"
"Portugal","Ecuador","Export","Copper","283325","Sulphates; of copper","2024","27741.44"
"Portugal","Spain","Import","Copper","283325","Sulphates; of copper","2024","1597434.09"
"Portugal","Spain","Export","Copper","283325","Sulphates; of copper","2024","320221.17"
"Portugal","France","Import","Copper","283325","Sulphates; of copper","2024","107194.47"
"Portugal","United Kingdom","Export","Copper","283325","Sulphates; of copper","2024","13680.01"
"Portugal","Italy","Import","Copper","283325","Sulphates; of copper","2024","39938.71"
"Portugal","Kenya","Export","Copper","283325","Sulphates; of copper","2024","45475.68"
"Portugal","Malta","Import","Copper","283325","Sulphates; of copper","2024","67212.8"
"Portugal","Mauritius","Export","Copper","283325","Sulphates; of copper","2024","2798.87"
"Portugal","Nicaragua","Export","Copper","283325","Sulphates; of copper","2024","207.48"
"Portugal","Netherlands","Import","Copper","283325","Sulphates; of copper","2024","43111.67"
"Portugal","Sao Tome and Principe","Export","Copper","283325","Sulphates; of copper","2024","34683.61"
"Portugal","Turkiye","Import","Copper","283325","Sulphates; of copper","2024","2193555.51"
"Portugal","Turkiye","Export","Copper","283325","Sulphates; of copper","2024","555.37"
"Portugal","United States of America","Import","Copper","283325","Sulphates; of copper","2024","52.39"
"Portugal","Uzbekistan","Import","Copper","283325","Sulphates; of copper","2024","2545272.66"
"Portugal","World","Import","Copper","283325","Sulphates; of copper","2024","7435929.529999999"
"Portugal","World","Export","Copper","283325","Sulphates; of copper","2024","953317.9"
"Portugal","South Africa","Export","Copper","283325","Sulphates; of copper","2024","447368.23"
"Paraguay","Norway","Import","Copper","282550","Copper oxides and hydroxides","2024","243264"
"Paraguay","World","Import","Copper","282550","Copper oxides and hydroxides","2024","243264"
"Paraguay","China","Import","Copper","282741","Chloride oxides and chloride hydroxides; of copper","2024","20"
"Paraguay","Peru","Import","Copper","282741","Chloride oxides and chloride hydroxides; of copper","2024","10"
"Paraguay","World","Import","Copper","282741","Chloride oxides and chloride hydroxides; of copper","2024","30"
"Paraguay","Brazil","Import","Copper","283325","Sulphates; of copper","2024","1006991"
"Paraguay","China","Import","Copper","283325","Sulphates; of copper","2024","10175"
"Paraguay","Germany","Import","Copper","283325","Sulphates; of copper","2024","36"
"Paraguay","European Union","Import","Copper","283325","Sulphates; of copper","2024","273"
"Paraguay","Spain","Import","Copper","283325","Sulphates; of copper","2024","216"
"Paraguay","France","Import","Copper","283325","Sulphates; of copper","2024","21"
"Paraguay","India","Import","Copper","283325","Sulphates; of copper","2024","518"
"Paraguay","Mexico","Import","Copper","283325","Sulphates; of copper","2024","140"
"Paraguay","United States of America","Import","Copper","283325","Sulphates; of copper","2024","409"
"Paraguay","World","Import","Copper","283325","Sulphates; of copper","2024","1018506"
"Qatar","Japan","Import","Copper","260300","Copper ores and concentrates","2024","268844.62"
"Qatar","World","Import","Copper","260300","Copper ores and concentrates","2024","268844.62"
"Qatar","India","Import","Copper","262030","Slag, ash and residues; (not from the manufacture of iron or steel), containing mainly copper","2024","1043947.84"
"Qatar","Oman","Import","Copper","262030","Slag, ash and residues; (not from the manufacture of iron or steel), containing mainly copper","2024","283727.18"
"Qatar","World","Import","Copper","262030","Slag, ash and residues; (not from the manufacture of iron or steel), containing mainly copper","2024","1327675.02"
"Qatar","United States of America","Import","Copper","282550","Copper oxides and hydroxides","2024","12760.96"
"Qatar","World","Import","Copper","282550","Copper oxides and hydroxides","2024","12760.96"
"Qatar","Turkiye","Import","Copper","283325","Sulphates; of copper","2024","96949.42"
"Qatar","World","Import","Copper","283325","Sulphates; of copper","2024","96949.42"
"Romania","Bulgaria","Export","Copper","260300","Copper ores and concentrates","2024","12543822.09"
"Romania","China","Export","Copper","260300","Copper ores and concentrates","2024","63446242.27"
"Romania","China","Import","Copper","260300","Copper ores and concentrates","2024","5"
"Romania","Spain","Export","Copper","260300","Copper ores and concentrates","2024","1581570.14"
"Romania","United Kingdom","Export","Copper","260300","Copper ores and concentrates","2024","21.79"
"Romania","Italy","Import","Copper","260300","Copper ores and concentrates","2024","9087.54"
"Romania","Korea, Republic of","Export","Copper","260300","Copper ores and concentrates","2024","348162.73"
"Romania","World","Export","Copper","260300","Copper ores and concentrates","2024","77919819.02000001"
"Romania","World","Import","Copper","260300","Copper ores and concentrates","2024","9092.54"
"Romania","Germany","Export","Copper","262030","Slag, ash and residues; (not from the manufacture of iron or steel), containing mainly copper","2024","366.38"
"Romania","Germany","Import","Copper","262030","Slag, ash and residues; (not from the manufacture of iron or steel), containing mainly copper","2024","11.34"
"Romania","Italy","Export","Copper","262030","Slag, ash and residues; (not from the manufacture of iron or steel), containing mainly copper","2024","79.56"
"Romania","Poland","Export","Copper","262030","Slag, ash and residues; (not from the manufacture of iron or steel), containing mainly copper","2024","483335.62"
"Romania","Turkiye","Export","Copper","262030","Slag, ash and residues; (not from the manufacture of iron or steel), containing mainly copper","2024","1625577.17"
"Romania","Turkiye","Import","Copper","262030","Slag, ash and residues; (not from the manufacture of iron or steel), containing mainly copper","2024","9678.45"
"Romania","World","Export","Copper","262030","Slag, ash and residues; (not from the manufacture of iron or steel), containing mainly copper","2024","2109358.73"
"Romania","World","Import","Copper","262030","Slag, ash and residues; (not from the manufacture of iron or steel), containing mainly copper","2024","9689.79"
"Romania","Austria","Import","Copper","282550","Copper oxides and hydroxides","2024","76.27"
"Romania","Belgium","Import","Copper","282550","Copper oxides and hydroxides","2024","530969.23"
"Romania","Czech Republic","Import","Copper","282550","Copper oxides and hydroxides","2024","169.39"
"Romania","Germany","Import","Copper","282550","Copper oxides and hydroxides","2024","1318730.8"
"Romania","Hungary","Import","Copper","282550","Copper oxides and hydroxides","2024","1131.77"
"Romania","Poland","Import","Copper","282550","Copper oxides and hydroxides","2024","1640.15"
"Romania","World","Import","Copper","282550","Copper oxides and hydroxides","2024","1852717.61"
"Romania","Austria","Import","Copper","282741","Chloride oxides and chloride hydroxides; of copper","2024","50.75"
"Romania","Hungary","Import","Copper","282741","Chloride oxides and chloride hydroxides; of copper","2024","488.27"
"Romania","Italy","Import","Copper","282741","Chloride oxides and chloride hydroxides; of copper","2024","6341.41"
"Romania","Netherlands","Import","Copper","282741","Chloride oxides and chloride hydroxides; of copper","2024","88972.71"
"Romania","Poland","Import","Copper","282741","Chloride oxides and chloride hydroxides; of copper","2024","698.98"
"Romania","World","Import","Copper","282741","Chloride oxides and chloride hydroxides; of copper","2024","96552.12"
"Romania","Austria","Import","Copper","283325","Sulphates; of copper","2024","7920.54"
"Romania","Belgium","Import","Copper","283325","Sulphates; of copper","2024","2795.05"
"Romania","Belgium","Export","Copper","283325","Sulphates; of copper","2024","1091.78"
"Romania","Bulgaria","Export","Copper","283325","Sulphates; of copper","2024","51.49"
"Romania","Czech Republic","Export","Copper","283325","Sulphates; of copper","2024","163.11"
"Romania","Czech Republic","Import","Copper","283325","Sulphates; of copper","2024","153.19"
"Romania","Germany","Import","Copper","283325","Sulphates; of copper","2024","31601.47"
"Romania","Germany","Export","Copper","283325","Sulphates; of copper","2024","861.29"
"Romania","Denmark","Export","Copper","283325","Sulphates; of copper","2024","2035.07"
"Romania","Denmark","Import","Copper","283325","Sulphates; of copper","2024","462.6"
"Romania","Spain","Import","Copper","283325","Sulphates; of copper","2024","881215.02"
"Romania","France","Import","Copper","283325","Sulphates; of copper","2024","10842.01"
"Romania","Greece","Export","Copper","283325","Sulphates; of copper","2024","316.83"
"Romania","Hungary","Import","Copper","283325","Sulphates; of copper","2024","178715.2"
"Romania","Hungary","Export","Copper","283325","Sulphates; of copper","2024","985.22"
"Romania","Italy","Import","Copper","283325","Sulphates; of copper","2024","135551.77"
"Romania","Italy","Export","Copper","283325","Sulphates; of copper","2024","605.95"
"Romania","Lithuania","Export","Copper","283325","Sulphates; of copper","2024","150.65"
"Romania","Latvia","Export","Copper","283325","Sulphates; of copper","2024","747.49"
"Romania","Latvia","Import","Copper","283325","Sulphates; of copper","2024","21.04"
"Romania","Moldova, Republic of","Export","Copper","283325","Sulphates; of copper","2024","3337.37"
"Romania","Netherlands","Import","Copper","283325","Sulphates; of copper","2024","775.73"
"Romania","Netherlands","Export","Copper","283325","Sulphates; of copper","2024","759.37"
"Romania","Poland","Import","Copper","283325","Sulphates; of copper","2024","301251.39"
"Romania","Poland","Export","Copper","283325","Sulphates; of copper","2024","3286.59"
"Romania","Slovenia","Import","Copper","283325","Sulphates; of copper","2024","591.61"
"Romania","Slovenia","Export","Copper","283325","Sulphates; of copper","2024","7"
"Romania","Sweden","Export","Copper","283325","Sulphates; of copper","2024","521.15"
"Romania","Turkiye","Import","Copper","283325","Sulphates; of copper","2024","740501.78"
"Romania","World","Import","Copper","283325","Sulphates; of copper","2024","2292398.4"
"Romania","World","Export","Copper","283325","Sulphates; of copper","2024","14920.36"
"Saudi Arabia, Kingdom of","China","Export","Copper","260300","Copper ores and concentrates","2024","673597263.96"
"Saudi Arabia, Kingdom of","Japan","Import","Copper","260300","Copper ores and concentrates","2024","267890.66"
"Saudi Arabia, Kingdom of","Malaysia","Export","Copper","260300","Copper ores and concentrates","2024","3321229.25"
"Saudi Arabia, Kingdom of","Peru","Export","Copper","260300","Copper ores and concentrates","2024","17418095.3"
"Saudi Arabia, Kingdom of","Turkiye","Import","Copper","260300","Copper ores and concentrates","2024","1316713.3"
"Saudi Arabia, Kingdom of","United States of America","Import","Copper","260300","Copper ores and concentrates","2024","195772.26"
"Saudi Arabia, Kingdom of","World","Export","Copper","260300","Copper ores and concentrates","2024","694336588.51"
"Saudi Arabia, Kingdom of","World","Import","Copper","260300","Copper ores and concentrates","2024","1780376.22"
"Saudi Arabia, Kingdom of","China","Import","Copper","282550","Copper oxides and hydroxides","2024","271379.99"
"Saudi Arabia, Kingdom of","Germany","Import","Copper","282550","Copper oxides and hydroxides","2024","507.73"
"Saudi Arabia, Kingdom of","European Union","Import","Copper","282550","Copper oxides and hydroxides","2024","1762.66"
"Saudi Arabia, Kingdom of","Spain","Import","Copper","282550","Copper oxides and hydroxides","2024","1254.93"
"Saudi Arabia, Kingdom of","India","Import","Copper","282550","Copper oxides and hydroxides","2024","216570.66"
"Saudi Arabia, Kingdom of","Norway","Import","Copper","282550","Copper oxides and hydroxides","2024","1313435.97"
"Saudi Arabia, Kingdom of","United States of America","Import","Copper","282550","Copper oxides and hydroxides","2024","1199631.97"
"Saudi Arabia, Kingdom of","World","Import","Copper","282550","Copper oxides and hydroxides","2024","3002781.25"
"Saudi Arabia, Kingdom of","China","Import","Copper","282741","Chloride oxides and chloride hydroxides; of copper","2024","114200"
"Saudi Arabia, Kingdom of","United Kingdom","Import","Copper","282741","Chloride oxides and chloride hydroxides; of copper","2024","52150.4"
"Saudi Arabia, Kingdom of","World","Import","Copper","282741","Chloride oxides and chloride hydroxides; of copper","2024","166350.4"
"Saudi Arabia, Kingdom of","United Arab Emirates","Export","Copper","283325","Sulphates; of copper","2024","1003.47"
"Saudi Arabia, Kingdom of","Belgium","Import","Copper","283325","Sulphates; of copper","2024","1820.53"
"Saudi Arabia, Kingdom of","Brazil","Import","Copper","283325","Sulphates; of copper","2024","195536.26"
"Saudi Arabia, Kingdom of","China","Import","Copper","283325","Sulphates; of copper","2024","561200.25"
"Saudi Arabia, Kingdom of","Chinese Taipei","Import","Copper","283325","Sulphates; of copper","2024","201719.99"
"Saudi Arabia, Kingdom of","Germany","Import","Copper","283325","Sulphates; of copper","2024","22031.2"
"Saudi Arabia, Kingdom of","European Union","Import","Copper","283325","Sulphates; of copper","2024","196378.93"
"Saudi Arabia, Kingdom of","Spain","Import","Copper","283325","Sulphates; of copper","2024","9314.4"
"Saudi Arabia, Kingdom of","United Kingdom","Import","Copper","283325","Sulphates; of copper","2024","25335.73"
"Saudi Arabia, Kingdom of","India","Import","Copper","283325","Sulphates; of copper","2024","10619.73"
"Saudi Arabia, Kingdom of","Italy","Import","Copper","283325","Sulphates; of copper","2024","149632"
"Saudi Arabia, Kingdom of","Poland","Import","Copper","283325","Sulphates; of copper","2024","13580.8"
"Saudi Arabia, Kingdom of","Turkiye","Import","Copper","283325","Sulphates; of copper","2024","4135468.16"
"Saudi Arabia, Kingdom of","United States of America","Import","Copper","283325","Sulphates; of copper","2024","556.8"
"Saudi Arabia, Kingdom of","Uzbekistan","Import","Copper","283325","Sulphates; of copper","2024","595299.98"
"Saudi Arabia, Kingdom of","World","Import","Copper","283325","Sulphates; of copper","2024","5922115.83"
"Saudi Arabia, Kingdom of","World","Export","Copper","283325","Sulphates; of copper","2024","1003.47"
"Senegal","Turkiye","Import","Copper","260300","Copper ores and concentrates","2024","2394644.63"
"Senegal","World","Import","Copper","260300","Copper ores and concentrates","2024","2394644.63"
"Senegal","Belgium","Import","Copper","283325","Sulphates; of copper","2024","114506.48"
"Senegal","Switzerland","Import","Copper","283325","Sulphates; of copper","2024","256357.85"
"Senegal","European Union","Import","Copper","283325","Sulphates; of copper","2024","155676.36"
"Senegal","Spain","Import","Copper","283325","Sulphates; of copper","2024","60.34"
"Senegal","France","Import","Copper","283325","Sulphates; of copper","2024","3244.68"
"Senegal","Netherlands","Import","Copper","283325","Sulphates; of copper","2024","37864.86"
"Senegal","Turkiye","Import","Copper","283325","Sulphates; of copper","2024","344193.84"
"Senegal","World","Import","Copper","283325","Sulphates; of copper","2024","756228.05"
"Singapore","China","Export","Copper","260300","Copper ores and concentrates","2024","621785.87"
"Singapore","China","Import","Copper","260300","Copper ores and concentrates","2024","12057.7743408"
"Singapore","Chinese Taipei","Import","Copper","260300","Copper ores and concentrates","2024","384.6633572"
"Singapore","Hong Kong, China","Export","Copper","260300","Copper ores and concentrates","2024","369.7"
"Singapore","Indonesia","Export","Copper","260300","Copper ores and concentrates","2024","66412.05"
"Singapore","Korea, Republic of","Export","Copper","260300","Copper ores and concentrates","2024","148283.23"
"Singapore","Malaysia","Export","Copper","260300","Copper ores and concentrates","2024","106.27"
"Singapore","Thailand","Export","Copper","260300","Copper ores and concentrates","2024","43921.97"
"Singapore","United States of America","Import","Copper","260300","Copper ores and concentrates","2024","5698.8549904"
"Singapore","World","Export","Copper","260300","Copper ores and concentrates","2024","880879.09"
"Singapore","World","Import","Copper","260300","Copper ores and concentrates","2024","571539.4018011"
"Singapore","South Africa","Import","Copper","260300","Copper ores and concentrates","2024","553398.1091127"
"Singapore","Australia","Export","Copper","262030","Slag, ash and residues; (not from the manufacture of iron or steel), containing mainly copper","2024","145607.8"
"Singapore","Brunei Darussalam","Export","Copper","262030","Slag, ash and residues; (not from the manufacture of iron or steel), containing mainly copper","2024","187427.6"
"Singapore","Japan","Import","Copper","262030","Slag, ash and residues; (not from the manufacture of iron or steel), containing mainly copper","2024","196428.268516"
"Singapore","Thailand","Export","Copper","262030","Slag, ash and residues; (not from the manufacture of iron or steel), containing mainly copper","2024","164561.08"
"Singapore","World","Export","Copper","262030","Slag, ash and residues; (not from the manufacture of iron or steel), containing mainly copper","2024","497596.48"
"Singapore","World","Import","Copper","262030","Slag, ash and residues; (not from the manufacture of iron or steel), containing mainly copper","2024","196428.268516"
"Singapore","Australia","Export","Copper","282550","Copper oxides and hydroxides","2024","320902.79"
"Singapore","Belgium","Export","Copper","282550","Copper oxides and hydroxides","2024","9472.15"
"Singapore","Bangladesh","Export","Copper","282550","Copper oxides and hydroxides","2024","335050.76"
"Singapore","Brazil","Import","Copper","282550","Copper oxides and hydroxides","2024","207496.6946891"
"Singapore","China","Export","Copper","282550","Copper oxides and hydroxides","2024","333512.86"
"Singapore","Chinese Taipei","Import","Copper","282550","Copper oxides and hydroxides","2024","463529.0742635"
"Singapore","Germany","Import","Copper","282550","Copper oxides and hydroxides","2024","13013.4457555"
"Singapore","European Union","Export","Copper","282550","Copper oxides and hydroxides","2024","2794987.25"
"Singapore","European Union","Import","Copper","282550","Copper oxides and hydroxides","2024","13013.4457555"
"Singapore","Spain","Export","Copper","282550","Copper oxides and hydroxides","2024","1177090.83"
"Singapore","Fiji","Export","Copper","282550","Copper oxides and hydroxides","2024","100181.6"
"Singapore","United Kingdom","Import","Copper","282550","Copper oxides and hydroxides","2024","9.7288398"
"Singapore","Indonesia","Export","Copper","282550","Copper oxides and hydroxides","2024","1416415.05"
"Singapore","India","Export","Copper","282550","Copper oxides and hydroxides","2024","694546.36"
"Singapore","India","Import","Copper","282550","Copper oxides and hydroxides","2024","237.9823883"
"Singapore","Israel","Export","Copper","282550","Copper oxides and hydroxides","2024","7286.9"
"Singapore","Italy","Export","Copper","282550","Copper oxides and hydroxides","2024","137062.14"
"Singapore","Japan","Export","Copper","282550","Copper oxides and hydroxides","2024","1201112.83"
"Singapore","Japan","Import","Copper","282550","Copper oxides and hydroxides","2024","676533.0406366"
"Singapore","Mexico","Export","Copper","282550","Copper oxides and hydroxides","2024","1194591.51"
"Singapore","Malaysia","Import","Copper","282550","Copper oxides and hydroxides","2024","2873644.822511"
"Singapore","Malaysia","Export","Copper","282550","Copper oxides and hydroxides","2024","2722832.09"
"Singapore","Netherlands","Export","Copper","282550","Copper oxides and hydroxides","2024","1471362.04"
"Singapore","Norway","Import","Copper","282550","Copper oxides and hydroxides","2024","3952403.2728815"
"Singapore","Philippines","Export","Copper","282550","Copper oxides and hydroxides","2024","554753.41"
"Singapore","Thailand","Export","Copper","282550","Copper oxides and hydroxides","2024","447100.81"
"Singapore","United States of America","Import","Copper","282550","Copper oxides and hydroxides","2024","4635902.1627959"
"Singapore","Viet Nam","Export","Copper","282550","Copper oxides and hydroxides","2024","294245.02"
"Singapore","World","Import","Copper","282550","Copper oxides and hydroxides","2024","12824205.6028139"
"Singapore","World","Export","Copper","282550","Copper oxides and hydroxides","2024","12552413.26"
"Singapore","South Africa","Export","Copper","282550","Copper oxides and hydroxides","2024","134894.11"
"Singapore","South Africa","Import","Copper","282550","Copper oxides and hydroxides","2024","1435.3780527"
"Singapore","China","Import","Copper","282741","Chloride oxides and chloride hydroxides; of copper","2024","817286.9009903"
"Singapore","Indonesia","Export","Copper","282741","Chloride oxides and chloride hydroxides; of copper","2024","1347.07"
"Singapore","Malaysia","Import","Copper","282741","Chloride oxides and chloride hydroxides; of copper","2024","17185.6212737"
"Singapore","United States of America","Import","Copper","282741","Chloride oxides and chloride hydroxides; of copper","2024","1644.1739217"
"Singapore","World","Import","Copper","282741","Chloride oxides and chloride hydroxides; of copper","2024","836116.6961857"
"Singapore","World","Export","Copper","282741","Chloride oxides and chloride hydroxides; of copper","2024","1347.07"
"Singapore","Australia","Import","Copper","283325","Sulphates; of copper","2024","86.8111857"
"Singapore","Switzerland","Import","Copper","283325","Sulphates; of copper","2024","522.3638586"
"Singapore","China","Import","Copper","283325","Sulphates; of copper","2024","352402.5245092"
"Singapore","Chinese Taipei","Import","Copper","283325","Sulphates; of copper","2024","4297461.271734"
"Singapore","Chinese Taipei","Export","Copper","283325","Sulphates; of copper","2024","62239.88"
"Singapore","Germany","Import","Copper","283325","Sulphates; of copper","2024","21160.2265073"
"Singapore","European Union","Import","Copper","283325","Sulphates; of copper","2024","45153.7905056"
"Singapore","European Union","Export","Copper","283325","Sulphates; of copper","2024","3505.3798828125"
"Singapore","Spain","Import","Copper","283325","Sulphates; of copper","2024","5509.516801"
"Singapore","United Kingdom","Import","Copper","283325","Sulphates; of copper","2024","48.6441989"
"Singapore","Indonesia","Export","Copper","283325","Sulphates; of copper","2024","437.05"
"Singapore","India","Import","Copper","283325","Sulphates; of copper","2024","4064.4099084"
"Singapore","Italy","Import","Copper","283325","Sulphates; of copper","2024","17378.7013246"
"Singapore","Japan","Import","Copper","283325","Sulphates; of copper","2024","40911.2679921"
"Singapore","Japan","Export","Copper","283325","Sulphates; of copper","2024","5.24"
"Singapore","Sri Lanka","Export","Copper","283325","Sulphates; of copper","2024","20810.74"
"Singapore","Malaysia","Import","Copper","283325","Sulphates; of copper","2024","194114.3013945"
"Singapore","Malaysia","Export","Copper","283325","Sulphates; of copper","2024","115120.61"
"Singapore","Netherlands","Import","Copper","283325","Sulphates; of copper","2024","880.8341856"
"Singapore","Netherlands","Export","Copper","283325","Sulphates; of copper","2024","276.15"
"Singapore","Philippines","Export","Copper","283325","Sulphates; of copper","2024","1098.61"
"Singapore","Slovenia","Export","Copper","283325","Sulphates; of copper","2024","3229.23"
"Singapore","Slovenia","Import","Copper","283325","Sulphates; of copper","2024","224.5116871"
"Singapore","Thailand","Export","Copper","283325","Sulphates; of copper","2024","230.5"
"Singapore","United States of America","Import","Copper","283325","Sulphates; of copper","2024","1293774.0414598"
"Singapore","United States of America","Export","Copper","283325","Sulphates; of copper","2024","20.21"
"Singapore","World","Import","Copper","283325","Sulphates; of copper","2024","6228539.426746799"
"Singapore","World","Export","Copper","283325","Sulphates; of copper","2024","203468.2199999999"
"El Salvador","China","Import","Copper","260300","Copper ores and concentrates","2024","16.68"
"El Salvador","European Union","Import","Copper","260300","Copper ores and concentrates","2024","237.26"
"El Salvador","Spain","Import","Copper","260300","Copper ores and concentrates","2024","237.26"
"El Salvador","United States of America","Import","Copper","260300","Copper ores and concentrates","2024","32947.02"
"El Salvador","World","Import","Copper","260300","Copper ores and concentrates","2024","33200.96"
"El Salvador","China","Import","Copper","282550","Copper oxides and hydroxides","2024","75250"
"El Salvador","Norway","Import","Copper","282550","Copper oxides and hydroxides","2024","12852.97"
"El Salvador","United States of America","Import","Copper","282550","Copper oxides and hydroxides","2024","21942.65"
"El Salvador","World","Import","Copper","282550","Copper oxides and hydroxides","2024","110045.62"
"El Salvador","China","Import","Copper","283325","Sulphates; of copper","2024","18341.3"
"El Salvador","Germany","Import","Copper","283325","Sulphates; of copper","2024","21441.53"
"El Salvador","European Union","Import","Copper","283325","Sulphates; of copper","2024","111112.21"
"El Salvador","Spain","Import","Copper","283325","Sulphates; of copper","2024","85816.56"
"El Salvador","Italy","Import","Copper","283325","Sulphates; of copper","2024","3854.12"
"El Salvador","Mexico","Import","Copper","283325","Sulphates; of copper","2024","60681.58"
"El Salvador","Peru","Import","Copper","283325","Sulphates; of copper","2024","29730.85"
"El Salvador","United States of America","Import","Copper","283325","Sulphates; of copper","2024","1428.44"
"El Salvador","World","Import","Copper","283325","Sulphates; of copper","2024","221294.38"
"Serbia","Armenia","Import","Copper","260300","Copper ores and concentrates","2024","17136171"
"Serbia","Bulgaria","Import","Copper","260300","Copper ores and concentrates","2024","69642047"
"Serbia","Bulgaria","Export","Copper","260300","Copper ores and concentrates","2024","40573979"
"Serbia","China","Export","Copper","260300","Copper ores and concentrates","2024","1330729677"
"Serbia","China","Import","Copper","260300","Copper ores and concentrates","2024","275971"
"Serbia","Democratic Republic of the Congo","Import","Copper","260300","Copper ores and concentrates","2024","223350083"
"Serbia","European Union","Export","Copper","260300","Copper ores and concentrates","2024","224746224"
"Serbia","European Union","Import","Copper","260300","Copper ores and concentrates","2024","69642047"
"Serbia","Finland","Export","Copper","260300","Copper ores and concentrates","2024","121560435"
"Serbia","Korea, Republic of","Export","Copper","260300","Copper ores and concentrates","2024","67936806"
"Serbia","North Macedonia","Import","Copper","260300","Copper ores and concentrates","2024","1097"
"Serbia","Montenegro","Import","Copper","260300","Copper ores and concentrates","2024","430543"
"Serbia","Malaysia","Export","Copper","260300","Copper ores and concentrates","2024","21341465"
"Serbia","Philippines","Export","Copper","260300","Copper ores and concentrates","2024","18194076"
"Serbia","Sweden","Export","Copper","260300","Copper ores and concentrates","2024","62611811"
"Serbia","World","Export","Copper","260300","Copper ores and concentrates","2024","1662948249"
"Serbia","World","Import","Copper","260300","Copper ores and concentrates","2024","310835912"
"Serbia","Bulgaria","Import","Copper","262030","Slag, ash and residues; (not from the manufacture of iron or steel), containing mainly copper","2024","32"
"Serbia","Germany","Export","Copper","262030","Slag, ash and residues; (not from the manufacture of iron or steel), containing mainly copper","2024","665225"
"Serbia","European Union","Export","Copper","262030","Slag, ash and residues; (not from the manufacture of iron or steel), containing mainly copper","2024","665225"
"Serbia","European Union","Import","Copper","262030","Slag, ash and residues; (not from the manufacture of iron or steel), containing mainly copper","2024","32"
"Serbia","World","Export","Copper","262030","Slag, ash and residues; (not from the manufacture of iron or steel), containing mainly copper","2024","665225"
"Serbia","World","Import","Copper","262030","Slag, ash and residues; (not from the manufacture of iron or steel), containing mainly copper","2024","32"
"Serbia","Belgium","Import","Copper","282550","Copper oxides and hydroxides","2024","112"
"Serbia","China","Import","Copper","282550","Copper oxides and hydroxides","2024","524"
"Serbia","Czech Republic","Import","Copper","282550","Copper oxides and hydroxides","2024","1169"
"Serbia","Germany","Import","Copper","282550","Copper oxides and hydroxides","2024","473840"
"Serbia","European Union","Import","Copper","282550","Copper oxides and hydroxides","2024","479026"
"Serbia","Spain","Import","Copper","282550","Copper oxides and hydroxides","2024","2917"
"Serbia","United Kingdom","Import","Copper","282550","Copper oxides and hydroxides","2024","82"
"Serbia","Hungary","Import","Copper","282550","Copper oxides and hydroxides","2024","8"
"Serbia","Italy","Import","Copper","282550","Copper oxides and hydroxides","2024","667"
"Serbia","Netherlands","Import","Copper","282550","Copper oxides and hydroxides","2024","313"
"Serbia","United States of America","Import","Copper","282550","Copper oxides and hydroxides","2024","92"
"Serbia","World","Import","Copper","282550","Copper oxides and hydroxides","2024","479724"
"Serbia","Germany","Import","Copper","282741","Chloride oxides and chloride hydroxides; of copper","2024","66046"
"Serbia","European Union","Import","Copper","282741","Chloride oxides and chloride hydroxides; of copper","2024","375527"
"Serbia","Montenegro","Export","Copper","282741","Chloride oxides and chloride hydroxides; of copper","2024","40"
"Serbia","Slovenia","Import","Copper","282741","Chloride oxides and chloride hydroxides; of copper","2024","309481"
"Serbia","World","Import","Copper","282741","Chloride oxides and chloride hydroxides; of copper","2024","375527"
"Serbia","World","Export","Copper","282741","Chloride oxides and chloride hydroxides; of copper","2024","40"
"Serbia","Belgium","Import","Copper","283325","Sulphates; of copper","2024","431"
"Serbia","Bulgaria","Export","Copper","283325","Sulphates; of copper","2024","46636"
"Serbia","Bosnia and Herzegovina","Export","Copper","283325","Sulphates; of copper","2024","201708"
"Serbia","China","Import","Copper","283325","Sulphates; of copper","2024","240"
"Serbia","Czech Republic","Import","Copper","283325","Sulphates; of copper","2024","204"
"Serbia","Germany","Import","Copper","283325","Sulphates; of copper","2024","57024"
"Serbia","European Union","Import","Copper","283325","Sulphates; of copper","2024","448312"
"Serbia","European Union","Export","Copper","283325","Sulphates; of copper","2024","269821"
"Serbia","Spain","Import","Copper","283325","Sulphates; of copper","2024","4359"
"Serbia","France","Import","Copper","283325","Sulphates; of copper","2024","27"
"Serbia","United Kingdom","Import","Copper","283325","Sulphates; of copper","2024","65"
"Serbia","Croatia","Export","Copper","283325","Sulphates; of copper","2024","20278"
"Serbia","Italy","Import","Copper","283325","Sulphates; of copper","2024","64447"
"Serbia","North Macedonia","Export","Copper","283325","Sulphates; of copper","2024","40609"
"Serbia","Montenegro","Export","Copper","283325","Sulphates; of copper","2024","147143"
"Serbia","Norway","Export","Copper","283325","Sulphates; of copper","2024","8545"
"Serbia","Poland","Import","Copper","283325","Sulphates; of copper","2024","321820"
"Serbia","Poland","Export","Copper","283325","Sulphates; of copper","2024","202907"
"Serbia","Turkiye","Import","Copper","283325","Sulphates; of copper","2024","1570067"
"Serbia","Turkiye","Export","Copper","283325","Sulphates; of copper","2024","457225"
"Serbia","Ukraine","Export","Copper","283325","Sulphates; of copper","2024","297377"
"Serbia","Uzbekistan","Import","Copper","283325","Sulphates; of copper","2024","215040"
"Serbia","World","Import","Copper","283325","Sulphates; of copper","2024","2233724"
"Serbia","World","Export","Copper","283325","Sulphates; of copper","2024","1422428"
"Suriname","European Union","Import","Copper","283325","Sulphates; of copper","2024","247760.75"
"Suriname","Mexico","Import","Copper","283325","Sulphates; of copper","2024","135129"
"Suriname","Netherlands","Import","Copper","283325","Sulphates; of copper","2024","247760.75"
"Suriname","Peru","Import","Copper","283325","Sulphates; of copper","2024","63690"
"Suriname","Turkiye","Import","Copper","283325","Sulphates; of copper","2024","228084"
"Suriname","World","Import","Copper","283325","Sulphates; of copper","2024","674663.75"
"Slovak Republic","Bulgaria","Import","Copper","262030","Slag, ash and residues; (not from the manufacture of iron or steel), containing mainly copper","2024","250823.27"
"Slovak Republic","Czech Republic","Import","Copper","262030","Slag, ash and residues; (not from the manufacture of iron or steel), containing mainly copper","2024","16187"
"Slovak Republic","Hungary","Import","Copper","262030","Slag, ash and residues; (not from the manufacture of iron or steel), containing mainly copper","2024","48982.04"
"Slovak Republic","Italy","Export","Copper","262030","Slag, ash and residues; (not from the manufacture of iron or steel), containing mainly copper","2024","52027.86"
"Slovak Republic","Netherlands","Export","Copper","262030","Slag, ash and residues; (not from the manufacture of iron or steel), containing mainly copper","2024","20012.13"
"Slovak Republic","Poland","Import","Copper","262030","Slag, ash and residues; (not from the manufacture of iron or steel), containing mainly copper","2024","768024.7"
"Slovak Republic","Romania","Import","Copper","262030","Slag, ash and residues; (not from the manufacture of iron or steel), containing mainly copper","2024","354461.2"
"Slovak Republic","Romania","Export","Copper","262030","Slag, ash and residues; (not from the manufacture of iron or steel), containing mainly copper","2024","104557.95"
"Slovak Republic","United States of America","Import","Copper","262030","Slag, ash and residues; (not from the manufacture of iron or steel), containing mainly copper","2024","656938.91"
"Slovak Republic","World","Import","Copper","262030","Slag, ash and residues; (not from the manufacture of iron or steel), containing mainly copper","2024","2095417.12"
"Slovak Republic","World","Export","Copper","262030","Slag, ash and residues; (not from the manufacture of iron or steel), containing mainly copper","2024","176597.94"
"Slovak Republic","Czech Republic","Import","Copper","282550","Copper oxides and hydroxides","2024","842.09"
"Slovak Republic","Germany","Import","Copper","282550","Copper oxides and hydroxides","2024","3428.98"
"Slovak Republic","India","Import","Copper","282550","Copper oxides and hydroxides","2024","107.16"
"Slovak Republic","World","Import","Copper","282550","Copper oxides and hydroxides","2024","4378.23"
"Slovak Republic","Switzerland","Import","Copper","283325","Sulphates; of copper","2024","225.13"
"Slovak Republic","Czech Republic","Import","Copper","283325","Sulphates; of copper","2024","43014.88"
"Slovak Republic","Germany","Import","Copper","283325","Sulphates; of copper","2024","20047.85"
"Slovak Republic","Spain","Export","Copper","283325","Sulphates; of copper","2024","318.22"
"Slovak Republic","Spain","Import","Copper","283325","Sulphates; of copper","2024","79.01"
"Slovak Republic","France","Import","Copper","283325","Sulphates; of copper","2024","312.81"
"Slovak Republic","United Kingdom","Import","Copper","283325","Sulphates; of copper","2024","664.58"
"Slovak Republic","Hungary","Import","Copper","283325","Sulphates; of copper","2024","600.72"
"Slovak Republic","Italy","Import","Copper","283325","Sulphates; of copper","2024","313067.72"
"Slovak Republic","Poland","Import","Copper","283325","Sulphates; of copper","2024","294518.97"
"Slovak Republic","Romania","Import","Copper","283325","Sulphates; of copper","2024","6559.23"
"Slovak Republic","Russian Federation","Import","Copper","283325","Sulphates; of copper","2024","28959.09"
"Slovak Republic","Turkiye","Export","Copper","283325","Sulphates; of copper","2024","69781.07"
"Slovak Republic","Turkiye","Import","Copper","283325","Sulphates; of copper","2024","62585.4"
"Slovak Republic","United States of America","Import","Copper","283325","Sulphates; of copper","2024","186.17"
"Slovak Republic","World","Import","Copper","283325","Sulphates; of copper","2024","770821.56"
"Slovak Republic","World","Export","Copper","283325","Sulphates; of copper","2024","70099.29000000001"
"Slovenia","Germany","Export","Copper","262030","Slag, ash and residues; (not from the manufacture of iron or steel), containing mainly copper","2024","98629.8"
"Slovenia","Poland","Export","Copper","262030","Slag, ash and residues; (not from the manufacture of iron or steel), containing mainly copper","2024","3273.88"
"Slovenia","World","Export","Copper","262030","Slag, ash and residues; (not from the manufacture of iron or steel), containing mainly copper","2024","101903.68"
"Slovenia","Belgium","Import","Copper","282550","Copper oxides and hydroxides","2024","65955.67"
"Slovenia","Bosnia and Herzegovina","Export","Copper","282550","Copper oxides and hydroxides","2024","26.85"
"Slovenia","Czech Republic","Import","Copper","282550","Copper oxides and hydroxides","2024","91.66"
"Slovenia","Germany","Import","Copper","282550","Copper oxides and hydroxides","2024","2093.61"
"Slovenia","France","Import","Copper","282550","Copper oxides and hydroxides","2024","83.85"
"Slovenia","United Kingdom","Import","Copper","282550","Copper oxides and hydroxides","2024","45.38"
"Slovenia","Croatia","Export","Copper","282550","Copper oxides and hydroxides","2024","88.14"
"Slovenia","Serbia","Export","Copper","282550","Copper oxides and hydroxides","2024","281.21"
"Slovenia","United States of America","Import","Copper","282550","Copper oxides and hydroxides","2024","247.87"
"Slovenia","World","Import","Copper","282550","Copper oxides and hydroxides","2024","68518.04000000001"
"Slovenia","World","Export","Copper","282550","Copper oxides and hydroxides","2024","396.2"
"Slovenia","Austria","Import","Copper","282741","Chloride oxides and chloride hydroxides; of copper","2024","9.1"
"Slovenia","Czech Republic","Export","Copper","282741","Chloride oxides and chloride hydroxides; of copper","2024","2321364.12"
"Slovenia","Germany","Export","Copper","282741","Chloride oxides and chloride hydroxides; of copper","2024","9936.24"
"Slovenia","United Kingdom","Export","Copper","282741","Chloride oxides and chloride hydroxides; of copper","2024","7105.44"
"Slovenia","Greece","Export","Copper","282741","Chloride oxides and chloride hydroxides; of copper","2024","34818.26"
"Slovenia","Italy","Export","Copper","282741","Chloride oxides and chloride hydroxides; of copper","2024","29740.22"
"Slovenia","Moldova, Republic of","Export","Copper","282741","Chloride oxides and chloride hydroxides; of copper","2024","26337.29"
"Slovenia","Malta","Export","Copper","282741","Chloride oxides and chloride hydroxides; of copper","2024","7079.58"
"Slovenia","Netherlands","Export","Copper","282741","Chloride oxides and chloride hydroxides; of copper","2024","419140.3"
"Slovenia","Poland","Export","Copper","282741","Chloride oxides and chloride hydroxides; of copper","2024","1621465.14"
"Slovenia","Serbia","Export","Copper","282741","Chloride oxides and chloride hydroxides; of copper","2024","305724.22"
"Slovenia","World","Export","Copper","282741","Chloride oxides and chloride hydroxides; of copper","2024","4782710.810000001"
"Slovenia","World","Import","Copper","282741","Chloride oxides and chloride hydroxides; of copper","2024","9.1"
"Slovenia","Austria","Export","Copper","283325","Sulphates; of copper","2024","245.41"
"Slovenia","Belgium","Import","Copper","283325","Sulphates; of copper","2024","1143.65"
"Slovenia","Bosnia and Herzegovina","Export","Copper","283325","Sulphates; of copper","2024","12151.08"
"Slovenia","Czech Republic","Import","Copper","283325","Sulphates; of copper","2024","63829.5"
"Slovenia","Czech Republic","Export","Copper","283325","Sulphates; of copper","2024","7916.07"
"Slovenia","Germany","Import","Copper","283325","Sulphates; of copper","2024","38848.61"
"Slovenia","Denmark","Import","Copper","283325","Sulphates; of copper","2024","102.87"
"Slovenia","Spain","Export","Copper","283325","Sulphates; of copper","2024","21141.52"
"Slovenia","Spain","Import","Copper","283325","Sulphates; of copper","2024","629.04"
"Slovenia","France","Export","Copper","283325","Sulphates; of copper","2024","1793.15"
"Slovenia","France","Import","Copper","283325","Sulphates; of copper","2024","678.4"
"Slovenia","United Kingdom","Export","Copper","283325","Sulphates; of copper","2024","234.78"
"Slovenia","Croatia","Export","Copper","283325","Sulphates; of copper","2024","190102.21"
"Slovenia","Croatia","Import","Copper","283325","Sulphates; of copper","2024","83.24"
"Slovenia","Ireland","Import","Copper","283325","Sulphates; of copper","2024","7.28"
"Slovenia","Italy","Export","Copper","283325","Sulphates; of copper","2024","1399458.03"
"Slovenia","Italy","Import","Copper","283325","Sulphates; of copper","2024","228540.36"
"Slovenia","Lithuania","Export","Copper","283325","Sulphates; of copper","2024","1088.08"
"Slovenia","North Macedonia","Export","Copper","283325","Sulphates; of copper","2024","5510.05"
"Slovenia","North Macedonia","Import","Copper","283325","Sulphates; of copper","2024","74.2"
"Slovenia","Netherlands","Export","Copper","283325","Sulphates; of copper","2024","4453.51"
"Slovenia","Netherlands","Import","Copper","283325","Sulphates; of copper","2024","20.33"
"Slovenia","Poland","Import","Copper","283325","Sulphates; of copper","2024","43548.87"
"Slovenia","Poland","Export","Copper","283325","Sulphates; of copper","2024","1220.01"
"Slovenia","Romania","Export","Copper","283325","Sulphates; of copper","2024","168.98"
"Slovenia","Singapore","Import","Copper","283325","Sulphates; of copper","2024","7420.37"
"Slovenia","Singapore","Export","Copper","283325","Sulphates; of copper","2024","204.99"
"Slovenia","Serbia","Export","Copper","283325","Sulphates; of copper","2024","72.89"
"Slovenia","Turkiye","Import","Copper","283325","Sulphates; of copper","2024","41790"
"Slovenia","United States of America","Import","Copper","283325","Sulphates; of copper","2024","1759.99"
"Slovenia","World","Export","Copper","283325","Sulphates; of copper","2024","1645760.76"
"Slovenia","World","Import","Copper","283325","Sulphates; of copper","2024","428476.71"
"Sweden","Belgium","Export","Copper","260300","Copper ores and concentrates","2024","160383245.9"
"Sweden","Bulgaria","Import","Copper","260300","Copper ores and concentrates","2024","18345254.6"
"Sweden","Brazil","Import","Copper","260300","Copper ores and concentrates","2024","262605810.06"
"Sweden","Canada","Export","Copper","260300","Copper ores and concentrates","2024","283.89"
"Sweden","China","Export","Copper","260300","Copper ores and concentrates","2024","94.63"
"Sweden","Cyprus","Import","Copper","260300","Copper ores and concentrates","2024","14011362.55"
"Sweden","Denmark","Import","Copper","260300","Copper ores and concentrates","2024","17767642.05"
"Sweden","Spain","Import","Copper","260300","Copper ores and concentrates","2024","9552844.73"
"Sweden","Finland","Export","Copper","260300","Copper ores and concentrates","2024","48517750.65"
"Sweden","Finland","Import","Copper","260300","Copper ores and concentrates","2024","27424862.05"
"Sweden","United Kingdom","Export","Copper","260300","Copper ores and concentrates","2024","189.26"
"Sweden","United Kingdom","Import","Copper","260300","Copper ores and concentrates","2024","94.63"
"Sweden","Ireland","Import","Copper","260300","Copper ores and concentrates","2024","327887.86"
"Sweden","Montenegro","Import","Copper","260300","Copper ores and concentrates","2024","16277810.47"
"Sweden","Peru","Import","Copper","260300","Copper ores and concentrates","2024","80331578.55"
"Sweden","Portugal","Import","Copper","260300","Copper ores and concentrates","2024","139310134.67"
"Sweden","Romania","Import","Copper","260300","Copper ores and concentrates","2024","34168564.24"
"Sweden","Serbia","Import","Copper","260300","Copper ores and concentrates","2024","48819804.91"
"Sweden","United States of America","Import","Copper","260300","Copper ores and concentrates","2024","2554.97"
"Sweden","World","Import","Copper","260300","Copper ores and concentrates","2024","668946206.34"
"Sweden","World","Export","Copper","260300","Copper ores and concentrates","2024","208901564.33"
"Sweden","Germany","Import","Copper","262030","Slag, ash and residues; (not from the manufacture of iron or steel), containing mainly copper","2024","82306192.08"
"Sweden","Denmark","Export","Copper","262030","Slag, ash and residues; (not from the manufacture of iron or steel), containing mainly copper","2024","48165.92"
"Sweden","Finland","Export","Copper","262030","Slag, ash and residues; (not from the manufacture of iron or steel), containing mainly copper","2024","12989847.57"
"Sweden","India","Import","Copper","262030","Slag, ash and residues; (not from the manufacture of iron or steel), containing mainly copper","2024","94.63"
"Sweden","Italy","Import","Copper","262030","Slag, ash and residues; (not from the manufacture of iron or steel), containing mainly copper","2024","10684980.46"
"Sweden","Korea, Republic of","Export","Copper","262030","Slag, ash and residues; (not from the manufacture of iron or steel), containing mainly copper","2024","7490037.41"
"Sweden","Turkiye","Import","Copper","262030","Slag, ash and residues; (not from the manufacture of iron or steel), containing mainly copper","2024","94.63"
"Sweden","Turkiye","Export","Copper","262030","Slag, ash and residues; (not from the manufacture of iron or steel), containing mainly copper","2024","94.63"
"Sweden","World","Import","Copper","262030","Slag, ash and residues; (not from the manufacture of iron or steel), containing mainly copper","2024","92991361.79999998"
"Sweden","World","Export","Copper","262030","Slag, ash and residues; (not from the manufacture of iron or steel), containing mainly copper","2024","20528145.53"
"Sweden","Austria","Import","Copper","282550","Copper oxides and hydroxides","2024","3406.63"
"Sweden","Belgium","Import","Copper","282550","Copper oxides and hydroxides","2024","15519.08"
"Sweden","Belgium","Export","Copper","282550","Copper oxides and hydroxides","2024","94.63"
"Sweden","China","Import","Copper","282550","Copper oxides and hydroxides","2024","377473.21"
"Sweden","Germany","Export","Copper","282550","Copper oxides and hydroxides","2024","1077724.33"
"Sweden","Germany","Import","Copper","282550","Copper oxides and hydroxides","2024","133994"
"Sweden","Denmark","Import","Copper","282550","Copper oxides and hydroxides","2024","1608.68"
"Sweden","Denmark","Export","Copper","282550","Copper oxides and hydroxides","2024","473.14"
"Sweden","Spain","Import","Copper","282550","Copper oxides and hydroxides","2024","1419.43"
"Sweden","Finland","Import","Copper","282550","Copper oxides and hydroxides","2024","1892.57"
"Sweden","France","Export","Copper","282550","Copper oxides and hydroxides","2024","1727633.07"
"Sweden","United Kingdom","Import","Copper","282550","Copper oxides and hydroxides","2024","94.63"
"Sweden","Croatia","Export","Copper","282550","Copper oxides and hydroxides","2024","120462.12"
"Sweden","Italy","Export","Copper","282550","Copper oxides and hydroxides","2024","174684.27"
"Sweden","Netherlands","Import","Copper","282550","Copper oxides and hydroxides","2024","37472.9"
"Sweden","Norway","Import","Copper","282550","Copper oxides and hydroxides","2024","3362908.7"
"Sweden","Norway","Export","Copper","282550","Copper oxides and hydroxides","2024","6529.37"
"Sweden","Portugal","Export","Copper","282550","Copper oxides and hydroxides","2024","249251.55"
"Sweden","United States of America","Import","Copper","282550","Copper oxides and hydroxides","2024","20220792.06"
"Sweden","United States of America","Export","Copper","282550","Copper oxides and hydroxides","2024","13437.25"
"Sweden","World","Import","Copper","282550","Copper oxides and hydroxides","2024","24156581.88999999"
"Sweden","World","Export","Copper","282550","Copper oxides and hydroxides","2024","3370289.73"
"Sweden","Netherlands","Import","Copper","282741","Chloride oxides and chloride hydroxides; of copper","2024","69741.23"
"Sweden","World","Import","Copper","282741","Chloride oxides and chloride hydroxides; of copper","2024","69741.23"
"Sweden","Belgium","Import","Copper","283325","Sulphates; of copper","2024","11071.54"
"Sweden","China","Import","Copper","283325","Sulphates; of copper","2024","155285.42"
"Sweden","Germany","Import","Copper","283325","Sulphates; of copper","2024","723719"
"Sweden","Denmark","Import","Copper","283325","Sulphates; of copper","2024","554901.7"
"Sweden","Denmark","Export","Copper","283325","Sulphates; of copper","2024","36810.5"
"Sweden","Spain","Export","Copper","283325","Sulphates; of copper","2024","35107.18"
"Sweden","Spain","Import","Copper","283325","Sulphates; of copper","2024","1135.54"
"Sweden","Finland","Import","Copper","283325","Sulphates; of copper","2024","1320162.62"
"Sweden","Finland","Export","Copper","283325","Sulphates; of copper","2024","135034.91"
"Sweden","France","Import","Copper","283325","Sulphates; of copper","2024","378.51"
"Sweden","Ireland","Import","Copper","283325","Sulphates; of copper","2024","9084.34"
"Sweden","Italy","Import","Copper","283325","Sulphates; of copper","2024","10409.14"
"Sweden","Korea, Republic of","Export","Copper","283325","Sulphates; of copper","2024","189.26"
"Sweden","Malta","Import","Copper","283325","Sulphates; of copper","2024","594361.8"
"Sweden","Netherlands","Import","Copper","283325","Sulphates; of copper","2024","21196.79"
"Sweden","Netherlands","Export","Copper","283325","Sulphates; of copper","2024","94.63"
"Sweden","Norway","Export","Copper","283325","Sulphates; of copper","2024","27158.39"
"Sweden","New Zealand","Export","Copper","283325","Sulphates; of copper","2024","12112.45"
"Sweden","Poland","Import","Copper","283325","Sulphates; of copper","2024","164085.87"
"Sweden","Turkiye","Import","Copper","283325","Sulphates; of copper","2024","2248563.13"
"Sweden","Turkiye","Export","Copper","283325","Sulphates; of copper","2024","10219.88"
"Sweden","Uzbekistan","Import","Copper","283325","Sulphates; of copper","2024","70971.4"
"Sweden","World","Import","Copper","283325","Sulphates; of copper","2024","5885326.799999999"
"Sweden","World","Export","Copper","283325","Sulphates; of copper","2024","257011.09"
"Sweden","South Africa","Export","Copper","283325","Sulphates; of copper","2024","283.89"
"Seychelles","Singapore","Import","Copper","260300","Copper ores and concentrates","2024","405.63"
"Seychelles","World","Import","Copper","260300","Copper ores and concentrates","2024","405.63"
"Seychelles","United Kingdom","Import","Copper","283325","Sulphates; of copper","2024","440.55"
"Seychelles","World","Import","Copper","283325","Sulphates; of copper","2024","887.86"
"Seychelles","South Africa","Import","Copper","283325","Sulphates; of copper","2024","447.31"
"Togo","European Union","Import","Copper","283325","Sulphates; of copper","2024","48.31"
"Togo","Spain","Import","Copper","283325","Sulphates; of copper","2024","48.31"
"Togo","World","Import","Copper","283325","Sulphates; of copper","2024","48.31"
"Thailand","China","Import","Copper","260300","Copper ores and concentrates","2024","19520.89"
"Thailand","Chinese Taipei","Import","Copper","260300","Copper ores and concentrates","2024","59375.69"
"Thailand","Hong Kong, China","Export","Copper","260300","Copper ores and concentrates","2024","21607.41"
"Thailand","India","Import","Copper","260300","Copper ores and concentrates","2024","14.05"
"Thailand","Japan","Import","Copper","260300","Copper ores and concentrates","2024","110304.59"
"Thailand","Cambodia","Import","Copper","260300","Copper ores and concentrates","2024","24706.97"
"Thailand","Korea, Republic of","Import","Copper","260300","Copper ores and concentrates","2024","19003.46"
"Thailand","Lao People's Democratic Republic","Export","Copper","260300","Copper ores and concentrates","2024","40.87"
"Thailand","Myanmar","Import","Copper","260300","Copper ores and concentrates","2024","21564.15"
"Thailand","Saudi Arabia, Kingdom of","Import","Copper","260300","Copper ores and concentrates","2024","4235.54"
"Thailand","Singapore","Import","Copper","260300","Copper ores and concentrates","2024","12001.12"
"Thailand","Singapore","Export","Copper","260300","Copper ores and concentrates","2024","223.83"
"Thailand","United States of America","Import","Copper","260300","Copper ores and concentrates","2024","1910.69"
"Thailand","United States of America","Export","Copper","260300","Copper ores and concentrates","2024","48.01"
"Thailand","World","Import","Copper","260300","Copper ores and concentrates","2024","272637.15"
"Thailand","World","Export","Copper","260300","Copper ores and concentrates","2024","21920.12"
"Thailand","China","Import","Copper","262030","Slag, ash and residues; (not from the manufacture of iron or steel), containing mainly copper","2024","705.71"
"Thailand","Chinese Taipei","Import","Copper","262030","Slag, ash and residues; (not from the manufacture of iron or steel), containing mainly copper","2024","72658.07"
"Thailand","Hong Kong, China","Export","Copper","262030","Slag, ash and residues; (not from the manufacture of iron or steel), containing mainly copper","2024","362.18"
"Thailand","Japan","Export","Copper","262030","Slag, ash and residues; (not from the manufacture of iron or steel), containing mainly copper","2024","13713.99"
"Thailand","Korea, Republic of","Export","Copper","262030","Slag, ash and residues; (not from the manufacture of iron or steel), containing mainly copper","2024","2689538.37"
"Thailand","Singapore","Import","Copper","262030","Slag, ash and residues; (not from the manufacture of iron or steel), containing mainly copper","2024","185507.16"
"Thailand","World","Export","Copper","262030","Slag, ash and residues; (not from the manufacture of iron or steel), containing mainly copper","2024","2703614.540000001"
"Thailand","World","Import","Copper","262030","Slag, ash and residues; (not from the manufacture of iron or steel), containing mainly copper","2024","258870.94"
"Thailand","Belgium","Import","Copper","282550","Copper oxides and hydroxides","2024","83.15"
"Thailand","China","Import","Copper","282550","Copper oxides and hydroxides","2024","1235492.25"
"Thailand","China","Export","Copper","282550","Copper oxides and hydroxides","2024","25348.96"
"Thailand","Chinese Taipei","Import","Copper","282550","Copper oxides and hydroxides","2024","3943884.6"
"Thailand","European Union","Import","Copper","282550","Copper oxides and hydroxides","2024","9473.06"
"Thailand","Spain","Import","Copper","282550","Copper oxides and hydroxides","2024","9389.91"
"Thailand","Hong Kong, China","Export","Copper","282550","Copper oxides and hydroxides","2024","830265.59"
"Thailand","Hong Kong, China","Import","Copper","282550","Copper oxides and hydroxides","2024","853.4"
"Thailand","India","Import","Copper","282550","Copper oxides and hydroxides","2024","249.67"
"Thailand","Japan","Import","Copper","282550","Copper oxides and hydroxides","2024","231384.54"
"Thailand","Japan","Export","Copper","282550","Copper oxides and hydroxides","2024","227068.01"
"Thailand","Korea, Republic of","Import","Copper","282550","Copper oxides and hydroxides","2024","932788.07"
"Thailand","Norway","Import","Copper","282550","Copper oxides and hydroxides","2024","1218633.14"
"Thailand","Singapore","Import","Copper","282550","Copper oxides and hydroxides","2024","143020.68"
"Thailand","United States of America","Import","Copper","282550","Copper oxides and hydroxides","2024","3274343.09"
"Thailand","Viet Nam","Export","Copper","282550","Copper oxides and hydroxides","2024","10993256.94"
"Thailand","World","Export","Copper","282550","Copper oxides and hydroxides","2024","12075939.5"
"Thailand","World","Import","Copper","282550","Copper oxides and hydroxides","2024","10990122.5"
"Thailand","China","Import","Copper","282741","Chloride oxides and chloride hydroxides; of copper","2024","3271217.84"
"Thailand","European Union","Import","Copper","282741","Chloride oxides and chloride hydroxides; of copper","2024","133920"
"Thailand","Hong Kong, China","Export","Copper","282741","Chloride oxides and chloride hydroxides; of copper","2024","367.35"
"Thailand","Italy","Import","Copper","282741","Chloride oxides and chloride hydroxides; of copper","2024","133920"
"Thailand","Japan","Import","Copper","282741","Chloride oxides and chloride hydroxides; of copper","2024","20995.71"
"Thailand","Cambodia","Export","Copper","282741","Chloride oxides and chloride hydroxides; of copper","2024","471.42"
"Thailand","Lao People's Democratic Republic","Export","Copper","282741","Chloride oxides and chloride hydroxides; of copper","2024","1638.34"
"Thailand","Singapore","Export","Copper","282741","Chloride oxides and chloride hydroxides; of copper","2024","48"
"Thailand","World","Import","Copper","282741","Chloride oxides and chloride hydroxides; of copper","2024","3426133.55"
"Thailand","World","Export","Copper","282741","Chloride oxides and chloride hydroxides; of copper","2024","2525.11"
"Thailand","Australia","Export","Copper","283325","Sulphates; of copper","2024","560291.89"
"Thailand","Belgium","Import","Copper","283325","Sulphates; of copper","2024","8230.18"
"Thailand","Bangladesh","Export","Copper","283325","Sulphates; of copper","2024","1175.99"
"Thailand","China","Import","Copper","283325","Sulphates; of copper","2024","1231930.34"
"Thailand","China","Export","Copper","283325","Sulphates; of copper","2024","1"
"Thailand","Chinese Taipei","Import","Copper","283325","Sulphates; of copper","2024","2047981.2"
"Thailand","Chinese Taipei","Export","Copper","283325","Sulphates; of copper","2024","160858.01"
"Thailand","Germany","Import","Copper","283325","Sulphates; of copper","2024","71054.13"
"Thailand","European Union","Import","Copper","283325","Sulphates; of copper","2024","79544.26"
"Thailand","France","Import","Copper","283325","Sulphates; of copper","2024","105.64"
"Thailand","Hong Kong, China","Export","Copper","283325","Sulphates; of copper","2024","2.62"
"Thailand","Indonesia","Export","Copper","283325","Sulphates; of copper","2024","6591986.52"
"Thailand","India","Export","Copper","283325","Sulphates; of copper","2024","216000.97"
"Thailand","India","Import","Copper","283325","Sulphates; of copper","2024","80244.33"
"Thailand","Ireland","Import","Copper","283325","Sulphates; of copper","2024","154.31"
"Thailand","Japan","Export","Copper","283325","Sulphates; of copper","2024","1596341.37"
"Thailand","Japan","Import","Copper","283325","Sulphates; of copper","2024","1550721.28"
"Thailand","Cambodia","Export","Copper","283325","Sulphates; of copper","2024","737.5"
"Thailand","Korea, Republic of","Export","Copper","283325","Sulphates; of copper","2024","2006899.97"
"Thailand","Korea, Republic of","Import","Copper","283325","Sulphates; of copper","2024","14914.41"
"Thailand","Lao People's Democratic Republic","Export","Copper","283325","Sulphates; of copper","2024","427999.98"
"Thailand","Sri Lanka","Export","Copper","283325","Sulphates; of copper","2024","39519.98"
"Thailand","Myanmar","Export","Copper","283325","Sulphates; of copper","2024","123262.12"
"Thailand","Malaysia","Export","Copper","283325","Sulphates; of copper","2024","634199.94"
"Thailand","Malaysia","Import","Copper","283325","Sulphates; of copper","2024","109904.74"
"Thailand","Philippines","Export","Copper","283325","Sulphates; of copper","2024","374470.01"
"Thailand","United States of America","Import","Copper","283325","Sulphates; of copper","2024","111244.84"
"Thailand","Viet Nam","Export","Copper","283325","Sulphates; of copper","2024","6379627.75"
"Thailand","Viet Nam","Import","Copper","283325","Sulphates; of copper","2024","114099.83"
"Thailand","World","Export","Copper","283325","Sulphates; of copper","2024","19113375.62"
"Thailand","World","Import","Copper","283325","Sulphates; of copper","2024","5340585.23"
"Trinidad and Tobago","Germany","Import","Copper","262030","Slag, ash and residues; (not from the manufacture of iron or steel), containing mainly copper","2024","113394.23"
"Trinidad and Tobago","European Union","Import","Copper","262030","Slag, ash and residues; (not from the manufacture of iron or steel), containing mainly copper","2024","113394.23"
"Trinidad and Tobago","World","Import","Copper","262030","Slag, ash and residues; (not from the manufacture of iron or steel), containing mainly copper","2024","113394.23"
"Trinidad and Tobago","European Union","Import","Copper","282550","Copper oxides and hydroxides","2024","278.81"
"Trinidad and Tobago","Italy","Import","Copper","282550","Copper oxides and hydroxides","2024","278.81"
"Trinidad and Tobago","United States of America","Import","Copper","282550","Copper oxides and hydroxides","2024","716.43"
"Trinidad and Tobago","World","Import","Copper","282550","Copper oxides and hydroxides","2024","995.24"
"Trinidad and Tobago","European Union","Import","Copper","283325","Sulphates; of copper","2024","20598.88"
"Trinidad and Tobago","Guyana","Export","Copper","283325","Sulphates; of copper","2024","17691.97"
"Trinidad and Tobago","Netherlands","Import","Copper","283325","Sulphates; of copper","2024","20598.88"
"Trinidad and Tobago","United States of America","Import","Copper","283325","Sulphates; of copper","2024","5647.45"
"Trinidad and Tobago","World","Import","Copper","283325","Sulphates; of copper","2024","26246.33"
"Trinidad and Tobago","World","Export","Copper","283325","Sulphates; of copper","2024","17691.97"
"Tunisia","Bosnia and Herzegovina","Import","Copper","260300","Copper ores and concentrates","2024","789.39"
"Tunisia","World","Import","Copper","260300","Copper ores and concentrates","2024","789.39"
"Tunisia","Korea, Republic of","Export","Copper","262030","Slag, ash and residues; (not from the manufacture of iron or steel), containing mainly copper","2024","563929.89"
"Tunisia","World","Export","Copper","262030","Slag, ash and residues; (not from the manufacture of iron or steel), containing mainly copper","2024","563929.89"
"Tunisia","Germany","Import","Copper","282550","Copper oxides and hydroxides","2024","54432.41"
"Tunisia","European Union","Import","Copper","282550","Copper oxides and hydroxides","2024","54432.41"
"Tunisia","India","Import","Copper","282550","Copper oxides and hydroxides","2024","6183.53"
"Tunisia","Libya","Export","Copper","282550","Copper oxides and hydroxides","2024","5818.92"
"Tunisia","Norway","Import","Copper","282550","Copper oxides and hydroxides","2024","431918.76"
"Tunisia","United States of America","Import","Copper","282550","Copper oxides and hydroxides","2024","7670.6"
"Tunisia","World","Import","Copper","282550","Copper oxides and hydroxides","2024","500205.3"
"Tunisia","World","Export","Copper","282550","Copper oxides and hydroxides","2024","5818.92"
"Tunisia","India","Import","Copper","282741","Chloride oxides and chloride hydroxides; of copper","2024","367.18"
"Tunisia","World","Import","Copper","282741","Chloride oxides and chloride hydroxides; of copper","2024","367.18"
"Tunisia","Belgium","Import","Copper","283325","Sulphates; of copper","2024","20926.16"
"Tunisia","Brazil","Import","Copper","283325","Sulphates; of copper","2024","130481.58"
"Tunisia","China","Import","Copper","283325","Sulphates; of copper","2024","1611.61"
"Tunisia","Germany","Import","Copper","283325","Sulphates; of copper","2024","5353.26"
"Tunisia","European Union","Import","Copper","283325","Sulphates; of copper","2024","591574.74"
"Tunisia","Spain","Import","Copper","283325","Sulphates; of copper","2024","81250.22"
"Tunisia","France","Import","Copper","283325","Sulphates; of copper","2024","242"
"Tunisia","India","Import","Copper","283325","Sulphates; of copper","2024","498.8"
"Tunisia","Italy","Import","Copper","283325","Sulphates; of copper","2024","19982.3"
"Tunisia","Netherlands","Import","Copper","283325","Sulphates; of copper","2024","754.96"
"Tunisia","Poland","Import","Copper","283325","Sulphates; of copper","2024","463065.84"
"Tunisia","Turkiye","Import","Copper","283325","Sulphates; of copper","2024","320543.52"
"Tunisia","United States of America","Import","Copper","283325","Sulphates; of copper","2024","102.98"
"Tunisia","World","Import","Copper","283325","Sulphates; of copper","2024","1044813.23"
"Turkiye","Albania","Import","Copper","260300","Copper ores and concentrates","2024","1393"
"Turkiye","Azerbaijan","Export","Copper","260300","Copper ores and concentrates","2024","19"
"Turkiye","Belgium","Export","Copper","260300","Copper ores and concentrates","2024","261058"
"Turkiye","Belgium","Import","Copper","260300","Copper ores and concentrates","2024","2"
"Turkiye","Bulgaria","Export","Copper","260300","Copper ores and concentrates","2024","386254899"
"Turkiye","Bulgaria","Import","Copper","260300","Copper ores and concentrates","2024","22"
"Turkiye","Bosnia and Herzegovina","Import","Copper","260300","Copper ores and concentrates","2024","22335"
"Turkiye","China","Export","Copper","260300","Copper ores and concentrates","2024","251445177"
"Turkiye","China","Import","Copper","260300","Copper ores and concentrates","2024","136"
"Turkiye","Germany","Export","Copper","260300","Copper ores and concentrates","2024","19146274"
"Turkiye","European Union","Export","Copper","260300","Copper ores and concentrates","2024","405962880"
"Turkiye","European Union","Import","Copper","260300","Copper ores and concentrates","2024","67959"
"Turkiye","United Kingdom","Export","Copper","260300","Copper ores and concentrates","2024","10"
"Turkiye","United Kingdom","Import","Copper","260300","Copper ores and concentrates","2024","10"
"Turkiye","Hong Kong, China","Export","Copper","260300","Copper ores and concentrates","2024","1725603"
"Turkiye","India","Import","Copper","260300","Copper ores and concentrates","2024","24"
"Turkiye","Iran","Export","Copper","260300","Copper ores and concentrates","2024","185992"
"Turkiye","Iran","Import","Copper","260300","Copper ores and concentrates","2024","4272"
"Turkiye","Italy","Export","Copper","260300","Copper ores and concentrates","2024","300650"
"Turkiye","Italy","Import","Copper","260300","Copper ores and concentrates","2024","67935"
"Turkiye","Kyrgyz Republic","Import","Copper","260300","Copper ores and concentrates","2024","180"
"Turkiye","Cambodia","Export","Copper","260300","Copper ores and concentrates","2024","68907"
"Turkiye","Libya","Import","Copper","260300","Copper ores and concentrates","2024","17500"
"Turkiye","Morocco","Import","Copper","260300","Copper ores and concentrates","2024","13"
"Turkiye","Mexico","Import","Copper","260300","Copper ores and concentrates","2024","49"
"Turkiye","Montenegro","Import","Copper","260300","Copper ores and concentrates","2024","2"
"Turkiye","Malaysia","Export","Copper","260300","Copper ores and concentrates","2024","2316961"
"Turkiye","Oman","Import","Copper","260300","Copper ores and concentrates","2024","3"
"Turkiye","Pakistan","Import","Copper","260300","Copper ores and concentrates","2024","2"
"Turkiye","Thailand","Export","Copper","260300","Copper ores and concentrates","2024","109516"
"Turkiye","Turkmenistan","Export","Copper","260300","Copper ores and concentrates","2024","5"
"Turkiye","United States of America","Export","Copper","260300","Copper ores and concentrates","2024","1695"
"Turkiye","United States of America","Import","Copper","260300","Copper ores and concentrates","2024","31"
"Turkiye","Uzbekistan","Import","Copper","260300","Copper ores and concentrates","2024","33"
"Turkiye","World","Export","Copper","260300","Copper ores and concentrates","2024","661824977"
"Turkiye","World","Import","Copper","260300","Copper ores and concentrates","2024","114074"
"Turkiye","South Africa","Export","Copper","260300","Copper ores and concentrates","2024","8211"
"Turkiye","South Africa","Import","Copper","260300","Copper ores and concentrates","2024","132"
"Turkiye","Belgium","Export","Copper","262030","Slag, ash and residues; (not from the manufacture of iron or steel), containing mainly copper","2024","2085255"
"Turkiye","Canada","Import","Copper","262030","Slag, ash and residues; (not from the manufacture of iron or steel), containing mainly copper","2024","261214"
"Turkiye","Germany","Export","Copper","262030","Slag, ash and residues; (not from the manufacture of iron or steel), containing mainly copper","2024","889667"
"Turkiye","Germany","Import","Copper","262030","Slag, ash and residues; (not from the manufacture of iron or steel), containing mainly copper","2024","2642"
"Turkiye","Algeria","Import","Copper","262030","Slag, ash and residues; (not from the manufacture of iron or steel), containing mainly copper","2024","432740"
"Turkiye","European Union","Import","Copper","262030","Slag, ash and residues; (not from the manufacture of iron or steel), containing mainly copper","2024","4031557"
"Turkiye","European Union","Export","Copper","262030","Slag, ash and residues; (not from the manufacture of iron or steel), containing mainly copper","2024","3704200"
"Turkiye","Spain","Import","Copper","262030","Slag, ash and residues; (not from the manufacture of iron or steel), containing mainly copper","2024","38379"
"Turkiye","Greece","Import","Copper","262030","Slag, ash and residues; (not from the manufacture of iron or steel), containing mainly copper","2024","386315"
"Turkiye","Italy","Export","Copper","262030","Slag, ash and residues; (not from the manufacture of iron or steel), containing mainly copper","2024","725780"
"Turkiye","Italy","Import","Copper","262030","Slag, ash and residues; (not from the manufacture of iron or steel), containing mainly copper","2024","253777"
"Turkiye","Japan","Import","Copper","262030","Slag, ash and residues; (not from the manufacture of iron or steel), containing mainly copper","2024","2"
"Turkiye","Mexico","Import","Copper","262030","Slag, ash and residues; (not from the manufacture of iron or steel), containing mainly copper","2024","1403617"
"Turkiye","North Macedonia","Import","Copper","262030","Slag, ash and residues; (not from the manufacture of iron or steel), containing mainly copper","2024","54143"
"Turkiye","Poland","Import","Copper","262030","Slag, ash and residues; (not from the manufacture of iron or steel), containing mainly copper","2024","1856412"
"Turkiye","Romania","Import","Copper","262030","Slag, ash and residues; (not from the manufacture of iron or steel), containing mainly copper","2024","1494032"
"Turkiye","Romania","Export","Copper","262030","Slag, ash and residues; (not from the manufacture of iron or steel), containing mainly copper","2024","3498"
"Turkiye","Ukraine","Import","Copper","262030","Slag, ash and residues; (not from the manufacture of iron or steel), containing mainly copper","2024","42404"
"Turkiye","United States of America","Import","Copper","262030","Slag, ash and residues; (not from the manufacture of iron or steel), containing mainly copper","2024","535576"
"Turkiye","Uzbekistan","Import","Copper","262030","Slag, ash and residues; (not from the manufacture of iron or steel), containing mainly copper","2024","104163"
"Turkiye","World","Import","Copper","262030","Slag, ash and residues; (not from the manufacture of iron or steel), containing mainly copper","2024","6868524"
"Turkiye","World","Export","Copper","262030","Slag, ash and residues; (not from the manufacture of iron or steel), containing mainly copper","2024","3704200"
"Turkiye","South Africa","Import","Copper","262030","Slag, ash and residues; (not from the manufacture of iron or steel), containing mainly copper","2024","3108"
"Turkiye","Australia","Import","Copper","282550","Copper oxides and hydroxides","2024","672510"
"Turkiye","Australia","Export","Copper","282550","Copper oxides and hydroxides","2024","185"
"Turkiye","Azerbaijan","Export","Copper","282550","Copper oxides and hydroxides","2024","147622"
"Turkiye","Belgium","Export","Copper","282550","Copper oxides and hydroxides","2024","732"
"Turkiye","Switzerland","Import","Copper","282550","Copper oxides and hydroxides","2024","1000"
"Turkiye","China","Import","Copper","282550","Copper oxides and hydroxides","2024","411382"
"Turkiye","Cyprus","Export","Copper","282550","Copper oxides and hydroxides","2024","67"
"Turkiye","Czech Republic","Export","Copper","282550","Copper oxides and hydroxides","2024","105"
"Turkiye","Germany","Import","Copper","282550","Copper oxides and hydroxides","2024","740580"
"Turkiye","Germany","Export","Copper","282550","Copper oxides and hydroxides","2024","2124"
"Turkiye","Denmark","Export","Copper","282550","Copper oxides and hydroxides","2024","107"
"Turkiye","European Union","Import","Copper","282550","Copper oxides and hydroxides","2024","1310122"
"Turkiye","European Union","Export","Copper","282550","Copper oxides and hydroxides","2024","4454"
"Turkiye","Spain","Import","Copper","282550","Copper oxides and hydroxides","2024","340220"
"Turkiye","Spain","Export","Copper","282550","Copper oxides and hydroxides","2024","238"
"Turkiye","Finland","Import","Copper","282550","Copper oxides and hydroxides","2024","143965"
"Turkiye","France","Export","Copper","282550","Copper oxides and hydroxides","2024","105"
"Turkiye","United Kingdom","Import","Copper","282550","Copper oxides and hydroxides","2024","1407"
"Turkiye","United Kingdom","Export","Copper","282550","Copper oxides and hydroxides","2024","311"
"Turkiye","Georgia","Export","Copper","282550","Copper oxides and hydroxides","2024","771"
"Turkiye","Greece","Export","Copper","282550","Copper oxides and hydroxides","2024","361"
"Turkiye","India","Import","Copper","282550","Copper oxides and hydroxides","2024","1327197"
"Turkiye","Iraq","Export","Copper","282550","Copper oxides and hydroxides","2024","1200"
"Turkiye","Italy","Import","Copper","282550","Copper oxides and hydroxides","2024","2837"
"Turkiye","Italy","Export","Copper","282550","Copper oxides and hydroxides","2024","231"
"Turkiye","Japan","Import","Copper","282550","Copper oxides and hydroxides","2024","79"
"Turkiye","Kazakhstan","Export","Copper","282550","Copper oxides and hydroxides","2024","134673"
"Turkiye","Netherlands","Import","Copper","282550","Copper oxides and hydroxides","2024","82520"
"Turkiye","Netherlands","Export","Copper","282550","Copper oxides and hydroxides","2024","82"
"Turkiye","Norway","Import","Copper","282550","Copper oxides and hydroxides","2024","5423667"
"Turkiye","Poland","Export","Copper","282550","Copper oxides and hydroxides","2024","302"
"Turkiye","Russian Federation","Import","Copper","282550","Copper oxides and hydroxides","2024","147"
"Turkiye","Russian Federation","Export","Copper","282550","Copper oxides and hydroxides","2024","83"
"Turkiye","Serbia","Export","Copper","282550","Copper oxides and hydroxides","2024","352"
"Turkiye","United States of America","Import","Copper","282550","Copper oxides and hydroxides","2024","3567294"
"Turkiye","United States of America","Export","Copper","282550","Copper oxides and hydroxides","2024","766"
"Turkiye","World","Import","Copper","282550","Copper oxides and hydroxides","2024","12714805"
"Turkiye","World","Export","Copper","282550","Copper oxides and hydroxides","2024","290502"
"Turkiye","South Africa","Export","Copper","282550","Copper oxides and hydroxides","2024","85"
"Turkiye","Germany","Import","Copper","282741","Chloride oxides and chloride hydroxides; of copper","2024","541"
"Turkiye","European Union","Import","Copper","282741","Chloride oxides and chloride hydroxides; of copper","2024","1865615"
"Turkiye","Spain","Import","Copper","282741","Chloride oxides and chloride hydroxides; of copper","2024","1365030"
"Turkiye","Greece","Import","Copper","282741","Chloride oxides and chloride hydroxides; of copper","2024","32900"
"Turkiye","India","Import","Copper","282741","Chloride oxides and chloride hydroxides; of copper","2024","1162346"
"Turkiye","Italy","Import","Copper","282741","Chloride oxides and chloride hydroxides; of copper","2024","467144"
"Turkiye","Liberia","Export","Copper","282741","Chloride oxides and chloride hydroxides; of copper","2024","398"
"Turkiye","World","Import","Copper","282741","Chloride oxides and chloride hydroxides; of copper","2024","3027961"
"Turkiye","World","Export","Copper","282741","Chloride oxides and chloride hydroxides; of copper","2024","398"
"Turkiye","Albania","Export","Copper","283325","Sulphates; of copper","2024","2750"
"Turkiye","United Arab Emirates","Export","Copper","283325","Sulphates; of copper","2024","6"
"Turkiye","Azerbaijan","Export","Copper","283325","Sulphates; of copper","2024","603817"
"Turkiye","Belgium","Export","Copper","283325","Sulphates; of copper","2024","1056188"
"Turkiye","Belgium","Import","Copper","283325","Sulphates; of copper","2024","125"
"Turkiye","Bulgaria","Export","Copper","283325","Sulphates; of copper","2024","330839"
"Turkiye","Bahrain, Kingdom of","Export","Copper","283325","Sulphates; of copper","2024","5"
"Turkiye","Belarus","Import","Copper","283325","Sulphates; of copper","2024","633716"
"Turkiye","Brazil","Import","Copper","283325","Sulphates; of copper","2024","8656"
"Turkiye","Canada","Export","Copper","283325","Sulphates; of copper","2024","3425694"
"Turkiye","Canada","Import","Copper","283325","Sulphates; of copper","2024","772859"
"Turkiye","China","Import","Copper","283325","Sulphates; of copper","2024","22896"
"Turkiye","Chinese Taipei","Export","Copper","283325","Sulphates; of copper","2024","68025"
"Turkiye","Cote d'Ivoire","Export","Copper","283325","Sulphates; of copper","2024","1017500"
"Turkiye","Cuba","Export","Copper","283325","Sulphates; of copper","2024","916800"
"Turkiye","Cyprus","Export","Copper","283325","Sulphates; of copper","2024","994"
"Turkiye","Germany","Export","Copper","283325","Sulphates; of copper","2024","2111607"
"Turkiye","Germany","Import","Copper","283325","Sulphates; of copper","2024","636436"
"Turkiye","Denmark","Export","Copper","283325","Sulphates; of copper","2024","2558432"
"Turkiye","Algeria","Export","Copper","283325","Sulphates; of copper","2024","77527"
"Turkiye","Ecuador","Export","Copper","283325","Sulphates; of copper","2024","942"
"Turkiye","European Union","Export","Copper","283325","Sulphates; of copper","2024","25482704"
"Turkiye","European Union","Import","Copper","283325","Sulphates; of copper","2024","1342210"
"Turkiye","Egypt","Export","Copper","283325","Sulphates; of copper","2024","1632994"
"Turkiye","Spain","Export","Copper","283325","Sulphates; of copper","2024","5050236"
"Turkiye","Spain","Import","Copper","283325","Sulphates; of copper","2024","11629"
"Turkiye","Ethiopia","Export","Copper","283325","Sulphates; of copper","2024","10544"
"Turkiye","France","Export","Copper","283325","Sulphates; of copper","2024","2854316"
"Turkiye","France","Import","Copper","283325","Sulphates; of copper","2024","63160"
"Turkiye","United Kingdom","Export","Copper","283325","Sulphates; of copper","2024","1452417"
"Turkiye","United Kingdom","Import","Copper","283325","Sulphates; of copper","2024","347"
"Turkiye","Georgia","Export","Copper","283325","Sulphates; of copper","2024","256325"
"Turkiye","Ghana","Export","Copper","283325","Sulphates; of copper","2024","1241395"
"Turkiye","Greece","Export","Copper","283325","Sulphates; of copper","2024","1761530"
"Turkiye","Croatia","Export","Copper","283325","Sulphates; of copper","2024","26850"
"Turkiye","Hungary","Export","Copper","283325","Sulphates; of copper","2024","538307"
"Turkiye","India","Export","Copper","283325","Sulphates; of copper","2024","12613"
"Turkiye","India","Import","Copper","283325","Sulphates; of copper","2024","8185"
"Turkiye","Ireland","Export","Copper","283325","Sulphates; of copper","2024","253222"
"Turkiye","Iran","Export","Copper","283325","Sulphates; of copper","2024","155933"
"Turkiye","Iraq","Export","Copper","283325","Sulphates; of copper","2024","77522"
"Turkiye","Israel","Export","Copper","283325","Sulphates; of copper","2024","298785"
"Turkiye","Italy","Export","Copper","283325","Sulphates; of copper","2024","278900"
"Turkiye","Italy","Import","Copper","283325","Sulphates; of copper","2024","81627"
"Turkiye","Jordan","Export","Copper","283325","Sulphates; of copper","2024","373264"
"Turkiye","Japan","Import","Copper","283325","Sulphates; of copper","2024","6131"
"Turkiye","Kazakhstan","Export","Copper","283325","Sulphates; of copper","2024","307"
"Turkiye","Kenya","Export","Copper","283325","Sulphates; of copper","2024","3409096"
"Turkiye","Kyrgyz Republic","Export","Copper","283325","Sulphates; of copper","2024","926"
"Turkiye","Lebanese Republic","Export","Copper","283325","Sulphates; of copper","2024","93263"
"Turkiye","Liberia","Export","Copper","283325","Sulphates; of copper","2024","28"
"Turkiye","Libya","Export","Copper","283325","Sulphates; of copper","2024","7136"
"Turkiye","Lithuania","Export","Copper","283325","Sulphates; of copper","2024","258163"
"Turkiye","Latvia","Export","Copper","283325","Sulphates; of copper","2024","131494"
"Turkiye","Morocco","Export","Copper","283325","Sulphates; of copper","2024","4751706"
"Turkiye","Mexico","Import","Copper","283325","Sulphates; of copper","2024","898"
"Turkiye","North Macedonia","Export","Copper","283325","Sulphates; of copper","2024","449460"
"Turkiye","North Macedonia","Import","Copper","283325","Sulphates; of copper","2024","630"
"Turkiye","Mali","Export","Copper","283325","Sulphates; of copper","2024","111060"
"Turkiye","Myanmar","Export","Copper","283325","Sulphates; of copper","2024","144528"
"Turkiye","Nigeria","Export","Copper","283325","Sulphates; of copper","2024","400325"
"Turkiye","Netherlands","Export","Copper","283325","Sulphates; of copper","2024","2403706"
"Turkiye","Netherlands","Import","Copper","283325","Sulphates; of copper","2024","66"
"Turkiye","Norway","Export","Copper","283325","Sulphates; of copper","2024","134482"
"Turkiye","Pakistan","Export","Copper","283325","Sulphates; of copper","2024","74925"
"Turkiye","Poland","Import","Copper","283325","Sulphates; of copper","2024","538914"
"Turkiye","Poland","Export","Copper","283325","Sulphates; of copper","2024","488230"
"Turkiye","Portugal","Export","Copper","283325","Sulphates; of copper","2024","2200707"
"Turkiye","Qatar","Export","Copper","283325","Sulphates; of copper","2024","74510"
"Turkiye","Romania","Export","Copper","283325","Sulphates; of copper","2024","700314"
"Turkiye","Russian Federation","Import","Copper","283325","Sulphates; of copper","2024","1185318"
"Turkiye","Russian Federation","Export","Copper","283325","Sulphates; of copper","2024","691"
"Turkiye","Saudi Arabia, Kingdom of","Export","Copper","283325","Sulphates; of copper","2024","3148305"
"Turkiye","Senegal","Export","Copper","283325","Sulphates; of copper","2024","337377"
"Turkiye","Serbia","Export","Copper","283325","Sulphates; of copper","2024","1528939"
"Turkiye","Serbia","Import","Copper","283325","Sulphates; of copper","2024","418158"
"Turkiye","Suriname","Export","Copper","283325","Sulphates; of copper","2024","267000"
"Turkiye","Slovenia","Export","Copper","283325","Sulphates; of copper","2024","152165"
"Turkiye","Sweden","Export","Copper","283325","Sulphates; of copper","2024","2326505"
"Turkiye","Sweden","Import","Copper","283325","Sulphates; of copper","2024","10253"
"Turkiye","Syrian Arab Republic","Export","Copper","283325","Sulphates; of copper","2024","11346"
"Turkiye","Turkmenistan","Export","Copper","283325","Sulphates; of copper","2024","12576"
"Turkiye","Timor-Leste","Export","Copper","283325","Sulphates; of copper","2024","140380"
"Turkiye","Tunisia","Export","Copper","283325","Sulphates; of copper","2024","308111"
"Turkiye","Tanzania","Export","Copper","283325","Sulphates; of copper","2024","879295"
"Turkiye","Ukraine","Export","Copper","283325","Sulphates; of copper","2024","1827825"
"Turkiye","United States of America","Import","Copper","283325","Sulphates; of copper","2024","339895"
"Turkiye","United States of America","Export","Copper","283325","Sulphates; of copper","2024","186932"
"Turkiye","Uzbekistan","Import","Copper","283325","Sulphates; of copper","2024","14506255"
"Turkiye","Uzbekistan","Export","Copper","283325","Sulphates; of copper","2024","37070"
"Turkiye","World","Export","Copper","283325","Sulphates; of copper","2024","56257637"
"Turkiye","World","Import","Copper","283325","Sulphates; of copper","2024","19246154"
"Turkiye","South Africa","Export","Copper","283325","Sulphates; of copper","2024","812475"
"Tanzania","Australia","Import","Copper","260300","Copper ores and concentrates","2024","1231.84"
"Tanzania","China","Export","Copper","260300","Copper ores and concentrates","2024","40544116.61"
"Tanzania","Hong Kong, China","Export","Copper","260300","Copper ores and concentrates","2024","296919.58"
"Tanzania","India","Export","Copper","260300","Copper ores and concentrates","2024","207466897.28"
"Tanzania","Iran","Export","Copper","260300","Copper ores and concentrates","2024","2600"
"Tanzania","Korea, Republic of","Export","Copper","260300","Copper ores and concentrates","2024","10.15"
"Tanzania","Singapore","Export","Copper","260300","Copper ores and concentrates","2024","4166304.16"
"Tanzania","Turkiye","Export","Copper","260300","Copper ores and concentrates","2024","11"
"Tanzania","United States of America","Export","Copper","260300","Copper ores and concentrates","2024","50"
"Tanzania","World","Export","Copper","260300","Copper ores and concentrates","2024","252478446.33"
"Tanzania","World","Import","Copper","260300","Copper ores and concentrates","2024","1837.84"
"Tanzania","South Africa","Export","Copper","260300","Copper ores and concentrates","2024","1537.55"
"Tanzania","Zambia","Import","Copper","260300","Copper ores and concentrates","2024","606"
"Tanzania","Germany","Export","Copper","262030","Slag, ash and residues; (not from the manufacture of iron or steel), containing mainly copper","2024","118659.59"
"Tanzania","European Union","Export","Copper","262030","Slag, ash and residues; (not from the manufacture of iron or steel), containing mainly copper","2024","118659.59375"
"Tanzania","World","Export","Copper","262030","Slag, ash and residues; (not from the manufacture of iron or steel), containing mainly copper","2024","118659.59"
"Tanzania","United Arab Emirates","Import","Copper","282550","Copper oxides and hydroxides","2024","115191.71"
"Tanzania","Australia","Import","Copper","282550","Copper oxides and hydroxides","2024","163.62"
"Tanzania","China","Import","Copper","282550","Copper oxides and hydroxides","2024","1344529"
"Tanzania","World","Import","Copper","282550","Copper oxides and hydroxides","2024","1459884.33"
"Tanzania","China","Import","Copper","282741","Chloride oxides and chloride hydroxides; of copper","2024","17.32"
"Tanzania","India","Import","Copper","282741","Chloride oxides and chloride hydroxides; of copper","2024","464.63"
"Tanzania","World","Import","Copper","282741","Chloride oxides and chloride hydroxides; of copper","2024","481.95"
"Tanzania","Australia","Import","Copper","283325","Sulphates; of copper","2024","5919.4"
"Tanzania","Switzerland","Import","Copper","283325","Sulphates; of copper","2024","2515.54"
"Tanzania","China","Import","Copper","283325","Sulphates; of copper","2024","13739.51"
"Tanzania","European Union","Import","Copper","283325","Sulphates; of copper","2024","32.56"
"Tanzania","India","Import","Copper","283325","Sulphates; of copper","2024","2961.41"
"Tanzania","Mauritius","Import","Copper","283325","Sulphates; of copper","2024","718.66"
"Tanzania","Netherlands","Import","Copper","283325","Sulphates; of copper","2024","32.56"
"Tanzania","Turkiye","Import","Copper","283325","Sulphates; of copper","2024","353540.9"
"Tanzania","World","Import","Copper","283325","Sulphates; of copper","2024","605500.0800000001"
"Tanzania","South Africa","Import","Copper","283325","Sulphates; of copper","2024","225381.5"
"Tanzania","Zambia","Import","Copper","283325","Sulphates; of copper","2024","690.6"
"Uganda","World","Import","Copper","260300","Copper ores and concentrates","2024","108.81"
"Uganda","South Africa","Import","Copper","260300","Copper ores and concentrates","2024","108.81"
"Uganda","United Arab Emirates","Import","Copper","262030","Slag, ash and residues; (not from the manufacture of iron or steel), containing mainly copper","2024","8782"
"Uganda","World","Import","Copper","262030","Slag, ash and residues; (not from the manufacture of iron or steel), containing mainly copper","2024","8782"
"Uganda","India","Import","Copper","282741","Chloride oxides and chloride hydroxides; of copper","2024","1442.7"
"Uganda","World","Import","Copper","282741","Chloride oxides and chloride hydroxides; of copper","2024","1442.7"
"Uganda","Brazil","Import","Copper","283325","Sulphates; of copper","2024","1210.1"
"Uganda","China","Import","Copper","283325","Sulphates; of copper","2024","137759.53"
"Uganda","Germany","Import","Copper","283325","Sulphates; of copper","2024","65.16"
"Uganda","European Union","Import","Copper","283325","Sulphates; of copper","2024","65.16"
"Uganda","India","Import","Copper","283325","Sulphates; of copper","2024","9408.9"
"Uganda","Kenya","Import","Copper","283325","Sulphates; of copper","2024","1168.73"
"Uganda","Rwanda","Export","Copper","283325","Sulphates; of copper","2024","632.09"
"Uganda","Turkiye","Import","Copper","283325","Sulphates; of copper","2024","525.55"
"Uganda","World","Import","Copper","283325","Sulphates; of copper","2024","150137.97"
"Uganda","World","Export","Copper","283325","Sulphates; of copper","2024","632.09"
"Ukraine","Bosnia and Herzegovina","Import","Copper","260300","Copper ores and concentrates","2024","20745.46"
"Ukraine","World","Import","Copper","260300","Copper ores and concentrates","2024","20745.46"
"Ukraine","Germany","Export","Copper","262030","Slag, ash and residues; (not from the manufacture of iron or steel), containing mainly copper","2024","2400089.36"
"Ukraine","European Union","Export","Copper","262030","Slag, ash and residues; (not from the manufacture of iron or steel), containing mainly copper","2024","2400089.25"
"Ukraine","World","Export","Copper","262030","Slag, ash and residues; (not from the manufacture of iron or steel), containing mainly copper","2024","2400089.36"
"Ukraine","Australia","Import","Copper","282550","Copper oxides and hydroxides","2024","4713.82"
"Ukraine","China","Import","Copper","282550","Copper oxides and hydroxides","2024","190294.27"
"Ukraine","Germany","Import","Copper","282550","Copper oxides and hydroxides","2024","1289.77"
"Ukraine","European Union","Import","Copper","282550","Copper oxides and hydroxides","2024","1289.77"
"Ukraine","European Union","Export","Copper","282550","Copper oxides and hydroxides","2024","5.380000114440918"
"Ukraine","United Kingdom","Import","Copper","282550","Copper oxides and hydroxides","2024","374.87"
"Ukraine","Latvia","Export","Copper","282550","Copper oxides and hydroxides","2024","5.38"
"Ukraine","United States of America","Import","Copper","282550","Copper oxides and hydroxides","2024","2560.95"
"Ukraine","World","Import","Copper","282550","Copper oxides and hydroxides","2024","199233.68"
"Ukraine","World","Export","Copper","282550","Copper oxides and hydroxides","2024","5.38"
"Ukraine","European Union","Import","Copper","282741","Chloride oxides and chloride hydroxides; of copper","2024","37274.31"
"Ukraine","Italy","Import","Copper","282741","Chloride oxides and chloride hydroxides; of copper","2024","36490.68"
"Ukraine","Netherlands","Import","Copper","282741","Chloride oxides and chloride hydroxides; of copper","2024","783.63"
"Ukraine","World","Import","Copper","282741","Chloride oxides and chloride hydroxides; of copper","2024","37274.31"
"Ukraine","Belgium","Import","Copper","283325","Sulphates; of copper","2024","23.77"
"Ukraine","Chile","Import","Copper","283325","Sulphates; of copper","2024","31586.94"
"Ukraine","China","Import","Copper","283325","Sulphates; of copper","2024","16557.78"
"Ukraine","Germany","Import","Copper","283325","Sulphates; of copper","2024","9963.49"
"Ukraine","European Union","Import","Copper","283325","Sulphates; of copper","2024","3806587.62"
"Ukraine","Spain","Import","Copper","283325","Sulphates; of copper","2024","1487.28"
"Ukraine","France","Import","Copper","283325","Sulphates; of copper","2024","821.52"
"Ukraine","United Kingdom","Import","Copper","283325","Sulphates; of copper","2024","22"
"Ukraine","Georgia","Export","Copper","283325","Sulphates; of copper","2024","109.74"
"Ukraine","Hungary","Import","Copper","283325","Sulphates; of copper","2024","14095.15"
"Ukraine","India","Import","Copper","283325","Sulphates; of copper","2024","426.42"
"Ukraine","Ireland","Import","Copper","283325","Sulphates; of copper","2024","133.96"
"Ukraine","Italy","Import","Copper","283325","Sulphates; of copper","2024","3083.25"
"Ukraine","Moldova, Republic of","Export","Copper","283325","Sulphates; of copper","2024","1039.8"
"Ukraine","Poland","Import","Copper","283325","Sulphates; of copper","2024","3776979.2"
"Ukraine","Serbia","Import","Copper","283325","Sulphates; of copper","2024","325325.43"
"Ukraine","Turkiye","Import","Copper","283325","Sulphates; of copper","2024","1908597.11"
"Ukraine","World","Import","Copper","283325","Sulphates; of copper","2024","6089103.300000001"
"Ukraine","World","Export","Copper","283325","Sulphates; of copper","2024","1149.54"
"Uruguay","Germany","Import","Copper","282550","Copper oxides and hydroxides","2024","6788"
"Uruguay","European Union","Import","Copper","282550","Copper oxides and hydroxides","2024","6788"
"Uruguay","India","Import","Copper","282550","Copper oxides and hydroxides","2024","43"
"Uruguay","World","Import","Copper","282550","Copper oxides and hydroxides","2024","6831"
"Uruguay","Argentina","Export","Copper","283325","Sulphates; of copper","2024","496998"
"Uruguay","Argentina","Import","Copper","283325","Sulphates; of copper","2024","12"
"Uruguay","Brazil","Import","Copper","283325","Sulphates; of copper","2024","77309"
"Uruguay","China","Import","Copper","283325","Sulphates; of copper","2024","15400"
"Uruguay","Germany","Import","Copper","283325","Sulphates; of copper","2024","966"
"Uruguay","European Union","Import","Copper","283325","Sulphates; of copper","2024","1297"
"Uruguay","France","Import","Copper","283325","Sulphates; of copper","2024","331"
"Uruguay","United Kingdom","Import","Copper","283325","Sulphates; of copper","2024","450"
"Uruguay","Peru","Import","Copper","283325","Sulphates; of copper","2024","13280"
"Uruguay","United States of America","Import","Copper","283325","Sulphates; of copper","2024","352"
"Uruguay","World","Export","Copper","283325","Sulphates; of copper","2024","496998"
"Uruguay","World","Import","Copper","283325","Sulphates; of copper","2024","108100"
"United States of America","Austria","Export","Copper","260300","Copper ores and concentrates","2024","3518"
"United States of America","Belgium","Export","Copper","260300","Copper ores and concentrates","2024","1102407"
"United States of America","Bolivia, Plurinational State of","Export","Copper","260300","Copper ores and concentrates","2024","40217"
"United States of America","Canada","Export","Copper","260300","Copper ores and concentrates","2024","542659922"
"United States of America","Canada","Import","Copper","260300","Copper ores and concentrates","2024","116803"
"United States of America","China","Export","Copper","260300","Copper ores and concentrates","2024","465469510"
"United States of America","China","Import","Copper","260300","Copper ores and concentrates","2024","130574"
"United States of America","Chinese Taipei","Export","Copper","260300","Copper ores and concentrates","2024","65464153"
"United States of America","Democratic Republic of the Congo","Import","Copper","260300","Copper ores and concentrates","2024","5500"
"United States of America","Germany","Export","Copper","260300","Copper ores and concentrates","2024","32652"
"United States of America","Dominican Republic","Export","Copper","260300","Copper ores and concentrates","2024","125908"
"United States of America","European Union","Export","Copper","260300","Copper ores and concentrates","2024","47271604"
"United States of America","European Union","Import","Copper","260300","Copper ores and concentrates","2024","48750"
"United States of America","Spain","Export","Copper","260300","Copper ores and concentrates","2024","46081588"
"United States of America","France","Export","Copper","260300","Copper ores and concentrates","2024","41144"
"United States of America","Hong Kong, China","Export","Copper","260300","Copper ores and concentrates","2024","133810"
"United States of America","Hungary","Import","Copper","260300","Copper ores and concentrates","2024","48750"
"United States of America","Indonesia","Export","Copper","260300","Copper ores and concentrates","2024","8000"
"United States of America","India","Export","Copper","260300","Copper ores and concentrates","2024","43083870"
"United States of America","Israel","Export","Copper","260300","Copper ores and concentrates","2024","4960"
"United States of America","Japan","Import","Copper","260300","Copper ores and concentrates","2024","10080"
"United States of America","Cambodia","Export","Copper","260300","Copper ores and concentrates","2024","139943"
"United States of America","Korea, Republic of","Export","Copper","260300","Copper ores and concentrates","2024","350863"
"United States of America","Mexico","Export","Copper","260300","Copper ores and concentrates","2024","1639512209"
"United States of America","Malaysia","Export","Copper","260300","Copper ores and concentrates","2024","5081427"
"United States of America","New Zealand","Export","Copper","260300","Copper ores and concentrates","2024","8750"
"United States of America","Philippines","Export","Copper","260300","Copper ores and concentrates","2024","188500"
"United States of America","Poland","Export","Copper","260300","Copper ores and concentrates","2024","10296"
"United States of America","Singapore","Export","Copper","260300","Copper ores and concentrates","2024","3480"
"United States of America","Eswatini","Export","Copper","260300","Copper ores and concentrates","2024","4990"
"United States of America","Thailand","Export","Copper","260300","Copper ores and concentrates","2024","1054665"
"United States of America","Turkiye","Import","Copper","260300","Copper ores and concentrates","2024","2530"
"United States of America","World","Export","Copper","260300","Copper ores and concentrates","2024","2810621782"
"United States of America","World","Import","Copper","260300","Copper ores and concentrates","2024","314237"
"United States of America","South Africa","Export","Copper","260300","Copper ores and concentrates","2024","15000"
"United States of America","Belgium","Export","Copper","262030","Slag, ash and residues; (not from the manufacture of iron or steel), containing mainly copper","2024","12748426"
"United States of America","Canada","Export","Copper","262030","Slag, ash and residues; (not from the manufacture of iron or steel), containing mainly copper","2024","15118377"
"United States of America","Canada","Import","Copper","262030","Slag, ash and residues; (not from the manufacture of iron or steel), containing mainly copper","2024","3945398"
"United States of America","Chile","Export","Copper","262030","Slag, ash and residues; (not from the manufacture of iron or steel), containing mainly copper","2024","2682"
"United States of America","Chinese Taipei","Export","Copper","262030","Slag, ash and residues; (not from the manufacture of iron or steel), containing mainly copper","2024","48262"
"United States of America","Germany","Export","Copper","262030","Slag, ash and residues; (not from the manufacture of iron or steel), containing mainly copper","2024","1519473"
"United States of America","Germany","Import","Copper","262030","Slag, ash and residues; (not from the manufacture of iron or steel), containing mainly copper","2024","79359"
"United States of America","Dominican Republic","Export","Copper","262030","Slag, ash and residues; (not from the manufacture of iron or steel), containing mainly copper","2024","169564"
"United States of America","European Union","Export","Copper","262030","Slag, ash and residues; (not from the manufacture of iron or steel), containing mainly copper","2024","21999624"
"United States of America","European Union","Import","Copper","262030","Slag, ash and residues; (not from the manufacture of iron or steel), containing mainly copper","2024","144361"
"United States of America","Spain","Export","Copper","262030","Slag, ash and residues; (not from the manufacture of iron or steel), containing mainly copper","2024","3492704"
"United States of America","Spain","Import","Copper","262030","Slag, ash and residues; (not from the manufacture of iron or steel), containing mainly copper","2024","65002"
"United States of America","Georgia","Export","Copper","262030","Slag, ash and residues; (not from the manufacture of iron or steel), containing mainly copper","2024","7665260"
"United States of America","Jamaica","Export","Copper","262030","Slag, ash and residues; (not from the manufacture of iron or steel), containing mainly copper","2024","6359"
"United States of America","Japan","Export","Copper","262030","Slag, ash and residues; (not from the manufacture of iron or steel), containing mainly copper","2024","59773"
"United States of America","Korea, Republic of","Export","Copper","262030","Slag, ash and residues; (not from the manufacture of iron or steel), containing mainly copper","2024","2571193"
"United States of America","Mexico","Import","Copper","262030","Slag, ash and residues; (not from the manufacture of iron or steel), containing mainly copper","2024","149479"
"United States of America","Netherlands","Export","Copper","262030","Slag, ash and residues; (not from the manufacture of iron or steel), containing mainly copper","2024","113147"
"United States of America","Poland","Export","Copper","262030","Slag, ash and residues; (not from the manufacture of iron or steel), containing mainly copper","2024","3148875"
"United States of America","Slovak Republic","Export","Copper","262030","Slag, ash and residues; (not from the manufacture of iron or steel), containing mainly copper","2024","977000"
"United States of America","Turkiye","Export","Copper","262030","Slag, ash and residues; (not from the manufacture of iron or steel), containing mainly copper","2024","102801"
"United States of America","World","Export","Copper","262030","Slag, ash and residues; (not from the manufacture of iron or steel), containing mainly copper","2024","47743896"
"United States of America","World","Import","Copper","262030","Slag, ash and residues; (not from the manufacture of iron or steel), containing mainly copper","2024","4239238"
"United States of America","United Arab Emirates","Export","Copper","282550","Copper oxides and hydroxides","2024","3520460"
"United States of America","Argentina","Export","Copper","282550","Copper oxides and hydroxides","2024","415720"
"United States of America","Australia","Import","Copper","282550","Copper oxides and hydroxides","2024","9807364"
"United States of America","Australia","Export","Copper","282550","Copper oxides and hydroxides","2024","1609251"
"United States of America","Austria","Export","Copper","282550","Copper oxides and hydroxides","2024","4805"
"United States of America","Belgium","Export","Copper","282550","Copper oxides and hydroxides","2024","2227292"
"United States of America","Brazil","Export","Copper","282550","Copper oxides and hydroxides","2024","1808649"
"United States of America","Canada","Export","Copper","282550","Copper oxides and hydroxides","2024","651363"
"United States of America","Canada","Import","Copper","282550","Copper oxides and hydroxides","2024","87755"
"United States of America","Switzerland","Export","Copper","282550","Copper oxides and hydroxides","2024","744844"
"United States of America","Chile","Export","Copper","282550","Copper oxides and hydroxides","2024","857928"
"United States of America","China","Export","Copper","282550","Copper oxides and hydroxides","2024","24948190"
"United States of America","China","Import","Copper","282550","Copper oxides and hydroxides","2024","143062"
"United States of America","Chinese Taipei","Export","Copper","282550","Copper oxides and hydroxides","2024","1763900"
"United States of America","Chinese Taipei","Import","Copper","282550","Copper oxides and hydroxides","2024","601327"
"United States of America","Cameroon","Export","Copper","282550","Copper oxides and hydroxides","2024","288180"
"United States of America","Colombia","Export","Copper","282550","Copper oxides and hydroxides","2024","334548"
"United States of America","Costa Rica","Export","Copper","282550","Copper oxides and hydroxides","2024","264054"
"United States of America","Germany","Import","Copper","282550","Copper oxides and hydroxides","2024","1547316"
"United States of America","Germany","Export","Copper","282550","Copper oxides and hydroxides","2024","786239"
"United States of America","Ecuador","Export","Copper","282550","Copper oxides and hydroxides","2024","112589"
"United States of America","European Union","Export","Copper","282550","Copper oxides and hydroxides","2024","47552076"
"United States of America","European Union","Import","Copper","282550","Copper oxides and hydroxides","2024","3054422"
"United States of America","Egypt","Export","Copper","282550","Copper oxides and hydroxides","2024","224340"
"United States of America","France","Import","Copper","282550","Copper oxides and hydroxides","2024","1500464"
"United States of America","France","Export","Copper","282550","Copper oxides and hydroxides","2024","1087144"
"United States of America","United Kingdom","Export","Copper","282550","Copper oxides and hydroxides","2024","15971432"
"United States of America","Greece","Export","Copper","282550","Copper oxides and hydroxides","2024","506940"
"United States of America","Guatemala","Export","Copper","282550","Copper oxides and hydroxides","2024","364544"
"United States of America","Hong Kong, China","Import","Copper","282550","Copper oxides and hydroxides","2024","65674"
"United States of America","Croatia","Export","Copper","282550","Copper oxides and hydroxides","2024","854070"
"United States of America","Indonesia","Export","Copper","282550","Copper oxides and hydroxides","2024","8291035"
"United States of America","India","Export","Copper","282550","Copper oxides and hydroxides","2024","2614202"
"United States of America","India","Import","Copper","282550","Copper oxides and hydroxides","2024","95618"
"United States of America","Italy","Export","Copper","282550","Copper oxides and hydroxides","2024","791460"
"United States of America","Italy","Import","Copper","282550","Copper oxides and hydroxides","2024","4337"
"United States of America","Japan","Export","Copper","282550","Copper oxides and hydroxides","2024","9616950"
"United States of America","Japan","Import","Copper","282550","Copper oxides and hydroxides","2024","209735"
"United States of America","Kenya","Export","Copper","282550","Copper oxides and hydroxides","2024","185040"
"United States of America","Korea, Republic of","Export","Copper","282550","Copper oxides and hydroxides","2024","24733148"
"United States of America","Korea, Republic of","Import","Copper","282550","Copper oxides and hydroxides","2024","5904"
"United States of America","Mexico","Import","Copper","282550","Copper oxides and hydroxides","2024","1212000"
"United States of America","Mexico","Export","Copper","282550","Copper oxides and hydroxides","2024","576486"
"United States of America","Malaysia","Export","Copper","282550","Copper oxides and hydroxides","2024","8644784"
"United States of America","Netherlands","Export","Copper","282550","Copper oxides and hydroxides","2024","14013692"
"United States of America","Netherlands","Import","Copper","282550","Copper oxides and hydroxides","2024","2305"
"United States of America","Norway","Import","Copper","282550","Copper oxides and hydroxides","2024","15699375"
"United States of America","Norway","Export","Copper","282550","Copper oxides and hydroxides","2024","5227560"
"United States of America","New Zealand","Export","Copper","282550","Copper oxides and hydroxides","2024","2682184"
"United States of America","Peru","Import","Copper","282550","Copper oxides and hydroxides","2024","537045"
"United States of America","Peru","Export","Copper","282550","Copper oxides and hydroxides","2024","469200"
"United States of America","Philippines","Export","Copper","282550","Copper oxides and hydroxides","2024","702780"
"United States of America","Poland","Export","Copper","282550","Copper oxides and hydroxides","2024","3548624"
"United States of America","Portugal","Export","Copper","282550","Copper oxides and hydroxides","2024","2966605"
"United States of America","Qatar","Export","Copper","282550","Copper oxides and hydroxides","2024","12600"
"United States of America","Romania","Export","Copper","282550","Copper oxides and hydroxides","2024","521640"
"United States of America","Saudi Arabia, Kingdom of","Export","Copper","282550","Copper oxides and hydroxides","2024","1000454"
"United States of America","Singapore","Export","Copper","282550","Copper oxides and hydroxides","2024","4323180"
"United States of America","El Salvador","Export","Copper","282550","Copper oxides and hydroxides","2024","20965"
"United States of America","Sweden","Export","Copper","282550","Copper oxides and hydroxides","2024","20243566"
"United States of America","Thailand","Export","Copper","282550","Copper oxides and hydroxides","2024","2960700"
"United States of America","Turkiye","Export","Copper","282550","Copper oxides and hydroxides","2024","4990084"
"United States of America","Viet Nam","Export","Copper","282550","Copper oxides and hydroxides","2024","7856360"
"United States of America","World","Export","Copper","282550","Copper oxides and hydroxides","2024","186367021"
"United States of America","World","Import","Copper","282550","Copper oxides and hydroxides","2024","31519281"
"United States of America","South Africa","Export","Copper","282550","Copper oxides and hydroxides","2024","27240"
"United States of America","Argentina","Import","Copper","282741","Chloride oxides and chloride hydroxides; of copper","2024","30100"
"United States of America","Australia","Export","Copper","282741","Chloride oxides and chloride hydroxides; of copper","2024","540516"
"United States of America","Belgium","Import","Copper","282741","Chloride oxides and chloride hydroxides; of copper","2024","13117"
"United States of America","Brazil","Export","Copper","282741","Chloride oxides and chloride hydroxides; of copper","2024","670620"
"United States of America","Canada","Export","Copper","282741","Chloride oxides and chloride hydroxides; of copper","2024","2431266"
"United States of America","Canada","Import","Copper","282741","Chloride oxides and chloride hydroxides; of copper","2024","19000"
"United States of America","Switzerland","Export","Copper","282741","Chloride oxides and chloride hydroxides; of copper","2024","14450"
"United States of America","Chile","Import","Copper","282741","Chloride oxides and chloride hydroxides; of copper","2024","13359954"
"United States of America","Chile","Export","Copper","282741","Chloride oxides and chloride hydroxides; of copper","2024","64800"
"United States of America","China","Import","Copper","282741","Chloride oxides and chloride hydroxides; of copper","2024","4410832"
"United States of America","Chinese Taipei","Export","Copper","282741","Chloride oxides and chloride hydroxides; of copper","2024","118744"
"United States of America","Colombia","Export","Copper","282741","Chloride oxides and chloride hydroxides; of copper","2024","121550"
"United States of America","Germany","Import","Copper","282741","Chloride oxides and chloride hydroxides; of copper","2024","92699"
"United States of America","Ecuador","Export","Copper","282741","Chloride oxides and chloride hydroxides; of copper","2024","326480"
"United States of America","European Union","Export","Copper","282741","Chloride oxides and chloride hydroxides; of copper","2024","225652"
"United States of America","European Union","Import","Copper","282741","Chloride oxides and chloride hydroxides; of copper","2024","105816"
"United States of America","Egypt","Export","Copper","282741","Chloride oxides and chloride hydroxides; of copper","2024","79600"
"United States of America","Guatemala","Export","Copper","282741","Chloride oxides and chloride hydroxides; of copper","2024","850500"
"United States of America","India","Export","Copper","282741","Chloride oxides and chloride hydroxides; of copper","2024","9002"
"United States of America","India","Import","Copper","282741","Chloride oxides and chloride hydroxides; of copper","2024","3250"
"United States of America","Italy","Export","Copper","282741","Chloride oxides and chloride hydroxides; of copper","2024","225652"
"United States of America","Mexico","Export","Copper","282741","Chloride oxides and chloride hydroxides; of copper","2024","30558"
"United States of America","Peru","Export","Copper","282741","Chloride oxides and chloride hydroxides; of copper","2024","705230"
"United States of America","Peru","Import","Copper","282741","Chloride oxides and chloride hydroxides; of copper","2024","340648"
"United States of America","Saudi Arabia, Kingdom of","Export","Copper","282741","Chloride oxides and chloride hydroxides; of copper","2024","208940"
"United States of America","Thailand","Export","Copper","282741","Chloride oxides and chloride hydroxides; of copper","2024","296100"
"United States of America","World","Import","Copper","282741","Chloride oxides and chloride hydroxides; of copper","2024","18269600"
"United States of America","World","Export","Copper","282741","Chloride oxides and chloride hydroxides; of copper","2024","7258398"
"United States of America","South Africa","Export","Copper","282741","Chloride oxides and chloride hydroxides; of copper","2024","564390"
"United States of America","Australia","Export","Copper","283325","Sulphates; of copper","2024","14136"
"United States of America","Austria","Import","Copper","283325","Sulphates; of copper","2024","338307"
"United States of America","Austria","Export","Copper","283325","Sulphates; of copper","2024","228000"
"United States of America","Belgium","Export","Copper","283325","Sulphates; of copper","2024","71052"
"United States of America","Brazil","Import","Copper","283325","Sulphates; of copper","2024","4585081"
"United States of America","Brazil","Export","Copper","283325","Sulphates; of copper","2024","69956"
"United States of America","Canada","Export","Copper","283325","Sulphates; of copper","2024","9511303"
"United States of America","Canada","Import","Copper","283325","Sulphates; of copper","2024","8088326"
"United States of America","Chile","Import","Copper","283325","Sulphates; of copper","2024","4451987"
"United States of America","Chile","Export","Copper","283325","Sulphates; of copper","2024","41800"
"United States of America","China","Export","Copper","283325","Sulphates; of copper","2024","9887407"
"United States of America","Chinese Taipei","Export","Copper","283325","Sulphates; of copper","2024","27094686"
"United States of America","Chinese Taipei","Import","Copper","283325","Sulphates; of copper","2024","12048127"
"United States of America","Colombia","Import","Copper","283325","Sulphates; of copper","2024","482108"
"United States of America","Colombia","Export","Copper","283325","Sulphates; of copper","2024","5596"
"United States of America","Costa Rica","Export","Copper","283325","Sulphates; of copper","2024","9504"
"United States of America","Germany","Export","Copper","283325","Sulphates; of copper","2024","651821"
"United States of America","Germany","Import","Copper","283325","Sulphates; of copper","2024","245302"
"United States of America","Dominican Republic","Export","Copper","283325","Sulphates; of copper","2024","415137"
"United States of America","Ecuador","Export","Copper","283325","Sulphates; of copper","2024","3683"
"United States of America","European Union","Export","Copper","283325","Sulphates; of copper","2024","9632504"
"United States of America","European Union","Import","Copper","283325","Sulphates; of copper","2024","651703"
"United States of America","Spain","Import","Copper","283325","Sulphates; of copper","2024","68094"
"United States of America","France","Export","Copper","283325","Sulphates; of copper","2024","1407594"
"United States of America","United Kingdom","Import","Copper","283325","Sulphates; of copper","2024","2359"
"United States of America","Greece","Export","Copper","283325","Sulphates; of copper","2024","111230"
"United States of America","Guatemala","Export","Copper","283325","Sulphates; of copper","2024","59695"
"United States of America","Hong Kong, China","Export","Copper","283325","Sulphates; of copper","2024","7518"
"United States of America","Indonesia","Export","Copper","283325","Sulphates; of copper","2024","80257"
"United States of America","India","Import","Copper","283325","Sulphates; of copper","2024","300397"
"United States of America","India","Export","Copper","283325","Sulphates; of copper","2024","58341"
"United States of America","Ireland","Export","Copper","283325","Sulphates; of copper","2024","6780568"
"United States of America","Israel","Export","Copper","283325","Sulphates; of copper","2024","1913630"
"United States of America","Jamaica","Export","Copper","283325","Sulphates; of copper","2024","381750"
"United States of America","Japan","Import","Copper","283325","Sulphates; of copper","2024","346858"
"United States of America","Japan","Export","Copper","283325","Sulphates; of copper","2024","277712"
"United States of America","Korea, Republic of","Export","Copper","283325","Sulphates; of copper","2024","33350991"
"United States of America","Korea, Republic of","Import","Copper","283325","Sulphates; of copper","2024","81933"
"United States of America","Mexico","Import","Copper","283325","Sulphates; of copper","2024","62799467"
"United States of America","Mexico","Export","Copper","283325","Sulphates; of copper","2024","145423"
"United States of America","Mauritius","Import","Copper","283325","Sulphates; of copper","2024","60280"
"United States of America","Malaysia","Export","Copper","283325","Sulphates; of copper","2024","468400"
"United States of America","Malaysia","Import","Copper","283325","Sulphates; of copper","2024","385000"
"United States of America","Netherlands","Export","Copper","283325","Sulphates; of copper","2024","83889"
"United States of America","New Zealand","Export","Copper","283325","Sulphates; of copper","2024","10225"
"United States of America","Panama","Export","Copper","283325","Sulphates; of copper","2024","34654"
"United States of America","Peru","Import","Copper","283325","Sulphates; of copper","2024","7866773"
"United States of America","Philippines","Export","Copper","283325","Sulphates; of copper","2024","99872"
"United States of America","Poland","Export","Copper","283325","Sulphates; of copper","2024","298350"
"United States of America","Singapore","Export","Copper","283325","Sulphates; of copper","2024","1378593"
"United States of America","Thailand","Export","Copper","283325","Sulphates; of copper","2024","21040"
"United States of America","Turkiye","Import","Copper","283325","Sulphates; of copper","2024","1607552"
"United States of America","Turkiye","Export","Copper","283325","Sulphates; of copper","2024","174189"
"United States of America","Uzbekistan","Import","Copper","283325","Sulphates; of copper","2024","220499"
"United States of America","Viet Nam","Import","Copper","283325","Sulphates; of copper","2024","58650"
"United States of America","Viet Nam","Export","Copper","283325","Sulphates; of copper","2024","6705"
"United States of America","World","Import","Copper","283325","Sulphates; of copper","2024","104037100"
"United States of America","World","Export","Copper","283325","Sulphates; of copper","2024","95154707"
"Uzbekistan","China","Export","Copper","260300","Copper ores and concentrates","2024","61"
"Uzbekistan","European Union","Export","Copper","260300","Copper ores and concentrates","2024","164021"
"Uzbekistan","Kazakhstan","Import","Copper","260300","Copper ores and concentrates","2024","83051054.99"
"Uzbekistan","Kazakhstan","Export","Copper","260300","Copper ores and concentrates","2024","1450"
"Uzbekistan","Kyrgyz Republic","Import","Copper","260300","Copper ores and concentrates","2024","48340662"
"Uzbekistan","Netherlands","Export","Copper","260300","Copper ores and concentrates","2024","164021"
"Uzbekistan","Singapore","Import","Copper","260300","Copper ores and concentrates","2024","99752013"
"Uzbekistan","Tajikistan","Import","Copper","260300","Copper ores and concentrates","2024","6106621"
"Uzbekistan","United States of America","Export","Copper","260300","Copper ores and concentrates","2024","600"
"Uzbekistan","World","Import","Copper","260300","Copper ores and concentrates","2024","237250350.99"
"Uzbekistan","World","Export","Copper","260300","Copper ores and concentrates","2024","166132"
"Uzbekistan","Turkiye","Export","Copper","262030","Slag, ash and residues; (not from the manufacture of iron or steel), containing mainly copper","2024","107436"
"Uzbekistan","World","Export","Copper","262030","Slag, ash and residues; (not from the manufacture of iron or steel), containing mainly copper","2024","107436"
"Uzbekistan","Germany","Import","Copper","282741","Chloride oxides and chloride hydroxides; of copper","2024","250"
"Uzbekistan","European Union","Import","Copper","282741","Chloride oxides and chloride hydroxides; of copper","2024","250"
"Uzbekistan","India","Import","Copper","282741","Chloride oxides and chloride hydroxides; of copper","2024","29"
"Uzbekistan","World","Import","Copper","282741","Chloride oxides and chloride hydroxides; of copper","2024","279"
"Uzbekistan","Armenia","Export","Copper","283325","Sulphates; of copper","2024","97096"
"Uzbekistan","Austria","Export","Copper","283325","Sulphates; of copper","2024","1151915"
"Uzbekistan","Belarus","Export","Copper","283325","Sulphates; of copper","2024","712719.99"
"Uzbekistan","Switzerland","Export","Copper","283325","Sulphates; of copper","2024","1098931.99"
"Uzbekistan","China","Import","Copper","283325","Sulphates; of copper","2024","1212"
"Uzbekistan","Germany","Import","Copper","283325","Sulphates; of copper","2024","51"
"Uzbekistan","European Union","Export","Copper","283325","Sulphates; of copper","2024","2456278"
"Uzbekistan","European Union","Import","Copper","283325","Sulphates; of copper","2024","974"
"Uzbekistan","Spain","Export","Copper","283325","Sulphates; of copper","2024","1304363"
"Uzbekistan","Spain","Import","Copper","283325","Sulphates; of copper","2024","52"
"Uzbekistan","France","Import","Copper","283325","Sulphates; of copper","2024","100"
"Uzbekistan","India","Import","Copper","283325","Sulphates; of copper","2024","151"
"Uzbekistan","Kazakhstan","Export","Copper","283325","Sulphates; of copper","2024","3017809"
"Uzbekistan","Kyrgyz Republic","Export","Copper","283325","Sulphates; of copper","2024","705539.99"
"Uzbekistan","Morocco","Export","Copper","283325","Sulphates; of copper","2024","262678"
"Uzbekistan","Netherlands","Import","Copper","283325","Sulphates; of copper","2024","771"
"Uzbekistan","Papua New Guinea","Export","Copper","283325","Sulphates; of copper","2024","45300"
"Uzbekistan","Russian Federation","Import","Copper","283325","Sulphates; of copper","2024","2584"
"Uzbekistan","Serbia","Export","Copper","283325","Sulphates; of copper","2024","215825"
"Uzbekistan","Tajikistan","Export","Copper","283325","Sulphates; of copper","2024","2350393"
"Uzbekistan","Turkiye","Export","Copper","283325","Sulphates; of copper","2024","13097802.98"
"Uzbekistan","Turkiye","Import","Copper","283325","Sulphates; of copper","2024","7370"
"Uzbekistan","United States of America","Import","Copper","283325","Sulphates; of copper","2024","100"
"Uzbekistan","World","Export","Copper","283325","Sulphates; of copper","2024","24282444.95"
"Uzbekistan","World","Import","Copper","283325","Sulphates; of copper","2024","12391"
"Uzbekistan","South Africa","Export","Copper","283325","Sulphates; of copper","2024","222071"
"World","Angola","Import","Copper","260300","Copper ores and concentrates","2024","6570"
"World","Albania","Import","Copper","260300","Copper ores and concentrates","2024","70292743.14"
"World","United Arab Emirates","Import","Copper","260300","Copper ores and concentrates","2024","181027378.11"
"World","United Arab Emirates","Export","Copper","260300","Copper ores and concentrates","2024","26998682.67"
"World","Argentina","Import","Copper","260300","Copper ores and concentrates","2024","715227.7740655"
"World","Armenia","Import","Copper","260300","Copper ores and concentrates","2024","660737739.2399999"
"World","Australia","Import","Copper","260300","Copper ores and concentrates","2024","5711282537.111482"
"World","Australia","Export","Copper","260300","Copper ores and concentrates","2024","345566529.6"
"World","Austria","Import","Copper","260300","Copper ores and concentrates","2024","91175.0476084"
"World","Austria","Export","Copper","260300","Copper ores and concentrates","2024","3663.04"
"World","Azerbaijan","Import","Copper","260300","Copper ores and concentrates","2024","2133907.46"
"World","Azerbaijan","Export","Copper","260300","Copper ores and concentrates","2024","19"
"World","Belgium","Export","Copper","260300","Copper ores and concentrates","2024","165289741.71"
"World","Belgium","Import","Copper","260300","Copper ores and concentrates","2024","834962.4019451998"
"World","Bulgaria","Export","Copper","260300","Copper ores and concentrates","2024","1970831096.46"
"World","Bulgaria","Import","Copper","260300","Copper ores and concentrates","2024","185280611.57"
"World","Bahrain, Kingdom of","Export","Copper","260300","Copper ores and concentrates","2024","293.96"
"World","Bosnia and Herzegovina","Import","Copper","260300","Copper ores and concentrates","2024","94060.97"
"World","Bolivia, Plurinational State of","Import","Copper","260300","Copper ores and concentrates","2024","25941159.3602682"
"World","Bolivia, Plurinational State of","Export","Copper","260300","Copper ores and concentrates","2024","40217"
"World","Brazil","Import","Copper","260300","Copper ores and concentrates","2024","4283866150.646056"
"World","Brazil","Export","Copper","260300","Copper ores and concentrates","2024","2371.49"
"World","Botswana","Import","Copper","260300","Copper ores and concentrates","2024","818950067.0423514"
"World","Botswana","Export","Copper","260300","Copper ores and concentrates","2024","38.19"
"World","Central African Republic","Export","Copper","260300","Copper ores and concentrates","2024","45931"
"World","Canada","Import","Copper","260300","Copper ores and concentrates","2024","3235178061.464584"
"World","Canada","Export","Copper","260300","Copper ores and concentrates","2024","721245860.4100001"
"World","Switzerland","Export","Copper","260300","Copper ores and concentrates","2024","49506817.46000001"
"World","Switzerland","Import","Copper","260300","Copper ores and concentrates","2024","872.28"
"World","Chile","Import","Copper","260300","Copper ores and concentrates","2024","31258032810.63817"
"World","Chile","Export","Copper","260300","Copper ores and concentrates","2024","78249055.19"
"World","China","Export","Copper","260300","Copper ores and concentrates","2024","60982209021.69001"
"World","China","Import","Copper","260300","Copper ores and concentrates","2024","28879945.7833466"
"World","Chinese Taipei","Export","Copper","260300","Copper ores and concentrates","2024","739423940.9699999"
"World","Chinese Taipei","Import","Copper","260300","Copper ores and concentrates","2024","383309809.9230938"
"World","Cote d'Ivoire","Import","Copper","260300","Copper ores and concentrates","2024","7077.5865186"
"World","Cote d'Ivoire","Export","Copper","260300","Copper ores and concentrates","2024","85.93"
"World","Democratic Republic of the Congo","Import","Copper","260300","Copper ores and concentrates","2024","3027151924.657692"
"World","Congo","Import","Copper","260300","Copper ores and concentrates","2024","10503062.5516122"
"World","Colombia","Import","Copper","260300","Copper ores and concentrates","2024","84234139.88"
"World","Curacao","Import","Copper","260300","Copper ores and concentrates","2024","2.4"
"World","Cyprus","Export","Copper","260300","Copper ores and concentrates","2024","32722965.47"
"World","Cyprus","Import","Copper","260300","Copper ores and concentrates","2024","21547359.81"
"World","Czech Republic","Export","Copper","260300","Copper ores and concentrates","2024","94400.19"
"World","Germany","Export","Copper","260300","Copper ores and concentrates","2024","2118974209"
"World","Germany","Import","Copper","260300","Copper ores and concentrates","2024","6253007.1717821"
"World","Denmark","Import","Copper","260300","Copper ores and concentrates","2024","17767642.05"
"World","Denmark","Export","Copper","260300","Copper ores and concentrates","2024","218.64"
"World","Dominican Republic","Import","Copper","260300","Copper ores and concentrates","2024","118277551.15"
"World","Dominican Republic","Export","Copper","260300","Copper ores and concentrates","2024","125908"
"World","Algeria","Import","Copper","260300","Copper ores and concentrates","2024","21.65"
"World","Ecuador","Import","Copper","260300","Copper ores and concentrates","2024","1174991049.28"
"World","Spain","Export","Copper","260300","Copper ores and concentrates","2024","2523457774.69"
"World","Spain","Import","Copper","260300","Copper ores and concentrates","2024","1265795807.72758"
"World","Estonia","Import","Copper","260300","Copper ores and concentrates","2024","110.08"
"World","Estonia","Export","Copper","260300","Copper ores and concentrates","2024","74.68"
"World","Ethiopia","Import","Copper","260300","Copper ores and concentrates","2024","1265"
"World","Finland","Export","Copper","260300","Copper ores and concentrates","2024","1019022741.59"
"World","Finland","Import","Copper","260300","Copper ores and concentrates","2024","27668270.955466"
"World","France","Import","Copper","260300","Copper ores and concentrates","2024","106941.23"
"World","France","Export","Copper","260300","Copper ores and concentrates","2024","44641.8"
"World","United Kingdom","Export","Copper","260300","Copper ores and concentrates","2024","4612204.72"
"World","United Kingdom","Import","Copper","260300","Copper ores and concentrates","2024","257145.9782749"
"World","Georgia","Import","Copper","260300","Copper ores and concentrates","2024","66414900.81999999"
"World","Georgia","Export","Copper","260300","Copper ores and concentrates","2024","5102480.66"
"World","Ghana","Import","Copper","260300","Copper ores and concentrates","2024","29.06"
"World","Greece","Export","Copper","260300","Copper ores and concentrates","2024","10880.12"
"World","Greece","Import","Copper","260300","Copper ores and concentrates","2024","4.33"
"World","Hong Kong, China","Export","Copper","260300","Copper ores and concentrates","2024","3819867.75"
"World","Hong Kong, China","Import","Copper","260300","Copper ores and concentrates","2024","84240.61"
"World","Honduras","Import","Copper","260300","Copper ores and concentrates","2024","86"
"World","Croatia","Import","Copper","260300","Copper ores and concentrates","2024","10719024"
"World","Croatia","Export","Copper","260300","Copper ores and concentrates","2024","43.3"
"World","Hungary","Import","Copper","260300","Copper ores and concentrates","2024","48750"
"World","Hungary","Export","Copper","260300","Copper ores and concentrates","2024","606.8100000000001"
"World","Indonesia","Import","Copper","260300","Copper ores and concentrates","2024","8382293856.873127"
"World","Indonesia","Export","Copper","260300","Copper ores and concentrates","2024","692358.4"
"World","India","Export","Copper","260300","Copper ores and concentrates","2024","3792012053.08"
"World","India","Import","Copper","260300","Copper ores and concentrates","2024","47557569.0960905"
"World","Ireland","Import","Copper","260300","Copper ores and concentrates","2024","327887.86"
"World","Ireland","Export","Copper","260300","Copper ores and concentrates","2024","2100.64"
"World","Iran","Export","Copper","260300","Copper ores and concentrates","2024","11026998.01"
"World","Iran","Import","Copper","260300","Copper ores and concentrates","2024","4912871.61"
"World","Iraq","Export","Copper","260300","Copper ores and concentrates","2024","750"
"World","Israel","Export","Copper","260300","Copper ores and concentrates","2024","4960"
"World","Israel","Import","Copper","260300","Copper ores and concentrates","2024","34.15"
"World","Italy","Export","Copper","260300","Copper ores and concentrates","2024","4335350.89"
"World","Italy","Import","Copper","260300","Copper ores and concentrates","2024","922411.0662037"
"World","Japan","Export","Copper","260300","Copper ores and concentrates","2024","10927979137.99"
"World","Japan","Import","Copper","260300","Copper ores and concentrates","2024","6197185.59"
"World","Kazakhstan","Import","Copper","260300","Copper ores and concentrates","2024","3228637789.765191"
"World","Kazakhstan","Export","Copper","260300","Copper ores and concentrates","2024","10481.29"
"World","Kenya","Import","Copper","260300","Copper ores and concentrates","2024","1743221"
"World","Kyrgyz Republic","Import","Copper","260300","Copper ores and concentrates","2024","50365556"
"World","Kyrgyz Republic","Export","Copper","260300","Copper ores and concentrates","2024","6182"
"World","Cambodia","Export","Copper","260300","Copper ores and concentrates","2024","5722789.310000001"
"World","Cambodia","Import","Copper","260300","Copper ores and concentrates","2024","24933.19"
"World","Korea, Republic of","Export","Copper","260300","Copper ores and concentrates","2024","4262879187.420001"
"World","Korea, Republic of","Import","Copper","260300","Copper ores and concentrates","2024","56933.7297307"
"World","Kuwait, the State of","Export","Copper","260300","Copper ores and concentrates","2024","1633.76"
"World","Lao People's Democratic Republic","Import","Copper","260300","Copper ores and concentrates","2024","478831344.6985029"
"World","Lao People's Democratic Republic","Export","Copper","260300","Copper ores and concentrates","2024","113132.68"
"World","Lebanese Republic","Import","Copper","260300","Copper ores and concentrates","2024","228.18"
"World","Libya","Import","Copper","260300","Copper ores and concentrates","2024","17500"
"World","Lesotho","Export","Copper","260300","Copper ores and concentrates","2024","1022.99"
"World","Lithuania","Export","Copper","260300","Copper ores and concentrates","2024","492.48"
"World","Lithuania","Import","Copper","260300","Copper ores and concentrates","2024","54.49"
"World","Luxembourg","Export","Copper","260300","Copper ores and concentrates","2024","190.5"
"World","Latvia","Export","Copper","260300","Copper ores and concentrates","2024","18092.97"
"World","Macao, China","Export","Copper","260300","Copper ores and concentrates","2024","2038"
"World","Morocco","Import","Copper","260300","Copper ores and concentrates","2024","146382259.9304825"
"World","Morocco","Export","Copper","260300","Copper ores and concentrates","2024","14.67"
"World","Madagascar","Import","Copper","260300","Copper ores and concentrates","2024","1495487.45"
"World","Mexico","Import","Copper","260300","Copper ores and concentrates","2024","3859545614.816045"
"World","Mexico","Export","Copper","260300","Copper ores and concentrates","2024","1701113003.54"
"World","North Macedonia","Import","Copper","260300","Copper ores and concentrates","2024","71741561.3"
"World","Mali","Import","Copper","260300","Copper ores and concentrates","2024","1.6913402"
"World","Malta","Export","Copper","260300","Copper ores and concentrates","2024","484.42"
"World","Myanmar","Import","Copper","260300","Copper ores and concentrates","2024","16922337.15"
"World","Montenegro","Import","Copper","260300","Copper ores and concentrates","2024","111405432.61"
"World","Mongolia","Import","Copper","260300","Copper ores and concentrates","2024","3325665256.546737"
"World","Mongolia","Export","Copper","260300","Copper ores and concentrates","2024","12"
"World","Mozambique","Export","Copper","260300","Copper ores and concentrates","2024","118169010.41"
"World","Mozambique","Import","Copper","260300","Copper ores and concentrates","2024","239300.8930867"
"World","Mauritania","Import","Copper","260300","Copper ores and concentrates","2024","221469524.4318716"
"World","Mauritania","Export","Copper","260300","Copper ores and concentrates","2024","3860.47"
"World","Mauritius","Export","Copper","260300","Copper ores and concentrates","2024","9084513.34"
"World","Mauritius","Import","Copper","260300","Copper ores and concentrates","2024","183992.39"
"World","Malawi","Import","Copper","260300","Copper ores and concentrates","2024","26.51585"
"World","Malaysia","Export","Copper","260300","Copper ores and concentrates","2024","177255427.91"
"World","Malaysia","Import","Copper","260300","Copper ores and concentrates","2024","47054536.07"
"World","Namibia","Export","Copper","260300","Copper ores and concentrates","2024","214965836.41"
"World","Namibia","Import","Copper","260300","Copper ores and concentrates","2024","204347803.9692531"
"World","Nigeria","Import","Copper","260300","Copper ores and concentrates","2024","274920.3976988"
"World","Nigeria","Export","Copper","260300","Copper ores and concentrates","2024","123057.59"
"World","Nicaragua","Import","Copper","260300","Copper ores and concentrates","2024","18923714.34"
"World","Netherlands","Export","Copper","260300","Copper ores and concentrates","2024","1295859.98"
"World","Netherlands","Import","Copper","260300","Copper ores and concentrates","2024","111381.18"
"World","Norway","Export","Copper","260300","Copper ores and concentrates","2024","740.76"
"World","Norway","Import","Copper","260300","Copper ores and concentrates","2024","298.38"
"World","New Zealand","Export","Copper","260300","Copper ores and concentrates","2024","8750"
"World","Oman","Import","Copper","260300","Copper ores and concentrates","2024","14541480.1218771"
"World","Oman","Export","Copper","260300","Copper ores and concentrates","2024","129789.64"
"World","Pakistan","Import","Copper","260300","Copper ores and concentrates","2024","10388351.68415"
"World","Pakistan","Export","Copper","260300","Copper ores and concentrates","2024","446056.86"
"World","Panama","Import","Copper","260300","Copper ores and concentrates","2024","23465954.7"
"World","Panama","Export","Copper","260300","Copper ores and concentrates","2024","60.61"
"World","Peru","Import","Copper","260300","Copper ores and concentrates","2024","22149704417.49532"
"World","Peru","Export","Copper","260300","Copper ores and concentrates","2024","66009107.33"
"World","Philippines","Import","Copper","260300","Copper ores and concentrates","2024","985130067.1759512"
"World","Philippines","Export","Copper","260300","Copper ores and concentrates","2024","874958880.96"
"World","Papua New Guinea","Import","Copper","260300","Copper ores and concentrates","2024","1279743970.56168"
"World","Poland","Export","Copper","260300","Copper ores and concentrates","2024","501309835.6"
"World","Poland","Import","Copper","260300","Copper ores and concentrates","2024","735834.8257465999"
"World","Portugal","Import","Copper","260300","Copper ores and concentrates","2024","390211729.8302227"
"World","Portugal","Export","Copper","260300","Copper ores and concentrates","2024","15030.66"
"World","Qatar","Export","Copper","260300","Copper ores and concentrates","2024","282170.99"
"World","Romania","Import","Copper","260300","Copper ores and concentrates","2024","145133300.87"
"World","Romania","Export","Copper","260300","Copper ores and concentrates","2024","17326.22"
"World","Russian Federation","Import","Copper","260300","Copper ores and concentrates","2024","1529839165.14"
"World","Russian Federation","Export","Copper","260300","Copper ores and concentrates","2024","228134419.54"
"World","Saudi Arabia, Kingdom of","Import","Copper","260300","Copper ores and concentrates","2024","641281686.9450412"
"World","Saudi Arabia, Kingdom of","Export","Copper","260300","Copper ores and concentrates","2024","272822.32"
"World","Singapore","Export","Copper","260300","Copper ores and concentrates","2024","144296565.85"
"World","Singapore","Import","Copper","260300","Copper ores and concentrates","2024","123018878.12"
"World","El Salvador","Export","Copper","260300","Copper ores and concentrates","2024","16"
"World","Somalia","Import","Copper","260300","Copper ores and concentrates","2024","19250.19"
"World","Somalia","Export","Copper","260300","Copper ores and concentrates","2024","7887.21"
"World","Serbia","Import","Copper","260300","Copper ores and concentrates","2024","1743771514.41"
"World","Serbia","Export","Copper","260300","Copper ores and concentrates","2024","91462747.84"
"World","Suriname","Import","Copper","260300","Copper ores and concentrates","2024","4398238.41"
"World","Slovak Republic","Export","Copper","260300","Copper ores and concentrates","2024","12.99"
"World","Slovenia","Import","Copper","260300","Copper ores and concentrates","2024","7855980"
"World","Slovenia","Export","Copper","260300","Copper ores and concentrates","2024","87294.48000000001"
"World","Sweden","Export","Copper","260300","Copper ores and concentrates","2024","853858741.51"
"World","Sweden","Import","Copper","260300","Copper ores and concentrates","2024","50181730.94"
"World","Eswatini","Export","Copper","260300","Copper ores and concentrates","2024","5032.56"
"World","Seychelles","Export","Copper","260300","Copper ores and concentrates","2024","42.43"
"World","Thailand","Export","Copper","260300","Copper ores and concentrates","2024","2849091.41"
"World","Thailand","Import","Copper","260300","Copper ores and concentrates","2024","258410"
"World","Tajikistan","Import","Copper","260300","Copper ores and concentrates","2024","17389147.31"
"World","Turkmenistan","Export","Copper","260300","Copper ores and concentrates","2024","5"
"World","Turkiye","Import","Copper","260300","Copper ores and concentrates","2024","704085904.57"
"World","Turkiye","Export","Copper","260300","Copper ores and concentrates","2024","228140.61"
"World","Tanzania","Import","Copper","260300","Copper ores and concentrates","2024","164670599.6963396"
"World","Tanzania","Export","Copper","260300","Copper ores and concentrates","2024","708492.86"
"World","Uganda","Export","Copper","260300","Copper ores and concentrates","2024","99.57"
"World","Ukraine","Export","Copper","260300","Copper ores and concentrates","2024","84132.73000000001"
"World","United States of America","Import","Copper","260300","Copper ores and concentrates","2024","3671949840.91187"
"World","United States of America","Export","Copper","260300","Copper ores and concentrates","2024","280052.85"
"World","Uzbekistan","Export","Copper","260300","Copper ores and concentrates","2024","81100863.18"
"World","Uzbekistan","Import","Copper","260300","Copper ores and concentrates","2024","12377.61"
"World","Viet Nam","Import","Copper","260300","Copper ores and concentrates","2024","10416527.07"
"World","Viet Nam","Export","Copper","260300","Copper ores and concentrates","2024","653675.7999999999"
"World","South Africa","Import","Copper","260300","Copper ores and concentrates","2024","289083523.7891127"
"World","South Africa","Export","Copper","260300","Copper ores and concentrates","2024","166233.56"
"World","Zambia","Import","Copper","260300","Copper ores and concentrates","2024","81810890.08926691"
"World","Zambia","Export","Copper","260300","Copper ores and concentrates","2024","24552.44"
"World","Zimbabwe","Import","Copper","260300","Copper ores and concentrates","2024","6099681.84"
"World","Afghanistan","Export","Copper","262030","Slag, ash and residues; (not from the manufacture of iron or steel), containing mainly copper","2024","4989"
"World","United Arab Emirates","Export","Copper","262030","Slag, ash and residues; (not from the manufacture of iron or steel), containing mainly copper","2024","3476587.77"
"World","United Arab Emirates","Import","Copper","262030","Slag, ash and residues; (not from the manufacture of iron or steel), containing mainly copper","2024","3224731.0010909"
"World","Australia","Import","Copper","262030","Slag, ash and residues; (not from the manufacture of iron or steel), containing mainly copper","2024","3417992.02"
"World","Australia","Export","Copper","262030","Slag, ash and residues; (not from the manufacture of iron or steel), containing mainly copper","2024","145610.91"
"World","Austria","Import","Copper","262030","Slag, ash and residues; (not from the manufacture of iron or steel), containing mainly copper","2024","6893398.699999999"
"World","Austria","Export","Copper","262030","Slag, ash and residues; (not from the manufacture of iron or steel), containing mainly copper","2024","5520651.98"
"World","Azerbaijan","Export","Copper","262030","Slag, ash and residues; (not from the manufacture of iron or steel), containing mainly copper","2024","1995"
"World","Belgium","Export","Copper","262030","Slag, ash and residues; (not from the manufacture of iron or steel), containing mainly copper","2024","74259096.24"
"World","Belgium","Import","Copper","262030","Slag, ash and residues; (not from the manufacture of iron or steel), containing mainly copper","2024","56997468.32052299"
"World","Bangladesh","Export","Copper","262030","Slag, ash and residues; (not from the manufacture of iron or steel), containing mainly copper","2024","1402.93"
"World","Bulgaria","Import","Copper","262030","Slag, ash and residues; (not from the manufacture of iron or steel), containing mainly copper","2024","2115731.15"
"World","Bulgaria","Export","Copper","262030","Slag, ash and residues; (not from the manufacture of iron or steel), containing mainly copper","2024","12724.46"
"World","Bahrain, Kingdom of","Import","Copper","262030","Slag, ash and residues; (not from the manufacture of iron or steel), containing mainly copper","2024","256552.75"
"World","Bahrain, Kingdom of","Export","Copper","262030","Slag, ash and residues; (not from the manufacture of iron or steel), containing mainly copper","2024","75498.05"
"World","Brazil","Import","Copper","262030","Slag, ash and residues; (not from the manufacture of iron or steel), containing mainly copper","2024","5613294.47"
"World","Brunei Darussalam","Export","Copper","262030","Slag, ash and residues; (not from the manufacture of iron or steel), containing mainly copper","2024","187427.6"
"World","Botswana","Export","Copper","262030","Slag, ash and residues; (not from the manufacture of iron or steel), containing mainly copper","2024","48.01"
"World","Canada","Export","Copper","262030","Slag, ash and residues; (not from the manufacture of iron or steel), containing mainly copper","2024","43566513.97"
"World","Canada","Import","Copper","262030","Slag, ash and residues; (not from the manufacture of iron or steel), containing mainly copper","2024","8211640.97"
"World","Switzerland","Export","Copper","262030","Slag, ash and residues; (not from the manufacture of iron or steel), containing mainly copper","2024","10764368.91"
"World","Switzerland","Import","Copper","262030","Slag, ash and residues; (not from the manufacture of iron or steel), containing mainly copper","2024","1095778.81"
"World","Chile","Import","Copper","262030","Slag, ash and residues; (not from the manufacture of iron or steel), containing mainly copper","2024","350790.2444676"
"World","Chile","Export","Copper","262030","Slag, ash and residues; (not from the manufacture of iron or steel), containing mainly copper","2024","2750.25"
"World","China","Export","Copper","262030","Slag, ash and residues; (not from the manufacture of iron or steel), containing mainly copper","2024","1847268.77"
"World","China","Import","Copper","262030","Slag, ash and residues; (not from the manufacture of iron or steel), containing mainly copper","2024","80998.035139"
"World","Chinese Taipei","Import","Copper","262030","Slag, ash and residues; (not from the manufacture of iron or steel), containing mainly copper","2024","16631638.1427021"
"World","Chinese Taipei","Export","Copper","262030","Slag, ash and residues; (not from the manufacture of iron or steel), containing mainly copper","2024","282365.45"
"World","Cote d'Ivoire","Import","Copper","262030","Slag, ash and residues; (not from the manufacture of iron or steel), containing mainly copper","2024","12189.41"
"World","Democratic Republic of the Congo","Export","Copper","262030","Slag, ash and residues; (not from the manufacture of iron or steel), containing mainly copper","2024","88093.84"
"World","Colombia","Export","Copper","262030","Slag, ash and residues; (not from the manufacture of iron or steel), containing mainly copper","2024","13080"
"World","Cuba","Import","Copper","262030","Slag, ash and residues; (not from the manufacture of iron or steel), containing mainly copper","2024","7333.55"
"World","Cyprus","Export","Copper","262030","Slag, ash and residues; (not from the manufacture of iron or steel), containing mainly copper","2024","2174.5"
"World","Czech Republic","Import","Copper","262030","Slag, ash and residues; (not from the manufacture of iron or steel), containing mainly copper","2024","1737933.62"
"World","Czech Republic","Export","Copper","262030","Slag, ash and residues; (not from the manufacture of iron or steel), containing mainly copper","2024","11191.96"
"World","Germany","Import","Copper","262030","Slag, ash and residues; (not from the manufacture of iron or steel), containing mainly copper","2024","113311754.2460258"
"World","Germany","Export","Copper","262030","Slag, ash and residues; (not from the manufacture of iron or steel), containing mainly copper","2024","46127928.22"
"World","Denmark","Import","Copper","262030","Slag, ash and residues; (not from the manufacture of iron or steel), containing mainly copper","2024","2307137.18"
"World","Denmark","Export","Copper","262030","Slag, ash and residues; (not from the manufacture of iron or steel), containing mainly copper","2024","62551.84"
"World","Dominican Republic","Export","Copper","262030","Slag, ash and residues; (not from the manufacture of iron or steel), containing mainly copper","2024","169564"
"World","Algeria","Import","Copper","262030","Slag, ash and residues; (not from the manufacture of iron or steel), containing mainly copper","2024","794839.38"
"World","Egypt","Import","Copper","262030","Slag, ash and residues; (not from the manufacture of iron or steel), containing mainly copper","2024","84.17999999999999"
"World","Spain","Export","Copper","262030","Slag, ash and residues; (not from the manufacture of iron or steel), containing mainly copper","2024","33419876.2"
"World","Spain","Import","Copper","262030","Slag, ash and residues; (not from the manufacture of iron or steel), containing mainly copper","2024","2148447.7048459"
"World","Estonia","Export","Copper","262030","Slag, ash and residues; (not from the manufacture of iron or steel), containing mainly copper","2024","3672.52"
"World","Finland","Export","Copper","262030","Slag, ash and residues; (not from the manufacture of iron or steel), containing mainly copper","2024","12991123.7"
"World","Finland","Import","Copper","262030","Slag, ash and residues; (not from the manufacture of iron or steel), containing mainly copper","2024","728190.9"
"World","France","Import","Copper","262030","Slag, ash and residues; (not from the manufacture of iron or steel), containing mainly copper","2024","21622828.04"
"World","France","Export","Copper","262030","Slag, ash and residues; (not from the manufacture of iron or steel), containing mainly copper","2024","35231.95"
"World","United Kingdom","Import","Copper","262030","Slag, ash and residues; (not from the manufacture of iron or steel), containing mainly copper","2024","4901456.088215601"
"World","United Kingdom","Export","Copper","262030","Slag, ash and residues; (not from the manufacture of iron or steel), containing mainly copper","2024","293982.4"
"World","Georgia","Export","Copper","262030","Slag, ash and residues; (not from the manufacture of iron or steel), containing mainly copper","2024","7665260"
"World","Ghana","Import","Copper","262030","Slag, ash and residues; (not from the manufacture of iron or steel), containing mainly copper","2024","28294.2"
"World","Guinea","Import","Copper","262030","Slag, ash and residues; (not from the manufacture of iron or steel), containing mainly copper","2024","170019.45"
"World","Greece","Import","Copper","262030","Slag, ash and residues; (not from the manufacture of iron or steel), containing mainly copper","2024","2210524.96"
"World","Greece","Export","Copper","262030","Slag, ash and residues; (not from the manufacture of iron or steel), containing mainly copper","2024","10314.69"
"World","Guatemala","Export","Copper","262030","Slag, ash and residues; (not from the manufacture of iron or steel), containing mainly copper","2024","195.2"
"World","Hong Kong, China","Export","Copper","262030","Slag, ash and residues; (not from the manufacture of iron or steel), containing mainly copper","2024","362.18"
"World","Croatia","Export","Copper","262030","Slag, ash and residues; (not from the manufacture of iron or steel), containing mainly copper","2024","155.86"
"World","Hungary","Import","Copper","262030","Slag, ash and residues; (not from the manufacture of iron or steel), containing mainly copper","2024","48982.04"
"World","Hungary","Export","Copper","262030","Slag, ash and residues; (not from the manufacture of iron or steel), containing mainly copper","2024","4479.19"
"World","Indonesia","Import","Copper","262030","Slag, ash and residues; (not from the manufacture of iron or steel), containing mainly copper","2024","255993.53"
"World","India","Import","Copper","262030","Slag, ash and residues; (not from the manufacture of iron or steel), containing mainly copper","2024","12961579.338815"
"World","India","Export","Copper","262030","Slag, ash and residues; (not from the manufacture of iron or steel), containing mainly copper","2024","2352509.71"
"World","Ireland","Export","Copper","262030","Slag, ash and residues; (not from the manufacture of iron or steel), containing mainly copper","2024","8714.25"
"World","Ireland","Import","Copper","262030","Slag, ash and residues; (not from the manufacture of iron or steel), containing mainly copper","2024","5948.49"
"World","Iran","Import","Copper","262030","Slag, ash and residues; (not from the manufacture of iron or steel), containing mainly copper","2024","32418"
"World","Iraq","Export","Copper","262030","Slag, ash and residues; (not from the manufacture of iron or steel), containing mainly copper","2024","50502.23"
"World","Israel","Import","Copper","262030","Slag, ash and residues; (not from the manufacture of iron or steel), containing mainly copper","2024","592495.5499999999"
"World","Israel","Export","Copper","262030","Slag, ash and residues; (not from the manufacture of iron or steel), containing mainly copper","2024","6270.33"
"World","Italy","Import","Copper","262030","Slag, ash and residues; (not from the manufacture of iron or steel), containing mainly copper","2024","31729008.17"
"World","Italy","Export","Copper","262030","Slag, ash and residues; (not from the manufacture of iron or steel), containing mainly copper","2024","5813429.910000001"
"World","Jamaica","Export","Copper","262030","Slag, ash and residues; (not from the manufacture of iron or steel), containing mainly copper","2024","6359"
"World","Jordan","Export","Copper","262030","Slag, ash and residues; (not from the manufacture of iron or steel), containing mainly copper","2024","2114.43"
"World","Japan","Import","Copper","262030","Slag, ash and residues; (not from the manufacture of iron or steel), containing mainly copper","2024","17011647.082658"
"World","Japan","Export","Copper","262030","Slag, ash and residues; (not from the manufacture of iron or steel), containing mainly copper","2024","10694340.82"
"World","Kazakhstan","Import","Copper","262030","Slag, ash and residues; (not from the manufacture of iron or steel), containing mainly copper","2024","1591003.4"
"World","Kazakhstan","Export","Copper","262030","Slag, ash and residues; (not from the manufacture of iron or steel), containing mainly copper","2024","2350"
"World","Kyrgyz Republic","Import","Copper","262030","Slag, ash and residues; (not from the manufacture of iron or steel), containing mainly copper","2024","6180.39"
"World","Cambodia","Export","Copper","262030","Slag, ash and residues; (not from the manufacture of iron or steel), containing mainly copper","2024","80235609.15"
"World","Korea, Republic of","Export","Copper","262030","Slag, ash and residues; (not from the manufacture of iron or steel), containing mainly copper","2024","563637756.65"
"World","Korea, Republic of","Import","Copper","262030","Slag, ash and residues; (not from the manufacture of iron or steel), containing mainly copper","2024","133.48"
"World","Kuwait, the State of","Export","Copper","262030","Slag, ash and residues; (not from the manufacture of iron or steel), containing mainly copper","2024","14579.08"
"World","Lebanese Republic","Import","Copper","262030","Slag, ash and residues; (not from the manufacture of iron or steel), containing mainly copper","2024","80287"
"World","Libya","Export","Copper","262030","Slag, ash and residues; (not from the manufacture of iron or steel), containing mainly copper","2024","1719.56"
"World","Sri Lanka","Export","Copper","262030","Slag, ash and residues; (not from the manufacture of iron or steel), containing mainly copper","2024","1408954.63"
"World","Sri Lanka","Import","Copper","262030","Slag, ash and residues; (not from the manufacture of iron or steel), containing mainly copper","2024","165564.25"
"World","Lithuania","Import","Copper","262030","Slag, ash and residues; (not from the manufacture of iron or steel), containing mainly copper","2024","496211.78"
"World","Lithuania","Export","Copper","262030","Slag, ash and residues; (not from the manufacture of iron or steel), containing mainly copper","2024","1010.94"
"World","Luxembourg","Import","Copper","262030","Slag, ash and residues; (not from the manufacture of iron or steel), containing mainly copper","2024","104982.94"
"World","Luxembourg","Export","Copper","262030","Slag, ash and residues; (not from the manufacture of iron or steel), containing mainly copper","2024","70095.44"
"World","Latvia","Import","Copper","262030","Slag, ash and residues; (not from the manufacture of iron or steel), containing mainly copper","2024","219409.87"
"World","Latvia","Export","Copper","262030","Slag, ash and residues; (not from the manufacture of iron or steel), containing mainly copper","2024","771.74"
"World","Morocco","Import","Copper","262030","Slag, ash and residues; (not from the manufacture of iron or steel), containing mainly copper","2024","907105.1"
"World","Maldives","Export","Copper","262030","Slag, ash and residues; (not from the manufacture of iron or steel), containing mainly copper","2024","41257.96"
"World","Mexico","Import","Copper","262030","Slag, ash and residues; (not from the manufacture of iron or steel), containing mainly copper","2024","52158454.45"
"World","North Macedonia","Import","Copper","262030","Slag, ash and residues; (not from the manufacture of iron or steel), containing mainly copper","2024","54143"
"World","Malta","Import","Copper","262030","Slag, ash and residues; (not from the manufacture of iron or steel), containing mainly copper","2024","5161.83"
"World","Malta","Export","Copper","262030","Slag, ash and residues; (not from the manufacture of iron or steel), containing mainly copper","2024","1647.64"
"World","Mongolia","Export","Copper","262030","Slag, ash and residues; (not from the manufacture of iron or steel), containing mainly copper","2024","20911"
"World","Mozambique","Export","Copper","262030","Slag, ash and residues; (not from the manufacture of iron or steel), containing mainly copper","2024","86937.21"
"World","Malaysia","Import","Copper","262030","Slag, ash and residues; (not from the manufacture of iron or steel), containing mainly copper","2024","5503535.685558899"
"World","Malaysia","Export","Copper","262030","Slag, ash and residues; (not from the manufacture of iron or steel), containing mainly copper","2024","381415.05"
"World","Namibia","Export","Copper","262030","Slag, ash and residues; (not from the manufacture of iron or steel), containing mainly copper","2024","39132102.21"
"World","Namibia","Import","Copper","262030","Slag, ash and residues; (not from the manufacture of iron or steel), containing mainly copper","2024","4.33"
"World","Nigeria","Import","Copper","262030","Slag, ash and residues; (not from the manufacture of iron or steel), containing mainly copper","2024","1500802.94"
"World","Nigeria","Export","Copper","262030","Slag, ash and residues; (not from the manufacture of iron or steel), containing mainly copper","2024","596430.32"
"World","Netherlands","Export","Copper","262030","Slag, ash and residues; (not from the manufacture of iron or steel), containing mainly copper","2024","5203787.24"
"World","Netherlands","Import","Copper","262030","Slag, ash and residues; (not from the manufacture of iron or steel), containing mainly copper","2024","4188195.609999999"
"World","Norway","Import","Copper","262030","Slag, ash and residues; (not from the manufacture of iron or steel), containing mainly copper","2024","1139973.78"
"World","Norway","Export","Copper","262030","Slag, ash and residues; (not from the manufacture of iron or steel), containing mainly copper","2024","100.6"
"World","New Zealand","Import","Copper","262030","Slag, ash and residues; (not from the manufacture of iron or steel), containing mainly copper","2024","998443.67"
"World","Oman","Import","Copper","262030","Slag, ash and residues; (not from the manufacture of iron or steel), containing mainly copper","2024","4263991.33"
"World","Pakistan","Import","Copper","262030","Slag, ash and residues; (not from the manufacture of iron or steel), containing mainly copper","2024","301228.47"
"World","Pakistan","Export","Copper","262030","Slag, ash and residues; (not from the manufacture of iron or steel), containing mainly copper","2024","33414.82"
"World","Peru","Import","Copper","262030","Slag, ash and residues; (not from the manufacture of iron or steel), containing mainly copper","2024","917.9470702"
"World","Philippines","Export","Copper","262030","Slag, ash and residues; (not from the manufacture of iron or steel), containing mainly copper","2024","1834358.39"
"World","Philippines","Import","Copper","262030","Slag, ash and residues; (not from the manufacture of iron or steel), containing mainly copper","2024","1481474"
"World","Poland","Import","Copper","262030","Slag, ash and residues; (not from the manufacture of iron or steel), containing mainly copper","2024","5504954.74"
"World","Poland","Export","Copper","262030","Slag, ash and residues; (not from the manufacture of iron or steel), containing mainly copper","2024","4942941.02"
"World","Portugal","Import","Copper","262030","Slag, ash and residues; (not from the manufacture of iron or steel), containing mainly copper","2024","2074901.28"
"World","Portugal","Export","Copper","262030","Slag, ash and residues; (not from the manufacture of iron or steel), containing mainly copper","2024","1549907.66"
"World","Qatar","Export","Copper","262030","Slag, ash and residues; (not from the manufacture of iron or steel), containing mainly copper","2024","1320679.13"
"World","Qatar","Import","Copper","262030","Slag, ash and residues; (not from the manufacture of iron or steel), containing mainly copper","2024","796712.32"
"World","Romania","Import","Copper","262030","Slag, ash and residues; (not from the manufacture of iron or steel), containing mainly copper","2024","2548023.88"
"World","Romania","Export","Copper","262030","Slag, ash and residues; (not from the manufacture of iron or steel), containing mainly copper","2024","126835.26"
"World","Russian Federation","Import","Copper","262030","Slag, ash and residues; (not from the manufacture of iron or steel), containing mainly copper","2024","167271.61"
"World","Russian Federation","Export","Copper","262030","Slag, ash and residues; (not from the manufacture of iron or steel), containing mainly copper","2024","110926"
"World","Saudi Arabia, Kingdom of","Export","Copper","262030","Slag, ash and residues; (not from the manufacture of iron or steel), containing mainly copper","2024","1165259.74"
"World","Saudi Arabia, Kingdom of","Import","Copper","262030","Slag, ash and residues; (not from the manufacture of iron or steel), containing mainly copper","2024","757350"
"World","Singapore","Import","Copper","262030","Slag, ash and residues; (not from the manufacture of iron or steel), containing mainly copper","2024","314894.3127099"
"World","Singapore","Export","Copper","262030","Slag, ash and residues; (not from the manufacture of iron or steel), containing mainly copper","2024","121941.98"
"World","Serbia","Import","Copper","262030","Slag, ash and residues; (not from the manufacture of iron or steel), containing mainly copper","2024","968354.9526624"
"World","Slovak Republic","Export","Copper","262030","Slag, ash and residues; (not from the manufacture of iron or steel), containing mainly copper","2024","978997.18"
"World","Slovenia","Import","Copper","262030","Slag, ash and residues; (not from the manufacture of iron or steel), containing mainly copper","2024","100731.18"
"World","Slovenia","Export","Copper","262030","Slag, ash and residues; (not from the manufacture of iron or steel), containing mainly copper","2024","48316.92000000001"
"World","Sweden","Export","Copper","262030","Slag, ash and residues; (not from the manufacture of iron or steel), containing mainly copper","2024","63122083.23"
"World","Sweden","Import","Copper","262030","Slag, ash and residues; (not from the manufacture of iron or steel), containing mainly copper","2024","3532499.3099492"
"World","Thailand","Export","Copper","262030","Slag, ash and residues; (not from the manufacture of iron or steel), containing mainly copper","2024","18527639.59"
"World","Thailand","Import","Copper","262030","Slag, ash and residues; (not from the manufacture of iron or steel), containing mainly copper","2024","3464464"
"World","Tajikistan","Export","Copper","262030","Slag, ash and residues; (not from the manufacture of iron or steel), containing mainly copper","2024","1296"
"World","Turkiye","Export","Copper","262030","Slag, ash and residues; (not from the manufacture of iron or steel), containing mainly copper","2024","2846005.09"
"World","Turkiye","Import","Copper","262030","Slag, ash and residues; (not from the manufacture of iron or steel), containing mainly copper","2024","2297923.56"
"World","Tanzania","Import","Copper","262030","Slag, ash and residues; (not from the manufacture of iron or steel), containing mainly copper","2024","181071.75"
"World","Ukraine","Import","Copper","262030","Slag, ash and residues; (not from the manufacture of iron or steel), containing mainly copper","2024","4271163.29"
"World","Uruguay","Export","Copper","262030","Slag, ash and residues; (not from the manufacture of iron or steel), containing mainly copper","2024","41060.98"
"World","United States of America","Import","Copper","262030","Slag, ash and residues; (not from the manufacture of iron or steel), containing mainly copper","2024","70398427.30026181"
"World","United States of America","Export","Copper","262030","Slag, ash and residues; (not from the manufacture of iron or steel), containing mainly copper","2024","3819393.28"
"World","Uzbekistan","Import","Copper","262030","Slag, ash and residues; (not from the manufacture of iron or steel), containing mainly copper","2024","104163"
"World","Viet Nam","Import","Copper","262030","Slag, ash and residues; (not from the manufacture of iron or steel), containing mainly copper","2024","996304.7251949"
"World","Viet Nam","Export","Copper","262030","Slag, ash and residues; (not from the manufacture of iron or steel), containing mainly copper","2024","21683"
"World","Yemen","Export","Copper","262030","Slag, ash and residues; (not from the manufacture of iron or steel), containing mainly copper","2024","3400"
"World","South Africa","Import","Copper","262030","Slag, ash and residues; (not from the manufacture of iron or steel), containing mainly copper","2024","7810298.529999999"
"World","South Africa","Export","Copper","262030","Slag, ash and residues; (not from the manufacture of iron or steel), containing mainly copper","2024","1750912.35"
"World","Zambia","Import","Copper","262030","Slag, ash and residues; (not from the manufacture of iron or steel), containing mainly copper","2024","3113.5287934"
"World","Afghanistan","Export","Copper","282550","Copper oxides and hydroxides","2024","233193.62"
"World","Angola","Export","Copper","282550","Copper oxides and hydroxides","2024","44048.94"
"World","Albania","Export","Copper","282550","Copper oxides and hydroxides","2024","50.87"
"World","United Arab Emirates","Export","Copper","282550","Copper oxides and hydroxides","2024","4660841.140000001"
"World","United Arab Emirates","Import","Copper","282550","Copper oxides and hydroxides","2024","1078193.99"
"World","Argentina","Export","Copper","282550","Copper oxides and hydroxides","2024","696424.06"
"World","Armenia","Import","Copper","282550","Copper oxides and hydroxides","2024","155358.81"
"World","Armenia","Export","Copper","282550","Copper oxides and hydroxides","2024","594.05"
"World","Australia","Import","Copper","282550","Copper oxides and hydroxides","2024","54519669.54111131"
"World","Australia","Export","Copper","282550","Copper oxides and hydroxides","2024","4813830.04"
"World","Austria","Export","Copper","282550","Copper oxides and hydroxides","2024","553074.7299999999"
"World","Austria","Import","Copper","282550","Copper oxides and hydroxides","2024","47096.38"
"World","Azerbaijan","Export","Copper","282550","Copper oxides and hydroxides","2024","147638.57"
"World","Belgium","Export","Copper","282550","Copper oxides and hydroxides","2024","6458633.040000001"
"World","Belgium","Import","Copper","282550","Copper oxides and hydroxides","2024","1811674.1421452"
"World","Bangladesh","Export","Copper","282550","Copper oxides and hydroxides","2024","1266518.23"
"World","Bulgaria","Export","Copper","282550","Copper oxides and hydroxides","2024","975514.32"
"World","Bulgaria","Import","Copper","282550","Copper oxides and hydroxides","2024","55.2"
"World","Bosnia and Herzegovina","Export","Copper","282550","Copper oxides and hydroxides","2024","1994.38"
"World","Belarus","Export","Copper","282550","Copper oxides and hydroxides","2024","23517"
"World","Brazil","Export","Copper","282550","Copper oxides and hydroxides","2024","5608325.76"
"World","Brazil","Import","Copper","282550","Copper oxides and hydroxides","2024","3243605.3887549"
"World","Bhutan","Export","Copper","282550","Copper oxides and hydroxides","2024","80.06"
"World","Botswana","Export","Copper","282550","Copper oxides and hydroxides","2024","54.69"
"World","Canada","Export","Copper","282550","Copper oxides and hydroxides","2024","689939.3300000001"
"World","Canada","Import","Copper","282550","Copper oxides and hydroxides","2024","252426.2"
"World","Switzerland","Export","Copper","282550","Copper oxides and hydroxides","2024","1431001.25"
"World","Switzerland","Import","Copper","282550","Copper oxides and hydroxides","2024","118119.03"
"World","Chile","Export","Copper","282550","Copper oxides and hydroxides","2024","6267838.069999999"
"World","Chile","Import","Copper","282550","Copper oxides and hydroxides","2024","4372594.486851499"
"World","China","Export","Copper","282550","Copper oxides and hydroxides","2024","45050539.38"
"World","China","Import","Copper","282550","Copper oxides and hydroxides","2024","12788722.7711008"
"World","Chinese Taipei","Import","Copper","282550","Copper oxides and hydroxides","2024","15495906.2440673"
"World","Chinese Taipei","Export","Copper","282550","Copper oxides and hydroxides","2024","2452890.75"
"World","Cote d'Ivoire","Export","Copper","282550","Copper oxides and hydroxides","2024","67.27"
"World","Cameroon","Export","Copper","282550","Copper oxides and hydroxides","2024","288180"
"World","Democratic Republic of the Congo","Export","Copper","282550","Copper oxides and hydroxides","2024","6056.91"
"World","Democratic Republic of the Congo","Import","Copper","282550","Copper oxides and hydroxides","2024","2.0732558"
"World","Congo","Export","Copper","282550","Copper oxides and hydroxides","2024","98"
"World","Colombia","Export","Copper","282550","Copper oxides and hydroxides","2024","422164.81"
"World","Costa Rica","Export","Copper","282550","Copper oxides and hydroxides","2024","373026.61"
"World","Cyprus","Export","Copper","282550","Copper oxides and hydroxides","2024","382274.92"
"World","Czech Republic","Export","Copper","282550","Copper oxides and hydroxides","2024","35148.65"
"World","Czech Republic","Import","Copper","282550","Copper oxides and hydroxides","2024","3612.56"
"World","Germany","Import","Copper","282550","Copper oxides and hydroxides","2024","45346148.4428454"
"World","Germany","Export","Copper","282550","Copper oxides and hydroxides","2024","9601494.8"
"World","Djibouti","Export","Copper","282550","Copper oxides and hydroxides","2024","320834.93"
"World","Denmark","Export","Copper","282550","Copper oxides and hydroxides","2024","16434.07"
"World","Denmark","Import","Copper","282550","Copper oxides and hydroxides","2024","1609.76"
"World","Algeria","Export","Copper","282550","Copper oxides and hydroxides","2024","404731.24"
"World","Algeria","Import","Copper","282550","Copper oxides and hydroxides","2024","21"
"World","Ecuador","Export","Copper","282550","Copper oxides and hydroxides","2024","145001.78"
"World","Egypt","Export","Copper","282550","Copper oxides and hydroxides","2024","330762.41"
"World","Spain","Export","Copper","282550","Copper oxides and hydroxides","2024","8361557.450000001"
"World","Spain","Import","Copper","282550","Copper oxides and hydroxides","2024","7971949.614589099"
"World","Estonia","Export","Copper","282550","Copper oxides and hydroxides","2024","1864.65"
"World","Finland","Import","Copper","282550","Copper oxides and hydroxides","2024","152038.69"
"World","Finland","Export","Copper","282550","Copper oxides and hydroxides","2024","7560.709999999999"
"World","Fiji","Export","Copper","282550","Copper oxides and hydroxides","2024","102009.55"
"World","France","Export","Copper","282550","Copper oxides and hydroxides","2024","12317992.36"
"World","France","Import","Copper","282550","Copper oxides and hydroxides","2024","2899554.6935127"
"World","United Kingdom","Export","Copper","282550","Copper oxides and hydroxides","2024","31980535.39"
"World","United Kingdom","Import","Copper","282550","Copper oxides and hydroxides","2024","617352.0192898"
"World","Georgia","Export","Copper","282550","Copper oxides and hydroxides","2024","4553.83"
"World","Ghana","Export","Copper","282550","Copper oxides and hydroxides","2024","81966.66"
"World","Guinea","Export","Copper","282550","Copper oxides and hydroxides","2024","144.61"
"World","Greece","Export","Copper","282550","Copper oxides and hydroxides","2024","620568.33"
"World","Greece","Import","Copper","282550","Copper oxides and hydroxides","2024","303680.45"
"World","Guatemala","Export","Copper","282550","Copper oxides and hydroxides","2024","411484.44"
"World","Guatemala","Import","Copper","282550","Copper oxides and hydroxides","2024","2666.52"
"World","Hong Kong, China","Export","Copper","282550","Copper oxides and hydroxides","2024","5302670.5"
"World","Hong Kong, China","Import","Copper","282550","Copper oxides and hydroxides","2024","87565.01999999999"
"World","Croatia","Export","Copper","282550","Copper oxides and hydroxides","2024","1454903.8"
"World","Croatia","Import","Copper","282550","Copper oxides and hydroxides","2024","226468.31"
"World","Hungary","Export","Copper","282550","Copper oxides and hydroxides","2024","292113.2999999999"
"World","Hungary","Import","Copper","282550","Copper oxides and hydroxides","2024","1139.77"
"World","Indonesia","Export","Copper","282550","Copper oxides and hydroxides","2024","12406686.48"
"World","India","Import","Copper","282550","Copper oxides and hydroxides","2024","7097790.673983499"
"World","India","Export","Copper","282550","Copper oxides and hydroxides","2024","4038870.43"
"World","Ireland","Export","Copper","282550","Copper oxides and hydroxides","2024","633441.29"
"World","Ireland","Import","Copper","282550","Copper oxides and hydroxides","2024","1.08"
"World","Iran","Export","Copper","282550","Copper oxides and hydroxides","2024","253795.33"
"World","Iraq","Export","Copper","282550","Copper oxides and hydroxides","2024","31424.64"
"World","Israel","Export","Copper","282550","Copper oxides and hydroxides","2024","91808.47"
"World","Italy","Export","Copper","282550","Copper oxides and hydroxides","2024","17631934.21"
"World","Italy","Import","Copper","282550","Copper oxides and hydroxides","2024","3623700.635086499"
"World","Jordan","Export","Copper","282550","Copper oxides and hydroxides","2024","663178.96"
"World","Japan","Export","Copper","282550","Copper oxides and hydroxides","2024","21386717.11"
"World","Japan","Import","Copper","282550","Copper oxides and hydroxides","2024","11032786.4668538"
"World","Kazakhstan","Export","Copper","282550","Copper oxides and hydroxides","2024","138970.75"
"World","Kazakhstan","Import","Copper","282550","Copper oxides and hydroxides","2024","638"
"World","Kenya","Export","Copper","282550","Copper oxides and hydroxides","2024","462805.77"
"World","Kyrgyz Republic","Export","Copper","282550","Copper oxides and hydroxides","2024","72"
"World","Korea, Republic of","Export","Copper","282550","Copper oxides and hydroxides","2024","44135929.40000001"
"World","Korea, Republic of","Import","Copper","282550","Copper oxides and hydroxides","2024","3200878.0287661"
"World","Kuwait, the State of","Export","Copper","282550","Copper oxides and hydroxides","2024","83.34"
"World","Lebanese Republic","Export","Copper","282550","Copper oxides and hydroxides","2024","99.07"
"World","Lebanese Republic","Import","Copper","282550","Copper oxides and hydroxides","2024","80"
"World","Liberia","Export","Copper","282550","Copper oxides and hydroxides","2024","6.99"
"World","Libya","Export","Copper","282550","Copper oxides and hydroxides","2024","5818.92"
"World","Saint Lucia","Import","Copper","282550","Copper oxides and hydroxides","2024","544.59"
"World","Sri Lanka","Export","Copper","282550","Copper oxides and hydroxides","2024","4953.62"
"World","Sri Lanka","Import","Copper","282550","Copper oxides and hydroxides","2024","111.72"
"World","Lesotho","Export","Copper","282550","Copper oxides and hydroxides","2024","34.75"
"World","Lithuania","Export","Copper","282550","Copper oxides and hydroxides","2024","27777.17"
"World","Lithuania","Import","Copper","282550","Copper oxides and hydroxides","2024","1068.83"
"World","Luxembourg","Export","Copper","282550","Copper oxides and hydroxides","2024","219.72"
"World","Luxembourg","Import","Copper","282550","Copper oxides and hydroxides","2024","8.66"
"World","Latvia","Export","Copper","282550","Copper oxides and hydroxides","2024","77.16"
"World","Morocco","Export","Copper","282550","Copper oxides and hydroxides","2024","41706.83"
"World","Moldova, Republic of","Export","Copper","282550","Copper oxides and hydroxides","2024","21696"
"World","Mexico","Export","Copper","282550","Copper oxides and hydroxides","2024","3311820.35"
"World","Mexico","Import","Copper","282550","Copper oxides and hydroxides","2024","1443365.91"
"World","North Macedonia","Export","Copper","282550","Copper oxides and hydroxides","2024","30111.74"
"World","Malta","Export","Copper","282550","Copper oxides and hydroxides","2024","9618.77"
"World","Myanmar","Export","Copper","282550","Copper oxides and hydroxides","2024","109547.57"
"World","Mauritius","Export","Copper","282550","Copper oxides and hydroxides","2024","58.92"
"World","Malaysia","Export","Copper","282550","Copper oxides and hydroxides","2024","13949287.64"
"World","Malaysia","Import","Copper","282550","Copper oxides and hydroxides","2024","4981459.941811699"
"World","Namibia","Export","Copper","282550","Copper oxides and hydroxides","2024","564.53"
"World","Nigeria","Export","Copper","282550","Copper oxides and hydroxides","2024","363580"
"World","Netherlands","Export","Copper","282550","Copper oxides and hydroxides","2024","23718796.86"
"World","Netherlands","Import","Copper","282550","Copper oxides and hydroxides","2024","4232919.8514133"
"World","Norway","Import","Copper","282550","Copper oxides and hydroxides","2024","142534935.7563917"
"World","Norway","Export","Copper","282550","Copper oxides and hydroxides","2024","11398903.32"
"World","Nepal","Export","Copper","282550","Copper oxides and hydroxides","2024","435.73"
"World","New Zealand","Export","Copper","282550","Copper oxides and hydroxides","2024","12778122.91"
"World","Oman","Export","Copper","282550","Copper oxides and hydroxides","2024","16990.33"
"World","Pakistan","Export","Copper","282550","Copper oxides and hydroxides","2024","199"
"World","Peru","Import","Copper","282550","Copper oxides and hydroxides","2024","16777157.0337033"
"World","Peru","Export","Copper","282550","Copper oxides and hydroxides","2024","949679.63"
"World","Philippines","Export","Copper","282550","Copper oxides and hydroxides","2024","3549619.59"
"World","Philippines","Import","Copper","282550","Copper oxides and hydroxides","2024","132954.0972324"
"World","Poland","Export","Copper","282550","Copper oxides and hydroxides","2024","9625983.28"
"World","Poland","Import","Copper","282550","Copper oxides and hydroxides","2024","155723.58"
"World","Portugal","Export","Copper","282550","Copper oxides and hydroxides","2024","6267236.77"
"World","Portugal","Import","Copper","282550","Copper oxides and hydroxides","2024","11557.22"
"World","Qatar","Export","Copper","282550","Copper oxides and hydroxides","2024","55554.71"
"World","Qatar","Import","Copper","282550","Copper oxides and hydroxides","2024","132.64"
"World","Romania","Export","Copper","282550","Copper oxides and hydroxides","2024","1506247.97"
"World","Romania","Import","Copper","282550","Copper oxides and hydroxides","2024","666487.03"
"World","Russian Federation","Export","Copper","282550","Copper oxides and hydroxides","2024","1788532.89"
"World","Russian Federation","Import","Copper","282550","Copper oxides and hydroxides","2024","9184.43"
"World","Rwanda","Export","Copper","282550","Copper oxides and hydroxides","2024","153.38"
"World","Saudi Arabia, Kingdom of","Export","Copper","282550","Copper oxides and hydroxides","2024","1199044.95"
"World","Saudi Arabia, Kingdom of","Import","Copper","282550","Copper oxides and hydroxides","2024","5208"
"World","Senegal","Export","Copper","282550","Copper oxides and hydroxides","2024","56710.63"
"World","Singapore","Export","Copper","282550","Copper oxides and hydroxides","2024","8282968.32"
"World","Singapore","Import","Copper","282550","Copper oxides and hydroxides","2024","6772537.113092899"
"World","El Salvador","Export","Copper","282550","Copper oxides and hydroxides","2024","57765"
"World","Serbia","Export","Copper","282550","Copper oxides and hydroxides","2024","938314.53"
"World","Slovak Republic","Export","Copper","282550","Copper oxides and hydroxides","2024","2732.84"
"World","Slovak Republic","Import","Copper","282550","Copper oxides and hydroxides","2024","3.25"
"World","Slovenia","Import","Copper","282550","Copper oxides and hydroxides","2024","861497"
"World","Slovenia","Export","Copper","282550","Copper oxides and hydroxides","2024","22565.78"
"World","Sweden","Export","Copper","282550","Copper oxides and hydroxides","2024","20441412.12"
"World","Sweden","Import","Copper","282550","Copper oxides and hydroxides","2024","2020620.6763079"
"World","Eswatini","Export","Copper","282550","Copper oxides and hydroxides","2024","30.17"
"World","Thailand","Export","Copper","282550","Copper oxides and hydroxides","2024","14817308.79"
"World","Thailand","Import","Copper","282550","Copper oxides and hydroxides","2024","2805755.7315397"
"World","Tunisia","Export","Copper","282550","Copper oxides and hydroxides","2024","63262.31"
"World","Turkiye","Export","Copper","282550","Copper oxides and hydroxides","2024","8688028.85"
"World","Turkiye","Import","Copper","282550","Copper oxides and hydroxides","2024","126689.3673174"
"World","Tanzania","Export","Copper","282550","Copper oxides and hydroxides","2024","1316642"
"World","Ukraine","Export","Copper","282550","Copper oxides and hydroxides","2024","7407.88"
"World","Uruguay","Export","Copper","282550","Copper oxides and hydroxides","2024","5785.97"
"World","United States of America","Import","Copper","282550","Copper oxides and hydroxides","2024","166393619.7430858"
"World","United States of America","Export","Copper","282550","Copper oxides and hydroxides","2024","13924702.69"
"World","Uzbekistan","Export","Copper","282550","Copper oxides and hydroxides","2024","48506.96"
"World","Viet Nam","Export","Copper","282550","Copper oxides and hydroxides","2024","29752556.05"
"World","Viet Nam","Import","Copper","282550","Copper oxides and hydroxides","2024","26968764.5091756"
"World","Vanuatu","Export","Copper","282550","Copper oxides and hydroxides","2024","3161.64"
"World","South Africa","Export","Copper","282550","Copper oxides and hydroxides","2024","12837458.04"
"World","South Africa","Import","Copper","282550","Copper oxides and hydroxides","2024","63246.9141722"
"World","Zambia","Import","Copper","282550","Copper oxides and hydroxides","2024","11731.4266064"
"World","Zambia","Export","Copper","282550","Copper oxides and hydroxides","2024","372.64"
"World","Zimbabwe","Export","Copper","282550","Copper oxides and hydroxides","2024","44992.88"
"World","United Arab Emirates","Export","Copper","282741","Chloride oxides and chloride hydroxides; of copper","2024","117014.49"
"World","United Arab Emirates","Import","Copper","282741","Chloride oxides and chloride hydroxides; of copper","2024","2429.26"
"World","Argentina","Export","Copper","282741","Chloride oxides and chloride hydroxides; of copper","2024","139654.89"
"World","Argentina","Import","Copper","282741","Chloride oxides and chloride hydroxides; of copper","2024","30100"
"World","Australia","Export","Copper","282741","Chloride oxides and chloride hydroxides; of copper","2024","554314.78"
"World","Austria","Export","Copper","282741","Chloride oxides and chloride hydroxides; of copper","2024","71087.22"
"World","Austria","Import","Copper","282741","Chloride oxides and chloride hydroxides; of copper","2024","7197.889999999999"
"World","Belgium","Import","Copper","282741","Chloride oxides and chloride hydroxides; of copper","2024","4764437.4475026"
"World","Belgium","Export","Copper","282741","Chloride oxides and chloride hydroxides; of copper","2024","1984912.19"
"World","Bangladesh","Export","Copper","282741","Chloride oxides and chloride hydroxides; of copper","2024","240383.04"
"World","Bulgaria","Export","Copper","282741","Chloride oxides and chloride hydroxides; of copper","2024","649999.65"
"World","Bulgaria","Import","Copper","282741","Chloride oxides and chloride hydroxides; of copper","2024","58.45"
"World","Bolivia, Plurinational State of","Import","Copper","282741","Chloride oxides and chloride hydroxides; of copper","2024","55542.8"
"World","Brazil","Export","Copper","282741","Chloride oxides and chloride hydroxides; of copper","2024","2217315"
"World","Bhutan","Export","Copper","282741","Chloride oxides and chloride hydroxides; of copper","2024","70.83"
"World","Botswana","Export","Copper","282741","Chloride oxides and chloride hydroxides; of copper","2024","51.18"
"World","Canada","Export","Copper","282741","Chloride oxides and chloride hydroxides; of copper","2024","2862191"
"World","Canada","Import","Copper","282741","Chloride oxides and chloride hydroxides; of copper","2024","19000"
"World","Switzerland","Export","Copper","282741","Chloride oxides and chloride hydroxides; of copper","2024","58855.08"
"World","Switzerland","Import","Copper","282741","Chloride oxides and chloride hydroxides; of copper","2024","4250.67"
"World","Chile","Import","Copper","282741","Chloride oxides and chloride hydroxides; of copper","2024","14354428.32"
"World","Chile","Export","Copper","282741","Chloride oxides and chloride hydroxides; of copper","2024","64806.21"
"World","China","Import","Copper","282741","Chloride oxides and chloride hydroxides; of copper","2024","23129593.7494211"
"World","China","Export","Copper","282741","Chloride oxides and chloride hydroxides; of copper","2024","295.15"
"World","Chinese Taipei","Export","Copper","282741","Chloride oxides and chloride hydroxides; of copper","2024","348516.32"
"World","Chinese Taipei","Import","Copper","282741","Chloride oxides and chloride hydroxides; of copper","2024","65529.42"
"World","Cote d'Ivoire","Export","Copper","282741","Chloride oxides and chloride hydroxides; of copper","2024","164.77"
"World","Democratic Republic of the Congo","Export","Copper","282741","Chloride oxides and chloride hydroxides; of copper","2024","325.34"
"World","Congo","Export","Copper","282741","Chloride oxides and chloride hydroxides; of copper","2024","3.88"
"World","Colombia","Export","Copper","282741","Chloride oxides and chloride hydroxides; of copper","2024","2021843.93"
"World","Costa Rica","Export","Copper","282741","Chloride oxides and chloride hydroxides; of copper","2024","26641.22"
"World","Cyprus","Export","Copper","282741","Chloride oxides and chloride hydroxides; of copper","2024","508.47"
"World","Czech Republic","Export","Copper","282741","Chloride oxides and chloride hydroxides; of copper","2024","2329987.45"
"World","Czech Republic","Import","Copper","282741","Chloride oxides and chloride hydroxides; of copper","2024","957598.23"
"World","Germany","Import","Copper","282741","Chloride oxides and chloride hydroxides; of copper","2024","3332113.5131303"
"World","Germany","Export","Copper","282741","Chloride oxides and chloride hydroxides; of copper","2024","2023951.9"
"World","Denmark","Export","Copper","282741","Chloride oxides and chloride hydroxides; of copper","2024","267454.94"
"World","Denmark","Import","Copper","282741","Chloride oxides and chloride hydroxides; of copper","2024","88163.339019"
"World","Algeria","Export","Copper","282741","Chloride oxides and chloride hydroxides; of copper","2024","117643"
"World","Ecuador","Export","Copper","282741","Chloride oxides and chloride hydroxides; of copper","2024","377035"
"World","Egypt","Export","Copper","282741","Chloride oxides and chloride hydroxides; of copper","2024","85168.16"
"World","Spain","Export","Copper","282741","Chloride oxides and chloride hydroxides; of copper","2024","10838451.19"
"World","Spain","Import","Copper","282741","Chloride oxides and chloride hydroxides; of copper","2024","7512617.095386699"
"World","Estonia","Export","Copper","282741","Chloride oxides and chloride hydroxides; of copper","2024","84.43"
"World","Ethiopia","Export","Copper","282741","Chloride oxides and chloride hydroxides; of copper","2024","293.69"
"World","France","Export","Copper","282741","Chloride oxides and chloride hydroxides; of copper","2024","6374767.26"
"World","France","Import","Copper","282741","Chloride oxides and chloride hydroxides; of copper","2024","551577.72"
"World","United Kingdom","Export","Copper","282741","Chloride oxides and chloride hydroxides; of copper","2024","656159.8"
"World","United Kingdom","Import","Copper","282741","Chloride oxides and chloride hydroxides; of copper","2024","587347.6599999999"
"World","Greece","Export","Copper","282741","Chloride oxides and chloride hydroxides; of copper","2024","1833617.49"
"World","Greece","Import","Copper","282741","Chloride oxides and chloride hydroxides; of copper","2024","33292.9"
"World","Guatemala","Export","Copper","282741","Chloride oxides and chloride hydroxides; of copper","2024","850500"
"World","Hong Kong, China","Export","Copper","282741","Chloride oxides and chloride hydroxides; of copper","2024","907.35"
"World","Hong Kong, China","Import","Copper","282741","Chloride oxides and chloride hydroxides; of copper","2024","487.73"
"World","Croatia","Export","Copper","282741","Chloride oxides and chloride hydroxides; of copper","2024","7.58"
"World","Hungary","Export","Copper","282741","Chloride oxides and chloride hydroxides; of copper","2024","27762.16"
"World","Hungary","Import","Copper","282741","Chloride oxides and chloride hydroxides; of copper","2024","490.44"
"World","Indonesia","Export","Copper","282741","Chloride oxides and chloride hydroxides; of copper","2024","1380621.67"
"World","India","Import","Copper","282741","Chloride oxides and chloride hydroxides; of copper","2024","6916097.055924"
"World","India","Export","Copper","282741","Chloride oxides and chloride hydroxides; of copper","2024","921371.25"
"World","Ireland","Export","Copper","282741","Chloride oxides and chloride hydroxides; of copper","2024","159514.98"
"World","Ireland","Import","Copper","282741","Chloride oxides and chloride hydroxides; of copper","2024","4.33"
"World","Iran","Export","Copper","282741","Chloride oxides and chloride hydroxides; of copper","2024","163.41"
"World","Israel","Export","Copper","282741","Chloride oxides and chloride hydroxides; of copper","2024","521203.88"
"World","Italy","Import","Copper","282741","Chloride oxides and chloride hydroxides; of copper","2024","4446625.860000001"
"World","Italy","Export","Copper","282741","Chloride oxides and chloride hydroxides; of copper","2024","2174902.73"
"World","Jamaica","Export","Copper","282741","Chloride oxides and chloride hydroxides; of copper","2024","220600"
"World","Jordan","Export","Copper","282741","Chloride oxides and chloride hydroxides; of copper","2024","323116.71"
"World","Japan","Import","Copper","282741","Chloride oxides and chloride hydroxides; of copper","2024","523619.04"
"World","Japan","Export","Copper","282741","Chloride oxides and chloride hydroxides; of copper","2024","410513.22"
"World","Kenya","Export","Copper","282741","Chloride oxides and chloride hydroxides; of copper","2024","169495.76"
"World","Cambodia","Export","Copper","282741","Chloride oxides and chloride hydroxides; of copper","2024","303072.42"
"World","Korea, Republic of","Export","Copper","282741","Chloride oxides and chloride hydroxides; of copper","2024","1719131.23"
"World","Korea, Republic of","Import","Copper","282741","Chloride oxides and chloride hydroxides; of copper","2024","7618.46"
"World","Lao People's Democratic Republic","Export","Copper","282741","Chloride oxides and chloride hydroxides; of copper","2024","1638.34"
"World","Liberia","Export","Copper","282741","Chloride oxides and chloride hydroxides; of copper","2024","398"
"World","Sri Lanka","Export","Copper","282741","Chloride oxides and chloride hydroxides; of copper","2024","7.08"
"World","Lithuania","Export","Copper","282741","Chloride oxides and chloride hydroxides; of copper","2024","875.65"
"World","Luxembourg","Export","Copper","282741","Chloride oxides and chloride hydroxides; of copper","2024","66.03"
"World","Luxembourg","Import","Copper","282741","Chloride oxides and chloride hydroxides; of copper","2024","4.33"
"World","Latvia","Export","Copper","282741","Chloride oxides and chloride hydroxides; of copper","2024","5.41"
"World","Morocco","Export","Copper","282741","Chloride oxides and chloride hydroxides; of copper","2024","210.78"
"World","Moldova, Republic of","Export","Copper","282741","Chloride oxides and chloride hydroxides; of copper","2024","26337.29"
"World","Madagascar","Export","Copper","282741","Chloride oxides and chloride hydroxides; of copper","2024","1240.52"
"World","Maldives","Export","Copper","282741","Chloride oxides and chloride hydroxides; of copper","2024","126.9"
"World","Mexico","Import","Copper","282741","Chloride oxides and chloride hydroxides; of copper","2024","158720.289078"
"World","Mexico","Export","Copper","282741","Chloride oxides and chloride hydroxides; of copper","2024","38122.76"
"World","Malta","Export","Copper","282741","Chloride oxides and chloride hydroxides; of copper","2024","10892.95"
"World","Montenegro","Export","Copper","282741","Chloride oxides and chloride hydroxides; of copper","2024","40"
"World","Mauritius","Export","Copper","282741","Chloride oxides and chloride hydroxides; of copper","2024","4.7"
"World","Malawi","Export","Copper","282741","Chloride oxides and chloride hydroxides; of copper","2024","246.77"
"World","Malaysia","Export","Copper","282741","Chloride oxides and chloride hydroxides; of copper","2024","1000282.22"
"World","Malaysia","Import","Copper","282741","Chloride oxides and chloride hydroxides; of copper","2024","17185.6212737"
"World","Netherlands","Import","Copper","282741","Chloride oxides and chloride hydroxides; of copper","2024","3932105.252070799"
"World","Netherlands","Export","Copper","282741","Chloride oxides and chloride hydroxides; of copper","2024","1361080.97"
"World","Norway","Export","Copper","282741","Chloride oxides and chloride hydroxides; of copper","2024","24795.27"
"World","Norway","Import","Copper","282741","Chloride oxides and chloride hydroxides; of copper","2024","3498.86"
"World","Nepal","Export","Copper","282741","Chloride oxides and chloride hydroxides; of copper","2024","4216.68"
"World","New Zealand","Export","Copper","282741","Chloride oxides and chloride hydroxides; of copper","2024","654.45"
"World","Oman","Export","Copper","282741","Chloride oxides and chloride hydroxides; of copper","2024","805.49"
"World","Pakistan","Export","Copper","282741","Chloride oxides and chloride hydroxides; of copper","2024","74292.93"
"World","Peru","Import","Copper","282741","Chloride oxides and chloride hydroxides; of copper","2024","4600349.9220025"
"World","Peru","Export","Copper","282741","Chloride oxides and chloride hydroxides; of copper","2024","864844.89"
"World","Philippines","Export","Copper","282741","Chloride oxides and chloride hydroxides; of copper","2024","810600.88"
"World","Poland","Export","Copper","282741","Chloride oxides and chloride hydroxides; of copper","2024","3855797.23"
"World","Poland","Import","Copper","282741","Chloride oxides and chloride hydroxides; of copper","2024","589918.6"
"World","Portugal","Export","Copper","282741","Chloride oxides and chloride hydroxides; of copper","2024","1298925.86"
"World","Portugal","Import","Copper","282741","Chloride oxides and chloride hydroxides; of copper","2024","8.66"
"World","Qatar","Export","Copper","282741","Chloride oxides and chloride hydroxides; of copper","2024","246.84"
"World","Qatar","Import","Copper","282741","Chloride oxides and chloride hydroxides; of copper","2024","44.21"
"World","Romania","Export","Copper","282741","Chloride oxides and chloride hydroxides; of copper","2024","109257.94"
"World","Romania","Import","Copper","282741","Chloride oxides and chloride hydroxides; of copper","2024","11.91"
"World","Russian Federation","Export","Copper","282741","Chloride oxides and chloride hydroxides; of copper","2024","2064674.25"
"World","Russian Federation","Import","Copper","282741","Chloride oxides and chloride hydroxides; of copper","2024","28.48"
"World","Rwanda","Export","Copper","282741","Chloride oxides and chloride hydroxides; of copper","2024","564.04"
"World","Saudi Arabia, Kingdom of","Export","Copper","282741","Chloride oxides and chloride hydroxides; of copper","2024","209156.26"
"World","Sudan","Export","Copper","282741","Chloride oxides and chloride hydroxides; of copper","2024","1415.93"
"World","Senegal","Export","Copper","282741","Chloride oxides and chloride hydroxides; of copper","2024","61.77"
"World","Singapore","Export","Copper","282741","Chloride oxides and chloride hydroxides; of copper","2024","141626.2"
"World","Singapore","Import","Copper","282741","Chloride oxides and chloride hydroxides; of copper","2024","1741"
"World","El Salvador","Export","Copper","282741","Chloride oxides and chloride hydroxides; of copper","2024","17304"
"World","Serbia","Export","Copper","282741","Chloride oxides and chloride hydroxides; of copper","2024","343607.54"
"World","Slovak Republic","Import","Copper","282741","Chloride oxides and chloride hydroxides; of copper","2024","282.78"
"World","Slovak Republic","Export","Copper","282741","Chloride oxides and chloride hydroxides; of copper","2024","43.65"
"World","Slovenia","Import","Copper","282741","Chloride oxides and chloride hydroxides; of copper","2024","2290226.875102"
"World","Slovenia","Export","Copper","282741","Chloride oxides and chloride hydroxides; of copper","2024","736.02"
"World","Sweden","Export","Copper","282741","Chloride oxides and chloride hydroxides; of copper","2024","72235.91"
"World","Eswatini","Export","Copper","282741","Chloride oxides and chloride hydroxides; of copper","2024","13081.16"
"World","Thailand","Export","Copper","282741","Chloride oxides and chloride hydroxides; of copper","2024","2421153.94"
"World","Thailand","Import","Copper","282741","Chloride oxides and chloride hydroxides; of copper","2024","242031.34"
"World","Tunisia","Export","Copper","282741","Chloride oxides and chloride hydroxides; of copper","2024","202.49"
"World","Turkiye","Export","Copper","282741","Chloride oxides and chloride hydroxides; of copper","2024","2999452.44"
"World","Turkiye","Import","Copper","282741","Chloride oxides and chloride hydroxides; of copper","2024","38118.42"
"World","Tanzania","Export","Copper","282741","Chloride oxides and chloride hydroxides; of copper","2024","131.5"
"World","Uganda","Export","Copper","282741","Chloride oxides and chloride hydroxides; of copper","2024","48.62"
"World","Ukraine","Export","Copper","282741","Chloride oxides and chloride hydroxides; of copper","2024","35148.56"
"World","United States of America","Export","Copper","282741","Chloride oxides and chloride hydroxides; of copper","2024","29580901.69"
"World","United States of America","Import","Copper","282741","Chloride oxides and chloride hydroxides; of copper","2024","4379426.317902201"
"World","Uzbekistan","Export","Copper","282741","Chloride oxides and chloride hydroxides; of copper","2024","25.07"
"World","Venezuela, Bolivarian Republic of","Export","Copper","282741","Chloride oxides and chloride hydroxides; of copper","2024","296352.52"
"World","Viet Nam","Export","Copper","282741","Chloride oxides and chloride hydroxides; of copper","2024","2964174"
"World","Yemen","Export","Copper","282741","Chloride oxides and chloride hydroxides; of copper","2024","773.32"
"World","South Africa","Export","Copper","282741","Chloride oxides and chloride hydroxides; of copper","2024","711932.82"
"World","South Africa","Import","Copper","282741","Chloride oxides and chloride hydroxides; of copper","2024","1453.3"
"World","Zambia","Import","Copper","282741","Chloride oxides and chloride hydroxides; of copper","2024","52.5406658"
"World","Afghanistan","Export","Copper","283325","Sulphates; of copper","2024","178.37"
"World","Angola","Import","Copper","283325","Sulphates; of copper","2024","32865"
"World","Angola","Export","Copper","283325","Sulphates; of copper","2024","16513.71"
"World","Albania","Export","Copper","283325","Sulphates; of copper","2024","80248.04"
"World","Andorra","Export","Copper","283325","Sulphates; of copper","2024","62.78"
"World","United Arab Emirates","Export","Copper","283325","Sulphates; of copper","2024","61234.84"
"World","United Arab Emirates","Import","Copper","283325","Sulphates; of copper","2024","2634.2812319"
"World","Argentina","Export","Copper","283325","Sulphates; of copper","2024","8021629.640000001"
"World","Argentina","Import","Copper","283325","Sulphates; of copper","2024","736"
"World","Armenia","Export","Copper","283325","Sulphates; of copper","2024","696878.2499999999"
"World","Australia","Export","Copper","283325","Sulphates; of copper","2024","44705997.26"
"World","Australia","Import","Copper","283325","Sulphates; of copper","2024","13908.9411857"
"World","Austria","Export","Copper","283325","Sulphates; of copper","2024","2975485.28"
"World","Austria","Import","Copper","283325","Sulphates; of copper","2024","1419143.03"
"World","Azerbaijan","Export","Copper","283325","Sulphates; of copper","2024","622006.96"
"World","Burundi","Export","Copper","283325","Sulphates; of copper","2024","60.42"
"World","Belgium","Export","Copper","283325","Sulphates; of copper","2024","182334199.78"
"World","Belgium","Import","Copper","283325","Sulphates; of copper","2024","2048090.134286799"
"World","Benin","Export","Copper","283325","Sulphates; of copper","2024","126.64"
"World","Burkina Faso","Export","Copper","283325","Sulphates; of copper","2024","87.67"
"World","Bangladesh","Export","Copper","283325","Sulphates; of copper","2024","226735.07"
"World","Bulgaria","Export","Copper","283325","Sulphates; of copper","2024","912449.26"
"World","Bulgaria","Import","Copper","283325","Sulphates; of copper","2024","245463.2221379"
"World","Bahrain, Kingdom of","Export","Copper","283325","Sulphates; of copper","2024","31.2"
"World","Bosnia and Herzegovina","Export","Copper","283325","Sulphates; of copper","2024","356532.59"
"World","Belarus","Export","Copper","283325","Sulphates; of copper","2024","744741.98"
"World","Belarus","Import","Copper","283325","Sulphates; of copper","2024","633716"
"World","Belize","Export","Copper","283325","Sulphates; of copper","2024","4676"
"World","Bolivia, Plurinational State of","Export","Copper","283325","Sulphates; of copper","2024","9842593.91"
"World","Brazil","Import","Copper","283325","Sulphates; of copper","2024","36966195.6462435"
"World","Brazil","Export","Copper","283325","Sulphates; of copper","2024","846404.7299999999"
"World","Barbados","Export","Copper","283325","Sulphates; of copper","2024","17774.85"
"World","Bhutan","Export","Copper","283325","Sulphates; of copper","2024","713.41"
"World","Botswana","Export","Copper","283325","Sulphates; of copper","2024","80402.97"
"World","Canada","Export","Copper","283325","Sulphates; of copper","2024","35130787.73"
"World","Canada","Import","Copper","283325","Sulphates; of copper","2024","8898927.48"
"World","Switzerland","Export","Copper","283325","Sulphates; of copper","2024","1896824.68"
"World","Switzerland","Import","Copper","283325","Sulphates; of copper","2024","1587199.500486"
"World","Chile","Import","Copper","283325","Sulphates; of copper","2024","25146673.4730661"
"World","Chile","Export","Copper","283325","Sulphates; of copper","2024","1495054.95"
"World","China","Import","Copper","283325","Sulphates; of copper","2024","29408102.81374741"
"World","China","Export","Copper","283325","Sulphates; of copper","2024","19523209.78"
"World","Chinese Taipei","Import","Copper","283325","Sulphates; of copper","2024","94432615.0972569"
"World","Chinese Taipei","Export","Copper","283325","Sulphates; of copper","2024","37088608.38"
"World","Cote d'Ivoire","Export","Copper","283325","Sulphates; of copper","2024","1026633.69"
"World","Democratic Republic of the Congo","Export","Copper","283325","Sulphates; of copper","2024","1365631.19"
"World","Congo","Export","Copper","283325","Sulphates; of copper","2024","100.79"
"World","Colombia","Import","Copper","283325","Sulphates; of copper","2024","1192926.038"
"World","Colombia","Export","Copper","283325","Sulphates; of copper","2024","912403.55"
"World","Cabo Verde","Export","Copper","283325","Sulphates; of copper","2024","369.58"
"World","Costa Rica","Export","Copper","283325","Sulphates; of copper","2024","612336.15"
"World","Cuba","Export","Copper","283325","Sulphates; of copper","2024","919090.35"
"World","Cyprus","Export","Copper","283325","Sulphates; of copper","2024","108494.01"
"World","Cyprus","Import","Copper","283325","Sulphates; of copper","2024","4.33"
"World","Czech Republic","Export","Copper","283325","Sulphates; of copper","2024","2414097.3"
"World","Czech Republic","Import","Copper","283325","Sulphates; of copper","2024","139817.98"
"World","Germany","Export","Copper","283325","Sulphates; of copper","2024","13512048.18"
"World","Germany","Import","Copper","283325","Sulphates; of copper","2024","7388024.391927101"
"World","Djibouti","Export","Copper","283325","Sulphates; of copper","2024","18070.34"
"World","Denmark","Export","Copper","283325","Sulphates; of copper","2024","6969360.749999999"
"World","Denmark","Import","Copper","283325","Sulphates; of copper","2024","719503.4406164999"
"World","Dominican Republic","Export","Copper","283325","Sulphates; of copper","2024","1430847.12"
"World","Algeria","Export","Copper","283325","Sulphates; of copper","2024","432167.58"
"World","Ecuador","Export","Copper","283325","Sulphates; of copper","2024","7355496.09"
"World","Egypt","Export","Copper","283325","Sulphates; of copper","2024","3625486.1"
"World","Egypt","Import","Copper","283325","Sulphates; of copper","2024","1.08"
"World","Spain","Export","Copper","283325","Sulphates; of copper","2024","12694849.17"
"World","Spain","Import","Copper","283325","Sulphates; of copper","2024","9303904.0507239"
"World","Estonia","Export","Copper","283325","Sulphates; of copper","2024","344650.0999999999"
"World","Estonia","Import","Copper","283325","Sulphates; of copper","2024","10426.76"
"World","Ethiopia","Export","Copper","283325","Sulphates; of copper","2024","35024.45"
"World","Finland","Export","Copper","283325","Sulphates; of copper","2024","3715509.27"
"World","Finland","Import","Copper","283325","Sulphates; of copper","2024","1334567.54"
"World","Fiji","Export","Copper","283325","Sulphates; of copper","2024","7644.78"
"World","France","Export","Copper","283325","Sulphates; of copper","2024","14011822.53"
"World","France","Import","Copper","283325","Sulphates; of copper","2024","1037402.674409"
"World","Gabon","Export","Copper","283325","Sulphates; of copper","2024","1314.01"
"World","United Kingdom","Export","Copper","283325","Sulphates; of copper","2024","9047504.29"
"World","United Kingdom","Import","Copper","283325","Sulphates; of copper","2024","812338.7648809"
"World","Georgia","Import","Copper","283325","Sulphates; of copper","2024","1549972"
"World","Georgia","Export","Copper","283325","Sulphates; of copper","2024","368174.79"
"World","Ghana","Export","Copper","283325","Sulphates; of copper","2024","2993781.06"
"World","Guinea","Export","Copper","283325","Sulphates; of copper","2024","492836.04"
"World","The Gambia","Export","Copper","283325","Sulphates; of copper","2024","5240.49"
"World","Equatorial Guinea","Export","Copper","283325","Sulphates; of copper","2024","157050.54"
"World","Greece","Export","Copper","283325","Sulphates; of copper","2024","3054322.13"
"World","Greece","Import","Copper","283325","Sulphates; of copper","2024","59159.7339981"
"World","Guatemala","Export","Copper","283325","Sulphates; of copper","2024","1197960.59"
"World","Guatemala","Import","Copper","283325","Sulphates; of copper","2024","210768.565"
"World","Guyana","Export","Copper","283325","Sulphates; of copper","2024","17858.91"
"World","Hong Kong, China","Import","Copper","283325","Sulphates; of copper","2024","119432.7273002"
"World","Hong Kong, China","Export","Copper","283325","Sulphates; of copper","2024","106995.21"
"World","Honduras","Export","Copper","283325","Sulphates; of copper","2024","369633"
"World","Honduras","Import","Copper","283325","Sulphates; of copper","2024","69345"
"World","Croatia","Export","Copper","283325","Sulphates; of copper","2024","500095.43"
"World","Croatia","Import","Copper","283325","Sulphates; of copper","2024","137.6"
"World","Hungary","Export","Copper","283325","Sulphates; of copper","2024","2792599.86"
"World","Hungary","Import","Copper","283325","Sulphates; of copper","2024","212047.53"
"World","Indonesia","Export","Copper","283325","Sulphates; of copper","2024","18504246.76"
"World","Indonesia","Import","Copper","283325","Sulphates; of copper","2024","221951.02"
"World","India","Import","Copper","283325","Sulphates; of copper","2024","5627038.0585108"
"World","India","Export","Copper","283325","Sulphates; of copper","2024","339682.9400000001"
"World","Ireland","Export","Copper","283325","Sulphates; of copper","2024","9628981.92"
"World","Ireland","Import","Copper","283325","Sulphates; of copper","2024","12938.9304913"
"World","Iran","Import","Copper","283325","Sulphates; of copper","2024","476965"
"World","Iran","Export","Copper","283325","Sulphates; of copper","2024","175301.11"
"World","Iraq","Export","Copper","283325","Sulphates; of copper","2024","91969.56"
"World","Israel","Export","Copper","283325","Sulphates; of copper","2024","3808525.67"
"World","Israel","Import","Copper","283325","Sulphates; of copper","2024","46398.25"
"World","Italy","Import","Copper","283325","Sulphates; of copper","2024","19385257.5885683"
"World","Italy","Export","Copper","283325","Sulphates; of copper","2024","4836536.53"
"World","Jamaica","Export","Copper","283325","Sulphates; of copper","2024","445854.74"
"World","Jordan","Export","Copper","283325","Sulphates; of copper","2024","962145.01"
"World","Jordan","Import","Copper","283325","Sulphates; of copper","2024","1.08"
"World","Japan","Import","Copper","283325","Sulphates; of copper","2024","20188296.16391611"
"World","Japan","Export","Copper","283325","Sulphates; of copper","2024","5707736.28"
"World","Kazakhstan","Export","Copper","283325","Sulphates; of copper","2024","3046123.74"
"World","Kazakhstan","Import","Copper","283325","Sulphates; of copper","2024","603"
"World","Kenya","Export","Copper","283325","Sulphates; of copper","2024","4030729.66"
"World","Kenya","Import","Copper","283325","Sulphates; of copper","2024","1460.73"
"World","Kyrgyz Republic","Export","Copper","283325","Sulphates; of copper","2024","712273.39"
"World","Cambodia","Export","Copper","283325","Sulphates; of copper","2024","771935.87"
"World","Korea, Republic of","Export","Copper","283325","Sulphates; of copper","2024","39352424.47000001"
"World","Korea, Republic of","Import","Copper","283325","Sulphates; of copper","2024","257264.46"
"World","Kuwait, the State of","Export","Copper","283325","Sulphates; of copper","2024","5591.559999999999"
"World","Lao People's Democratic Republic","Export","Copper","283325","Sulphates; of copper","2024","643488.44"
"World","Lebanese Republic","Export","Copper","283325","Sulphates; of copper","2024","141356.93"
"World","Liberia","Export","Copper","283325","Sulphates; of copper","2024","151.64"
"World","Libya","Export","Copper","283325","Sulphates; of copper","2024","7664.389999999999"
"World","Sri Lanka","Export","Copper","283325","Sulphates; of copper","2024","364739.16"
"World","Sri Lanka","Import","Copper","283325","Sulphates; of copper","2024","12131.76"
"World","Lesotho","Export","Copper","283325","Sulphates; of copper","2024","2424.73"
"World","Lithuania","Export","Copper","283325","Sulphates; of copper","2024","940420.61"
"World","Lithuania","Import","Copper","283325","Sulphates; of copper","2024","172021.25"
"World","Luxembourg","Export","Copper","283325","Sulphates; of copper","2024","135528.08"
"World","Luxembourg","Import","Copper","283325","Sulphates; of copper","2024","50.87"
"World","Latvia","Export","Copper","283325","Sulphates; of copper","2024","686349.7100000001"
"World","Latvia","Import","Copper","283325","Sulphates; of copper","2024","108514.39"
"World","Macao, China","Export","Copper","283325","Sulphates; of copper","2024","64694"
"World","Morocco","Export","Copper","283325","Sulphates; of copper","2024","5843471.07"
"World","Morocco","Import","Copper","283325","Sulphates; of copper","2024","133300.14"
"World","Moldova, Republic of","Export","Copper","283325","Sulphates; of copper","2024","110818.49"
"World","Madagascar","Export","Copper","283325","Sulphates; of copper","2024","2967.99"
"World","Maldives","Export","Copper","283325","Sulphates; of copper","2024","3529.5"
"World","Mexico","Import","Copper","283325","Sulphates; of copper","2024","68343840.50602049"
"World","Mexico","Export","Copper","283325","Sulphates; of copper","2024","754882.15"
"World","North Macedonia","Export","Copper","283325","Sulphates; of copper","2024","751484.42"
"World","North Macedonia","Import","Copper","283325","Sulphates; of copper","2024","2928.2"
"World","Mali","Export","Copper","283325","Sulphates; of copper","2024","111327.02"
"World","Malta","Import","Copper","283325","Sulphates; of copper","2024","10859095.6226832"
"World","Malta","Export","Copper","283325","Sulphates; of copper","2024","13249.4"
"World","Myanmar","Export","Copper","283325","Sulphates; of copper","2024","1418281.66"
"World","Montenegro","Export","Copper","283325","Sulphates; of copper","2024","147291.29"
"World","Mongolia","Export","Copper","283325","Sulphates; of copper","2024","1758534.3"
"World","Mozambique","Export","Copper","283325","Sulphates; of copper","2024","401043.46"
"World","Mauritania","Export","Copper","283325","Sulphates; of copper","2024","622.79"
"World","Mauritius","Import","Copper","283325","Sulphates; of copper","2024","60998.66"
"World","Mauritius","Export","Copper","283325","Sulphates; of copper","2024","5510.650000000001"
"World","Malawi","Export","Copper","283325","Sulphates; of copper","2024","313001.47"
"World","Malaysia","Export","Copper","283325","Sulphates; of copper","2024","8861997.97"
"World","Malaysia","Import","Copper","283325","Sulphates; of copper","2024","5329865.7815532"
"World","Namibia","Export","Copper","283325","Sulphates; of copper","2024","1110066.7"
"World","Namibia","Import","Copper","283325","Sulphates; of copper","2024","27.2796811"
"World","Niger","Export","Copper","283325","Sulphates; of copper","2024","975"
"World","Nigeria","Export","Copper","283325","Sulphates; of copper","2024","1552250.53"
"World","Nicaragua","Export","Copper","283325","Sulphates; of copper","2024","58777.58"
"World","Netherlands","Export","Copper","283325","Sulphates; of copper","2024","36345065.98999999"
"World","Netherlands","Import","Copper","283325","Sulphates; of copper","2024","8229149.910549399"
"World","Norway","Export","Copper","283325","Sulphates; of copper","2024","629929.72"
"World","Norway","Import","Copper","283325","Sulphates; of copper","2024","215.1"
"World","Nepal","Export","Copper","283325","Sulphates; of copper","2024","164190.52"
"World","New Zealand","Export","Copper","283325","Sulphates; of copper","2024","3539120.05"
"World","New Zealand","Import","Copper","283325","Sulphates; of copper","2024","26597.45"
"World","Oman","Export","Copper","283325","Sulphates; of copper","2024","1117.82"
"World","Pakistan","Export","Copper","283325","Sulphates; of copper","2024","1824601.52"
"World","Panama","Export","Copper","283325","Sulphates; of copper","2024","155312.69"
"World","Panama","Import","Copper","283325","Sulphates; of copper","2024","2167.45"
"World","Peru","Import","Copper","283325","Sulphates; of copper","2024","24899074.1634791"
"World","Peru","Export","Copper","283325","Sulphates; of copper","2024","48940.61"
"World","Philippines","Export","Copper","283325","Sulphates; of copper","2024","6590388.390000001"
"World","Papua New Guinea","Export","Copper","283325","Sulphates; of copper","2024","3439644.28"
"World","Poland","Import","Copper","283325","Sulphates; of copper","2024","42622703.8293079"
"World","Poland","Export","Copper","283325","Sulphates; of copper","2024","1867542.2"
"World","Portugal","Export","Copper","283325","Sulphates; of copper","2024","4673090.99"
"World","Portugal","Import","Copper","283325","Sulphates; of copper","2024","897234.7629437001"
"World","Paraguay","Export","Copper","283325","Sulphates; of copper","2024","975524.02"
"World","Qatar","Export","Copper","283325","Sulphates; of copper","2024","79097.32999999999"
"World","Qatar","Import","Copper","283325","Sulphates; of copper","2024","33.81"
"World","Romania","Export","Copper","283325","Sulphates; of copper","2024","1636139.78"
"World","Romania","Import","Copper","283325","Sulphates; of copper","2024","129001.2"
"World","Russian Federation","Import","Copper","283325","Sulphates; of copper","2024","16835094.5011872"
"World","Russian Federation","Export","Copper","283325","Sulphates; of copper","2024","4853484.88"
"World","Rwanda","Export","Copper","283325","Sulphates; of copper","2024","3069.17"
"World","Saudi Arabia, Kingdom of","Export","Copper","283325","Sulphates; of copper","2024","4209722.539999999"
"World","Saudi Arabia, Kingdom of","Import","Copper","283325","Sulphates; of copper","2024","1276.79"
"World","Senegal","Export","Copper","283325","Sulphates; of copper","2024","492619.21"
"World","Singapore","Export","Copper","283325","Sulphates; of copper","2024","5938009.23"
"World","Singapore","Import","Copper","283325","Sulphates; of copper","2024","120999.081521"
"World","Solomon Islands","Export","Copper","283325","Sulphates; of copper","2024","281753"
"World","El Salvador","Export","Copper","283325","Sulphates; of copper","2024","123084.94"
"World","Serbia","Export","Copper","283325","Sulphates; of copper","2024","2099423.47"
"World","Serbia","Import","Copper","283325","Sulphates; of copper","2024","1001268.560791"
"World","Sao Tome and Principe","Export","Copper","283325","Sulphates; of copper","2024","34683.61"
"World","Suriname","Export","Copper","283325","Sulphates; of copper","2024","615340.38"
"World","Suriname","Import","Copper","283325","Sulphates; of copper","2024","212.26"
"World","Slovak Republic","Export","Copper","283325","Sulphates; of copper","2024","684277.7200000001"
"World","Slovak Republic","Import","Copper","283325","Sulphates; of copper","2024","79578.7"
"World","Slovenia","Import","Copper","283325","Sulphates; of copper","2024","1636235.1816871"
"World","Slovenia","Export","Copper","283325","Sulphates; of copper","2024","383625.81"
"World","Sweden","Export","Copper","283325","Sulphates; of copper","2024","3720020.77"
"World","Sweden","Import","Copper","283325","Sulphates; of copper","2024","142908.5836758"
"World","Eswatini","Export","Copper","283325","Sulphates; of copper","2024","33923.16"
"World","Syrian Arab Republic","Export","Copper","283325","Sulphates; of copper","2024","89501.87"
"World","Chad","Export","Copper","283325","Sulphates; of copper","2024","2389.9"
"World","Togo","Export","Copper","283325","Sulphates; of copper","2024","57.20999999999999"
"World","Thailand","Import","Copper","283325","Sulphates; of copper","2024","12676638.0546535"
"World","Thailand","Export","Copper","283325","Sulphates; of copper","2024","6102950.67"
"World","Tajikistan","Export","Copper","283325","Sulphates; of copper","2024","2413239"
"World","Turkmenistan","Export","Copper","283325","Sulphates; of copper","2024","12576"
"World","Timor-Leste","Export","Copper","283325","Sulphates; of copper","2024","140380"
"World","Trinidad and Tobago","Export","Copper","283325","Sulphates; of copper","2024","16213.78"
"World","Trinidad and Tobago","Import","Copper","283325","Sulphates; of copper","2024","6035.879999999999"
"World","Tunisia","Export","Copper","283325","Sulphates; of copper","2024","865456.42"
"World","Turkiye","Import","Copper","283325","Sulphates; of copper","2024","62968494.9044541"
"World","Turkiye","Export","Copper","283325","Sulphates; of copper","2024","15178656.29"
"World","Tanzania","Export","Copper","283325","Sulphates; of copper","2024","1310730.64"
"World","Uganda","Export","Copper","283325","Sulphates; of copper","2024","2758.83"
"World","Ukraine","Export","Copper","283325","Sulphates; of copper","2024","5804095.62"
"World","Ukraine","Import","Copper","283325","Sulphates; of copper","2024","1134"
"World","Uruguay","Import","Copper","283325","Sulphates; of copper","2024","506291.56"
"World","Uruguay","Export","Copper","283325","Sulphates; of copper","2024","119558.05"
"World","United States of America","Export","Copper","283325","Sulphates; of copper","2024","103320896.14"
"World","United States of America","Import","Copper","283325","Sulphates; of copper","2024","50817866.8241333"
"World","Uzbekistan","Import","Copper","283325","Sulphates; of copper","2024","22689223.68"
"World","Uzbekistan","Export","Copper","283325","Sulphates; of copper","2024","38026.37"
"World","Venezuela, Bolivarian Republic of","Export","Copper","283325","Sulphates; of copper","2024","944281.37"
"World","Viet Nam","Export","Copper","283325","Sulphates; of copper","2024","19238399.96"
"World","Viet Nam","Import","Copper","283325","Sulphates; of copper","2024","9292528.6102401"
"World","Samoa","Export","Copper","283325","Sulphates; of copper","2024","154.42"
"World","Yemen","Export","Copper","283325","Sulphates; of copper","2024","995.42"
"World","South Africa","Export","Copper","283325","Sulphates; of copper","2024","11085981.79"
"World","South Africa","Import","Copper","283325","Sulphates; of copper","2024","1862345.1997293"
"World","Zambia","Export","Copper","283325","Sulphates; of copper","2024","439738.43"
"World","Zambia","Import","Copper","283325","Sulphates; of copper","2024","830.23"
"World","Zimbabwe","Export","Copper","283325","Sulphates; of copper","2024","159166.28"
"World","Zimbabwe","Import","Copper","283325","Sulphates; of copper","2024","30.280446"
"Samoa","Australia","Import","Copper","283325","Sulphates; of copper","2024","642.66"
"Samoa","World","Import","Copper","283325","Sulphates; of copper","2024","642.66"
"UNMIK/Kosovo","Switzerland","Export","Copper","262030","Slag, ash and residues; (not from the manufacture of iron or steel), containing mainly copper","2024","3367"
"UNMIK/Kosovo","World","Export","Copper","262030","Slag, ash and residues; (not from the manufacture of iron or steel), containing mainly copper","2024","3367"
"UNMIK/Kosovo","China","Import","Copper","282550","Copper oxides and hydroxides","2024","629"
"UNMIK/Kosovo","Germany","Import","Copper","282550","Copper oxides and hydroxides","2024","463"
"UNMIK/Kosovo","European Union","Import","Copper","282550","Copper oxides and hydroxides","2024","463"
"UNMIK/Kosovo","India","Import","Copper","282550","Copper oxides and hydroxides","2024","1016"
"UNMIK/Kosovo","Turkiye","Import","Copper","282550","Copper oxides and hydroxides","2024","371"
"UNMIK/Kosovo","United States of America","Import","Copper","282550","Copper oxides and hydroxides","2024","1310"
"UNMIK/Kosovo","World","Import","Copper","282550","Copper oxides and hydroxides","2024","3789"
"UNMIK/Kosovo","China","Import","Copper","283325","Sulphates; of copper","2024","37"
"UNMIK/Kosovo","Czech Republic","Import","Copper","283325","Sulphates; of copper","2024","137"
"UNMIK/Kosovo","European Union","Import","Copper","283325","Sulphates; of copper","2024","203"
"UNMIK/Kosovo","Spain","Import","Copper","283325","Sulphates; of copper","2024","66"
"UNMIK/Kosovo","North Macedonia","Import","Copper","283325","Sulphates; of copper","2024","231"
"UNMIK/Kosovo","Turkiye","Import","Copper","283325","Sulphates; of copper","2024","134666"
"UNMIK/Kosovo","World","Import","Copper","283325","Sulphates; of copper","2024","135137"
"South Africa","Australia","Import","Copper","260300","Copper ores and concentrates","2024","136.9985585"
"South Africa","Austria","Import","Copper","260300","Copper ores and concentrates","2024","457.8076084"
"South Africa","Brazil","Import","Copper","260300","Copper ores and concentrates","2024","1146.7286752"
"South Africa","Botswana","Import","Copper","260300","Copper ores and concentrates","2024","1995.6723514"
"South Africa","Botswana","Export","Copper","260300","Copper ores and concentrates","2024","38.19"
"South Africa","Canada","Import","Copper","260300","Copper ores and concentrates","2024","5110.7391375"
"South Africa","Canada","Export","Copper","260300","Copper ores and concentrates","2024","0.82"
"South Africa","Chile","Import","Copper","260300","Copper ores and concentrates","2024","4.8557832"
"South Africa","China","Export","Copper","260300","Copper ores and concentrates","2024","93842562.91"
"South Africa","China","Import","Copper","260300","Copper ores and concentrates","2024","4.2010709"
"South Africa","Chinese Taipei","Export","Copper","260300","Copper ores and concentrates","2024","3381221.75"
"South Africa","Cote d'Ivoire","Import","Copper","260300","Copper ores and concentrates","2024","2015.5865186"
"South Africa","Cote d'Ivoire","Export","Copper","260300","Copper ores and concentrates","2024","85.93"
"South Africa","Democratic Republic of the Congo","Import","Copper","260300","Copper ores and concentrates","2024","272.6876924"
"South Africa","European Union","Import","Copper","260300","Copper ores and concentrates","2024","749.809315"
"South Africa","European Union","Export","Copper","260300","Copper ores and concentrates","2024","10.90999984741211"
"South Africa","Spain","Import","Copper","260300","Copper ores and concentrates","2024","10.5845163"
"South Africa","Finland","Import","Copper","260300","Copper ores and concentrates","2024","280.2714437"
"South Africa","United Kingdom","Export","Copper","260300","Copper ores and concentrates","2024","1115240.39"
"South Africa","United Kingdom","Import","Copper","260300","Copper ores and concentrates","2024","86.3674704"
"South Africa","Hong Kong, China","Export","Copper","260300","Copper ores and concentrates","2024","428.73"
"South Africa","Indonesia","Import","Copper","260300","Copper ores and concentrates","2024","1.0911872"
"South Africa","India","Export","Copper","260300","Copper ores and concentrates","2024","1.58"
"South Africa","Korea, Republic of","Export","Copper","260300","Copper ores and concentrates","2024","137689.14"
"South Africa","Lesotho","Export","Copper","260300","Copper ores and concentrates","2024","1022.99"
"South Africa","Morocco","Import","Copper","260300","Copper ores and concentrates","2024","45.1751519"
"South Africa","Mali","Import","Copper","260300","Copper ores and concentrates","2024","1.6913402"
"South Africa","Mozambique","Export","Copper","260300","Copper ores and concentrates","2024","117691997.48"
"South Africa","Mauritania","Import","Copper","260300","Copper ores and concentrates","2024","9.9843633"
"South Africa","Malawi","Import","Copper","260300","Copper ores and concentrates","2024","26.51585"
"South Africa","Malaysia","Export","Copper","260300","Copper ores and concentrates","2024","8374079.66"
"South Africa","Namibia","Import","Copper","260300","Copper ores and concentrates","2024","2575.5292531"
"South Africa","Namibia","Export","Copper","260300","Copper ores and concentrates","2024","779.87"
"South Africa","Nigeria","Import","Copper","260300","Copper ores and concentrates","2024","5.2376988"
"South Africa","Netherlands","Export","Copper","260300","Copper ores and concentrates","2024","10.91"
"South Africa","Pakistan","Import","Copper","260300","Copper ores and concentrates","2024","204.7067271"
"South Africa","Peru","Import","Copper","260300","Copper ores and concentrates","2024","555.0323919"
"South Africa","Poland","Import","Copper","260300","Copper ores and concentrates","2024","1.1457466"
"South Africa","Saudi Arabia, Kingdom of","Import","Copper","260300","Copper ores and concentrates","2024","2109.5922997"
"South Africa","Singapore","Export","Copper","260300","Copper ores and concentrates","2024","1467360.51"
"South Africa","Eswatini","Export","Copper","260300","Copper ores and concentrates","2024","42.56"
"South Africa","Thailand","Export","Copper","260300","Copper ores and concentrates","2024","37522.66"
"South Africa","Tanzania","Import","Copper","260300","Copper ores and concentrates","2024","1565.5263396"
"South Africa","Uganda","Export","Copper","260300","Copper ores and concentrates","2024","99.57"
"South Africa","United States of America","Import","Copper","260300","Copper ores and concentrates","2024","25675.6904214"
"South Africa","United States of America","Export","Copper","260300","Copper ores and concentrates","2024","20.79"
"South Africa","World","Export","Copper","260300","Copper ores and concentrates","2024","226074083.15"
"South Africa","World","Import","Copper","260300","Copper ores and concentrates","2024","57471.6864188"
"South Africa","Zambia","Export","Copper","260300","Copper ores and concentrates","2024","23876.71"
"South Africa","Zambia","Import","Copper","260300","Copper ores and concentrates","2024","13172.2668215"
"South Africa","United Arab Emirates","Import","Copper","262030","Slag, ash and residues; (not from the manufacture of iron or steel), containing mainly copper","2024","623524.2510909"
"South Africa","Belgium","Export","Copper","262030","Slag, ash and residues; (not from the manufacture of iron or steel), containing mainly copper","2024","1844158.1"
"South Africa","Botswana","Export","Copper","262030","Slag, ash and residues; (not from the manufacture of iron or steel), containing mainly copper","2024","48.01"
"South Africa","Chile","Import","Copper","262030","Slag, ash and residues; (not from the manufacture of iron or steel), containing mainly copper","2024","3073.8744676"
"South Africa","Chile","Export","Copper","262030","Slag, ash and residues; (not from the manufacture of iron or steel), containing mainly copper","2024","53.25"
"South Africa","China","Export","Copper","262030","Slag, ash and residues; (not from the manufacture of iron or steel), containing mainly copper","2024","902823.3"
"South Africa","China","Import","Copper","262030","Slag, ash and residues; (not from the manufacture of iron or steel), containing mainly copper","2024","73.655139"
"South Africa","Democratic Republic of the Congo","Export","Copper","262030","Slag, ash and residues; (not from the manufacture of iron or steel), containing mainly copper","2024","93.84"
"South Africa","Germany","Export","Copper","262030","Slag, ash and residues; (not from the manufacture of iron or steel), containing mainly copper","2024","2646410.37"
"South Africa","European Union","Export","Copper","262030","Slag, ash and residues; (not from the manufacture of iron or steel), containing mainly copper","2024","8019535"
"South Africa","Spain","Export","Copper","262030","Slag, ash and residues; (not from the manufacture of iron or steel), containing mainly copper","2024","2648879.73"
"South Africa","India","Import","Copper","262030","Slag, ash and residues; (not from the manufacture of iron or steel), containing mainly copper","2024","5.2376988"
"South Africa","Sri Lanka","Export","Copper","262030","Slag, ash and residues; (not from the manufacture of iron or steel), containing mainly copper","2024","1386868.8"
"South Africa","Mozambique","Export","Copper","262030","Slag, ash and residues; (not from the manufacture of iron or steel), containing mainly copper","2024","11244.69"
"South Africa","Netherlands","Export","Copper","262030","Slag, ash and residues; (not from the manufacture of iron or steel), containing mainly copper","2024","880086.78"
"South Africa","Thailand","Export","Copper","262030","Slag, ash and residues; (not from the manufacture of iron or steel), containing mainly copper","2024","4008260.37"
"South Africa","World","Export","Copper","262030","Slag, ash and residues; (not from the manufacture of iron or steel), containing mainly copper","2024","14328927.24"
"South Africa","World","Import","Copper","262030","Slag, ash and residues; (not from the manufacture of iron or steel), containing mainly copper","2024","626718.6471897002"
"South Africa","Zambia","Import","Copper","262030","Slag, ash and residues; (not from the manufacture of iron or steel), containing mainly copper","2024","41.6287934"
"South Africa","Angola","Export","Copper","282550","Copper oxides and hydroxides","2024","38.19"
"South Africa","Australia","Import","Copper","282550","Copper oxides and hydroxides","2024","6940470.4981161"
"South Africa","Brazil","Import","Copper","282550","Copper oxides and hydroxides","2024","2006831.2140658"
"South Africa","Brazil","Export","Copper","282550","Copper oxides and hydroxides","2024","5.02"
"South Africa","China","Import","Copper","282550","Copper oxides and hydroxides","2024","837545.7343854"
"South Africa","China","Export","Copper","282550","Copper oxides and hydroxides","2024","4.37"
"South Africa","Democratic Republic of the Congo","Export","Copper","282550","Copper oxides and hydroxides","2024","6056.91"
"South Africa","Democratic Republic of the Congo","Import","Copper","282550","Copper oxides and hydroxides","2024","2.0732558"
"South Africa","Germany","Import","Copper","282550","Copper oxides and hydroxides","2024","278702.8075157"
"South Africa","European Union","Import","Copper","282550","Copper oxides and hydroxides","2024","300457.2074554"
"South Africa","European Union","Export","Copper","282550","Copper oxides and hydroxides","2024","161690.625"
"South Africa","Spain","Import","Copper","282550","Copper oxides and hydroxides","2024","21729.739108"
"South Africa","United Kingdom","Import","Copper","282550","Copper oxides and hydroxides","2024","11534.1219707"
"South Africa","India","Import","Copper","282550","Copper oxides and hydroxides","2024","73010.4110175"
"South Africa","Japan","Import","Copper","282550","Copper oxides and hydroxides","2024","81.1297716"
"South Africa","Lesotho","Export","Copper","282550","Copper oxides and hydroxides","2024","34.75"
"South Africa","Mauritius","Export","Copper","282550","Copper oxides and hydroxides","2024","58.92"
"South Africa","Namibia","Export","Copper","282550","Copper oxides and hydroxides","2024","564.53"
"South Africa","Netherlands","Import","Copper","282550","Copper oxides and hydroxides","2024","24.6608317"
"South Africa","Norway","Import","Copper","282550","Copper oxides and hydroxides","2024","2359608.1764843"
"South Africa","Peru","Import","Copper","282550","Copper oxides and hydroxides","2024","3022087.3211681"
"South Africa","Poland","Export","Copper","282550","Copper oxides and hydroxides","2024","161690.62"
"South Africa","Singapore","Import","Copper","282550","Copper oxides and hydroxides","2024","37.4277225"
"South Africa","Eswatini","Export","Copper","282550","Copper oxides and hydroxides","2024","30.17"
"South Africa","Turkiye","Import","Copper","282550","Copper oxides and hydroxides","2024","85.7673174"
"South Africa","United States of America","Import","Copper","282550","Copper oxides and hydroxides","2024","397615.5376334"
"South Africa","United States of America","Export","Copper","282550","Copper oxides and hydroxides","2024","869.29"
"South Africa","World","Import","Copper","282550","Copper oxides and hydroxides","2024","15949499.5269704"
"South Africa","World","Export","Copper","282550","Copper oxides and hydroxides","2024","214718.29"
"South Africa","Zambia","Export","Copper","282550","Copper oxides and hydroxides","2024","372.64"
"South Africa","Zambia","Import","Copper","282550","Copper oxides and hydroxides","2024","132.9066064"
"South Africa","Zimbabwe","Export","Copper","282550","Copper oxides and hydroxides","2024","44992.88"
"South Africa","Botswana","Export","Copper","282741","Chloride oxides and chloride hydroxides; of copper","2024","51.18"
"South Africa","China","Import","Copper","282741","Chloride oxides and chloride hydroxides; of copper","2024","1204.0160055"
"South Africa","Democratic Republic of the Congo","Export","Copper","282741","Chloride oxides and chloride hydroxides; of copper","2024","325.34"
"South Africa","Germany","Import","Copper","282741","Chloride oxides and chloride hydroxides; of copper","2024","57.6146865"
"South Africa","European Union","Import","Copper","282741","Chloride oxides and chloride hydroxides; of copper","2024","180410.1336377"
"South Africa","European Union","Export","Copper","282741","Chloride oxides and chloride hydroxides; of copper","2024","5.460000038146973"
"South Africa","India","Import","Copper","282741","Chloride oxides and chloride hydroxides; of copper","2024","10204.455754"
"South Africa","Kenya","Export","Copper","282741","Chloride oxides and chloride hydroxides; of copper","2024","168643.29"
"South Africa","Madagascar","Export","Copper","282741","Chloride oxides and chloride hydroxides; of copper","2024","1240.52"
"South Africa","Malawi","Export","Copper","282741","Chloride oxides and chloride hydroxides; of copper","2024","246.77"
"South Africa","Netherlands","Import","Copper","282741","Chloride oxides and chloride hydroxides; of copper","2024","180352.5189512"
"South Africa","Netherlands","Export","Copper","282741","Chloride oxides and chloride hydroxides; of copper","2024","5.46"
"South Africa","Eswatini","Export","Copper","282741","Chloride oxides and chloride hydroxides; of copper","2024","13081.16"
"South Africa","United States of America","Import","Copper","282741","Chloride oxides and chloride hydroxides; of copper","2024","451342.9787011"
"South Africa","World","Import","Copper","282741","Chloride oxides and chloride hydroxides; of copper","2024","643214.1247641"
"South Africa","World","Export","Copper","282741","Chloride oxides and chloride hydroxides; of copper","2024","183593.72"
"South Africa","Zambia","Import","Copper","282741","Chloride oxides and chloride hydroxides; of copper","2024","52.5406658"
"South Africa","Angola","Export","Copper","283325","Sulphates; of copper","2024","274.43"
"South Africa","Australia","Export","Copper","283325","Sulphates; of copper","2024","1815.19"
"South Africa","Belgium","Export","Copper","283325","Sulphates; of copper","2024","172559325.11"
"South Africa","Brazil","Import","Copper","283325","Sulphates; of copper","2024","5170425.8794696"
"South Africa","Botswana","Export","Copper","283325","Sulphates; of copper","2024","80383.08"
"South Africa","Switzerland","Import","Copper","283325","Sulphates; of copper","2024","204.5976083"
"South Africa","Chile","Import","Copper","283325","Sulphates; of copper","2024","1482292.977228"
"South Africa","China","Import","Copper","283325","Sulphates; of copper","2024","6752.15755"
"South Africa","Democratic Republic of the Congo","Export","Copper","283325","Sulphates; of copper","2024","1365060.38"
"South Africa","Germany","Import","Copper","283325","Sulphates; of copper","2024","8085.5883627"
"South Africa","European Union","Export","Copper","283325","Sulphates; of copper","2024","192106448"
"South Africa","European Union","Import","Copper","283325","Sulphates; of copper","2024","517620.8189797"
"South Africa","Spain","Import","Copper","283325","Sulphates; of copper","2024","17069.1692682"
"South Africa","Ethiopia","Export","Copper","283325","Sulphates; of copper","2024","4928.46"
"South Africa","France","Import","Copper","283325","Sulphates; of copper","2024","2517.4780917"
"South Africa","United Kingdom","Import","Copper","283325","Sulphates; of copper","2024","750.9005023"
"South Africa","Ghana","Export","Copper","283325","Sulphates; of copper","2024","3292"
"South Africa","Greece","Import","Copper","283325","Sulphates; of copper","2024","833.9398516"
"South Africa","Hong Kong, China","Import","Copper","283325","Sulphates; of copper","2024","39.3373002"
"South Africa","India","Import","Copper","283325","Sulphates; of copper","2024","2173204.1513127"
"South Africa","Italy","Import","Copper","283325","Sulphates; of copper","2024","623.7771883"
"South Africa","Japan","Import","Copper","283325","Sulphates; of copper","2024","39977.6088377"
"South Africa","Lesotho","Export","Copper","283325","Sulphates; of copper","2024","2424.73"
"South Africa","Mozambique","Export","Copper","283325","Sulphates; of copper","2024","12446.25"
"South Africa","Mauritius","Export","Copper","283325","Sulphates; of copper","2024","641.62"
"South Africa","Malawi","Export","Copper","283325","Sulphates; of copper","2024","311380.2"
"South Africa","Namibia","Export","Copper","283325","Sulphates; of copper","2024","971316.7"
"South Africa","Namibia","Import","Copper","283325","Sulphates; of copper","2024","27.2796811"
"South Africa","Nigeria","Export","Copper","283325","Sulphates; of copper","2024","10920.82"
"South Africa","Netherlands","Export","Copper","283325","Sulphates; of copper","2024","19547120.09"
"South Africa","Portugal","Import","Copper","283325","Sulphates; of copper","2024","488490.8662172"
"South Africa","Russian Federation","Import","Copper","283325","Sulphates; of copper","2024","1.0911872"
"South Africa","Eswatini","Export","Copper","283325","Sulphates; of copper","2024","33923.16"
"South Africa","Turkiye","Import","Copper","283325","Sulphates; of copper","2024","700543.902282"
"South Africa","Tanzania","Export","Copper","283325","Sulphates; of copper","2024","276867.8"
"South Africa","United States of America","Import","Copper","283325","Sulphates; of copper","2024","3491.7991823"
"South Africa","World","Export","Copper","283325","Sulphates; of copper","2024","195780511.36"
"South Africa","World","Import","Copper","283325","Sulphates; of copper","2024","10095362.7815671"
"South Africa","Zambia","Export","Copper","283325","Sulphates; of copper","2024","439640.49"
"South Africa","Zimbabwe","Export","Copper","283325","Sulphates; of copper","2024","158750.85"
"South Africa","Zimbabwe","Import","Copper","283325","Sulphates; of copper","2024","30.280446"
"Zambia","United Arab Emirates","Export","Copper","260300","Copper ores and concentrates","2024","747691.51"
"Zambia","United Arab Emirates","Import","Copper","260300","Copper ores and concentrates","2024","156737.52"
"Zambia","Australia","Export","Copper","260300","Copper ores and concentrates","2024","1032.73"
"Zambia","Australia","Import","Copper","260300","Copper ores and concentrates","2024","11.77"
"Zambia","Botswana","Import","Copper","260300","Copper ores and concentrates","2024","494.15"
"Zambia","Canada","Export","Copper","260300","Copper ores and concentrates","2024","840874.15"
"Zambia","Switzerland","Export","Copper","260300","Copper ores and concentrates","2024","558569.49"
"Zambia","China","Export","Copper","260300","Copper ores and concentrates","2024","12721610.26"
"Zambia","Chinese Taipei","Export","Copper","260300","Copper ores and concentrates","2024","36147.01"
"Zambia","Democratic Republic of the Congo","Import","Copper","260300","Copper ores and concentrates","2024","147826459.98"
"Zambia","United Kingdom","Export","Copper","260300","Copper ores and concentrates","2024","147"
"Zambia","United Kingdom","Import","Copper","260300","Copper ores and concentrates","2024","14.21"
"Zambia","Hong Kong, China","Export","Copper","260300","Copper ores and concentrates","2024","749412"
"Zambia","India","Export","Copper","260300","Copper ores and concentrates","2024","1388.46"
"Zambia","Korea, Republic of","Export","Copper","260300","Copper ores and concentrates","2024","125.05"
"Zambia","Mauritius","Export","Copper","260300","Copper ores and concentrates","2024","9084513.34"
"Zambia","Mauritius","Import","Copper","260300","Copper ores and concentrates","2024","176432.56"
"Zambia","Singapore","Export","Copper","260300","Copper ores and concentrates","2024","1582494.74"
"Zambia","Turkiye","Export","Copper","260300","Copper ores and concentrates","2024","5.91"
"Zambia","Tanzania","Export","Copper","260300","Copper ores and concentrates","2024","708492.86"
"Zambia","Tanzania","Import","Copper","260300","Copper ores and concentrates","2024","227.59"
"Zambia","Ukraine","Export","Copper","260300","Copper ores and concentrates","2024","2.49"
"Zambia","United States of America","Import","Copper","260300","Copper ores and concentrates","2024","39.41"
"Zambia","World","Import","Copper","260300","Copper ores and concentrates","2024","148161973.01"
"Zambia","World","Export","Copper","260300","Copper ores and concentrates","2024","27040224.68"
"Zambia","South Africa","Export","Copper","260300","Copper ores and concentrates","2024","7717.68"
"Zambia","South Africa","Import","Copper","260300","Copper ores and concentrates","2024","1555.82"
"Zambia","Mozambique","Export","Copper","262030","Slag, ash and residues; (not from the manufacture of iron or steel), containing mainly copper","2024","2760.05"
"Zambia","World","Export","Copper","262030","Slag, ash and residues; (not from the manufacture of iron or steel), containing mainly copper","2024","2802.17"
"Zambia","South Africa","Export","Copper","262030","Slag, ash and residues; (not from the manufacture of iron or steel), containing mainly copper","2024","42.12"
"Zambia","China","Export","Copper","282550","Copper oxides and hydroxides","2024","8796.56"
"Zambia","China","Import","Copper","282550","Copper oxides and hydroxides","2024","389.06"
"Zambia","World","Export","Copper","282550","Copper oxides and hydroxides","2024","76740.88"
"Zambia","World","Import","Copper","282550","Copper oxides and hydroxides","2024","1170.24"
"Zambia","South Africa","Export","Copper","282550","Copper oxides and hydroxides","2024","67944.32"
"Zambia","South Africa","Import","Copper","282550","Copper oxides and hydroxides","2024","781.18"
"Zambia","China","Import","Copper","282741","Chloride oxides and chloride hydroxides; of copper","2024","149813.93"
"Zambia","World","Import","Copper","282741","Chloride oxides and chloride hydroxides; of copper","2024","149813.93"
"Zambia","Brazil","Import","Copper","283325","Sulphates; of copper","2024","8761"
"Zambia","Switzerland","Import","Copper","283325","Sulphates; of copper","2024","9174.27"
"Zambia","Chile","Import","Copper","283325","Sulphates; of copper","2024","25914.21"
"Zambia","China","Import","Copper","283325","Sulphates; of copper","2024","7866.6"
"Zambia","Democratic Republic of the Congo","Export","Copper","283325","Sulphates; of copper","2024","18.66"
"Zambia","India","Import","Copper","283325","Sulphates; of copper","2024","78.85"
"Zambia","World","Import","Copper","283325","Sulphates; of copper","2024","324180.26"
"Zambia","World","Export","Copper","283325","Sulphates; of copper","2024","18.66"
"Zambia","South Africa","Import","Copper","283325","Sulphates; of copper","2024","272385.33"
"Zimbabwe","China","Export","Copper","260300","Copper ores and concentrates","2024","163655.23"
"Zimbabwe","Mozambique","Export","Copper","260300","Copper ores and concentrates","2024","477012.93"
"Zimbabwe","World","Export","Copper","260300","Copper ores and concentrates","2024","640668.16"
"Zimbabwe","World","Import","Copper","282550","Copper oxides and hydroxides","2024","60223.86"
"Zimbabwe","South Africa","Import","Copper","282550","Copper oxides and hydroxides","2024","60223.86"
"Zimbabwe","China","Import","Copper","283325","Sulphates; of copper","2024","104948.29"
"Zimbabwe","India","Import","Copper","283325","Sulphates; of copper","2024","48.96"
"Zimbabwe","World","Import","Copper","283325","Sulphates; of copper","2024","269928.74"
"Zimbabwe","South Africa","Import","Copper","283325","Sulphates; of copper","2024","164931.49"
