reporter,partner,flow,aggregate_product,hs_code,hs_description,year,value
"United Arab Emirates","Switzerland","Import","Cobalt","260500","Cobalt ores and concentrates","2024","169.89"
"United Arab Emirates","United Kingdom","Import","Cobalt","260500","Cobalt ores and concentrates","2024","9.13"
"United Arab Emirates","World","Import","Cobalt","260500","Cobalt ores and concentrates","2024","179.02"
"United Arab Emirates","Brazil","Export","Cobalt","282200","Cobalt oxides and hydroxides; commercial cobalt oxides","2024","39618.79"
"United Arab Emirates","China","Import","Cobalt","282200","Cobalt oxides and hydroxides; commercial cobalt oxides","2024","3279134.57"
"United Arab Emirates","Czech Republic","Import","Cobalt","282200","Cobalt oxides and hydroxides; commercial cobalt oxides","2024","2456.64"
"United Arab Emirates","European Union","Import","Cobalt","282200","Cobalt oxides and hydroxides; commercial cobalt oxides","2024","2132881.24"
"United Arab Emirates","Finland","Import","Cobalt","282200","Cobalt oxides and hydroxides; commercial cobalt oxides","2024","2096005.27"
"United Arab Emirates","France","Import","Cobalt","282200","Cobalt oxides and hydroxides; commercial cobalt oxides","2024","34419.33"
"United Arab Emirates","India","Import","Cobalt","282200","Cobalt oxides and hydroxides; commercial cobalt oxides","2024","3687.95"
"United Arab Emirates","World","Import","Cobalt","282200","Cobalt oxides and hydroxides; commercial cobalt oxides","2024","5415703.76"
"United Arab Emirates","World","Export","Cobalt","282200","Cobalt oxides and hydroxides; commercial cobalt oxides","2024","39618.79"
"Argentina","Belgium","Import","Cobalt","282200","Cobalt oxides and hydroxides; commercial cobalt oxides","2024","35304.47"
"Argentina","Brazil","Import","Cobalt","282200","Cobalt oxides and hydroxides; commercial cobalt oxides","2024","138042.41"
"Argentina","China","Import","Cobalt","282200","Cobalt oxides and hydroxides; commercial cobalt oxides","2024","318379.34"
"Argentina","European Union","Import","Cobalt","282200","Cobalt oxides and hydroxides; commercial cobalt oxides","2024","175462.94"
"Argentina","Finland","Import","Cobalt","282200","Cobalt oxides and hydroxides; commercial cobalt oxides","2024","140109.84"
"Argentina","United Kingdom","Import","Cobalt","282200","Cobalt oxides and hydroxides; commercial cobalt oxides","2024","99.23"
"Argentina","Italy","Import","Cobalt","282200","Cobalt oxides and hydroxides; commercial cobalt oxides","2024","48.63"
"Argentina","World","Import","Cobalt","282200","Cobalt oxides and hydroxides; commercial cobalt oxides","2024","631983.92"
"Armenia","Russian Federation","Import","Cobalt","282200","Cobalt oxides and hydroxides; commercial cobalt oxides","2024","1918.9"
"Armenia","World","Import","Cobalt","282200","Cobalt oxides and hydroxides; commercial cobalt oxides","2024","1918.9"
"Antigua and Barbuda","United Kingdom","Import","Cobalt","282200","Cobalt oxides and hydroxides; commercial cobalt oxides","2024","109.6"
"Antigua and Barbuda","World","Import","Cobalt","282200","Cobalt oxides and hydroxides; commercial cobalt oxides","2024","109.6"
"Australia","Malaysia","Export","Cobalt","260500","Cobalt ores and concentrates","2024","33417.85"
"Australia","World","Export","Cobalt","260500","Cobalt ores and concentrates","2024","33417.85"
"Australia","United Arab Emirates","Export","Cobalt","282200","Cobalt oxides and hydroxides; commercial cobalt oxides","2024","12261.79"
"Australia","Belgium","Import","Cobalt","282200","Cobalt oxides and hydroxides; commercial cobalt oxides","2024","14298.5746264"
"Australia","Canada","Export","Cobalt","282200","Cobalt oxides and hydroxides; commercial cobalt oxides","2024","397376.05"
"Australia","China","Import","Cobalt","282200","Cobalt oxides and hydroxides; commercial cobalt oxides","2024","165165.989576"
"Australia","European Union","Import","Cobalt","282200","Cobalt oxides and hydroxides; commercial cobalt oxides","2024","14298.5746264"
"Australia","India","Import","Cobalt","282200","Cobalt oxides and hydroxides; commercial cobalt oxides","2024","2892.8872837"
"Australia","Korea, Republic of","Import","Cobalt","282200","Cobalt oxides and hydroxides; commercial cobalt oxides","2024","50459.5930826"
"Australia","Norway","Import","Cobalt","282200","Cobalt oxides and hydroxides; commercial cobalt oxides","2024","1010.8238192"
"Australia","United States of America","Import","Cobalt","282200","Cobalt oxides and hydroxides; commercial cobalt oxides","2024","1812.4627515"
"Australia","World","Export","Cobalt","282200","Cobalt oxides and hydroxides; commercial cobalt oxides","2024","409637.84"
"Australia","World","Import","Cobalt","282200","Cobalt oxides and hydroxides; commercial cobalt oxides","2024","273024.9548116"
"Australia","South Africa","Import","Cobalt","282200","Cobalt oxides and hydroxides; commercial cobalt oxides","2024","37384.6236722"
"Austria","United States of America","Export","Cobalt","260500","Cobalt ores and concentrates","2024","881.06"
"Austria","World","Export","Cobalt","260500","Cobalt ores and concentrates","2024","881.06"
"Austria","China","Import","Cobalt","282200","Cobalt oxides and hydroxides; commercial cobalt oxides","2024","1031.51"
"Austria","Czech Republic","Export","Cobalt","282200","Cobalt oxides and hydroxides; commercial cobalt oxides","2024","1975.34"
"Austria","Germany","Import","Cobalt","282200","Cobalt oxides and hydroxides; commercial cobalt oxides","2024","30138.88"
"Austria","Finland","Import","Cobalt","282200","Cobalt oxides and hydroxides; commercial cobalt oxides","2024","32599.13"
"Austria","Croatia","Export","Cobalt","282200","Cobalt oxides and hydroxides; commercial cobalt oxides","2024","33.55"
"Austria","India","Import","Cobalt","282200","Cobalt oxides and hydroxides; commercial cobalt oxides","2024","38.97"
"Austria","Japan","Import","Cobalt","282200","Cobalt oxides and hydroxides; commercial cobalt oxides","2024","1409.26"
"Austria","Netherlands","Import","Cobalt","282200","Cobalt oxides and hydroxides; commercial cobalt oxides","2024","29758.97"
"Austria","Russian Federation","Export","Cobalt","282200","Cobalt oxides and hydroxides; commercial cobalt oxides","2024","76593.57"
"Austria","World","Import","Cobalt","282200","Cobalt oxides and hydroxides; commercial cobalt oxides","2024","94976.72"
"Austria","World","Export","Cobalt","282200","Cobalt oxides and hydroxides; commercial cobalt oxides","2024","78602.46"
"Belgium","Netherlands","Import","Cobalt","260500","Cobalt ores and concentrates","2024","236193.04"
"Belgium","Netherlands","Export","Cobalt","260500","Cobalt ores and concentrates","2024","49.34"
"Belgium","United States of America","Import","Cobalt","260500","Cobalt ores and concentrates","2024","1132.44"
"Belgium","World","Import","Cobalt","260500","Cobalt ores and concentrates","2024","237325.48"
"Belgium","World","Export","Cobalt","260500","Cobalt ores and concentrates","2024","49.34"
"Belgium","United Arab Emirates","Export","Cobalt","282200","Cobalt oxides and hydroxides; commercial cobalt oxides","2024","985510.43"
"Belgium","Argentina","Export","Cobalt","282200","Cobalt oxides and hydroxides; commercial cobalt oxides","2024","135731.06"
"Belgium","Australia","Export","Cobalt","282200","Cobalt oxides and hydroxides; commercial cobalt oxides","2024","18826.19"
"Belgium","Austria","Export","Cobalt","282200","Cobalt oxides and hydroxides; commercial cobalt oxides","2024","1780.33"
"Belgium","Bangladesh","Export","Cobalt","282200","Cobalt oxides and hydroxides; commercial cobalt oxides","2024","354084.42"
"Belgium","Bulgaria","Export","Cobalt","282200","Cobalt oxides and hydroxides; commercial cobalt oxides","2024","16112.71"
"Belgium","Brazil","Export","Cobalt","282200","Cobalt oxides and hydroxides; commercial cobalt oxides","2024","4399812.91"
"Belgium","Brazil","Import","Cobalt","282200","Cobalt oxides and hydroxides; commercial cobalt oxides","2024","1616990.14"
"Belgium","China","Export","Cobalt","282200","Cobalt oxides and hydroxides; commercial cobalt oxides","2024","801886.22"
"Belgium","China","Import","Cobalt","282200","Cobalt oxides and hydroxides; commercial cobalt oxides","2024","501480.91"
"Belgium","Chinese Taipei","Export","Cobalt","282200","Cobalt oxides and hydroxides; commercial cobalt oxides","2024","469800.25"
"Belgium","Czech Republic","Export","Cobalt","282200","Cobalt oxides and hydroxides; commercial cobalt oxides","2024","393896.8"
"Belgium","Czech Republic","Import","Cobalt","282200","Cobalt oxides and hydroxides; commercial cobalt oxides","2024","20869.54"
"Belgium","Germany","Export","Cobalt","282200","Cobalt oxides and hydroxides; commercial cobalt oxides","2024","2914372.93"
"Belgium","Germany","Import","Cobalt","282200","Cobalt oxides and hydroxides; commercial cobalt oxides","2024","704.34"
"Belgium","Denmark","Export","Cobalt","282200","Cobalt oxides and hydroxides; commercial cobalt oxides","2024","5515.04"
"Belgium","Egypt","Export","Cobalt","282200","Cobalt oxides and hydroxides; commercial cobalt oxides","2024","164556.4"
"Belgium","Spain","Export","Cobalt","282200","Cobalt oxides and hydroxides; commercial cobalt oxides","2024","8181119.72"
"Belgium","Spain","Import","Cobalt","282200","Cobalt oxides and hydroxides; commercial cobalt oxides","2024","27426.14"
"Belgium","Finland","Import","Cobalt","282200","Cobalt oxides and hydroxides; commercial cobalt oxides","2024","53494219.62"
"Belgium","France","Export","Cobalt","282200","Cobalt oxides and hydroxides; commercial cobalt oxides","2024","1517365.74"
"Belgium","France","Import","Cobalt","282200","Cobalt oxides and hydroxides; commercial cobalt oxides","2024","2156.58"
"Belgium","United Kingdom","Export","Cobalt","282200","Cobalt oxides and hydroxides; commercial cobalt oxides","2024","1340177.37"
"Belgium","United Kingdom","Import","Cobalt","282200","Cobalt oxides and hydroxides; commercial cobalt oxides","2024","3018.07"
"Belgium","Greece","Export","Cobalt","282200","Cobalt oxides and hydroxides; commercial cobalt oxides","2024","67758.55"
"Belgium","Hong Kong, China","Export","Cobalt","282200","Cobalt oxides and hydroxides; commercial cobalt oxides","2024","64439.54"
"Belgium","Indonesia","Export","Cobalt","282200","Cobalt oxides and hydroxides; commercial cobalt oxides","2024","876621.56"
"Belgium","India","Export","Cobalt","282200","Cobalt oxides and hydroxides; commercial cobalt oxides","2024","6858051.95"
"Belgium","India","Import","Cobalt","282200","Cobalt oxides and hydroxides; commercial cobalt oxides","2024","389.06"
"Belgium","Ireland","Export","Cobalt","282200","Cobalt oxides and hydroxides; commercial cobalt oxides","2024","109.53"
"Belgium","Ireland","Import","Cobalt","282200","Cobalt oxides and hydroxides; commercial cobalt oxides","2024","78.47"
"Belgium","Israel","Export","Cobalt","282200","Cobalt oxides and hydroxides; commercial cobalt oxides","2024","5.24"
"Belgium","Italy","Export","Cobalt","282200","Cobalt oxides and hydroxides; commercial cobalt oxides","2024","6868854.68"
"Belgium","Japan","Export","Cobalt","282200","Cobalt oxides and hydroxides; commercial cobalt oxides","2024","5480959.82"
"Belgium","Japan","Import","Cobalt","282200","Cobalt oxides and hydroxides; commercial cobalt oxides","2024","27.21"
"Belgium","Korea, Republic of","Export","Cobalt","282200","Cobalt oxides and hydroxides; commercial cobalt oxides","2024","6675677.12"
"Belgium","Luxembourg","Export","Cobalt","282200","Cobalt oxides and hydroxides; commercial cobalt oxides","2024","5534.95"
"Belgium","Morocco","Export","Cobalt","282200","Cobalt oxides and hydroxides; commercial cobalt oxides","2024","945.16"
"Belgium","Moldova, Republic of","Export","Cobalt","282200","Cobalt oxides and hydroxides; commercial cobalt oxides","2024","294.26"
"Belgium","Mexico","Export","Cobalt","282200","Cobalt oxides and hydroxides; commercial cobalt oxides","2024","5706620.37"
"Belgium","Malaysia","Export","Cobalt","282200","Cobalt oxides and hydroxides; commercial cobalt oxides","2024","758228.73"
"Belgium","Nigeria","Export","Cobalt","282200","Cobalt oxides and hydroxides; commercial cobalt oxides","2024","395657.83"
"Belgium","Netherlands","Export","Cobalt","282200","Cobalt oxides and hydroxides; commercial cobalt oxides","2024","107349.55"
"Belgium","Netherlands","Import","Cobalt","282200","Cobalt oxides and hydroxides; commercial cobalt oxides","2024","751.15"
"Belgium","Norway","Export","Cobalt","282200","Cobalt oxides and hydroxides; commercial cobalt oxides","2024","329.11"
"Belgium","Pakistan","Export","Cobalt","282200","Cobalt oxides and hydroxides; commercial cobalt oxides","2024","201879.34"
"Belgium","Poland","Export","Cobalt","282200","Cobalt oxides and hydroxides; commercial cobalt oxides","2024","67446.57"
"Belgium","Saudi Arabia, Kingdom of","Export","Cobalt","282200","Cobalt oxides and hydroxides; commercial cobalt oxides","2024","4191.5"
"Belgium","Senegal","Export","Cobalt","282200","Cobalt oxides and hydroxides; commercial cobalt oxides","2024","423.92"
"Belgium","Singapore","Import","Cobalt","282200","Cobalt oxides and hydroxides; commercial cobalt oxides","2024","28.74"
"Belgium","Slovak Republic","Export","Cobalt","282200","Cobalt oxides and hydroxides; commercial cobalt oxides","2024","59321.52"
"Belgium","Slovenia","Export","Cobalt","282200","Cobalt oxides and hydroxides; commercial cobalt oxides","2024","31644.53"
"Belgium","Sweden","Export","Cobalt","282200","Cobalt oxides and hydroxides; commercial cobalt oxides","2024","2422.11"
"Belgium","Thailand","Export","Cobalt","282200","Cobalt oxides and hydroxides; commercial cobalt oxides","2024","172613.3"
"Belgium","Tunisia","Export","Cobalt","282200","Cobalt oxides and hydroxides; commercial cobalt oxides","2024","82.39"
"Belgium","Turkiye","Export","Cobalt","282200","Cobalt oxides and hydroxides; commercial cobalt oxides","2024","3946282.08"
"Belgium","Ukraine","Export","Cobalt","282200","Cobalt oxides and hydroxides; commercial cobalt oxides","2024","10976.49"
"Belgium","United States of America","Export","Cobalt","282200","Cobalt oxides and hydroxides; commercial cobalt oxides","2024","12199471.79"
"Belgium","United States of America","Import","Cobalt","282200","Cobalt oxides and hydroxides; commercial cobalt oxides","2024","301.21"
"Belgium","Viet Nam","Export","Cobalt","282200","Cobalt oxides and hydroxides; commercial cobalt oxides","2024","30086.59"
"Belgium","World","Export","Cobalt","282200","Cobalt oxides and hydroxides; commercial cobalt oxides","2024","72299855.18"
"Belgium","World","Import","Cobalt","282200","Cobalt oxides and hydroxides; commercial cobalt oxides","2024","55668441.18"
"Belgium","South Africa","Export","Cobalt","282200","Cobalt oxides and hydroxides; commercial cobalt oxides","2024","5026.58"
"Bulgaria","Belgium","Import","Cobalt","282200","Cobalt oxides and hydroxides; commercial cobalt oxides","2024","16092.67"
"Bulgaria","China","Import","Cobalt","282200","Cobalt oxides and hydroxides; commercial cobalt oxides","2024","129.99"
"Bulgaria","India","Import","Cobalt","282200","Cobalt oxides and hydroxides; commercial cobalt oxides","2024","1345.8"
"Bulgaria","Romania","Export","Cobalt","282200","Cobalt oxides and hydroxides; commercial cobalt oxides","2024","6629.45"
"Bulgaria","Turkiye","Import","Cobalt","282200","Cobalt oxides and hydroxides; commercial cobalt oxides","2024","5260.42"
"Bulgaria","Ukraine","Import","Cobalt","282200","Cobalt oxides and hydroxides; commercial cobalt oxides","2024","1860.78"
"Bulgaria","World","Import","Cobalt","282200","Cobalt oxides and hydroxides; commercial cobalt oxides","2024","24689.66"
"Bulgaria","World","Export","Cobalt","282200","Cobalt oxides and hydroxides; commercial cobalt oxides","2024","6629.45"
"Bolivia, Plurinational State of","China","Import","Cobalt","282200","Cobalt oxides and hydroxides; commercial cobalt oxides","2024","569"
"Bolivia, Plurinational State of","World","Import","Cobalt","282200","Cobalt oxides and hydroxides; commercial cobalt oxides","2024","569"
"Brazil","United Kingdom","Import","Cobalt","260500","Cobalt ores and concentrates","2024","2698"
"Brazil","World","Import","Cobalt","260500","Cobalt ores and concentrates","2024","2698"
"Brazil","United Arab Emirates","Import","Cobalt","282200","Cobalt oxides and hydroxides; commercial cobalt oxides","2024","38500"
"Brazil","Argentina","Export","Cobalt","282200","Cobalt oxides and hydroxides; commercial cobalt oxides","2024","150507"
"Brazil","Belgium","Export","Cobalt","282200","Cobalt oxides and hydroxides; commercial cobalt oxides","2024","1673870"
"Brazil","Belgium","Import","Cobalt","282200","Cobalt oxides and hydroxides; commercial cobalt oxides","2024","413547"
"Brazil","Chile","Export","Cobalt","282200","Cobalt oxides and hydroxides; commercial cobalt oxides","2024","11574"
"Brazil","China","Import","Cobalt","282200","Cobalt oxides and hydroxides; commercial cobalt oxides","2024","2346710"
"Brazil","Democratic Republic of the Congo","Import","Cobalt","282200","Cobalt oxides and hydroxides; commercial cobalt oxides","2024","131240"
"Brazil","Colombia","Export","Cobalt","282200","Cobalt oxides and hydroxides; commercial cobalt oxides","2024","3100"
"Brazil","Germany","Import","Cobalt","282200","Cobalt oxides and hydroxides; commercial cobalt oxides","2024","116339"
"Brazil","European Union","Import","Cobalt","282200","Cobalt oxides and hydroxides; commercial cobalt oxides","2024","2552663"
"Brazil","European Union","Export","Cobalt","282200","Cobalt oxides and hydroxides; commercial cobalt oxides","2024","1673870"
"Brazil","Finland","Import","Cobalt","282200","Cobalt oxides and hydroxides; commercial cobalt oxides","2024","2021827"
"Brazil","Hong Kong, China","Import","Cobalt","282200","Cobalt oxides and hydroxides; commercial cobalt oxides","2024","80908"
"Brazil","Italy","Import","Cobalt","282200","Cobalt oxides and hydroxides; commercial cobalt oxides","2024","950"
"Brazil","Paraguay","Export","Cobalt","282200","Cobalt oxides and hydroxides; commercial cobalt oxides","2024","7375"
"Brazil","United States of America","Import","Cobalt","282200","Cobalt oxides and hydroxides; commercial cobalt oxides","2024","3441"
"Brazil","World","Import","Cobalt","282200","Cobalt oxides and hydroxides; commercial cobalt oxides","2024","5996958"
"Brazil","World","Export","Cobalt","282200","Cobalt oxides and hydroxides; commercial cobalt oxides","2024","1846426"
"Brazil","South Africa","Import","Cobalt","282200","Cobalt oxides and hydroxides; commercial cobalt oxides","2024","648022"
"Brazil","Zambia","Import","Cobalt","282200","Cobalt oxides and hydroxides; commercial cobalt oxides","2024","195474"
"Barbados","United States of America","Import","Cobalt","282200","Cobalt oxides and hydroxides; commercial cobalt oxides","2024","1810"
"Barbados","World","Import","Cobalt","282200","Cobalt oxides and hydroxides; commercial cobalt oxides","2024","1810"
"Botswana","China","Import","Cobalt","282200","Cobalt oxides and hydroxides; commercial cobalt oxides","2024","2107"
"Botswana","World","Import","Cobalt","282200","Cobalt oxides and hydroxides; commercial cobalt oxides","2024","2107"
"Canada","United States of America","Export","Cobalt","260500","Cobalt ores and concentrates","2024","12594.28"
"Canada","World","Export","Cobalt","260500","Cobalt ores and concentrates","2024","12594.28"
"Canada","Australia","Import","Cobalt","282200","Cobalt oxides and hydroxides; commercial cobalt oxides","2024","7688.9933984"
"Canada","Belgium","Import","Cobalt","282200","Cobalt oxides and hydroxides; commercial cobalt oxides","2024","295304.3757668"
"Canada","China","Import","Cobalt","282200","Cobalt oxides and hydroxides; commercial cobalt oxides","2024","46293.1588479"
"Canada","Denmark","Import","Cobalt","282200","Cobalt oxides and hydroxides; commercial cobalt oxides","2024","4769.3813168"
"Canada","European Union","Import","Cobalt","282200","Cobalt oxides and hydroxides; commercial cobalt oxides","2024","304271.3384354"
"Canada","Finland","Import","Cobalt","282200","Cobalt oxides and hydroxides; commercial cobalt oxides","2024","3784.2495764"
"Canada","United Kingdom","Import","Cobalt","282200","Cobalt oxides and hydroxides; commercial cobalt oxides","2024","23856.4000701"
"Canada","Italy","Import","Cobalt","282200","Cobalt oxides and hydroxides; commercial cobalt oxides","2024","413.3317754"
"Canada","Mexico","Import","Cobalt","282200","Cobalt oxides and hydroxides; commercial cobalt oxides","2024","4.3816089"
"Canada","Malaysia","Import","Cobalt","282200","Cobalt oxides and hydroxides; commercial cobalt oxides","2024","293.5677981"
"Canada","United States of America","Import","Cobalt","282200","Cobalt oxides and hydroxides; commercial cobalt oxides","2024","58928.9887247"
"Canada","United States of America","Export","Cobalt","282200","Cobalt oxides and hydroxides; commercial cobalt oxides","2024","6748.22"
"Canada","World","Import","Cobalt","282200","Cobalt oxides and hydroxides; commercial cobalt oxides","2024","441336.8288835"
"Canada","World","Export","Cobalt","282200","Cobalt oxides and hydroxides; commercial cobalt oxides","2024","6748.22"
"Switzerland","European Union","Import","Cobalt","260500","Cobalt ores and concentrates","2024","1425.4223027"
"Switzerland","European Union","Export","Cobalt","260500","Cobalt ores and concentrates","2024","72.94000244140625"
"Switzerland","Ireland","Export","Cobalt","260500","Cobalt ores and concentrates","2024","72.94"
"Switzerland","World","Export","Cobalt","260500","Cobalt ores and concentrates","2024","72.94"
"Switzerland","China","Import","Cobalt","282200","Cobalt oxides and hydroxides; commercial cobalt oxides","2024","52259.0482609"
"Switzerland","Germany","Export","Cobalt","282200","Cobalt oxides and hydroxides; commercial cobalt oxides","2024","838.26"
"Switzerland","European Union","Import","Cobalt","282200","Cobalt oxides and hydroxides; commercial cobalt oxides","2024","87782.1621555"
"Switzerland","European Union","Export","Cobalt","282200","Cobalt oxides and hydroxides; commercial cobalt oxides","2024","1568.7900390625"
"Switzerland","Spain","Export","Cobalt","282200","Cobalt oxides and hydroxides; commercial cobalt oxides","2024","730.53"
"Switzerland","Japan","Export","Cobalt","282200","Cobalt oxides and hydroxides; commercial cobalt oxides","2024","2609.05"
"Switzerland","Korea, Republic of","Export","Cobalt","282200","Cobalt oxides and hydroxides; commercial cobalt oxides","2024","5.61"
"Switzerland","United States of America","Import","Cobalt","282200","Cobalt oxides and hydroxides; commercial cobalt oxides","2024","698.513718"
"Switzerland","World","Import","Cobalt","282200","Cobalt oxides and hydroxides; commercial cobalt oxides","2024","52957.5619789"
"Switzerland","World","Export","Cobalt","282200","Cobalt oxides and hydroxides; commercial cobalt oxides","2024","4183.450000000001"
"Chile","Korea, Republic of","Import","Cobalt","260500","Cobalt ores and concentrates","2024","76.64"
"Chile","United States of America","Import","Cobalt","260500","Cobalt ores and concentrates","2024","1947.37"
"Chile","World","Import","Cobalt","260500","Cobalt ores and concentrates","2024","2024.01"
"Chile","Brazil","Import","Cobalt","282200","Cobalt oxides and hydroxides; commercial cobalt oxides","2024","11774"
"Chile","European Union","Import","Cobalt","282200","Cobalt oxides and hydroxides; commercial cobalt oxides","2024","4728.43"
"Chile","Spain","Import","Cobalt","282200","Cobalt oxides and hydroxides; commercial cobalt oxides","2024","4728.43"
"Chile","United Kingdom","Import","Cobalt","282200","Cobalt oxides and hydroxides; commercial cobalt oxides","2024","691.91"
"Chile","United States of America","Import","Cobalt","282200","Cobalt oxides and hydroxides; commercial cobalt oxides","2024","41.66"
"Chile","World","Import","Cobalt","282200","Cobalt oxides and hydroxides; commercial cobalt oxides","2024","17236"
"China","Argentina","Export","Cobalt","260500","Cobalt ores and concentrates","2024","58"
"China","Brazil","Import","Cobalt","260500","Cobalt ores and concentrates","2024","54"
"China","Democratic Republic of the Congo","Import","Cobalt","260500","Cobalt ores and concentrates","2024","733535"
"China","Korea, Republic of","Export","Cobalt","260500","Cobalt ores and concentrates","2024","702"
"China","Morocco","Import","Cobalt","260500","Cobalt ores and concentrates","2024","935"
"China","United States of America","Import","Cobalt","260500","Cobalt ores and concentrates","2024","239"
"China","World","Import","Cobalt","260500","Cobalt ores and concentrates","2024","1503456"
"China","World","Export","Cobalt","260500","Cobalt ores and concentrates","2024","760"
"China","South Africa","Import","Cobalt","260500","Cobalt ores and concentrates","2024","3773"
"China","Zambia","Import","Cobalt","260500","Cobalt ores and concentrates","2024","764920"
"China","United Arab Emirates","Export","Cobalt","282200","Cobalt oxides and hydroxides; commercial cobalt oxides","2024","1250229"
"China","Argentina","Export","Cobalt","282200","Cobalt oxides and hydroxides; commercial cobalt oxides","2024","111800"
"China","Australia","Export","Cobalt","282200","Cobalt oxides and hydroxides; commercial cobalt oxides","2024","153770"
"China","Australia","Import","Cobalt","282200","Cobalt oxides and hydroxides; commercial cobalt oxides","2024","13"
"China","Belgium","Export","Cobalt","282200","Cobalt oxides and hydroxides; commercial cobalt oxides","2024","3787257"
"China","Belgium","Import","Cobalt","282200","Cobalt oxides and hydroxides; commercial cobalt oxides","2024","836177"
"China","Bangladesh","Export","Cobalt","282200","Cobalt oxides and hydroxides; commercial cobalt oxides","2024","7600"
"China","Brazil","Export","Cobalt","282200","Cobalt oxides and hydroxides; commercial cobalt oxides","2024","1869556"
"China","Canada","Export","Cobalt","282200","Cobalt oxides and hydroxides; commercial cobalt oxides","2024","16386"
"China","Switzerland","Import","Cobalt","282200","Cobalt oxides and hydroxides; commercial cobalt oxides","2024","8648"
"China","Switzerland","Export","Cobalt","282200","Cobalt oxides and hydroxides; commercial cobalt oxides","2024","2976"
"China","Chinese Taipei","Export","Cobalt","282200","Cobalt oxides and hydroxides; commercial cobalt oxides","2024","1376039"
"China","Chinese Taipei","Import","Cobalt","282200","Cobalt oxides and hydroxides; commercial cobalt oxides","2024","23887"
"China","Congo","Export","Cobalt","282200","Cobalt oxides and hydroxides; commercial cobalt oxides","2024","15629"
"China","Germany","Export","Cobalt","282200","Cobalt oxides and hydroxides; commercial cobalt oxides","2024","79"
"China","European Union","Export","Cobalt","282200","Cobalt oxides and hydroxides; commercial cobalt oxides","2024","11957488"
"China","European Union","Import","Cobalt","282200","Cobalt oxides and hydroxides; commercial cobalt oxides","2024","1455775"
"China","Egypt","Export","Cobalt","282200","Cobalt oxides and hydroxides; commercial cobalt oxides","2024","3399"
"China","Spain","Export","Cobalt","282200","Cobalt oxides and hydroxides; commercial cobalt oxides","2024","5826424"
"China","Finland","Import","Cobalt","282200","Cobalt oxides and hydroxides; commercial cobalt oxides","2024","619071"
"China","France","Export","Cobalt","282200","Cobalt oxides and hydroxides; commercial cobalt oxides","2024","139015"
"China","United Kingdom","Export","Cobalt","282200","Cobalt oxides and hydroxides; commercial cobalt oxides","2024","14186"
"China","United Kingdom","Import","Cobalt","282200","Cobalt oxides and hydroxides; commercial cobalt oxides","2024","9001"
"China","Hong Kong, China","Export","Cobalt","282200","Cobalt oxides and hydroxides; commercial cobalt oxides","2024","498369"
"China","Indonesia","Export","Cobalt","282200","Cobalt oxides and hydroxides; commercial cobalt oxides","2024","878388"
"China","India","Export","Cobalt","282200","Cobalt oxides and hydroxides; commercial cobalt oxides","2024","1562159"
"China","India","Import","Cobalt","282200","Cobalt oxides and hydroxides; commercial cobalt oxides","2024","188"
"China","Italy","Import","Cobalt","282200","Cobalt oxides and hydroxides; commercial cobalt oxides","2024","527"
"China","Japan","Export","Cobalt","282200","Cobalt oxides and hydroxides; commercial cobalt oxides","2024","1655333"
"China","Japan","Import","Cobalt","282200","Cobalt oxides and hydroxides; commercial cobalt oxides","2024","47371"
"China","Korea, Republic of","Export","Cobalt","282200","Cobalt oxides and hydroxides; commercial cobalt oxides","2024","56846438"
"China","Korea, Republic of","Import","Cobalt","282200","Cobalt oxides and hydroxides; commercial cobalt oxides","2024","7991"
"China","Mexico","Export","Cobalt","282200","Cobalt oxides and hydroxides; commercial cobalt oxides","2024","1178840"
"China","Malaysia","Import","Cobalt","282200","Cobalt oxides and hydroxides; commercial cobalt oxides","2024","32884"
"China","Malaysia","Export","Cobalt","282200","Cobalt oxides and hydroxides; commercial cobalt oxides","2024","9376"
"China","Netherlands","Export","Cobalt","282200","Cobalt oxides and hydroxides; commercial cobalt oxides","2024","2077476"
"China","Pakistan","Export","Cobalt","282200","Cobalt oxides and hydroxides; commercial cobalt oxides","2024","354375"
"China","Peru","Export","Cobalt","282200","Cobalt oxides and hydroxides; commercial cobalt oxides","2024","15960"
"China","Poland","Export","Cobalt","282200","Cobalt oxides and hydroxides; commercial cobalt oxides","2024","127237"
"China","Russian Federation","Export","Cobalt","282200","Cobalt oxides and hydroxides; commercial cobalt oxides","2024","1588208"
"China","Singapore","Export","Cobalt","282200","Cobalt oxides and hydroxides; commercial cobalt oxides","2024","14400"
"China","Thailand","Export","Cobalt","282200","Cobalt oxides and hydroxides; commercial cobalt oxides","2024","2209688"
"China","Turkiye","Export","Cobalt","282200","Cobalt oxides and hydroxides; commercial cobalt oxides","2024","1391425"
"China","Tanzania","Export","Cobalt","282200","Cobalt oxides and hydroxides; commercial cobalt oxides","2024","260818"
"China","United States of America","Export","Cobalt","282200","Cobalt oxides and hydroxides; commercial cobalt oxides","2024","827949"
"China","United States of America","Import","Cobalt","282200","Cobalt oxides and hydroxides; commercial cobalt oxides","2024","175500"
"China","Viet Nam","Export","Cobalt","282200","Cobalt oxides and hydroxides; commercial cobalt oxides","2024","1134322"
"China","World","Export","Cobalt","282200","Cobalt oxides and hydroxides; commercial cobalt oxides","2024","87299306"
"China","World","Import","Cobalt","282200","Cobalt oxides and hydroxides; commercial cobalt oxides","2024","1761258"
"China","South Africa","Export","Cobalt","282200","Cobalt oxides and hydroxides; commercial cobalt oxides","2024","94200"
"Chinese Taipei","Bangladesh","Export","Cobalt","260500","Cobalt ores and concentrates","2024","18099.36"
"Chinese Taipei","China","Export","Cobalt","260500","Cobalt ores and concentrates","2024","2199742.06"
"Chinese Taipei","Democratic Republic of the Congo","Import","Cobalt","260500","Cobalt ores and concentrates","2024","13759000"
"Chinese Taipei","Lao People's Democratic Republic","Import","Cobalt","260500","Cobalt ores and concentrates","2024","3158000"
"Chinese Taipei","World","Import","Cobalt","260500","Cobalt ores and concentrates","2024","16917000"
"Chinese Taipei","World","Export","Cobalt","260500","Cobalt ores and concentrates","2024","2217841.42"
"Chinese Taipei","Belgium","Import","Cobalt","282200","Cobalt oxides and hydroxides; commercial cobalt oxides","2024","1285000"
"Chinese Taipei","Bangladesh","Export","Cobalt","282200","Cobalt oxides and hydroxides; commercial cobalt oxides","2024","9034.1"
"Chinese Taipei","China","Export","Cobalt","282200","Cobalt oxides and hydroxides; commercial cobalt oxides","2024","9219116.39"
"Chinese Taipei","China","Import","Cobalt","282200","Cobalt oxides and hydroxides; commercial cobalt oxides","2024","1405000"
"Chinese Taipei","Democratic Republic of the Congo","Import","Cobalt","282200","Cobalt oxides and hydroxides; commercial cobalt oxides","2024","11402000"
"Chinese Taipei","European Union","Import","Cobalt","282200","Cobalt oxides and hydroxides; commercial cobalt oxides","2024","1365000"
"Chinese Taipei","Finland","Import","Cobalt","282200","Cobalt oxides and hydroxides; commercial cobalt oxides","2024","80000"
"Chinese Taipei","United Kingdom","Import","Cobalt","282200","Cobalt oxides and hydroxides; commercial cobalt oxides","2024","2000"
"Chinese Taipei","India","Export","Cobalt","282200","Cobalt oxides and hydroxides; commercial cobalt oxides","2024","26354.66"
"Chinese Taipei","Japan","Export","Cobalt","282200","Cobalt oxides and hydroxides; commercial cobalt oxides","2024","3326793.28"
"Chinese Taipei","Korea, Republic of","Export","Cobalt","282200","Cobalt oxides and hydroxides; commercial cobalt oxides","2024","137069.17"
"Chinese Taipei","Malaysia","Export","Cobalt","282200","Cobalt oxides and hydroxides; commercial cobalt oxides","2024","109655.33"
"Chinese Taipei","Malaysia","Import","Cobalt","282200","Cobalt oxides and hydroxides; commercial cobalt oxides","2024","16000"
"Chinese Taipei","Thailand","Export","Cobalt","282200","Cobalt oxides and hydroxides; commercial cobalt oxides","2024","337190.15"
"Chinese Taipei","United States of America","Export","Cobalt","282200","Cobalt oxides and hydroxides; commercial cobalt oxides","2024","550083.49"
"Chinese Taipei","Viet Nam","Export","Cobalt","282200","Cobalt oxides and hydroxides; commercial cobalt oxides","2024","32896.6"
"Chinese Taipei","World","Import","Cobalt","282200","Cobalt oxides and hydroxides; commercial cobalt oxides","2024","14190000"
"Chinese Taipei","World","Export","Cobalt","282200","Cobalt oxides and hydroxides; commercial cobalt oxides","2024","13748193.17"
"Colombia","Brazil","Import","Cobalt","282200","Cobalt oxides and hydroxides; commercial cobalt oxides","2024","3244"
"Colombia","China","Import","Cobalt","282200","Cobalt oxides and hydroxides; commercial cobalt oxides","2024","22586.32"
"Colombia","European Union","Import","Cobalt","282200","Cobalt oxides and hydroxides; commercial cobalt oxides","2024","72993.65"
"Colombia","Italy","Import","Cobalt","282200","Cobalt oxides and hydroxides; commercial cobalt oxides","2024","139.56"
"Colombia","Mexico","Import","Cobalt","282200","Cobalt oxides and hydroxides; commercial cobalt oxides","2024","25349.88"
"Colombia","Netherlands","Import","Cobalt","282200","Cobalt oxides and hydroxides; commercial cobalt oxides","2024","5365.25"
"Colombia","Portugal","Import","Cobalt","282200","Cobalt oxides and hydroxides; commercial cobalt oxides","2024","67488.84"
"Colombia","United States of America","Import","Cobalt","282200","Cobalt oxides and hydroxides; commercial cobalt oxides","2024","8268.27"
"Colombia","World","Import","Cobalt","282200","Cobalt oxides and hydroxides; commercial cobalt oxides","2024","132442.12"
"Costa Rica","Mexico","Import","Cobalt","260500","Cobalt ores and concentrates","2024","42.88"
"Costa Rica","World","Import","Cobalt","260500","Cobalt ores and concentrates","2024","42.88"
"Costa Rica","European Union","Import","Cobalt","282200","Cobalt oxides and hydroxides; commercial cobalt oxides","2024","7128.16"
"Costa Rica","Finland","Import","Cobalt","282200","Cobalt oxides and hydroxides; commercial cobalt oxides","2024","7128.16"
"Costa Rica","Guatemala","Import","Cobalt","282200","Cobalt oxides and hydroxides; commercial cobalt oxides","2024","6467.7"
"Costa Rica","Guatemala","Export","Cobalt","282200","Cobalt oxides and hydroxides; commercial cobalt oxides","2024","4550"
"Costa Rica","World","Import","Cobalt","282200","Cobalt oxides and hydroxides; commercial cobalt oxides","2024","13595.86"
"Costa Rica","World","Export","Cobalt","282200","Cobalt oxides and hydroxides; commercial cobalt oxides","2024","4550"
"Cyprus","United Kingdom","Import","Cobalt","282200","Cobalt oxides and hydroxides; commercial cobalt oxides","2024","153.7"
"Cyprus","World","Import","Cobalt","282200","Cobalt oxides and hydroxides; commercial cobalt oxides","2024","153.7"
"Czech Republic","United Kingdom","Import","Cobalt","260500","Cobalt ores and concentrates","2024","45944"
"Czech Republic","Netherlands","Import","Cobalt","260500","Cobalt ores and concentrates","2024","617"
"Czech Republic","World","Import","Cobalt","260500","Cobalt ores and concentrates","2024","46561"
"Czech Republic","Belgium","Import","Cobalt","282200","Cobalt oxides and hydroxides; commercial cobalt oxides","2024","327862"
"Czech Republic","China","Import","Cobalt","282200","Cobalt oxides and hydroxides; commercial cobalt oxides","2024","430"
"Czech Republic","Germany","Import","Cobalt","282200","Cobalt oxides and hydroxides; commercial cobalt oxides","2024","3699"
"Czech Republic","Spain","Import","Cobalt","282200","Cobalt oxides and hydroxides; commercial cobalt oxides","2024","17906"
"Czech Republic","United Kingdom","Import","Cobalt","282200","Cobalt oxides and hydroxides; commercial cobalt oxides","2024","1722"
"Czech Republic","Japan","Import","Cobalt","282200","Cobalt oxides and hydroxides; commercial cobalt oxides","2024","377"
"Czech Republic","Poland","Import","Cobalt","282200","Cobalt oxides and hydroxides; commercial cobalt oxides","2024","63494"
"Czech Republic","Slovenia","Export","Cobalt","282200","Cobalt oxides and hydroxides; commercial cobalt oxides","2024","793"
"Czech Republic","United States of America","Export","Cobalt","282200","Cobalt oxides and hydroxides; commercial cobalt oxides","2024","79182"
"Czech Republic","World","Import","Cobalt","282200","Cobalt oxides and hydroxides; commercial cobalt oxides","2024","415490"
"Czech Republic","World","Export","Cobalt","282200","Cobalt oxides and hydroxides; commercial cobalt oxides","2024","79975"
"Germany","Belgium","Import","Cobalt","260500","Cobalt ores and concentrates","2024","30120.12"
"Germany","Ecuador","Import","Cobalt","260500","Cobalt ores and concentrates","2024","28.29"
"Germany","World","Import","Cobalt","260500","Cobalt ores and concentrates","2024","30148.41"
"Germany","Austria","Export","Cobalt","282200","Cobalt oxides and hydroxides; commercial cobalt oxides","2024","27632.46"
"Germany","Belgium","Import","Cobalt","282200","Cobalt oxides and hydroxides; commercial cobalt oxides","2024","1336547.8"
"Germany","Belgium","Export","Cobalt","282200","Cobalt oxides and hydroxides; commercial cobalt oxides","2024","4007.07"
"Germany","Brazil","Export","Cobalt","282200","Cobalt oxides and hydroxides; commercial cobalt oxides","2024","1505.8"
"Germany","Canada","Export","Cobalt","282200","Cobalt oxides and hydroxides; commercial cobalt oxides","2024","31.44"
"Germany","Switzerland","Export","Cobalt","282200","Cobalt oxides and hydroxides; commercial cobalt oxides","2024","133926.81"
"Germany","China","Export","Cobalt","282200","Cobalt oxides and hydroxides; commercial cobalt oxides","2024","771624.76"
"Germany","China","Import","Cobalt","282200","Cobalt oxides and hydroxides; commercial cobalt oxides","2024","76686.64"
"Germany","Chinese Taipei","Export","Cobalt","282200","Cobalt oxides and hydroxides; commercial cobalt oxides","2024","1430.35"
"Germany","Costa Rica","Export","Cobalt","282200","Cobalt oxides and hydroxides; commercial cobalt oxides","2024","6559.7"
"Germany","Czech Republic","Export","Cobalt","282200","Cobalt oxides and hydroxides; commercial cobalt oxides","2024","1801.3"
"Germany","Denmark","Import","Cobalt","282200","Cobalt oxides and hydroxides; commercial cobalt oxides","2024","7016.57"
"Germany","Denmark","Export","Cobalt","282200","Cobalt oxides and hydroxides; commercial cobalt oxides","2024","734.56"
"Germany","Spain","Import","Cobalt","282200","Cobalt oxides and hydroxides; commercial cobalt oxides","2024","481037.5"
"Germany","Spain","Export","Cobalt","282200","Cobalt oxides and hydroxides; commercial cobalt oxides","2024","403286.22"
"Germany","Estonia","Export","Cobalt","282200","Cobalt oxides and hydroxides; commercial cobalt oxides","2024","1033.2"
"Germany","Finland","Import","Cobalt","282200","Cobalt oxides and hydroxides; commercial cobalt oxides","2024","22043552.23"
"Germany","Finland","Export","Cobalt","282200","Cobalt oxides and hydroxides; commercial cobalt oxides","2024","3383.59"
"Germany","France","Export","Cobalt","282200","Cobalt oxides and hydroxides; commercial cobalt oxides","2024","161848.48"
"Germany","France","Import","Cobalt","282200","Cobalt oxides and hydroxides; commercial cobalt oxides","2024","50789.45"
"Germany","United Kingdom","Import","Cobalt","282200","Cobalt oxides and hydroxides; commercial cobalt oxides","2024","14396.75"
"Germany","Greece","Export","Cobalt","282200","Cobalt oxides and hydroxides; commercial cobalt oxides","2024","2118.8"
"Germany","Guatemala","Export","Cobalt","282200","Cobalt oxides and hydroxides; commercial cobalt oxides","2024","3562.78"
"Germany","Hong Kong, China","Export","Cobalt","282200","Cobalt oxides and hydroxides; commercial cobalt oxides","2024","594302.31"
"Germany","Croatia","Export","Cobalt","282200","Cobalt oxides and hydroxides; commercial cobalt oxides","2024","1754.14"
"Germany","Hungary","Export","Cobalt","282200","Cobalt oxides and hydroxides; commercial cobalt oxides","2024","194.91"
"Germany","India","Export","Cobalt","282200","Cobalt oxides and hydroxides; commercial cobalt oxides","2024","58248.23"
"Germany","India","Import","Cobalt","282200","Cobalt oxides and hydroxides; commercial cobalt oxides","2024","645.49"
"Germany","Iran","Export","Cobalt","282200","Cobalt oxides and hydroxides; commercial cobalt oxides","2024","96588.93"
"Germany","Israel","Export","Cobalt","282200","Cobalt oxides and hydroxides; commercial cobalt oxides","2024","3450.65"
"Germany","Italy","Import","Cobalt","282200","Cobalt oxides and hydroxides; commercial cobalt oxides","2024","540107.26"
"Germany","Italy","Export","Cobalt","282200","Cobalt oxides and hydroxides; commercial cobalt oxides","2024","11167.2"
"Germany","Japan","Import","Cobalt","282200","Cobalt oxides and hydroxides; commercial cobalt oxides","2024","20173.69"
"Germany","Japan","Export","Cobalt","282200","Cobalt oxides and hydroxides; commercial cobalt oxides","2024","4714.39"
"Germany","Korea, Republic of","Export","Cobalt","282200","Cobalt oxides and hydroxides; commercial cobalt oxides","2024","9731.61"
"Germany","Netherlands","Export","Cobalt","282200","Cobalt oxides and hydroxides; commercial cobalt oxides","2024","2884.8"
"Germany","Norway","Import","Cobalt","282200","Cobalt oxides and hydroxides; commercial cobalt oxides","2024","13577.32"
"Germany","Philippines","Export","Cobalt","282200","Cobalt oxides and hydroxides; commercial cobalt oxides","2024","1286.79"
"Germany","Poland","Export","Cobalt","282200","Cobalt oxides and hydroxides; commercial cobalt oxides","2024","31394.33"
"Germany","Portugal","Export","Cobalt","282200","Cobalt oxides and hydroxides; commercial cobalt oxides","2024","198.05"
"Germany","Romania","Export","Cobalt","282200","Cobalt oxides and hydroxides; commercial cobalt oxides","2024","222973.13"
"Germany","Saudi Arabia, Kingdom of","Export","Cobalt","282200","Cobalt oxides and hydroxides; commercial cobalt oxides","2024","75210.18"
"Germany","Serbia","Export","Cobalt","282200","Cobalt oxides and hydroxides; commercial cobalt oxides","2024","314.36"
"Germany","Slovenia","Export","Cobalt","282200","Cobalt oxides and hydroxides; commercial cobalt oxides","2024","587.86"
"Germany","Sweden","Export","Cobalt","282200","Cobalt oxides and hydroxides; commercial cobalt oxides","2024","4886.24"
"Germany","Turkiye","Export","Cobalt","282200","Cobalt oxides and hydroxides; commercial cobalt oxides","2024","2142.9"
"Germany","United States of America","Import","Cobalt","282200","Cobalt oxides and hydroxides; commercial cobalt oxides","2024","11321.24"
"Germany","United States of America","Export","Cobalt","282200","Cobalt oxides and hydroxides; commercial cobalt oxides","2024","4583.4"
"Germany","Viet Nam","Export","Cobalt","282200","Cobalt oxides and hydroxides; commercial cobalt oxides","2024","1131643.18"
"Germany","World","Import","Cobalt","282200","Cobalt oxides and hydroxides; commercial cobalt oxides","2024","24595851.94"
"Germany","World","Export","Cobalt","282200","Cobalt oxides and hydroxides; commercial cobalt oxides","2024","3785617.129999999"
"Germany","South Africa","Export","Cobalt","282200","Cobalt oxides and hydroxides; commercial cobalt oxides","2024","2872.22"
"Denmark","United States of America","Import","Cobalt","260500","Cobalt ores and concentrates","2024","38.44"
"Denmark","World","Import","Cobalt","260500","Cobalt ores and concentrates","2024","38.44"
"Denmark","Belgium","Import","Cobalt","282200","Cobalt oxides and hydroxides; commercial cobalt oxides","2024","15591.6"
"Denmark","Germany","Export","Cobalt","282200","Cobalt oxides and hydroxides; commercial cobalt oxides","2024","111034.17"
"Denmark","Germany","Import","Cobalt","282200","Cobalt oxides and hydroxides; commercial cobalt oxides","2024","423.53"
"Denmark","Spain","Import","Cobalt","282200","Cobalt oxides and hydroxides; commercial cobalt oxides","2024","38711.25"
"Denmark","Finland","Import","Cobalt","282200","Cobalt oxides and hydroxides; commercial cobalt oxides","2024","53382.11"
"Denmark","United Kingdom","Import","Cobalt","282200","Cobalt oxides and hydroxides; commercial cobalt oxides","2024","500911.35"
"Denmark","Norway","Export","Cobalt","282200","Cobalt oxides and hydroxides; commercial cobalt oxides","2024","463.85"
"Denmark","Poland","Export","Cobalt","282200","Cobalt oxides and hydroxides; commercial cobalt oxides","2024","11673.68"
"Denmark","Romania","Export","Cobalt","282200","Cobalt oxides and hydroxides; commercial cobalt oxides","2024","5217.36"
"Denmark","Sweden","Export","Cobalt","282200","Cobalt oxides and hydroxides; commercial cobalt oxides","2024","6894.5"
"Denmark","United States of America","Import","Cobalt","282200","Cobalt oxides and hydroxides; commercial cobalt oxides","2024","1987.1"
"Denmark","World","Import","Cobalt","282200","Cobalt oxides and hydroxides; commercial cobalt oxides","2024","611006.94"
"Denmark","World","Export","Cobalt","282200","Cobalt oxides and hydroxides; commercial cobalt oxides","2024","135283.56"
"Ecuador","China","Import","Cobalt","282200","Cobalt oxides and hydroxides; commercial cobalt oxides","2024","36078.53"
"Ecuador","United States of America","Import","Cobalt","282200","Cobalt oxides and hydroxides; commercial cobalt oxides","2024","606.65"
"Ecuador","World","Import","Cobalt","282200","Cobalt oxides and hydroxides; commercial cobalt oxides","2024","36685.18"
"European Union","Switzerland","Import","Cobalt","260500","Cobalt ores and concentrates","2024","74.6842523"
"European Union","Chile","Export","Cobalt","260500","Cobalt ores and concentrates","2024","3463.6201171875"
"European Union","China","Import","Cobalt","260500","Cobalt ores and concentrates","2024","13494.0373039"
"European Union","Ecuador","Import","Cobalt","260500","Cobalt ores and concentrates","2024","29.2242727"
"European Union","United Kingdom","Import","Cobalt","260500","Cobalt ores and concentrates","2024","190472.9853687"
"European Union","United Kingdom","Export","Cobalt","260500","Cobalt ores and concentrates","2024","16495.48046875"
"European Union","India","Import","Cobalt","260500","Cobalt ores and concentrates","2024","303.0665313"
"European Union","Korea, Republic of","Import","Cobalt","260500","Cobalt ores and concentrates","2024","10.8238047"
"European Union","Morocco","Import","Cobalt","260500","Cobalt ores and concentrates","2024","413.4693391"
"European Union","Malaysia","Export","Cobalt","260500","Cobalt ores and concentrates","2024","63724.0703125"
"European Union","Serbia","Export","Cobalt","260500","Cobalt ores and concentrates","2024","2105.22998046875"
"European Union","Turkiye","Export","Cobalt","260500","Cobalt ores and concentrates","2024","232.7100067138672"
"European Union","Turkiye","Import","Cobalt","260500","Cobalt ores and concentrates","2024","121.2266125"
"European Union","United States of America","Import","Cobalt","260500","Cobalt ores and concentrates","2024","80364.5850438"
"European Union","United States of America","Export","Cobalt","260500","Cobalt ores and concentrates","2024","881.0599975585938"
"European Union","South Africa","Import","Cobalt","260500","Cobalt ores and concentrates","2024","17.3180875"
"European Union","Angola","Export","Cobalt","282200","Cobalt oxides and hydroxides; commercial cobalt oxides","2024","389.6600036621094"
"European Union","Andorra","Export","Cobalt","282200","Cobalt oxides and hydroxides; commercial cobalt oxides","2024","9.739999771118164"
"European Union","United Arab Emirates","Export","Cobalt","282200","Cobalt oxides and hydroxides; commercial cobalt oxides","2024","1022858.1875"
"European Union","Argentina","Export","Cobalt","282200","Cobalt oxides and hydroxides; commercial cobalt oxides","2024","191587.828125"
"European Union","Argentina","Import","Cobalt","282200","Cobalt oxides and hydroxides; commercial cobalt oxides","2024","1594.3464305"
"European Union","Australia","Export","Cobalt","282200","Cobalt oxides and hydroxides; commercial cobalt oxides","2024","28599.740234375"
"European Union","Australia","Import","Cobalt","282200","Cobalt oxides and hydroxides; commercial cobalt oxides","2024","1206.8542227"
"European Union","Bangladesh","Export","Cobalt","282200","Cobalt oxides and hydroxides; commercial cobalt oxides","2024","367250.625"
"European Union","Belarus","Export","Cobalt","282200","Cobalt oxides and hydroxides; commercial cobalt oxides","2024","9910.0302734375"
"European Union","Brazil","Export","Cobalt","282200","Cobalt oxides and hydroxides; commercial cobalt oxides","2024","7166152"
"European Union","Brazil","Import","Cobalt","282200","Cobalt oxides and hydroxides; commercial cobalt oxides","2024","1670341.4455602"
"European Union","Canada","Import","Cobalt","282200","Cobalt oxides and hydroxides; commercial cobalt oxides","2024","795.5496445"
"European Union","Canada","Export","Cobalt","282200","Cobalt oxides and hydroxides; commercial cobalt oxides","2024","32.47000122070313"
"European Union","Switzerland","Export","Cobalt","282200","Cobalt oxides and hydroxides; commercial cobalt oxides","2024","138976.9375"
"European Union","Switzerland","Import","Cobalt","282200","Cobalt oxides and hydroxides; commercial cobalt oxides","2024","2475.404132"
"European Union","Chile","Export","Cobalt","282200","Cobalt oxides and hydroxides; commercial cobalt oxides","2024","4445.33984375"
"European Union","China","Import","Cobalt","282200","Cobalt oxides and hydroxides; commercial cobalt oxides","2024","7517266.5706469"
"European Union","China","Export","Cobalt","282200","Cobalt oxides and hydroxides; commercial cobalt oxides","2024","2643755.75"
"European Union","Chinese Taipei","Export","Cobalt","282200","Cobalt oxides and hydroxides; commercial cobalt oxides","2024","931722.8125"
"European Union","Democratic Republic of the Congo","Import","Cobalt","282200","Cobalt oxides and hydroxides; commercial cobalt oxides","2024","123.3913734"
"European Union","Colombia","Export","Cobalt","282200","Cobalt oxides and hydroxides; commercial cobalt oxides","2024","62495.5703125"
"European Union","Costa Rica","Export","Cobalt","282200","Cobalt oxides and hydroxides; commercial cobalt oxides","2024","6775.7001953125"
"European Union","Algeria","Export","Cobalt","282200","Cobalt oxides and hydroxides; commercial cobalt oxides","2024","11365"
"European Union","Ecuador","Export","Cobalt","282200","Cobalt oxides and hydroxides; commercial cobalt oxides","2024","34621.01953125"
"European Union","Egypt","Export","Cobalt","282200","Cobalt oxides and hydroxides; commercial cobalt oxides","2024","252353.765625"
"European Union","Ethiopia","Export","Cobalt","282200","Cobalt oxides and hydroxides; commercial cobalt oxides","2024","1162.47998046875"
"European Union","United Kingdom","Import","Cobalt","282200","Cobalt oxides and hydroxides; commercial cobalt oxides","2024","5865059.3274601"
"European Union","United Kingdom","Export","Cobalt","282200","Cobalt oxides and hydroxides; commercial cobalt oxides","2024","1398810.75"
"European Union","Guatemala","Export","Cobalt","282200","Cobalt oxides and hydroxides; commercial cobalt oxides","2024","3680.090087890625"
"European Union","Hong Kong, China","Export","Cobalt","282200","Cobalt oxides and hydroxides; commercial cobalt oxides","2024","680433.0625"
"European Union","Indonesia","Export","Cobalt","282200","Cobalt oxides and hydroxides; commercial cobalt oxides","2024","1629140.625"
"European Union","India","Export","Cobalt","282200","Cobalt oxides and hydroxides; commercial cobalt oxides","2024","7773442"
"European Union","India","Import","Cobalt","282200","Cobalt oxides and hydroxides; commercial cobalt oxides","2024","1297.774182"
"European Union","Iran","Export","Cobalt","282200","Cobalt oxides and hydroxides; commercial cobalt oxides","2024","1169875.75"
"European Union","Israel","Export","Cobalt","282200","Cobalt oxides and hydroxides; commercial cobalt oxides","2024","3569.68994140625"
"European Union","Israel","Import","Cobalt","282200","Cobalt oxides and hydroxides; commercial cobalt oxides","2024","3419.2399008"
"European Union","Japan","Export","Cobalt","282200","Cobalt oxides and hydroxides; commercial cobalt oxides","2024","8010762.5"
"European Union","Japan","Import","Cobalt","282200","Cobalt oxides and hydroxides; commercial cobalt oxides","2024","30440.8683031"
"European Union","Korea, Republic of","Export","Cobalt","282200","Cobalt oxides and hydroxides; commercial cobalt oxides","2024","10945175"
"European Union","Korea, Republic of","Import","Cobalt","282200","Cobalt oxides and hydroxides; commercial cobalt oxides","2024","213497.3827"
"European Union","Kuwait, the State of","Export","Cobalt","282200","Cobalt oxides and hydroxides; commercial cobalt oxides","2024","6429.33984375"
"European Union","Morocco","Export","Cobalt","282200","Cobalt oxides and hydroxides; commercial cobalt oxides","2024","3997.22998046875"
"European Union","Moldova, Republic of","Export","Cobalt","282200","Cobalt oxides and hydroxides; commercial cobalt oxides","2024","2763.320068359375"
"European Union","Mexico","Export","Cobalt","282200","Cobalt oxides and hydroxides; commercial cobalt oxides","2024","6252774.5"
"European Union","North Macedonia","Export","Cobalt","282200","Cobalt oxides and hydroxides; commercial cobalt oxides","2024","51.95000076293945"
"European Union","Malaysia","Export","Cobalt","282200","Cobalt oxides and hydroxides; commercial cobalt oxides","2024","1402380.875"
"European Union","Malaysia","Import","Cobalt","282200","Cobalt oxides and hydroxides; commercial cobalt oxides","2024","121.2266125"
"European Union","Nigeria","Export","Cobalt","282200","Cobalt oxides and hydroxides; commercial cobalt oxides","2024","412415.09375"
"European Union","Norway","Import","Cobalt","282200","Cobalt oxides and hydroxides; commercial cobalt oxides","2024","15042.9237547"
"European Union","Norway","Export","Cobalt","282200","Cobalt oxides and hydroxides; commercial cobalt oxides","2024","816.9099731445312"
"European Union","Pakistan","Export","Cobalt","282200","Cobalt oxides and hydroxides; commercial cobalt oxides","2024","208528.171875"
"European Union","Philippines","Export","Cobalt","282200","Cobalt oxides and hydroxides; commercial cobalt oxides","2024","475977.875"
"European Union","Qatar","Export","Cobalt","282200","Cobalt oxides and hydroxides; commercial cobalt oxides","2024","3151.889892578125"
"European Union","Russian Federation","Export","Cobalt","282200","Cobalt oxides and hydroxides; commercial cobalt oxides","2024","76593.5703125"
"European Union","Saudi Arabia, Kingdom of","Export","Cobalt","282200","Cobalt oxides and hydroxides; commercial cobalt oxides","2024","116456.5625"
"European Union","Senegal","Export","Cobalt","282200","Cobalt oxides and hydroxides; commercial cobalt oxides","2024","2919.179931640625"
"European Union","Singapore","Export","Cobalt","282200","Cobalt oxides and hydroxides; commercial cobalt oxides","2024","395411.03125"
"European Union","Singapore","Import","Cobalt","282200","Cobalt oxides and hydroxides; commercial cobalt oxides","2024","29.2242727"
"European Union","Serbia","Export","Cobalt","282200","Cobalt oxides and hydroxides; commercial cobalt oxides","2024","198929.3125"
"European Union","Thailand","Export","Cobalt","282200","Cobalt oxides and hydroxides; commercial cobalt oxides","2024","357570.875"
"European Union","Tunisia","Export","Cobalt","282200","Cobalt oxides and hydroxides; commercial cobalt oxides","2024","85.51000213623047"
"European Union","Turkiye","Export","Cobalt","282200","Cobalt oxides and hydroxides; commercial cobalt oxides","2024","5565458.5"
"European Union","Turkiye","Import","Cobalt","282200","Cobalt oxides and hydroxides; commercial cobalt oxides","2024","5628.3784375"
"European Union","Tanzania","Import","Cobalt","282200","Cobalt oxides and hydroxides; commercial cobalt oxides","2024","128.8032758"
"European Union","Ukraine","Export","Cobalt","282200","Cobalt oxides and hydroxides; commercial cobalt oxides","2024","96487.09375"
"European Union","Ukraine","Import","Cobalt","282200","Cobalt oxides and hydroxides; commercial cobalt oxides","2024","1861.6944062"
"European Union","United States of America","Export","Cobalt","282200","Cobalt oxides and hydroxides; commercial cobalt oxides","2024","18735720"
"European Union","United States of America","Import","Cobalt","282200","Cobalt oxides and hydroxides; commercial cobalt oxides","2024","31535.154957"
"European Union","Uzbekistan","Export","Cobalt","282200","Cobalt oxides and hydroxides; commercial cobalt oxides","2024","76.8499984741211"
"European Union","Viet Nam","Export","Cobalt","282200","Cobalt oxides and hydroxides; commercial cobalt oxides","2024","1231061.625"
"European Union","South Africa","Export","Cobalt","282200","Cobalt oxides and hydroxides; commercial cobalt oxides","2024","55955.8203125"
"European Union","South Africa","Import","Cobalt","282200","Cobalt oxides and hydroxides; commercial cobalt oxides","2024","14.0709461"
"Egypt","Belgium","Import","Cobalt","282200","Cobalt oxides and hydroxides; commercial cobalt oxides","2024","145749.88"
"Egypt","China","Import","Cobalt","282200","Cobalt oxides and hydroxides; commercial cobalt oxides","2024","105133.29"
"Egypt","European Union","Import","Cobalt","282200","Cobalt oxides and hydroxides; commercial cobalt oxides","2024","545322.1"
"Egypt","Spain","Import","Cobalt","282200","Cobalt oxides and hydroxides; commercial cobalt oxides","2024","30377.1"
"Egypt","Finland","Import","Cobalt","282200","Cobalt oxides and hydroxides; commercial cobalt oxides","2024","369195.12"
"Egypt","India","Import","Cobalt","282200","Cobalt oxides and hydroxides; commercial cobalt oxides","2024","12.6"
"Egypt","World","Import","Cobalt","282200","Cobalt oxides and hydroxides; commercial cobalt oxides","2024","650467.99"
"Spain","Chile","Export","Cobalt","260500","Cobalt ores and concentrates","2024","3353.2"
"Spain","China","Import","Cobalt","260500","Cobalt ores and concentrates","2024","834.98"
"Spain","India","Import","Cobalt","260500","Cobalt ores and concentrates","2024","293.72"
"Spain","Morocco","Import","Cobalt","260500","Cobalt ores and concentrates","2024","399.94"
"Spain","Poland","Import","Cobalt","260500","Cobalt ores and concentrates","2024","7701.88"
"Spain","Portugal","Export","Cobalt","260500","Cobalt ores and concentrates","2024","1121.8"
"Spain","Turkiye","Export","Cobalt","260500","Cobalt ores and concentrates","2024","222.67"
"Spain","World","Import","Cobalt","260500","Cobalt ores and concentrates","2024","9230.52"
"Spain","World","Export","Cobalt","260500","Cobalt ores and concentrates","2024","4697.67"
"Spain","Belgium","Import","Cobalt","282200","Cobalt oxides and hydroxides; commercial cobalt oxides","2024","9090184.33"
"Spain","Bangladesh","Export","Cobalt","282200","Cobalt oxides and hydroxides; commercial cobalt oxides","2024","1458.64"
"Spain","Switzerland","Import","Cobalt","282200","Cobalt oxides and hydroxides; commercial cobalt oxides","2024","730.21"
"Spain","Switzerland","Export","Cobalt","282200","Cobalt oxides and hydroxides; commercial cobalt oxides","2024","504.24"
"Spain","Chile","Export","Cobalt","282200","Cobalt oxides and hydroxides; commercial cobalt oxides","2024","4303.92"
"Spain","China","Import","Cobalt","282200","Cobalt oxides and hydroxides; commercial cobalt oxides","2024","13981388.98"
"Spain","Democratic Republic of the Congo","Import","Cobalt","282200","Cobalt oxides and hydroxides; commercial cobalt oxides","2024","119.83"
"Spain","Colombia","Export","Cobalt","282200","Cobalt oxides and hydroxides; commercial cobalt oxides","2024","8545.42"
"Spain","Germany","Import","Cobalt","282200","Cobalt oxides and hydroxides; commercial cobalt oxides","2024","478380.65"
"Spain","Germany","Export","Cobalt","282200","Cobalt oxides and hydroxides; commercial cobalt oxides","2024","54756.81"
"Spain","Ecuador","Export","Cobalt","282200","Cobalt oxides and hydroxides; commercial cobalt oxides","2024","33517.85"
"Spain","Egypt","Export","Cobalt","282200","Cobalt oxides and hydroxides; commercial cobalt oxides","2024","28193.08"
"Spain","Ethiopia","Export","Cobalt","282200","Cobalt oxides and hydroxides; commercial cobalt oxides","2024","1125.26"
"Spain","Finland","Import","Cobalt","282200","Cobalt oxides and hydroxides; commercial cobalt oxides","2024","145044.22"
"Spain","France","Import","Cobalt","282200","Cobalt oxides and hydroxides; commercial cobalt oxides","2024","43706.04"
"Spain","France","Export","Cobalt","282200","Cobalt oxides and hydroxides; commercial cobalt oxides","2024","11582.8"
"Spain","United Kingdom","Export","Cobalt","282200","Cobalt oxides and hydroxides; commercial cobalt oxides","2024","10850.75"
"Spain","United Kingdom","Import","Cobalt","282200","Cobalt oxides and hydroxides; commercial cobalt oxides","2024","2354.78"
"Spain","Greece","Export","Cobalt","282200","Cobalt oxides and hydroxides; commercial cobalt oxides","2024","378.19"
"Spain","India","Import","Cobalt","282200","Cobalt oxides and hydroxides; commercial cobalt oxides","2024","73.23"
"Spain","Iran","Export","Cobalt","282200","Cobalt oxides and hydroxides; commercial cobalt oxides","2024","24205.91"
"Spain","Italy","Export","Cobalt","282200","Cobalt oxides and hydroxides; commercial cobalt oxides","2024","359298.15"
"Spain","Italy","Import","Cobalt","282200","Cobalt oxides and hydroxides; commercial cobalt oxides","2024","198595.87"
"Spain","Latvia","Export","Cobalt","282200","Cobalt oxides and hydroxides; commercial cobalt oxides","2024","52.8"
"Spain","Netherlands","Export","Cobalt","282200","Cobalt oxides and hydroxides; commercial cobalt oxides","2024","84232.94"
"Spain","Portugal","Export","Cobalt","282200","Cobalt oxides and hydroxides; commercial cobalt oxides","2024","251513.77"
"Spain","Portugal","Import","Cobalt","282200","Cobalt oxides and hydroxides; commercial cobalt oxides","2024","36675.63"
"Spain","Thailand","Export","Cobalt","282200","Cobalt oxides and hydroxides; commercial cobalt oxides","2024","945.23"
"Spain","United States of America","Import","Cobalt","282200","Cobalt oxides and hydroxides; commercial cobalt oxides","2024","8026.04"
"Spain","World","Import","Cobalt","282200","Cobalt oxides and hydroxides; commercial cobalt oxides","2024","23985279.81"
"Spain","World","Export","Cobalt","282200","Cobalt oxides and hydroxides; commercial cobalt oxides","2024","875973.71"
"Spain","South Africa","Export","Cobalt","282200","Cobalt oxides and hydroxides; commercial cobalt oxides","2024","507.95"
"Estonia","Switzerland","Import","Cobalt","282200","Cobalt oxides and hydroxides; commercial cobalt oxides","2024","83.87"
"Estonia","China","Import","Cobalt","282200","Cobalt oxides and hydroxides; commercial cobalt oxides","2024","2359.98"
"Estonia","Finland","Import","Cobalt","282200","Cobalt oxides and hydroxides; commercial cobalt oxides","2024","1063.17"
"Estonia","Norway","Import","Cobalt","282200","Cobalt oxides and hydroxides; commercial cobalt oxides","2024","981.08"
"Estonia","World","Import","Cobalt","282200","Cobalt oxides and hydroxides; commercial cobalt oxides","2024","4488.1"
"Ethiopia","United States of America","Import","Cobalt","282200","Cobalt oxides and hydroxides; commercial cobalt oxides","2024","74"
"Ethiopia","World","Import","Cobalt","282200","Cobalt oxides and hydroxides; commercial cobalt oxides","2024","74"
"Finland","Austria","Import","Cobalt","260500","Cobalt ores and concentrates","2024","131430.77"
"Finland","China","Import","Cobalt","260500","Cobalt ores and concentrates","2024","9.43"
"Finland","Germany","Import","Cobalt","260500","Cobalt ores and concentrates","2024","205527.06"
"Finland","World","Import","Cobalt","260500","Cobalt ores and concentrates","2024","336967.26"
"France","Belgium","Export","Cobalt","260500","Cobalt ores and concentrates","2024","896.21"
"France","China","Import","Cobalt","260500","Cobalt ores and concentrates","2024","253.28"
"France","Germany","Export","Cobalt","260500","Cobalt ores and concentrates","2024","36855.06"
"France","Italy","Export","Cobalt","260500","Cobalt ores and concentrates","2024","4444.25"
"France","World","Export","Cobalt","260500","Cobalt ores and concentrates","2024","42195.52"
"France","World","Import","Cobalt","260500","Cobalt ores and concentrates","2024","253.28"
"France","Belgium","Import","Cobalt","282200","Cobalt oxides and hydroxides; commercial cobalt oxides","2024","1611255.36"
"France","Belgium","Export","Cobalt","282200","Cobalt oxides and hydroxides; commercial cobalt oxides","2024","3524.23"
"France","Brazil","Import","Cobalt","282200","Cobalt oxides and hydroxides; commercial cobalt oxides","2024","18.4"
"France","Switzerland","Import","Cobalt","282200","Cobalt oxides and hydroxides; commercial cobalt oxides","2024","1720.98"
"France","Switzerland","Export","Cobalt","282200","Cobalt oxides and hydroxides; commercial cobalt oxides","2024","80.1"
"France","China","Import","Cobalt","282200","Cobalt oxides and hydroxides; commercial cobalt oxides","2024","1798604.6"
"France","China","Export","Cobalt","282200","Cobalt oxides and hydroxides; commercial cobalt oxides","2024","1767.53"
"France","Czech Republic","Export","Cobalt","282200","Cobalt oxides and hydroxides; commercial cobalt oxides","2024","1065.06"
"France","Germany","Export","Cobalt","282200","Cobalt oxides and hydroxides; commercial cobalt oxides","2024","285615.31"
"France","Germany","Import","Cobalt","282200","Cobalt oxides and hydroxides; commercial cobalt oxides","2024","161038.73"
"France","Egypt","Export","Cobalt","282200","Cobalt oxides and hydroxides; commercial cobalt oxides","2024","36987.11"
"France","Spain","Import","Cobalt","282200","Cobalt oxides and hydroxides; commercial cobalt oxides","2024","4068.67"
"France","Spain","Export","Cobalt","282200","Cobalt oxides and hydroxides; commercial cobalt oxides","2024","1498.02"
"France","Finland","Import","Cobalt","282200","Cobalt oxides and hydroxides; commercial cobalt oxides","2024","452213.14"
"France","United Kingdom","Import","Cobalt","282200","Cobalt oxides and hydroxides; commercial cobalt oxides","2024","4989582.34"
"France","Italy","Import","Cobalt","282200","Cobalt oxides and hydroxides; commercial cobalt oxides","2024","24298.36"
"France","Italy","Export","Cobalt","282200","Cobalt oxides and hydroxides; commercial cobalt oxides","2024","116.9"
"France","Japan","Import","Cobalt","282200","Cobalt oxides and hydroxides; commercial cobalt oxides","2024","2717.86"
"France","Morocco","Export","Cobalt","282200","Cobalt oxides and hydroxides; commercial cobalt oxides","2024","3020.92"
"France","North Macedonia","Export","Cobalt","282200","Cobalt oxides and hydroxides; commercial cobalt oxides","2024","51.95"
"France","Netherlands","Import","Cobalt","282200","Cobalt oxides and hydroxides; commercial cobalt oxides","2024","3469.03"
"France","Netherlands","Export","Cobalt","282200","Cobalt oxides and hydroxides; commercial cobalt oxides","2024","1582.44"
"France","Norway","Import","Cobalt","282200","Cobalt oxides and hydroxides; commercial cobalt oxides","2024","24.89"
"France","Portugal","Export","Cobalt","282200","Cobalt oxides and hydroxides; commercial cobalt oxides","2024","77.93"
"France","Romania","Export","Cobalt","282200","Cobalt oxides and hydroxides; commercial cobalt oxides","2024","251.11"
"France","Russian Federation","Import","Cobalt","282200","Cobalt oxides and hydroxides; commercial cobalt oxides","2024","126.64"
"France","Serbia","Export","Cobalt","282200","Cobalt oxides and hydroxides; commercial cobalt oxides","2024","4221.28"
"France","Turkiye","Export","Cobalt","282200","Cobalt oxides and hydroxides; commercial cobalt oxides","2024","169067.83"
"France","United States of America","Import","Cobalt","282200","Cobalt oxides and hydroxides; commercial cobalt oxides","2024","4167.16"
"France","United States of America","Export","Cobalt","282200","Cobalt oxides and hydroxides; commercial cobalt oxides","2024","224.05"
"France","World","Import","Cobalt","282200","Cobalt oxides and hydroxides; commercial cobalt oxides","2024","9053306.16"
"France","World","Export","Cobalt","282200","Cobalt oxides and hydroxides; commercial cobalt oxides","2024","509151.77"
"United Kingdom","United Arab Emirates","Export","Cobalt","260500","Cobalt ores and concentrates","2024","122010.46"
"United Kingdom","Belgium","Export","Cobalt","260500","Cobalt ores and concentrates","2024","21866.76"
"United Kingdom","Brazil","Export","Cobalt","260500","Cobalt ores and concentrates","2024","16116.29"
"United Kingdom","Czech Republic","Export","Cobalt","260500","Cobalt ores and concentrates","2024","20612.41"
"United Kingdom","Germany","Export","Cobalt","260500","Cobalt ores and concentrates","2024","36967.14"
"United Kingdom","European Union","Export","Cobalt","260500","Cobalt ores and concentrates","2024","245100.234375"
"United Kingdom","European Union","Import","Cobalt","260500","Cobalt ores and concentrates","2024","20292.3109894"
"United Kingdom","France","Export","Cobalt","260500","Cobalt ores and concentrates","2024","3293.78"
"United Kingdom","India","Export","Cobalt","260500","Cobalt ores and concentrates","2024","63274.22"
"United Kingdom","Ireland","Export","Cobalt","260500","Cobalt ores and concentrates","2024","59928.44"
"United Kingdom","Ireland","Import","Cobalt","260500","Cobalt ores and concentrates","2024","16413.2933001"
"United Kingdom","Italy","Export","Cobalt","260500","Cobalt ores and concentrates","2024","36699.53"
"United Kingdom","Japan","Import","Cobalt","260500","Cobalt ores and concentrates","2024","102.2475832"
"United Kingdom","Netherlands","Export","Cobalt","260500","Cobalt ores and concentrates","2024","65732.18"
"United Kingdom","Netherlands","Import","Cobalt","260500","Cobalt ores and concentrates","2024","3879.0176893"
"United Kingdom","World","Export","Cobalt","260500","Cobalt ores and concentrates","2024","446501.2100000001"
"United Kingdom","World","Import","Cobalt","260500","Cobalt ores and concentrates","2024","20394.5585726"
"United Kingdom","Argentina","Export","Cobalt","282200","Cobalt oxides and hydroxides; commercial cobalt oxides","2024","1173.18"
"United Kingdom","Australia","Export","Cobalt","282200","Cobalt oxides and hydroxides; commercial cobalt oxides","2024","3146.65"
"United Kingdom","Belgium","Import","Cobalt","282200","Cobalt oxides and hydroxides; commercial cobalt oxides","2024","397437.6341607"
"United Kingdom","Belgium","Export","Cobalt","282200","Cobalt oxides and hydroxides; commercial cobalt oxides","2024","9957.42"
"United Kingdom","Canada","Export","Cobalt","282200","Cobalt oxides and hydroxides; commercial cobalt oxides","2024","18467.72"
"United Kingdom","China","Export","Cobalt","282200","Cobalt oxides and hydroxides; commercial cobalt oxides","2024","1071939.26"
"United Kingdom","China","Import","Cobalt","282200","Cobalt oxides and hydroxides; commercial cobalt oxides","2024","47949.0041618"
"United Kingdom","Germany","Export","Cobalt","282200","Cobalt oxides and hydroxides; commercial cobalt oxides","2024","14770.62"
"United Kingdom","Germany","Import","Cobalt","282200","Cobalt oxides and hydroxides; commercial cobalt oxides","2024","4799.2459385"
"United Kingdom","Denmark","Export","Cobalt","282200","Cobalt oxides and hydroxides; commercial cobalt oxides","2024","497108.92"
"United Kingdom","European Union","Export","Cobalt","282200","Cobalt oxides and hydroxides; commercial cobalt oxides","2024","5760648"
"United Kingdom","European Union","Import","Cobalt","282200","Cobalt oxides and hydroxides; commercial cobalt oxides","2024","1965065.628074"
"United Kingdom","Egypt","Export","Cobalt","282200","Cobalt oxides and hydroxides; commercial cobalt oxides","2024","3792.22"
"United Kingdom","Finland","Import","Cobalt","282200","Cobalt oxides and hydroxides; commercial cobalt oxides","2024","1562828.7479748"
"United Kingdom","France","Export","Cobalt","282200","Cobalt oxides and hydroxides; commercial cobalt oxides","2024","4913450"
"United Kingdom","India","Export","Cobalt","282200","Cobalt oxides and hydroxides; commercial cobalt oxides","2024","1185.86"
"United Kingdom","Iceland","Export","Cobalt","282200","Cobalt oxides and hydroxides; commercial cobalt oxides","2024","1972.21"
"United Kingdom","Italy","Export","Cobalt","282200","Cobalt oxides and hydroxides; commercial cobalt oxides","2024","318011.01"
"United Kingdom","Korea, Republic of","Export","Cobalt","282200","Cobalt oxides and hydroxides; commercial cobalt oxides","2024","68051.9"
"United Kingdom","Luxembourg","Export","Cobalt","282200","Cobalt oxides and hydroxides; commercial cobalt oxides","2024","2476.99"
"United Kingdom","Netherlands","Export","Cobalt","282200","Cobalt oxides and hydroxides; commercial cobalt oxides","2024","4872.81"
"United Kingdom","New Zealand","Export","Cobalt","282200","Cobalt oxides and hydroxides; commercial cobalt oxides","2024","3543.63"
"United Kingdom","Ukraine","Import","Cobalt","282200","Cobalt oxides and hydroxides; commercial cobalt oxides","2024","1220.580525"
"United Kingdom","United States of America","Export","Cobalt","282200","Cobalt oxides and hydroxides; commercial cobalt oxides","2024","9152987.54"
"United Kingdom","United States of America","Import","Cobalt","282200","Cobalt oxides and hydroxides; commercial cobalt oxides","2024","6109.2930988"
"United Kingdom","World","Export","Cobalt","282200","Cobalt oxides and hydroxides; commercial cobalt oxides","2024","16086907.94"
"United Kingdom","World","Import","Cobalt","282200","Cobalt oxides and hydroxides; commercial cobalt oxides","2024","2044343.2917415"
"United Kingdom","Zambia","Import","Cobalt","282200","Cobalt oxides and hydroxides; commercial cobalt oxides","2024","23998.7858819"
"Georgia","Germany","Import","Cobalt","282200","Cobalt oxides and hydroxides; commercial cobalt oxides","2024","114.05"
"Georgia","European Union","Import","Cobalt","282200","Cobalt oxides and hydroxides; commercial cobalt oxides","2024","114.05"
"Georgia","Turkiye","Import","Cobalt","282200","Cobalt oxides and hydroxides; commercial cobalt oxides","2024","48.21"
"Georgia","World","Import","Cobalt","282200","Cobalt oxides and hydroxides; commercial cobalt oxides","2024","162.26"
"Greece","Belgium","Import","Cobalt","282200","Cobalt oxides and hydroxides; commercial cobalt oxides","2024","68.19"
"Greece","Germany","Import","Cobalt","282200","Cobalt oxides and hydroxides; commercial cobalt oxides","2024","754.42"
"Greece","Italy","Import","Cobalt","282200","Cobalt oxides and hydroxides; commercial cobalt oxides","2024","71112.4"
"Greece","Netherlands","Import","Cobalt","282200","Cobalt oxides and hydroxides; commercial cobalt oxides","2024","55625.7"
"Greece","World","Import","Cobalt","282200","Cobalt oxides and hydroxides; commercial cobalt oxides","2024","127560.71"
"Guatemala","Argentina","Import","Cobalt","260500","Cobalt ores and concentrates","2024","5004"
"Guatemala","Hong Kong, China","Import","Cobalt","260500","Cobalt ores and concentrates","2024","20"
"Guatemala","El Salvador","Export","Cobalt","260500","Cobalt ores and concentrates","2024","6"
"Guatemala","World","Import","Cobalt","260500","Cobalt ores and concentrates","2024","5024"
"Guatemala","World","Export","Cobalt","260500","Cobalt ores and concentrates","2024","6"
"Guatemala","Costa Rica","Export","Cobalt","282200","Cobalt oxides and hydroxides; commercial cobalt oxides","2024","5908"
"Guatemala","European Union","Import","Cobalt","282200","Cobalt oxides and hydroxides; commercial cobalt oxides","2024","9388"
"Guatemala","Finland","Import","Cobalt","282200","Cobalt oxides and hydroxides; commercial cobalt oxides","2024","4739"
"Guatemala","Italy","Import","Cobalt","282200","Cobalt oxides and hydroxides; commercial cobalt oxides","2024","4649"
"Guatemala","World","Import","Cobalt","282200","Cobalt oxides and hydroxides; commercial cobalt oxides","2024","9388"
"Guatemala","World","Export","Cobalt","282200","Cobalt oxides and hydroxides; commercial cobalt oxides","2024","5908"
"Hong Kong, China","Belgium","Import","Cobalt","282200","Cobalt oxides and hydroxides; commercial cobalt oxides","2024","14926.6386178"
"Hong Kong, China","China","Export","Cobalt","282200","Cobalt oxides and hydroxides; commercial cobalt oxides","2024","553021.41"
"Hong Kong, China","China","Import","Cobalt","282200","Cobalt oxides and hydroxides; commercial cobalt oxides","2024","435574.2690558"
"Hong Kong, China","European Union","Import","Cobalt","282200","Cobalt oxides and hydroxides; commercial cobalt oxides","2024","96866.3690922"
"Hong Kong, China","Finland","Import","Cobalt","282200","Cobalt oxides and hydroxides; commercial cobalt oxides","2024","81939.7304744"
"Hong Kong, China","World","Export","Cobalt","282200","Cobalt oxides and hydroxides; commercial cobalt oxides","2024","553021.41"
"Hong Kong, China","World","Import","Cobalt","282200","Cobalt oxides and hydroxides; commercial cobalt oxides","2024","532440.638148"
"Croatia","Austria","Import","Cobalt","282200","Cobalt oxides and hydroxides; commercial cobalt oxides","2024","33"
"Croatia","Germany","Import","Cobalt","282200","Cobalt oxides and hydroxides; commercial cobalt oxides","2024","1901"
"Croatia","Spain","Import","Cobalt","282200","Cobalt oxides and hydroxides; commercial cobalt oxides","2024","3679"
"Croatia","United Kingdom","Import","Cobalt","282200","Cobalt oxides and hydroxides; commercial cobalt oxides","2024","498"
"Croatia","World","Import","Cobalt","282200","Cobalt oxides and hydroxides; commercial cobalt oxides","2024","6111"
"Hungary","China","Import","Cobalt","260500","Cobalt ores and concentrates","2024","12653.04"
"Hungary","Korea, Republic of","Import","Cobalt","260500","Cobalt ores and concentrates","2024","3.97"
"Hungary","World","Import","Cobalt","260500","Cobalt ores and concentrates","2024","12657.01"
"Hungary","Austria","Import","Cobalt","282200","Cobalt oxides and hydroxides; commercial cobalt oxides","2024","537.09"
"Hungary","China","Export","Cobalt","282200","Cobalt oxides and hydroxides; commercial cobalt oxides","2024","560497.68"
"Hungary","Germany","Import","Cobalt","282200","Cobalt oxides and hydroxides; commercial cobalt oxides","2024","743.41"
"Hungary","Croatia","Export","Cobalt","282200","Cobalt oxides and hydroxides; commercial cobalt oxides","2024","185.4"
"Hungary","Italy","Import","Cobalt","282200","Cobalt oxides and hydroxides; commercial cobalt oxides","2024","10898.61"
"Hungary","Poland","Import","Cobalt","282200","Cobalt oxides and hydroxides; commercial cobalt oxides","2024","1324.19"
"Hungary","Romania","Export","Cobalt","282200","Cobalt oxides and hydroxides; commercial cobalt oxides","2024","2556.6"
"Hungary","Serbia","Export","Cobalt","282200","Cobalt oxides and hydroxides; commercial cobalt oxides","2024","196062.85"
"Hungary","Slovak Republic","Export","Cobalt","282200","Cobalt oxides and hydroxides; commercial cobalt oxides","2024","618.67"
"Hungary","World","Export","Cobalt","282200","Cobalt oxides and hydroxides; commercial cobalt oxides","2024","759921.2000000001"
"Hungary","World","Import","Cobalt","282200","Cobalt oxides and hydroxides; commercial cobalt oxides","2024","13503.3"
"Indonesia","China","Import","Cobalt","260500","Cobalt ores and concentrates","2024","2586"
"Indonesia","Chinese Taipei","Import","Cobalt","260500","Cobalt ores and concentrates","2024","43"
"Indonesia","United States of America","Import","Cobalt","260500","Cobalt ores and concentrates","2024","200"
"Indonesia","World","Import","Cobalt","260500","Cobalt ores and concentrates","2024","2829"
"Indonesia","China","Import","Cobalt","282200","Cobalt oxides and hydroxides; commercial cobalt oxides","2024","1308442"
"Indonesia","Germany","Import","Cobalt","282200","Cobalt oxides and hydroxides; commercial cobalt oxides","2024","1105"
"Indonesia","European Union","Import","Cobalt","282200","Cobalt oxides and hydroxides; commercial cobalt oxides","2024","3366"
"Indonesia","Spain","Import","Cobalt","282200","Cobalt oxides and hydroxides; commercial cobalt oxides","2024","2208"
"Indonesia","Finland","Import","Cobalt","282200","Cobalt oxides and hydroxides; commercial cobalt oxides","2024","53"
"Indonesia","India","Import","Cobalt","282200","Cobalt oxides and hydroxides; commercial cobalt oxides","2024","95"
"Indonesia","Malaysia","Import","Cobalt","282200","Cobalt oxides and hydroxides; commercial cobalt oxides","2024","765"
"Indonesia","United States of America","Import","Cobalt","282200","Cobalt oxides and hydroxides; commercial cobalt oxides","2024","224940"
"Indonesia","World","Import","Cobalt","282200","Cobalt oxides and hydroxides; commercial cobalt oxides","2024","1537608"
"India","Canada","Import","Cobalt","260500","Cobalt ores and concentrates","2024","54587.93"
"India","United Kingdom","Import","Cobalt","260500","Cobalt ores and concentrates","2024","49210.03"
"India","World","Import","Cobalt","260500","Cobalt ores and concentrates","2024","103797.96"
"India","United Arab Emirates","Export","Cobalt","282200","Cobalt oxides and hydroxides; commercial cobalt oxides","2024","714092.33"
"India","Australia","Export","Cobalt","282200","Cobalt oxides and hydroxides; commercial cobalt oxides","2024","2824.41"
"India","Belgium","Import","Cobalt","282200","Cobalt oxides and hydroxides; commercial cobalt oxides","2024","518470.37"
"India","Bangladesh","Export","Cobalt","282200","Cobalt oxides and hydroxides; commercial cobalt oxides","2024","259714.09"
"India","Switzerland","Import","Cobalt","282200","Cobalt oxides and hydroxides; commercial cobalt oxides","2024","103.85"
"India","China","Import","Cobalt","282200","Cobalt oxides and hydroxides; commercial cobalt oxides","2024","1524829.41"
"India","Chinese Taipei","Import","Cobalt","282200","Cobalt oxides and hydroxides; commercial cobalt oxides","2024","27635.53"
"India","Germany","Import","Cobalt","282200","Cobalt oxides and hydroxides; commercial cobalt oxides","2024","737849"
"India","Germany","Export","Cobalt","282200","Cobalt oxides and hydroxides; commercial cobalt oxides","2024","625.51"
"India","European Union","Import","Cobalt","282200","Cobalt oxides and hydroxides; commercial cobalt oxides","2024","7279402.48"
"India","European Union","Export","Cobalt","282200","Cobalt oxides and hydroxides; commercial cobalt oxides","2024","726267.25"
"India","Finland","Import","Cobalt","282200","Cobalt oxides and hydroxides; commercial cobalt oxides","2024","6023083.11"
"India","United Kingdom","Import","Cobalt","282200","Cobalt oxides and hydroxides; commercial cobalt oxides","2024","1517.53"
"India","Indonesia","Export","Cobalt","282200","Cobalt oxides and hydroxides; commercial cobalt oxides","2024","54.17"
"India","Japan","Import","Cobalt","282200","Cobalt oxides and hydroxides; commercial cobalt oxides","2024","71.52"
"India","Kenya","Export","Cobalt","282200","Cobalt oxides and hydroxides; commercial cobalt oxides","2024","12.4"
"India","Sri Lanka","Export","Cobalt","282200","Cobalt oxides and hydroxides; commercial cobalt oxides","2024","100.17"
"India","Morocco","Import","Cobalt","282200","Cobalt oxides and hydroxides; commercial cobalt oxides","2024","20926.97"
"India","Netherlands","Export","Cobalt","282200","Cobalt oxides and hydroxides; commercial cobalt oxides","2024","725641.72"
"India","Nepal","Export","Cobalt","282200","Cobalt oxides and hydroxides; commercial cobalt oxides","2024","1683.33"
"India","Oman","Export","Cobalt","282200","Cobalt oxides and hydroxides; commercial cobalt oxides","2024","10177.21"
"India","Thailand","Export","Cobalt","282200","Cobalt oxides and hydroxides; commercial cobalt oxides","2024","129.99"
"India","United States of America","Export","Cobalt","282200","Cobalt oxides and hydroxides; commercial cobalt oxides","2024","101683.6"
"India","United States of America","Import","Cobalt","282200","Cobalt oxides and hydroxides; commercial cobalt oxides","2024","1304.02"
"India","World","Import","Cobalt","282200","Cobalt oxides and hydroxides; commercial cobalt oxides","2024","8855791.309999999"
"India","World","Export","Cobalt","282200","Cobalt oxides and hydroxides; commercial cobalt oxides","2024","1816924.82"
"India","South Africa","Export","Cobalt","282200","Cobalt oxides and hydroxides; commercial cobalt oxides","2024","185.89"
"Ireland","Switzerland","Import","Cobalt","260500","Cobalt ores and concentrates","2024","74.68"
"Ireland","United Kingdom","Export","Cobalt","260500","Cobalt ores and concentrates","2024","15020.19"
"Ireland","United Kingdom","Import","Cobalt","260500","Cobalt ores and concentrates","2024","100.66"
"Ireland","United States of America","Import","Cobalt","260500","Cobalt ores and concentrates","2024","79043"
"Ireland","World","Import","Cobalt","260500","Cobalt ores and concentrates","2024","79218.34"
"Ireland","World","Export","Cobalt","260500","Cobalt ores and concentrates","2024","15020.19"
"Ireland","Australia","Import","Cobalt","282200","Cobalt oxides and hydroxides; commercial cobalt oxides","2024","1206.85"
"Ireland","China","Import","Cobalt","282200","Cobalt oxides and hydroxides; commercial cobalt oxides","2024","85.51"
"Ireland","Germany","Import","Cobalt","282200","Cobalt oxides and hydroxides; commercial cobalt oxides","2024","986.05"
"Ireland","United Kingdom","Import","Cobalt","282200","Cobalt oxides and hydroxides; commercial cobalt oxides","2024","58868.51"
"Ireland","Japan","Import","Cobalt","282200","Cobalt oxides and hydroxides; commercial cobalt oxides","2024","106.07"
"Ireland","United States of America","Import","Cobalt","282200","Cobalt oxides and hydroxides; commercial cobalt oxides","2024","4036.2"
"Ireland","World","Import","Cobalt","282200","Cobalt oxides and hydroxides; commercial cobalt oxides","2024","65289.19"
"Iran","United Arab Emirates","Import","Cobalt","282200","Cobalt oxides and hydroxides; commercial cobalt oxides","2024","606306"
"Iran","China","Import","Cobalt","282200","Cobalt oxides and hydroxides; commercial cobalt oxides","2024","1353558"
"Iran","Germany","Import","Cobalt","282200","Cobalt oxides and hydroxides; commercial cobalt oxides","2024","709030"
"Iran","European Union","Import","Cobalt","282200","Cobalt oxides and hydroxides; commercial cobalt oxides","2024","799764"
"Iran","Spain","Import","Cobalt","282200","Cobalt oxides and hydroxides; commercial cobalt oxides","2024","41226"
"Iran","Italy","Import","Cobalt","282200","Cobalt oxides and hydroxides; commercial cobalt oxides","2024","49508"
"Iran","Turkiye","Import","Cobalt","282200","Cobalt oxides and hydroxides; commercial cobalt oxides","2024","87404"
"Iran","World","Import","Cobalt","282200","Cobalt oxides and hydroxides; commercial cobalt oxides","2024","2847032"
"Iceland","China","Import","Cobalt","282200","Cobalt oxides and hydroxides; commercial cobalt oxides","2024","1142.6263089"
"Iceland","United Kingdom","Import","Cobalt","282200","Cobalt oxides and hydroxides; commercial cobalt oxides","2024","783.2414913"
"Iceland","World","Import","Cobalt","282200","Cobalt oxides and hydroxides; commercial cobalt oxides","2024","1925.8678002"
"Israel","United States of America","Import","Cobalt","260500","Cobalt ores and concentrates","2024","1000"
"Israel","World","Import","Cobalt","260500","Cobalt ores and concentrates","2024","1000"
"Israel","Germany","Import","Cobalt","282200","Cobalt oxides and hydroxides; commercial cobalt oxides","2024","2000"
"Israel","European Union","Import","Cobalt","282200","Cobalt oxides and hydroxides; commercial cobalt oxides","2024","2000"
"Israel","United Kingdom","Import","Cobalt","282200","Cobalt oxides and hydroxides; commercial cobalt oxides","2024","2000"
"Israel","World","Import","Cobalt","282200","Cobalt oxides and hydroxides; commercial cobalt oxides","2024","4000"
"Italy","France","Export","Cobalt","260500","Cobalt ores and concentrates","2024","5452424.75"
"Italy","France","Import","Cobalt","260500","Cobalt ores and concentrates","2024","2095.75"
"Italy","Netherlands","Import","Cobalt","260500","Cobalt ores and concentrates","2024","114417.47"
"Italy","Serbia","Export","Cobalt","260500","Cobalt ores and concentrates","2024","2038.12"
"Italy","World","Export","Cobalt","260500","Cobalt ores and concentrates","2024","5454462.87"
"Italy","World","Import","Cobalt","260500","Cobalt ores and concentrates","2024","116513.22"
"Italy","Argentina","Export","Cobalt","282200","Cobalt oxides and hydroxides; commercial cobalt oxides","2024","21429.04"
"Italy","Belgium","Import","Cobalt","282200","Cobalt oxides and hydroxides; commercial cobalt oxides","2024","6587967.07"
"Italy","Brazil","Export","Cobalt","282200","Cobalt oxides and hydroxides; commercial cobalt oxides","2024","66095.76"
"Italy","China","Export","Cobalt","282200","Cobalt oxides and hydroxides; commercial cobalt oxides","2024","38680.21"
"Italy","Czech Republic","Export","Cobalt","282200","Cobalt oxides and hydroxides; commercial cobalt oxides","2024","6096.54"
"Italy","Germany","Import","Cobalt","282200","Cobalt oxides and hydroxides; commercial cobalt oxides","2024","185652.01"
"Italy","Algeria","Export","Cobalt","282200","Cobalt oxides and hydroxides; commercial cobalt oxides","2024","11002.69"
"Italy","Egypt","Export","Cobalt","282200","Cobalt oxides and hydroxides; commercial cobalt oxides","2024","15750.61"
"Italy","Spain","Import","Cobalt","282200","Cobalt oxides and hydroxides; commercial cobalt oxides","2024","371480.07"
"Italy","Spain","Export","Cobalt","282200","Cobalt oxides and hydroxides; commercial cobalt oxides","2024","138581.47"
"Italy","Finland","Import","Cobalt","282200","Cobalt oxides and hydroxides; commercial cobalt oxides","2024","2993624.84"
"Italy","France","Export","Cobalt","282200","Cobalt oxides and hydroxides; commercial cobalt oxides","2024","22956.85"
"Italy","United Kingdom","Import","Cobalt","282200","Cobalt oxides and hydroxides; commercial cobalt oxides","2024","314583.6"
"Italy","Hungary","Export","Cobalt","282200","Cobalt oxides and hydroxides; commercial cobalt oxides","2024","10492.37"
"Italy","Iran","Export","Cobalt","282200","Cobalt oxides and hydroxides; commercial cobalt oxides","2024","1011786.19"
"Italy","Korea, Republic of","Import","Cobalt","282200","Cobalt oxides and hydroxides; commercial cobalt oxides","2024","205993.36"
"Italy","Korea, Republic of","Export","Cobalt","282200","Cobalt oxides and hydroxides; commercial cobalt oxides","2024","44857.43"
"Italy","Kuwait, the State of","Export","Cobalt","282200","Cobalt oxides and hydroxides; commercial cobalt oxides","2024","6224.38"
"Italy","Malta","Export","Cobalt","282200","Cobalt oxides and hydroxides; commercial cobalt oxides","2024","220.05"
"Italy","Netherlands","Import","Cobalt","282200","Cobalt oxides and hydroxides; commercial cobalt oxides","2024","216597.86"
"Italy","Poland","Export","Cobalt","282200","Cobalt oxides and hydroxides; commercial cobalt oxides","2024","112145.68"
"Italy","Portugal","Export","Cobalt","282200","Cobalt oxides and hydroxides; commercial cobalt oxides","2024","242.06"
"Italy","Qatar","Export","Cobalt","282200","Cobalt oxides and hydroxides; commercial cobalt oxides","2024","3051.41"
"Italy","Romania","Export","Cobalt","282200","Cobalt oxides and hydroxides; commercial cobalt oxides","2024","1634.68"
"Italy","Saudi Arabia, Kingdom of","Export","Cobalt","282200","Cobalt oxides and hydroxides; commercial cobalt oxides","2024","33342.33"
"Italy","Slovenia","Export","Cobalt","282200","Cobalt oxides and hydroxides; commercial cobalt oxides","2024","130861.77"
"Italy","Turkiye","Export","Cobalt","282200","Cobalt oxides and hydroxides; commercial cobalt oxides","2024","445362.59"
"Italy","United States of America","Export","Cobalt","282200","Cobalt oxides and hydroxides; commercial cobalt oxides","2024","58695.67"
"Italy","United States of America","Import","Cobalt","282200","Cobalt oxides and hydroxides; commercial cobalt oxides","2024","1454.45"
"Italy","World","Import","Cobalt","282200","Cobalt oxides and hydroxides; commercial cobalt oxides","2024","10877353.26"
"Italy","World","Export","Cobalt","282200","Cobalt oxides and hydroxides; commercial cobalt oxides","2024","2179509.78"
"Jordan","India","Import","Cobalt","282200","Cobalt oxides and hydroxides; commercial cobalt oxides","2024","1063.38"
"Jordan","World","Import","Cobalt","282200","Cobalt oxides and hydroxides; commercial cobalt oxides","2024","1063.38"
"Japan","Viet Nam","Export","Cobalt","260500","Cobalt ores and concentrates","2024","2503.86"
"Japan","World","Export","Cobalt","260500","Cobalt ores and concentrates","2024","2503.86"
"Japan","Belgium","Import","Cobalt","282200","Cobalt oxides and hydroxides; commercial cobalt oxides","2024","2716159.5653928"
"Japan","Switzerland","Import","Cobalt","282200","Cobalt oxides and hydroxides; commercial cobalt oxides","2024","3131.476605"
"Japan","China","Import","Cobalt","282200","Cobalt oxides and hydroxides; commercial cobalt oxides","2024","1799614.6807558"
"Japan","China","Export","Cobalt","282200","Cobalt oxides and hydroxides; commercial cobalt oxides","2024","22468.67"
"Japan","Chinese Taipei","Import","Cobalt","282200","Cobalt oxides and hydroxides; commercial cobalt oxides","2024","2240875.4094501"
"Japan","Germany","Export","Cobalt","282200","Cobalt oxides and hydroxides; commercial cobalt oxides","2024","3818.55"
"Japan","European Union","Import","Cobalt","282200","Cobalt oxides and hydroxides; commercial cobalt oxides","2024","10363892.6903634"
"Japan","European Union","Export","Cobalt","282200","Cobalt oxides and hydroxides; commercial cobalt oxides","2024","36144.109375"
"Japan","Finland","Import","Cobalt","282200","Cobalt oxides and hydroxides; commercial cobalt oxides","2024","7647733.1249706"
"Japan","Finland","Export","Cobalt","282200","Cobalt oxides and hydroxides; commercial cobalt oxides","2024","23631.42"
"Japan","United Kingdom","Export","Cobalt","282200","Cobalt oxides and hydroxides; commercial cobalt oxides","2024","4294.22"
"Japan","Korea, Republic of","Export","Cobalt","282200","Cobalt oxides and hydroxides; commercial cobalt oxides","2024","92028.41"
"Japan","Slovenia","Export","Cobalt","282200","Cobalt oxides and hydroxides; commercial cobalt oxides","2024","8694.14"
"Japan","Thailand","Export","Cobalt","282200","Cobalt oxides and hydroxides; commercial cobalt oxides","2024","24774.34"
"Japan","United States of America","Import","Cobalt","282200","Cobalt oxides and hydroxides; commercial cobalt oxides","2024","16760.6669765"
"Japan","World","Import","Cobalt","282200","Cobalt oxides and hydroxides; commercial cobalt oxides","2024","14424274.9241508"
"Japan","World","Export","Cobalt","282200","Cobalt oxides and hydroxides; commercial cobalt oxides","2024","179709.75"
"Kazakhstan","United Kingdom","Import","Cobalt","282200","Cobalt oxides and hydroxides; commercial cobalt oxides","2024","68.96"
"Kazakhstan","Russian Federation","Import","Cobalt","282200","Cobalt oxides and hydroxides; commercial cobalt oxides","2024","5438.76"
"Kazakhstan","World","Import","Cobalt","282200","Cobalt oxides and hydroxides; commercial cobalt oxides","2024","5507.72"
"Kenya","Burundi","Export","Cobalt","282200","Cobalt oxides and hydroxides; commercial cobalt oxides","2024","8382.66"
"Kenya","Rwanda","Export","Cobalt","282200","Cobalt oxides and hydroxides; commercial cobalt oxides","2024","270.55"
"Kenya","World","Export","Cobalt","282200","Cobalt oxides and hydroxides; commercial cobalt oxides","2024","8653.21"
"Cambodia","European Union","Import","Cobalt","260500","Cobalt ores and concentrates","2024","810"
"Cambodia","France","Import","Cobalt","260500","Cobalt ores and concentrates","2024","810"
"Cambodia","World","Import","Cobalt","260500","Cobalt ores and concentrates","2024","810"
"Korea, Republic of","Australia","Import","Cobalt","260500","Cobalt ores and concentrates","2024","89"
"Korea, Republic of","China","Import","Cobalt","260500","Cobalt ores and concentrates","2024","263"
"Korea, Republic of","India","Export","Cobalt","260500","Cobalt ores and concentrates","2024","331"
"Korea, Republic of","Morocco","Import","Cobalt","260500","Cobalt ores and concentrates","2024","30"
"Korea, Republic of","World","Import","Cobalt","260500","Cobalt ores and concentrates","2024","1300"
"Korea, Republic of","World","Export","Cobalt","260500","Cobalt ores and concentrates","2024","331"
"Korea, Republic of","Zambia","Import","Cobalt","260500","Cobalt ores and concentrates","2024","918"
"Korea, Republic of","Australia","Export","Cobalt","282200","Cobalt oxides and hydroxides; commercial cobalt oxides","2024","322"
"Korea, Republic of","Belgium","Import","Cobalt","282200","Cobalt oxides and hydroxides; commercial cobalt oxides","2024","7211545"
"Korea, Republic of","Canada","Import","Cobalt","282200","Cobalt oxides and hydroxides; commercial cobalt oxides","2024","1429"
"Korea, Republic of","Canada","Export","Cobalt","282200","Cobalt oxides and hydroxides; commercial cobalt oxides","2024","198"
"Korea, Republic of","China","Import","Cobalt","282200","Cobalt oxides and hydroxides; commercial cobalt oxides","2024","56783745"
"Korea, Republic of","China","Export","Cobalt","282200","Cobalt oxides and hydroxides; commercial cobalt oxides","2024","124479"
"Korea, Republic of","Chinese Taipei","Export","Cobalt","282200","Cobalt oxides and hydroxides; commercial cobalt oxides","2024","2765"
"Korea, Republic of","Chinese Taipei","Import","Cobalt","282200","Cobalt oxides and hydroxides; commercial cobalt oxides","2024","384"
"Korea, Republic of","Democratic Republic of the Congo","Import","Cobalt","282200","Cobalt oxides and hydroxides; commercial cobalt oxides","2024","911881"
"Korea, Republic of","European Union","Import","Cobalt","282200","Cobalt oxides and hydroxides; commercial cobalt oxides","2024","18573127"
"Korea, Republic of","Finland","Import","Cobalt","282200","Cobalt oxides and hydroxides; commercial cobalt oxides","2024","11361582"
"Korea, Republic of","United Kingdom","Import","Cobalt","282200","Cobalt oxides and hydroxides; commercial cobalt oxides","2024","64805"
"Korea, Republic of","Hong Kong, China","Import","Cobalt","282200","Cobalt oxides and hydroxides; commercial cobalt oxides","2024","14411"
"Korea, Republic of","India","Import","Cobalt","282200","Cobalt oxides and hydroxides; commercial cobalt oxides","2024","176"
"Korea, Republic of","Japan","Import","Cobalt","282200","Cobalt oxides and hydroxides; commercial cobalt oxides","2024","134106"
"Korea, Republic of","Malaysia","Export","Cobalt","282200","Cobalt oxides and hydroxides; commercial cobalt oxides","2024","27"
"Korea, Republic of","Philippines","Export","Cobalt","282200","Cobalt oxides and hydroxides; commercial cobalt oxides","2024","678"
"Korea, Republic of","Thailand","Export","Cobalt","282200","Cobalt oxides and hydroxides; commercial cobalt oxides","2024","110105"
"Korea, Republic of","United States of America","Import","Cobalt","282200","Cobalt oxides and hydroxides; commercial cobalt oxides","2024","24108"
"Korea, Republic of","United States of America","Export","Cobalt","282200","Cobalt oxides and hydroxides; commercial cobalt oxides","2024","8069"
"Korea, Republic of","Viet Nam","Export","Cobalt","282200","Cobalt oxides and hydroxides; commercial cobalt oxides","2024","551805"
"Korea, Republic of","World","Import","Cobalt","282200","Cobalt oxides and hydroxides; commercial cobalt oxides","2024","76508246"
"Korea, Republic of","World","Export","Cobalt","282200","Cobalt oxides and hydroxides; commercial cobalt oxides","2024","798448"
"Korea, Republic of","South Africa","Import","Cobalt","282200","Cobalt oxides and hydroxides; commercial cobalt oxides","2024","74"
"Kuwait, the State of","European Union","Import","Cobalt","282200","Cobalt oxides and hydroxides; commercial cobalt oxides","2024","3890"
"Kuwait, the State of","Finland","Import","Cobalt","282200","Cobalt oxides and hydroxides; commercial cobalt oxides","2024","3890"
"Kuwait, the State of","World","Import","Cobalt","282200","Cobalt oxides and hydroxides; commercial cobalt oxides","2024","3890"
"Sri Lanka","United Arab Emirates","Import","Cobalt","260500","Cobalt ores and concentrates","2024","404.31"
"Sri Lanka","World","Import","Cobalt","260500","Cobalt ores and concentrates","2024","404.31"
"Sri Lanka","China","Import","Cobalt","282200","Cobalt oxides and hydroxides; commercial cobalt oxides","2024","686.44"
"Sri Lanka","India","Import","Cobalt","282200","Cobalt oxides and hydroxides; commercial cobalt oxides","2024","71.87"
"Sri Lanka","World","Import","Cobalt","282200","Cobalt oxides and hydroxides; commercial cobalt oxides","2024","758.3100000000001"
"Lithuania","Poland","Import","Cobalt","260500","Cobalt ores and concentrates","2024","721"
"Lithuania","World","Import","Cobalt","260500","Cobalt ores and concentrates","2024","721"
"Lithuania","Germany","Import","Cobalt","282200","Cobalt oxides and hydroxides; commercial cobalt oxides","2024","327"
"Lithuania","Estonia","Export","Cobalt","282200","Cobalt oxides and hydroxides; commercial cobalt oxides","2024","2970"
"Lithuania","Estonia","Import","Cobalt","282200","Cobalt oxides and hydroxides; commercial cobalt oxides","2024","291"
"Lithuania","Poland","Import","Cobalt","282200","Cobalt oxides and hydroxides; commercial cobalt oxides","2024","2894"
"Lithuania","World","Import","Cobalt","282200","Cobalt oxides and hydroxides; commercial cobalt oxides","2024","3512"
"Lithuania","World","Export","Cobalt","282200","Cobalt oxides and hydroxides; commercial cobalt oxides","2024","2970"
"Luxembourg","Belgium","Import","Cobalt","260500","Cobalt ores and concentrates","2024","38.97"
"Luxembourg","World","Import","Cobalt","260500","Cobalt ores and concentrates","2024","38.97"
"Luxembourg","Belgium","Import","Cobalt","282200","Cobalt oxides and hydroxides; commercial cobalt oxides","2024","4457.68"
"Luxembourg","Spain","Import","Cobalt","282200","Cobalt oxides and hydroxides; commercial cobalt oxides","2024","492.96"
"Luxembourg","United Kingdom","Import","Cobalt","282200","Cobalt oxides and hydroxides; commercial cobalt oxides","2024","290.1"
"Luxembourg","Lithuania","Import","Cobalt","282200","Cobalt oxides and hydroxides; commercial cobalt oxides","2024","126.42"
"Luxembourg","World","Import","Cobalt","282200","Cobalt oxides and hydroxides; commercial cobalt oxides","2024","5367.160000000001"
"Latvia","United Kingdom","Import","Cobalt","282200","Cobalt oxides and hydroxides; commercial cobalt oxides","2024","316.46"
"Latvia","Lithuania","Import","Cobalt","282200","Cobalt oxides and hydroxides; commercial cobalt oxides","2024","2922.52"
"Latvia","Uzbekistan","Export","Cobalt","282200","Cobalt oxides and hydroxides; commercial cobalt oxides","2024","74.4"
"Latvia","World","Import","Cobalt","282200","Cobalt oxides and hydroxides; commercial cobalt oxides","2024","3238.98"
"Latvia","World","Export","Cobalt","282200","Cobalt oxides and hydroxides; commercial cobalt oxides","2024","74.4"
"Morocco","Democratic Republic of the Congo","Import","Cobalt","260500","Cobalt ores and concentrates","2024","28007616.96"
"Morocco","World","Import","Cobalt","260500","Cobalt ores and concentrates","2024","28007616.96"
"Morocco","Belgium","Import","Cobalt","282200","Cobalt oxides and hydroxides; commercial cobalt oxides","2024","3041.73"
"Morocco","China","Import","Cobalt","282200","Cobalt oxides and hydroxides; commercial cobalt oxides","2024","418.41"
"Morocco","European Union","Import","Cobalt","282200","Cobalt oxides and hydroxides; commercial cobalt oxides","2024","3041.73"
"Morocco","United Kingdom","Import","Cobalt","282200","Cobalt oxides and hydroxides; commercial cobalt oxides","2024","246.92"
"Morocco","India","Import","Cobalt","282200","Cobalt oxides and hydroxides; commercial cobalt oxides","2024","1014.15"
"Morocco","United States of America","Import","Cobalt","282200","Cobalt oxides and hydroxides; commercial cobalt oxides","2024","1142.18"
"Morocco","World","Import","Cobalt","282200","Cobalt oxides and hydroxides; commercial cobalt oxides","2024","5863.389999999999"
"Moldova, Republic of","China","Import","Cobalt","282200","Cobalt oxides and hydroxides; commercial cobalt oxides","2024","6586"
"Moldova, Republic of","World","Import","Cobalt","282200","Cobalt oxides and hydroxides; commercial cobalt oxides","2024","6586"
"Maldives","Thailand","Import","Cobalt","282200","Cobalt oxides and hydroxides; commercial cobalt oxides","2024","28.59"
"Maldives","World","Import","Cobalt","282200","Cobalt oxides and hydroxides; commercial cobalt oxides","2024","28.59"
"Mexico","Belgium","Import","Cobalt","282200","Cobalt oxides and hydroxides; commercial cobalt oxides","2024","2439411"
"Mexico","China","Import","Cobalt","282200","Cobalt oxides and hydroxides; commercial cobalt oxides","2024","1501806"
"Mexico","European Union","Import","Cobalt","282200","Cobalt oxides and hydroxides; commercial cobalt oxides","2024","4229225"
"Mexico","Finland","Import","Cobalt","282200","Cobalt oxides and hydroxides; commercial cobalt oxides","2024","1789814"
"Mexico","United States of America","Import","Cobalt","282200","Cobalt oxides and hydroxides; commercial cobalt oxides","2024","14722"
"Mexico","World","Import","Cobalt","282200","Cobalt oxides and hydroxides; commercial cobalt oxides","2024","5745753"
"Malta","United States of America","Import","Cobalt","260500","Cobalt ores and concentrates","2024","74.68"
"Malta","World","Import","Cobalt","260500","Cobalt ores and concentrates","2024","74.68"
"Malta","Sweden","Import","Cobalt","282200","Cobalt oxides and hydroxides; commercial cobalt oxides","2024","1817.32"
"Malta","World","Import","Cobalt","282200","Cobalt oxides and hydroxides; commercial cobalt oxides","2024","1817.32"
"Mauritius","China","Import","Cobalt","282200","Cobalt oxides and hydroxides; commercial cobalt oxides","2024","151.8269814"
"Mauritius","World","Import","Cobalt","282200","Cobalt oxides and hydroxides; commercial cobalt oxides","2024","151.8269814"
"Malaysia","Australia","Import","Cobalt","260500","Cobalt ores and concentrates","2024","77873.18"
"Malaysia","China","Export","Cobalt","260500","Cobalt ores and concentrates","2024","47574.44"
"Malaysia","China","Import","Cobalt","260500","Cobalt ores and concentrates","2024","39550.06"
"Malaysia","Chinese Taipei","Import","Cobalt","260500","Cobalt ores and concentrates","2024","357.27"
"Malaysia","Japan","Import","Cobalt","260500","Cobalt ores and concentrates","2024","33549.09"
"Malaysia","Korea, Republic of","Import","Cobalt","260500","Cobalt ores and concentrates","2024","12759.73"
"Malaysia","Mexico","Import","Cobalt","260500","Cobalt ores and concentrates","2024","50701.12"
"Malaysia","Singapore","Import","Cobalt","260500","Cobalt ores and concentrates","2024","9151.02"
"Malaysia","World","Import","Cobalt","260500","Cobalt ores and concentrates","2024","223941.47"
"Malaysia","World","Export","Cobalt","260500","Cobalt ores and concentrates","2024","47574.44"
"Malaysia","Belgium","Import","Cobalt","282200","Cobalt oxides and hydroxides; commercial cobalt oxides","2024","1001721.23"
"Malaysia","Bangladesh","Export","Cobalt","282200","Cobalt oxides and hydroxides; commercial cobalt oxides","2024","280.13"
"Malaysia","China","Import","Cobalt","282200","Cobalt oxides and hydroxides; commercial cobalt oxides","2024","33985.02"
"Malaysia","China","Export","Cobalt","282200","Cobalt oxides and hydroxides; commercial cobalt oxides","2024","14007.21"
"Malaysia","Chinese Taipei","Import","Cobalt","282200","Cobalt oxides and hydroxides; commercial cobalt oxides","2024","94456.42"
"Malaysia","Chinese Taipei","Export","Cobalt","282200","Cobalt oxides and hydroxides; commercial cobalt oxides","2024","62999.35"
"Malaysia","European Union","Import","Cobalt","282200","Cobalt oxides and hydroxides; commercial cobalt oxides","2024","1135201.1"
"Malaysia","Finland","Import","Cobalt","282200","Cobalt oxides and hydroxides; commercial cobalt oxides","2024","133479.87"
"Malaysia","Indonesia","Export","Cobalt","282200","Cobalt oxides and hydroxides; commercial cobalt oxides","2024","879.51"
"Malaysia","Korea, Republic of","Export","Cobalt","282200","Cobalt oxides and hydroxides; commercial cobalt oxides","2024","511061.46"
"Malaysia","Singapore","Export","Cobalt","282200","Cobalt oxides and hydroxides; commercial cobalt oxides","2024","440856.27"
"Malaysia","Thailand","Export","Cobalt","282200","Cobalt oxides and hydroxides; commercial cobalt oxides","2024","33920.12"
"Malaysia","United States of America","Import","Cobalt","282200","Cobalt oxides and hydroxides; commercial cobalt oxides","2024","2487.97"
"Malaysia","World","Import","Cobalt","282200","Cobalt oxides and hydroxides; commercial cobalt oxides","2024","1266130.51"
"Malaysia","World","Export","Cobalt","282200","Cobalt oxides and hydroxides; commercial cobalt oxides","2024","1064004.05"
"Namibia","United Kingdom","Import","Cobalt","260500","Cobalt ores and concentrates","2024","85.93"
"Namibia","World","Import","Cobalt","260500","Cobalt ores and concentrates","2024","85.93"
"Namibia","World","Export","Cobalt","260500","Cobalt ores and concentrates","2024","1.1"
"Namibia","Zambia","Export","Cobalt","260500","Cobalt ores and concentrates","2024","1.1"
"Namibia","Switzerland","Export","Cobalt","282200","Cobalt oxides and hydroxides; commercial cobalt oxides","2024","14992467.24"
"Namibia","China","Export","Cobalt","282200","Cobalt oxides and hydroxides; commercial cobalt oxides","2024","72764037.83"
"Namibia","Democratic Republic of the Congo","Import","Cobalt","282200","Cobalt oxides and hydroxides; commercial cobalt oxides","2024","142296511.65"
"Namibia","European Union","Export","Cobalt","282200","Cobalt oxides and hydroxides; commercial cobalt oxides","2024","3239996.75"
"Namibia","Finland","Export","Cobalt","282200","Cobalt oxides and hydroxides; commercial cobalt oxides","2024","3239996.82"
"Namibia","Korea, Republic of","Export","Cobalt","282200","Cobalt oxides and hydroxides; commercial cobalt oxides","2024","4471558.76"
"Namibia","Malaysia","Export","Cobalt","282200","Cobalt oxides and hydroxides; commercial cobalt oxides","2024","7083707.95"
"Namibia","Saudi Arabia, Kingdom of","Export","Cobalt","282200","Cobalt oxides and hydroxides; commercial cobalt oxides","2024","16076039.15"
"Namibia","Singapore","Export","Cobalt","282200","Cobalt oxides and hydroxides; commercial cobalt oxides","2024","224642.98"
"Namibia","World","Import","Cobalt","282200","Cobalt oxides and hydroxides; commercial cobalt oxides","2024","143807943.76"
"Namibia","World","Export","Cobalt","282200","Cobalt oxides and hydroxides; commercial cobalt oxides","2024","118852450.73"
"Namibia","South Africa","Import","Cobalt","282200","Cobalt oxides and hydroxides; commercial cobalt oxides","2024","172.97"
"Namibia","Zambia","Import","Cobalt","282200","Cobalt oxides and hydroxides; commercial cobalt oxides","2024","1511259.14"
"Nigeria","European Union","Import","Cobalt","282200","Cobalt oxides and hydroxides; commercial cobalt oxides","2024","2.14"
"Nigeria","Spain","Import","Cobalt","282200","Cobalt oxides and hydroxides; commercial cobalt oxides","2024","2.14"
"Nigeria","World","Import","Cobalt","282200","Cobalt oxides and hydroxides; commercial cobalt oxides","2024","2.14"
"Netherlands","Belgium","Export","Cobalt","260500","Cobalt ores and concentrates","2024","75979.86"
"Netherlands","China","Import","Cobalt","260500","Cobalt ores and concentrates","2024","54.12"
"Netherlands","Czech Republic","Export","Cobalt","260500","Cobalt ores and concentrates","2024","38157.16"
"Netherlands","Germany","Export","Cobalt","260500","Cobalt ores and concentrates","2024","39457.1"
"Netherlands","France","Export","Cobalt","260500","Cobalt ores and concentrates","2024","3650.87"
"Netherlands","United Kingdom","Import","Cobalt","260500","Cobalt ores and concentrates","2024","190371.24"
"Netherlands","Italy","Export","Cobalt","260500","Cobalt ores and concentrates","2024","58486.43"
"Netherlands","Korea, Republic of","Import","Cobalt","260500","Cobalt ores and concentrates","2024","6.49"
"Netherlands","United States of America","Import","Cobalt","260500","Cobalt ores and concentrates","2024","37.88"
"Netherlands","World","Export","Cobalt","260500","Cobalt ores and concentrates","2024","215731.42"
"Netherlands","World","Import","Cobalt","260500","Cobalt ores and concentrates","2024","190487.05"
"Netherlands","South Africa","Import","Cobalt","260500","Cobalt ores and concentrates","2024","17.32"
"Netherlands","Argentina","Import","Cobalt","282200","Cobalt oxides and hydroxides; commercial cobalt oxides","2024","1594.35"
"Netherlands","Belgium","Import","Cobalt","282200","Cobalt oxides and hydroxides; commercial cobalt oxides","2024","1865648.33"
"Netherlands","Belgium","Export","Cobalt","282200","Cobalt oxides and hydroxides; commercial cobalt oxides","2024","1314.01"
"Netherlands","Bulgaria","Import","Cobalt","282200","Cobalt oxides and hydroxides; commercial cobalt oxides","2024","3.25"
"Netherlands","Brazil","Export","Cobalt","282200","Cobalt oxides and hydroxides; commercial cobalt oxides","2024","49530.81"
"Netherlands","China","Import","Cobalt","282200","Cobalt oxides and hydroxides; commercial cobalt oxides","2024","170767.17"
"Netherlands","Colombia","Export","Cobalt","282200","Cobalt oxides and hydroxides; commercial cobalt oxides","2024","9533.61"
"Netherlands","Cyprus","Export","Cobalt","282200","Cobalt oxides and hydroxides; commercial cobalt oxides","2024","1.08"
"Netherlands","Czech Republic","Import","Cobalt","282200","Cobalt oxides and hydroxides; commercial cobalt oxides","2024","2.17"
"Netherlands","Germany","Import","Cobalt","282200","Cobalt oxides and hydroxides; commercial cobalt oxides","2024","232700.98"
"Netherlands","Spain","Import","Cobalt","282200","Cobalt oxides and hydroxides; commercial cobalt oxides","2024","377763.77"
"Netherlands","Spain","Export","Cobalt","282200","Cobalt oxides and hydroxides; commercial cobalt oxides","2024","36771.71"
"Netherlands","Estonia","Export","Cobalt","282200","Cobalt oxides and hydroxides; commercial cobalt oxides","2024","1.08"
"Netherlands","Finland","Import","Cobalt","282200","Cobalt oxides and hydroxides; commercial cobalt oxides","2024","3803428.65"
"Netherlands","Finland","Export","Cobalt","282200","Cobalt oxides and hydroxides; commercial cobalt oxides","2024","3.25"
"Netherlands","France","Export","Cobalt","282200","Cobalt oxides and hydroxides; commercial cobalt oxides","2024","259587.31"
"Netherlands","France","Import","Cobalt","282200","Cobalt oxides and hydroxides; commercial cobalt oxides","2024","3167.05"
"Netherlands","United Kingdom","Import","Cobalt","282200","Cobalt oxides and hydroxides; commercial cobalt oxides","2024","10596.5"
"Netherlands","Greece","Import","Cobalt","282200","Cobalt oxides and hydroxides; commercial cobalt oxides","2024","25.98"
"Netherlands","Hong Kong, China","Import","Cobalt","282200","Cobalt oxides and hydroxides; commercial cobalt oxides","2024","75155.09"
"Netherlands","Croatia","Export","Cobalt","282200","Cobalt oxides and hydroxides; commercial cobalt oxides","2024","1.08"
"Netherlands","Hungary","Export","Cobalt","282200","Cobalt oxides and hydroxides; commercial cobalt oxides","2024","7.58"
"Netherlands","Ireland","Import","Cobalt","282200","Cobalt oxides and hydroxides; commercial cobalt oxides","2024","6.49"
"Netherlands","Israel","Import","Cobalt","282200","Cobalt oxides and hydroxides; commercial cobalt oxides","2024","3419.24"
"Netherlands","Italy","Import","Cobalt","282200","Cobalt oxides and hydroxides; commercial cobalt oxides","2024","193290.42"
"Netherlands","Italy","Export","Cobalt","282200","Cobalt oxides and hydroxides; commercial cobalt oxides","2024","56478.61"
"Netherlands","Luxembourg","Import","Cobalt","282200","Cobalt oxides and hydroxides; commercial cobalt oxides","2024","4.33"
"Netherlands","Mexico","Export","Cobalt","282200","Cobalt oxides and hydroxides; commercial cobalt oxides","2024","60730.2"
"Netherlands","Malta","Export","Cobalt","282200","Cobalt oxides and hydroxides; commercial cobalt oxides","2024","6.49"
"Netherlands","Malaysia","Export","Cobalt","282200","Cobalt oxides and hydroxides; commercial cobalt oxides","2024","172545.52"
"Netherlands","Malaysia","Import","Cobalt","282200","Cobalt oxides and hydroxides; commercial cobalt oxides","2024","121.23"
"Netherlands","Nigeria","Export","Cobalt","282200","Cobalt oxides and hydroxides; commercial cobalt oxides","2024","3728.8"
"Netherlands","Philippines","Export","Cobalt","282200","Cobalt oxides and hydroxides; commercial cobalt oxides","2024","474648.73"
"Netherlands","Poland","Export","Cobalt","282200","Cobalt oxides and hydroxides; commercial cobalt oxides","2024","56606.33"
"Netherlands","Poland","Import","Cobalt","282200","Cobalt oxides and hydroxides; commercial cobalt oxides","2024","4.33"
"Netherlands","Singapore","Export","Cobalt","282200","Cobalt oxides and hydroxides; commercial cobalt oxides","2024","64874.64"
"Netherlands","Slovak Republic","Export","Cobalt","282200","Cobalt oxides and hydroxides; commercial cobalt oxides","2024","3.25"
"Netherlands","Slovak Republic","Import","Cobalt","282200","Cobalt oxides and hydroxides; commercial cobalt oxides","2024","1.08"
"Netherlands","Slovenia","Import","Cobalt","282200","Cobalt oxides and hydroxides; commercial cobalt oxides","2024","10.82"
"Netherlands","Slovenia","Export","Cobalt","282200","Cobalt oxides and hydroxides; commercial cobalt oxides","2024","4.33"
"Netherlands","Sweden","Import","Cobalt","282200","Cobalt oxides and hydroxides; commercial cobalt oxides","2024","1250783.71"
"Netherlands","Turkiye","Export","Cobalt","282200","Cobalt oxides and hydroxides; commercial cobalt oxides","2024","690880.2"
"Netherlands","Turkiye","Import","Cobalt","282200","Cobalt oxides and hydroxides; commercial cobalt oxides","2024","46.54"
"Netherlands","Tanzania","Import","Cobalt","282200","Cobalt oxides and hydroxides; commercial cobalt oxides","2024","128.8"
"Netherlands","United States of America","Export","Cobalt","282200","Cobalt oxides and hydroxides; commercial cobalt oxides","2024","3030459.64"
"Netherlands","United States of America","Import","Cobalt","282200","Cobalt oxides and hydroxides; commercial cobalt oxides","2024","675.4"
"Netherlands","World","Import","Cobalt","282200","Cobalt oxides and hydroxides; commercial cobalt oxides","2024","7989345.680000001"
"Netherlands","World","Export","Cobalt","282200","Cobalt oxides and hydroxides; commercial cobalt oxides","2024","4971398.35"
"Netherlands","South Africa","Export","Cobalt","282200","Cobalt oxides and hydroxides; commercial cobalt oxides","2024","3680.09"
"Norway","Belgium","Import","Cobalt","282200","Cobalt oxides and hydroxides; commercial cobalt oxides","2024","331.1050795"
"Norway","China","Import","Cobalt","282200","Cobalt oxides and hydroxides; commercial cobalt oxides","2024","254.3311361"
"Norway","Germany","Export","Cobalt","282200","Cobalt oxides and hydroxides; commercial cobalt oxides","2024","14136.08"
"Norway","Denmark","Import","Cobalt","282200","Cobalt oxides and hydroxides; commercial cobalt oxides","2024","158.8522683"
"Norway","European Union","Export","Cobalt","282200","Cobalt oxides and hydroxides; commercial cobalt oxides","2024","14136.080078125"
"Norway","European Union","Import","Cobalt","282200","Cobalt oxides and hydroxides; commercial cobalt oxides","2024","593.2531989"
"Norway","France","Import","Cobalt","282200","Cobalt oxides and hydroxides; commercial cobalt oxides","2024","103.2958511"
"Norway","United Kingdom","Import","Cobalt","282200","Cobalt oxides and hydroxides; commercial cobalt oxides","2024","830.1822412"
"Norway","Japan","Import","Cobalt","282200","Cobalt oxides and hydroxides; commercial cobalt oxides","2024","172.7181078"
"Norway","World","Export","Cobalt","282200","Cobalt oxides and hydroxides; commercial cobalt oxides","2024","14136.08"
"Norway","World","Import","Cobalt","282200","Cobalt oxides and hydroxides; commercial cobalt oxides","2024","1850.484684"
"New Zealand","United States of America","Import","Cobalt","260500","Cobalt ores and concentrates","2024","211.82"
"New Zealand","World","Import","Cobalt","260500","Cobalt ores and concentrates","2024","211.82"
"New Zealand","Australia","Import","Cobalt","282200","Cobalt oxides and hydroxides; commercial cobalt oxides","2024","584.03"
"New Zealand","Switzerland","Import","Cobalt","282200","Cobalt oxides and hydroxides; commercial cobalt oxides","2024","1890.69"
"New Zealand","China","Import","Cobalt","282200","Cobalt oxides and hydroxides; commercial cobalt oxides","2024","46.6"
"New Zealand","United Kingdom","Import","Cobalt","282200","Cobalt oxides and hydroxides; commercial cobalt oxides","2024","2575.18"
"New Zealand","World","Import","Cobalt","282200","Cobalt oxides and hydroxides; commercial cobalt oxides","2024","5096.5"
"Oman","India","Import","Cobalt","282200","Cobalt oxides and hydroxides; commercial cobalt oxides","2024","10652.8"
"Oman","World","Import","Cobalt","282200","Cobalt oxides and hydroxides; commercial cobalt oxides","2024","10652.8"
"Pakistan","Belgium","Import","Cobalt","282200","Cobalt oxides and hydroxides; commercial cobalt oxides","2024","52841.73"
"Pakistan","China","Import","Cobalt","282200","Cobalt oxides and hydroxides; commercial cobalt oxides","2024","585767.7"
"Pakistan","European Union","Import","Cobalt","282200","Cobalt oxides and hydroxides; commercial cobalt oxides","2024","207245.99"
"Pakistan","Finland","Import","Cobalt","282200","Cobalt oxides and hydroxides; commercial cobalt oxides","2024","154404.26"
"Pakistan","World","Import","Cobalt","282200","Cobalt oxides and hydroxides; commercial cobalt oxides","2024","793013.69"
"Peru","Chile","Export","Cobalt","282200","Cobalt oxides and hydroxides; commercial cobalt oxides","2024","209.55"
"Peru","United States of America","Import","Cobalt","282200","Cobalt oxides and hydroxides; commercial cobalt oxides","2024","276.23"
"Peru","World","Import","Cobalt","282200","Cobalt oxides and hydroxides; commercial cobalt oxides","2024","276.23"
"Peru","World","Export","Cobalt","282200","Cobalt oxides and hydroxides; commercial cobalt oxides","2024","209.55"
"Philippines","Germany","Import","Cobalt","282200","Cobalt oxides and hydroxides; commercial cobalt oxides","2024","2999"
"Philippines","European Union","Import","Cobalt","282200","Cobalt oxides and hydroxides; commercial cobalt oxides","2024","2999"
"Philippines","United States of America","Import","Cobalt","282200","Cobalt oxides and hydroxides; commercial cobalt oxides","2024","817"
"Philippines","World","Import","Cobalt","282200","Cobalt oxides and hydroxides; commercial cobalt oxides","2024","3816"
"Poland","Belgium","Import","Cobalt","260500","Cobalt ores and concentrates","2024","84575"
"Poland","World","Import","Cobalt","260500","Cobalt ores and concentrates","2024","84575"
"Poland","Belgium","Import","Cobalt","282200","Cobalt oxides and hydroxides; commercial cobalt oxides","2024","55342"
"Poland","Bulgaria","Export","Cobalt","282200","Cobalt oxides and hydroxides; commercial cobalt oxides","2024","935"
"Poland","Belarus","Export","Cobalt","282200","Cobalt oxides and hydroxides; commercial cobalt oxides","2024","9867"
"Poland","China","Import","Cobalt","282200","Cobalt oxides and hydroxides; commercial cobalt oxides","2024","161978"
"Poland","Czech Republic","Export","Cobalt","282200","Cobalt oxides and hydroxides; commercial cobalt oxides","2024","20636"
"Poland","Germany","Import","Cobalt","282200","Cobalt oxides and hydroxides; commercial cobalt oxides","2024","80"
"Poland","Finland","Import","Cobalt","282200","Cobalt oxides and hydroxides; commercial cobalt oxides","2024","8365"
"Poland","United Kingdom","Import","Cobalt","282200","Cobalt oxides and hydroxides; commercial cobalt oxides","2024","647"
"Poland","Hungary","Export","Cobalt","282200","Cobalt oxides and hydroxides; commercial cobalt oxides","2024","1351"
"Poland","Italy","Import","Cobalt","282200","Cobalt oxides and hydroxides; commercial cobalt oxides","2024","213321"
"Poland","Korea, Republic of","Import","Cobalt","282200","Cobalt oxides and hydroxides; commercial cobalt oxides","2024","155"
"Poland","Lithuania","Export","Cobalt","282200","Cobalt oxides and hydroxides; commercial cobalt oxides","2024","629"
"Poland","Netherlands","Import","Cobalt","282200","Cobalt oxides and hydroxides; commercial cobalt oxides","2024","72431"
"Poland","Romania","Export","Cobalt","282200","Cobalt oxides and hydroxides; commercial cobalt oxides","2024","3993"
"Poland","Singapore","Export","Cobalt","282200","Cobalt oxides and hydroxides; commercial cobalt oxides","2024","317143"
"Poland","Ukraine","Export","Cobalt","282200","Cobalt oxides and hydroxides; commercial cobalt oxides","2024","56402"
"Poland","United States of America","Import","Cobalt","282200","Cobalt oxides and hydroxides; commercial cobalt oxides","2024","527"
"Poland","World","Import","Cobalt","282200","Cobalt oxides and hydroxides; commercial cobalt oxides","2024","512846"
"Poland","World","Export","Cobalt","282200","Cobalt oxides and hydroxides; commercial cobalt oxides","2024","410956"
"Portugal","Spain","Import","Cobalt","260500","Cobalt ores and concentrates","2024","6889.78"
"Portugal","World","Import","Cobalt","260500","Cobalt ores and concentrates","2024","6889.78"
"Portugal","Angola","Export","Cobalt","282200","Cobalt oxides and hydroxides; commercial cobalt oxides","2024","377.24"
"Portugal","United Arab Emirates","Export","Cobalt","282200","Cobalt oxides and hydroxides; commercial cobalt oxides","2024","4739.54"
"Portugal","Colombia","Export","Cobalt","282200","Cobalt oxides and hydroxides; commercial cobalt oxides","2024","42728.15"
"Portugal","Germany","Import","Cobalt","282200","Cobalt oxides and hydroxides; commercial cobalt oxides","2024","78.59"
"Portugal","Spain","Import","Cobalt","282200","Cobalt oxides and hydroxides; commercial cobalt oxides","2024","217075.69"
"Portugal","Spain","Export","Cobalt","282200","Cobalt oxides and hydroxides; commercial cobalt oxides","2024","36675.63"
"Portugal","France","Import","Cobalt","282200","Cobalt oxides and hydroxides; commercial cobalt oxides","2024","75.45"
"Portugal","United Kingdom","Import","Cobalt","282200","Cobalt oxides and hydroxides; commercial cobalt oxides","2024","169.76"
"Portugal","World","Import","Cobalt","282200","Cobalt oxides and hydroxides; commercial cobalt oxides","2024","217399.49"
"Portugal","World","Export","Cobalt","282200","Cobalt oxides and hydroxides; commercial cobalt oxides","2024","126722.68"
"Portugal","South Africa","Export","Cobalt","282200","Cobalt oxides and hydroxides; commercial cobalt oxides","2024","42202.12"
"Paraguay","Brazil","Import","Cobalt","282200","Cobalt oxides and hydroxides; commercial cobalt oxides","2024","7375"
"Paraguay","World","Import","Cobalt","282200","Cobalt oxides and hydroxides; commercial cobalt oxides","2024","7375"
"Qatar","India","Import","Cobalt","282200","Cobalt oxides and hydroxides; commercial cobalt oxides","2024","18187.66"
"Qatar","World","Import","Cobalt","282200","Cobalt oxides and hydroxides; commercial cobalt oxides","2024","18187.66"
"Romania","Italy","Import","Cobalt","260500","Cobalt ores and concentrates","2024","274.1"
"Romania","Netherlands","Import","Cobalt","260500","Cobalt ores and concentrates","2024","22674.57"
"Romania","World","Import","Cobalt","260500","Cobalt ores and concentrates","2024","22948.67"
"Romania","Czech Republic","Import","Cobalt","282200","Cobalt oxides and hydroxides; commercial cobalt oxides","2024","80.49"
"Romania","Germany","Import","Cobalt","282200","Cobalt oxides and hydroxides; commercial cobalt oxides","2024","310158.57"
"Romania","France","Import","Cobalt","282200","Cobalt oxides and hydroxides; commercial cobalt oxides","2024","12.06"
"Romania","Hungary","Import","Cobalt","282200","Cobalt oxides and hydroxides; commercial cobalt oxides","2024","2570.37"
"Romania","Italy","Import","Cobalt","282200","Cobalt oxides and hydroxides; commercial cobalt oxides","2024","408.25"
"Romania","Poland","Import","Cobalt","282200","Cobalt oxides and hydroxides; commercial cobalt oxides","2024","6845.19"
"Romania","World","Import","Cobalt","282200","Cobalt oxides and hydroxides; commercial cobalt oxides","2024","320074.93"
"Saudi Arabia, Kingdom of","United States of America","Import","Cobalt","260500","Cobalt ores and concentrates","2024","22371.47"
"Saudi Arabia, Kingdom of","World","Import","Cobalt","260500","Cobalt ores and concentrates","2024","22371.47"
"Saudi Arabia, Kingdom of","United Arab Emirates","Export","Cobalt","282200","Cobalt oxides and hydroxides; commercial cobalt oxides","2024","3033.07"
"Saudi Arabia, Kingdom of","Belgium","Import","Cobalt","282200","Cobalt oxides and hydroxides; commercial cobalt oxides","2024","4320"
"Saudi Arabia, Kingdom of","European Union","Import","Cobalt","282200","Cobalt oxides and hydroxides; commercial cobalt oxides","2024","79729.33"
"Saudi Arabia, Kingdom of","Finland","Import","Cobalt","282200","Cobalt oxides and hydroxides; commercial cobalt oxides","2024","75409.33"
"Saudi Arabia, Kingdom of","United Kingdom","Import","Cobalt","282200","Cobalt oxides and hydroxides; commercial cobalt oxides","2024","531999.99"
"Saudi Arabia, Kingdom of","World","Import","Cobalt","282200","Cobalt oxides and hydroxides; commercial cobalt oxides","2024","611729.32"
"Saudi Arabia, Kingdom of","World","Export","Cobalt","282200","Cobalt oxides and hydroxides; commercial cobalt oxides","2024","3033.07"
"Senegal","Mauritania","Export","Cobalt","260500","Cobalt ores and concentrates","2024","2795.51"
"Senegal","World","Export","Cobalt","260500","Cobalt ores and concentrates","2024","2795.51"
"Senegal","Germany","Import","Cobalt","282200","Cobalt oxides and hydroxides; commercial cobalt oxides","2024","668.25"
"Senegal","European Union","Import","Cobalt","282200","Cobalt oxides and hydroxides; commercial cobalt oxides","2024","668.25"
"Senegal","World","Import","Cobalt","282200","Cobalt oxides and hydroxides; commercial cobalt oxides","2024","668.25"
"Singapore","China","Import","Cobalt","260500","Cobalt ores and concentrates","2024","19616.3344725"
"Singapore","India","Export","Cobalt","260500","Cobalt ores and concentrates","2024","1998.9"
"Singapore","World","Import","Cobalt","260500","Cobalt ores and concentrates","2024","51742.4601492"
"Singapore","World","Export","Cobalt","260500","Cobalt ores and concentrates","2024","1998.9"
"Singapore","South Africa","Import","Cobalt","260500","Cobalt ores and concentrates","2024","32126.1256767"
"Singapore","China","Export","Cobalt","282200","Cobalt oxides and hydroxides; commercial cobalt oxides","2024","24881.13"
"Singapore","China","Import","Cobalt","282200","Cobalt oxides and hydroxides; commercial cobalt oxides","2024","1930.0521366"
"Singapore","Chinese Taipei","Export","Cobalt","282200","Cobalt oxides and hydroxides; commercial cobalt oxides","2024","986.36"
"Singapore","European Union","Import","Cobalt","282200","Cobalt oxides and hydroxides; commercial cobalt oxides","2024","104555.0926734"
"Singapore","Finland","Import","Cobalt","282200","Cobalt oxides and hydroxides; commercial cobalt oxides","2024","104555.0926734"
"Singapore","Hong Kong, China","Export","Cobalt","282200","Cobalt oxides and hydroxides; commercial cobalt oxides","2024","1375.51"
"Singapore","India","Import","Cobalt","282200","Cobalt oxides and hydroxides; commercial cobalt oxides","2024","327495.1979445"
"Singapore","Japan","Export","Cobalt","282200","Cobalt oxides and hydroxides; commercial cobalt oxides","2024","4120.54"
"Singapore","Korea, Republic of","Export","Cobalt","282200","Cobalt oxides and hydroxides; commercial cobalt oxides","2024","512041.56"
"Singapore","Malaysia","Import","Cobalt","282200","Cobalt oxides and hydroxides; commercial cobalt oxides","2024","704784.0945943"
"Singapore","Pakistan","Export","Cobalt","282200","Cobalt oxides and hydroxides; commercial cobalt oxides","2024","54988.15"
"Singapore","Thailand","Export","Cobalt","282200","Cobalt oxides and hydroxides; commercial cobalt oxides","2024","56406.32"
"Singapore","United States of America","Import","Cobalt","282200","Cobalt oxides and hydroxides; commercial cobalt oxides","2024","2202437.9474643"
"Singapore","Viet Nam","Export","Cobalt","282200","Cobalt oxides and hydroxides; commercial cobalt oxides","2024","57259.46"
"Singapore","World","Import","Cobalt","282200","Cobalt oxides and hydroxides; commercial cobalt oxides","2024","3341202.3848131"
"Singapore","World","Export","Cobalt","282200","Cobalt oxides and hydroxides; commercial cobalt oxides","2024","712059.03"
"El Salvador","China","Import","Cobalt","260500","Cobalt ores and concentrates","2024","6.56"
"El Salvador","World","Import","Cobalt","260500","Cobalt ores and concentrates","2024","6.56"
"Serbia","European Union","Import","Cobalt","260500","Cobalt ores and concentrates","2024","2332"
"Serbia","Italy","Import","Cobalt","260500","Cobalt ores and concentrates","2024","2332"
"Serbia","World","Import","Cobalt","260500","Cobalt ores and concentrates","2024","2332"
"Serbia","Armenia","Export","Cobalt","282200","Cobalt oxides and hydroxides; commercial cobalt oxides","2024","636"
"Serbia","China","Import","Cobalt","282200","Cobalt oxides and hydroxides; commercial cobalt oxides","2024","4130"
"Serbia","Germany","Import","Cobalt","282200","Cobalt oxides and hydroxides; commercial cobalt oxides","2024","28"
"Serbia","European Union","Import","Cobalt","282200","Cobalt oxides and hydroxides; commercial cobalt oxides","2024","53"
"Serbia","Hungary","Import","Cobalt","282200","Cobalt oxides and hydroxides; commercial cobalt oxides","2024","25"
"Serbia","Israel","Export","Cobalt","282200","Cobalt oxides and hydroxides; commercial cobalt oxides","2024","221"
"Serbia","Japan","Import","Cobalt","282200","Cobalt oxides and hydroxides; commercial cobalt oxides","2024","871"
"Serbia","Turkiye","Import","Cobalt","282200","Cobalt oxides and hydroxides; commercial cobalt oxides","2024","2616"
"Serbia","World","Import","Cobalt","282200","Cobalt oxides and hydroxides; commercial cobalt oxides","2024","7670"
"Serbia","World","Export","Cobalt","282200","Cobalt oxides and hydroxides; commercial cobalt oxides","2024","857"
"Slovak Republic","Turkiye","Import","Cobalt","260500","Cobalt ores and concentrates","2024","121.23"
"Slovak Republic","World","Import","Cobalt","260500","Cobalt ores and concentrates","2024","121.23"
"Slovak Republic","Austria","Export","Cobalt","282200","Cobalt oxides and hydroxides; commercial cobalt oxides","2024","16214.06"
"Slovak Republic","Bulgaria","Export","Cobalt","282200","Cobalt oxides and hydroxides; commercial cobalt oxides","2024","1194.95"
"Slovak Republic","Germany","Import","Cobalt","282200","Cobalt oxides and hydroxides; commercial cobalt oxides","2024","542305.08"
"Slovak Republic","Hungary","Import","Cobalt","282200","Cobalt oxides and hydroxides; commercial cobalt oxides","2024","14339.38"
"Slovak Republic","Ukraine","Export","Cobalt","282200","Cobalt oxides and hydroxides; commercial cobalt oxides","2024","29232.93"
"Slovak Republic","United States of America","Import","Cobalt","282200","Cobalt oxides and hydroxides; commercial cobalt oxides","2024","396.15"
"Slovak Republic","World","Import","Cobalt","282200","Cobalt oxides and hydroxides; commercial cobalt oxides","2024","557040.61"
"Slovak Republic","World","Export","Cobalt","282200","Cobalt oxides and hydroxides; commercial cobalt oxides","2024","46641.94"
"Slovenia","United Kingdom","Export","Cobalt","260500","Cobalt ores and concentrates","2024","1477.44"
"Slovenia","World","Export","Cobalt","260500","Cobalt ores and concentrates","2024","1477.44"
"Slovenia","Argentina","Export","Cobalt","282200","Cobalt oxides and hydroxides; commercial cobalt oxides","2024","1677.99"
"Slovenia","Belgium","Import","Cobalt","282200","Cobalt oxides and hydroxides; commercial cobalt oxides","2024","93436.5"
"Slovenia","China","Import","Cobalt","282200","Cobalt oxides and hydroxides; commercial cobalt oxides","2024","2378.29"
"Slovenia","Germany","Import","Cobalt","282200","Cobalt oxides and hydroxides; commercial cobalt oxides","2024","84.33"
"Slovenia","Finland","Import","Cobalt","282200","Cobalt oxides and hydroxides; commercial cobalt oxides","2024","157060.3"
"Slovenia","Italy","Import","Cobalt","282200","Cobalt oxides and hydroxides; commercial cobalt oxides","2024","88951.34"
"Slovenia","Japan","Import","Cobalt","282200","Cobalt oxides and hydroxides; commercial cobalt oxides","2024","10342.83"
"Slovenia","Netherlands","Import","Cobalt","282200","Cobalt oxides and hydroxides; commercial cobalt oxides","2024","491.77"
"Slovenia","World","Import","Cobalt","282200","Cobalt oxides and hydroxides; commercial cobalt oxides","2024","352745.36"
"Slovenia","World","Export","Cobalt","282200","Cobalt oxides and hydroxides; commercial cobalt oxides","2024","1677.99"
"Sweden","Belgium","Import","Cobalt","282200","Cobalt oxides and hydroxides; commercial cobalt oxides","2024","757.03"
"Sweden","Canada","Import","Cobalt","282200","Cobalt oxides and hydroxides; commercial cobalt oxides","2024","757.03"
"Sweden","Germany","Import","Cobalt","282200","Cobalt oxides and hydroxides; commercial cobalt oxides","2024","1703.31"
"Sweden","Denmark","Import","Cobalt","282200","Cobalt oxides and hydroxides; commercial cobalt oxides","2024","2460.34"
"Sweden","Spain","Import","Cobalt","282200","Cobalt oxides and hydroxides; commercial cobalt oxides","2024","18641.82"
"Sweden","Finland","Import","Cobalt","282200","Cobalt oxides and hydroxides; commercial cobalt oxides","2024","231745.27"
"Sweden","United Kingdom","Export","Cobalt","282200","Cobalt oxides and hydroxides; commercial cobalt oxides","2024","3217.37"
"Sweden","United Kingdom","Import","Cobalt","282200","Cobalt oxides and hydroxides; commercial cobalt oxides","2024","1419.43"
"Sweden","Korea, Republic of","Import","Cobalt","282200","Cobalt oxides and hydroxides; commercial cobalt oxides","2024","567.77"
"Sweden","United States of America","Import","Cobalt","282200","Cobalt oxides and hydroxides; commercial cobalt oxides","2024","1040.91"
"Sweden","World","Import","Cobalt","282200","Cobalt oxides and hydroxides; commercial cobalt oxides","2024","259092.91"
"Sweden","World","Export","Cobalt","282200","Cobalt oxides and hydroxides; commercial cobalt oxides","2024","3217.37"
"Seychelles","Mauritius","Import","Cobalt","260500","Cobalt ores and concentrates","2024","3976.98"
"Seychelles","World","Import","Cobalt","260500","Cobalt ores and concentrates","2024","3976.98"
"Thailand","China","Import","Cobalt","260500","Cobalt ores and concentrates","2024","15.4"
"Thailand","World","Import","Cobalt","260500","Cobalt ores and concentrates","2024","15.4"
"Thailand","Belgium","Import","Cobalt","282200","Cobalt oxides and hydroxides; commercial cobalt oxides","2024","238546.95"
"Thailand","China","Import","Cobalt","282200","Cobalt oxides and hydroxides; commercial cobalt oxides","2024","2411318.18"
"Thailand","Chinese Taipei","Import","Cobalt","282200","Cobalt oxides and hydroxides; commercial cobalt oxides","2024","351301.34"
"Thailand","Chinese Taipei","Export","Cobalt","282200","Cobalt oxides and hydroxides; commercial cobalt oxides","2024","23806.49"
"Thailand","European Union","Import","Cobalt","282200","Cobalt oxides and hydroxides; commercial cobalt oxides","2024","546812.11"
"Thailand","Spain","Import","Cobalt","282200","Cobalt oxides and hydroxides; commercial cobalt oxides","2024","1571.7"
"Thailand","Finland","Import","Cobalt","282200","Cobalt oxides and hydroxides; commercial cobalt oxides","2024","306693.46"
"Thailand","United Kingdom","Import","Cobalt","282200","Cobalt oxides and hydroxides; commercial cobalt oxides","2024","37.39"
"Thailand","Japan","Import","Cobalt","282200","Cobalt oxides and hydroxides; commercial cobalt oxides","2024","25208.25"
"Thailand","Cambodia","Export","Cobalt","282200","Cobalt oxides and hydroxides; commercial cobalt oxides","2024","16.49"
"Thailand","Maldives","Export","Cobalt","282200","Cobalt oxides and hydroxides; commercial cobalt oxides","2024","15.99"
"Thailand","Malaysia","Import","Cobalt","282200","Cobalt oxides and hydroxides; commercial cobalt oxides","2024","89.11"
"Thailand","World","Import","Cobalt","282200","Cobalt oxides and hydroxides; commercial cobalt oxides","2024","3334766.38"
"Thailand","World","Export","Cobalt","282200","Cobalt oxides and hydroxides; commercial cobalt oxides","2024","23838.97"
"Trinidad and Tobago","India","Import","Cobalt","282200","Cobalt oxides and hydroxides; commercial cobalt oxides","2024","2761.43"
"Trinidad and Tobago","World","Import","Cobalt","282200","Cobalt oxides and hydroxides; commercial cobalt oxides","2024","2761.43"
"Tunisia","India","Import","Cobalt","282200","Cobalt oxides and hydroxides; commercial cobalt oxides","2024","85.28"
"Tunisia","Libya","Export","Cobalt","282200","Cobalt oxides and hydroxides; commercial cobalt oxides","2024","433.47"
"Tunisia","World","Export","Cobalt","282200","Cobalt oxides and hydroxides; commercial cobalt oxides","2024","433.47"
"Tunisia","World","Import","Cobalt","282200","Cobalt oxides and hydroxides; commercial cobalt oxides","2024","85.28"
"Turkiye","Australia","Import","Cobalt","260500","Cobalt ores and concentrates","2024","102"
"Turkiye","Bulgaria","Import","Cobalt","260500","Cobalt ores and concentrates","2024","1"
"Turkiye","Canada","Import","Cobalt","260500","Cobalt ores and concentrates","2024","4"
"Turkiye","China","Import","Cobalt","260500","Cobalt ores and concentrates","2024","10"
"Turkiye","European Union","Export","Cobalt","260500","Cobalt ores and concentrates","2024","11"
"Turkiye","European Union","Import","Cobalt","260500","Cobalt ores and concentrates","2024","1"
"Turkiye","Slovak Republic","Export","Cobalt","260500","Cobalt ores and concentrates","2024","11"
"Turkiye","United States of America","Import","Cobalt","260500","Cobalt ores and concentrates","2024","20"
"Turkiye","World","Import","Cobalt","260500","Cobalt ores and concentrates","2024","137"
"Turkiye","World","Export","Cobalt","260500","Cobalt ores and concentrates","2024","11"
"Turkiye","Australia","Import","Cobalt","282200","Cobalt oxides and hydroxides; commercial cobalt oxides","2024","33"
"Turkiye","Belgium","Import","Cobalt","282200","Cobalt oxides and hydroxides; commercial cobalt oxides","2024","883848"
"Turkiye","Bulgaria","Export","Cobalt","282200","Cobalt oxides and hydroxides; commercial cobalt oxides","2024","5128"
"Turkiye","Brazil","Import","Cobalt","282200","Cobalt oxides and hydroxides; commercial cobalt oxides","2024","1316376"
"Turkiye","China","Import","Cobalt","282200","Cobalt oxides and hydroxides; commercial cobalt oxides","2024","1659167"
"Turkiye","Cyprus","Export","Cobalt","282200","Cobalt oxides and hydroxides; commercial cobalt oxides","2024","9"
"Turkiye","Germany","Import","Cobalt","282200","Cobalt oxides and hydroxides; commercial cobalt oxides","2024","571"
"Turkiye","European Union","Import","Cobalt","282200","Cobalt oxides and hydroxides; commercial cobalt oxides","2024","4138135"
"Turkiye","European Union","Export","Cobalt","282200","Cobalt oxides and hydroxides; commercial cobalt oxides","2024","5331"
"Turkiye","Spain","Import","Cobalt","282200","Cobalt oxides and hydroxides; commercial cobalt oxides","2024","53"
"Turkiye","Finland","Import","Cobalt","282200","Cobalt oxides and hydroxides; commercial cobalt oxides","2024","2967118"
"Turkiye","France","Export","Cobalt","282200","Cobalt oxides and hydroxides; commercial cobalt oxides","2024","72"
"Turkiye","France","Import","Cobalt","282200","Cobalt oxides and hydroxides; commercial cobalt oxides","2024","5"
"Turkiye","United Kingdom","Import","Cobalt","282200","Cobalt oxides and hydroxides; commercial cobalt oxides","2024","2079"
"Turkiye","United Kingdom","Export","Cobalt","282200","Cobalt oxides and hydroxides; commercial cobalt oxides","2024","123"
"Turkiye","Georgia","Export","Cobalt","282200","Cobalt oxides and hydroxides; commercial cobalt oxides","2024","42"
"Turkiye","India","Export","Cobalt","282200","Cobalt oxides and hydroxides; commercial cobalt oxides","2024","4"
"Turkiye","Iran","Export","Cobalt","282200","Cobalt oxides and hydroxides; commercial cobalt oxides","2024","53489"
"Turkiye","Iraq","Export","Cobalt","282200","Cobalt oxides and hydroxides; commercial cobalt oxides","2024","19826"
"Turkiye","Israel","Export","Cobalt","282200","Cobalt oxides and hydroxides; commercial cobalt oxides","2024","162"
"Turkiye","Italy","Import","Cobalt","282200","Cobalt oxides and hydroxides; commercial cobalt oxides","2024","973"
"Turkiye","Kyrgyz Republic","Export","Cobalt","282200","Cobalt oxides and hydroxides; commercial cobalt oxides","2024","3120"
"Turkiye","Netherlands","Import","Cobalt","282200","Cobalt oxides and hydroxides; commercial cobalt oxides","2024","285567"
"Turkiye","Netherlands","Export","Cobalt","282200","Cobalt oxides and hydroxides; commercial cobalt oxides","2024","122"
"Turkiye","Russian Federation","Import","Cobalt","282200","Cobalt oxides and hydroxides; commercial cobalt oxides","2024","265759"
"Turkiye","Russian Federation","Export","Cobalt","282200","Cobalt oxides and hydroxides; commercial cobalt oxides","2024","262607"
"Turkiye","Saudi Arabia, Kingdom of","Export","Cobalt","282200","Cobalt oxides and hydroxides; commercial cobalt oxides","2024","5"
"Turkiye","Serbia","Export","Cobalt","282200","Cobalt oxides and hydroxides; commercial cobalt oxides","2024","2623"
"Turkiye","United States of America","Import","Cobalt","282200","Cobalt oxides and hydroxides; commercial cobalt oxides","2024","13488"
"Turkiye","World","Import","Cobalt","282200","Cobalt oxides and hydroxides; commercial cobalt oxides","2024","7395037"
"Turkiye","World","Export","Cobalt","282200","Cobalt oxides and hydroxides; commercial cobalt oxides","2024","347332"
"Tanzania","China","Export","Cobalt","260500","Cobalt ores and concentrates","2024","154279.62"
"Tanzania","World","Export","Cobalt","260500","Cobalt ores and concentrates","2024","154279.62"
"Tanzania","China","Import","Cobalt","282200","Cobalt oxides and hydroxides; commercial cobalt oxides","2024","901372.31"
"Tanzania","India","Import","Cobalt","282200","Cobalt oxides and hydroxides; commercial cobalt oxides","2024","366.31"
"Tanzania","World","Import","Cobalt","282200","Cobalt oxides and hydroxides; commercial cobalt oxides","2024","904470.44"
"Tanzania","South Africa","Import","Cobalt","282200","Cobalt oxides and hydroxides; commercial cobalt oxides","2024","2731.82"
"Uganda","India","Import","Cobalt","282200","Cobalt oxides and hydroxides; commercial cobalt oxides","2024","1080"
"Uganda","World","Import","Cobalt","282200","Cobalt oxides and hydroxides; commercial cobalt oxides","2024","1080"
"Ukraine","Belgium","Import","Cobalt","282200","Cobalt oxides and hydroxides; commercial cobalt oxides","2024","27534"
"Ukraine","Bulgaria","Export","Cobalt","282200","Cobalt oxides and hydroxides; commercial cobalt oxides","2024","1993.56"
"Ukraine","China","Import","Cobalt","282200","Cobalt oxides and hydroxides; commercial cobalt oxides","2024","15059.5"
"Ukraine","European Union","Import","Cobalt","282200","Cobalt oxides and hydroxides; commercial cobalt oxides","2024","220016.7"
"Ukraine","European Union","Export","Cobalt","282200","Cobalt oxides and hydroxides; commercial cobalt oxides","2024","1993.56005859375"
"Ukraine","Finland","Import","Cobalt","282200","Cobalt oxides and hydroxides; commercial cobalt oxides","2024","61842.72"
"Ukraine","Poland","Import","Cobalt","282200","Cobalt oxides and hydroxides; commercial cobalt oxides","2024","100561.14"
"Ukraine","Slovak Republic","Import","Cobalt","282200","Cobalt oxides and hydroxides; commercial cobalt oxides","2024","30078.84"
"Ukraine","World","Import","Cobalt","282200","Cobalt oxides and hydroxides; commercial cobalt oxides","2024","235076.2"
"Ukraine","World","Export","Cobalt","282200","Cobalt oxides and hydroxides; commercial cobalt oxides","2024","1993.56"
"United States of America","Canada","Import","Cobalt","260500","Cobalt ores and concentrates","2024","13200"
"United States of America","China","Import","Cobalt","260500","Cobalt ores and concentrates","2024","75700"
"United States of America","Germany","Import","Cobalt","260500","Cobalt ores and concentrates","2024","95603"
"United States of America","European Union","Import","Cobalt","260500","Cobalt ores and concentrates","2024","95603"
"United States of America","Korea, Republic of","Export","Cobalt","260500","Cobalt ores and concentrates","2024","31752"
"United States of America","World","Import","Cobalt","260500","Cobalt ores and concentrates","2024","184503"
"United States of America","World","Export","Cobalt","260500","Cobalt ores and concentrates","2024","31752"
"United States of America","Belgium","Import","Cobalt","282200","Cobalt oxides and hydroxides; commercial cobalt oxides","2024","6179326"
"United States of America","Brazil","Export","Cobalt","282200","Cobalt oxides and hydroxides; commercial cobalt oxides","2024","18880"
"United States of America","Canada","Export","Cobalt","282200","Cobalt oxides and hydroxides; commercial cobalt oxides","2024","362208"
"United States of America","Canada","Import","Cobalt","282200","Cobalt oxides and hydroxides; commercial cobalt oxides","2024","6126"
"United States of America","China","Import","Cobalt","282200","Cobalt oxides and hydroxides; commercial cobalt oxides","2024","895240"
"United States of America","China","Export","Cobalt","282200","Cobalt oxides and hydroxides; commercial cobalt oxides","2024","7866"
"United States of America","Chinese Taipei","Import","Cobalt","282200","Cobalt oxides and hydroxides; commercial cobalt oxides","2024","1076800"
"United States of America","Czech Republic","Import","Cobalt","282200","Cobalt oxides and hydroxides; commercial cobalt oxides","2024","76450"
"United States of America","Germany","Export","Cobalt","282200","Cobalt oxides and hydroxides; commercial cobalt oxides","2024","28746"
"United States of America","European Union","Import","Cobalt","282200","Cobalt oxides and hydroxides; commercial cobalt oxides","2024","26476251"
"United States of America","European Union","Export","Cobalt","282200","Cobalt oxides and hydroxides; commercial cobalt oxides","2024","608193"
"United States of America","Finland","Import","Cobalt","282200","Cobalt oxides and hydroxides; commercial cobalt oxides","2024","19744148"
"United States of America","France","Export","Cobalt","282200","Cobalt oxides and hydroxides; commercial cobalt oxides","2024","579447"
"United States of America","United Kingdom","Import","Cobalt","282200","Cobalt oxides and hydroxides; commercial cobalt oxides","2024","6634834"
"United States of America","Hong Kong, China","Import","Cobalt","282200","Cobalt oxides and hydroxides; commercial cobalt oxides","2024","134300"
"United States of America","Hong Kong, China","Export","Cobalt","282200","Cobalt oxides and hydroxides; commercial cobalt oxides","2024","14885"
"United States of America","Italy","Import","Cobalt","282200","Cobalt oxides and hydroxides; commercial cobalt oxides","2024","274502"
"United States of America","Japan","Export","Cobalt","282200","Cobalt oxides and hydroxides; commercial cobalt oxides","2024","8080"
"United States of America","Korea, Republic of","Import","Cobalt","282200","Cobalt oxides and hydroxides; commercial cobalt oxides","2024","97476"
"United States of America","Korea, Republic of","Export","Cobalt","282200","Cobalt oxides and hydroxides; commercial cobalt oxides","2024","3705"
"United States of America","Mexico","Export","Cobalt","282200","Cobalt oxides and hydroxides; commercial cobalt oxides","2024","220620"
"United States of America","Netherlands","Import","Cobalt","282200","Cobalt oxides and hydroxides; commercial cobalt oxides","2024","201825"
"United States of America","Saudi Arabia, Kingdom of","Export","Cobalt","282200","Cobalt oxides and hydroxides; commercial cobalt oxides","2024","3280"
"United States of America","Singapore","Export","Cobalt","282200","Cobalt oxides and hydroxides; commercial cobalt oxides","2024","7998"
"United States of America","Thailand","Export","Cobalt","282200","Cobalt oxides and hydroxides; commercial cobalt oxides","2024","113856"
"United States of America","Ukraine","Import","Cobalt","282200","Cobalt oxides and hydroxides; commercial cobalt oxides","2024","2143"
"United States of America","World","Import","Cobalt","282200","Cobalt oxides and hydroxides; commercial cobalt oxides","2024","35323170"
"United States of America","World","Export","Cobalt","282200","Cobalt oxides and hydroxides; commercial cobalt oxides","2024","1369571"
"Uzbekistan","European Union","Import","Cobalt","282200","Cobalt oxides and hydroxides; commercial cobalt oxides","2024","100"
"Uzbekistan","Latvia","Import","Cobalt","282200","Cobalt oxides and hydroxides; commercial cobalt oxides","2024","100"
"Uzbekistan","World","Import","Cobalt","282200","Cobalt oxides and hydroxides; commercial cobalt oxides","2024","100"
"World","United Arab Emirates","Export","Cobalt","260500","Cobalt ores and concentrates","2024","122010.46"
"World","United Arab Emirates","Import","Cobalt","260500","Cobalt ores and concentrates","2024","404.31"
"World","Argentina","Import","Cobalt","260500","Cobalt ores and concentrates","2024","5004"
"World","Argentina","Export","Cobalt","260500","Cobalt ores and concentrates","2024","58"
"World","Australia","Import","Cobalt","260500","Cobalt ores and concentrates","2024","78064.18"
"World","Austria","Import","Cobalt","260500","Cobalt ores and concentrates","2024","131430.77"
"World","Belgium","Import","Cobalt","260500","Cobalt ores and concentrates","2024","114734.09"
"World","Belgium","Export","Cobalt","260500","Cobalt ores and concentrates","2024","98742.83"
"World","Bangladesh","Export","Cobalt","260500","Cobalt ores and concentrates","2024","18099.36"
"World","Bulgaria","Import","Cobalt","260500","Cobalt ores and concentrates","2024","1"
"World","Brazil","Export","Cobalt","260500","Cobalt ores and concentrates","2024","16116.29"
"World","Brazil","Import","Cobalt","260500","Cobalt ores and concentrates","2024","54"
"World","Canada","Import","Cobalt","260500","Cobalt ores and concentrates","2024","67791.93"
"World","Switzerland","Import","Cobalt","260500","Cobalt ores and concentrates","2024","244.57"
"World","Chile","Export","Cobalt","260500","Cobalt ores and concentrates","2024","3353.2"
"World","China","Export","Cobalt","260500","Cobalt ores and concentrates","2024","2407476.79"
"World","China","Import","Cobalt","260500","Cobalt ores and concentrates","2024","151552.2044725"
"World","Chinese Taipei","Import","Cobalt","260500","Cobalt ores and concentrates","2024","400.27"
"World","Democratic Republic of the Congo","Import","Cobalt","260500","Cobalt ores and concentrates","2024","42500151.96"
"World","Czech Republic","Export","Cobalt","260500","Cobalt ores and concentrates","2024","58769.57000000001"
"World","Germany","Import","Cobalt","260500","Cobalt ores and concentrates","2024","301130.06"
"World","Germany","Export","Cobalt","260500","Cobalt ores and concentrates","2024","113279.3"
"World","Ecuador","Import","Cobalt","260500","Cobalt ores and concentrates","2024","28.29"
"World","Spain","Import","Cobalt","260500","Cobalt ores and concentrates","2024","6889.78"
"World","France","Export","Cobalt","260500","Cobalt ores and concentrates","2024","5459369.4"
"World","France","Import","Cobalt","260500","Cobalt ores and concentrates","2024","2905.75"
"World","United Kingdom","Import","Cobalt","260500","Cobalt ores and concentrates","2024","288418.99"
"World","United Kingdom","Export","Cobalt","260500","Cobalt ores and concentrates","2024","16497.63"
"World","Hong Kong, China","Import","Cobalt","260500","Cobalt ores and concentrates","2024","20"
"World","India","Export","Cobalt","260500","Cobalt ores and concentrates","2024","65604.12"
"World","India","Import","Cobalt","260500","Cobalt ores and concentrates","2024","293.72"
"World","Ireland","Export","Cobalt","260500","Cobalt ores and concentrates","2024","60001.38"
"World","Ireland","Import","Cobalt","260500","Cobalt ores and concentrates","2024","16413.2933001"
"World","Italy","Export","Cobalt","260500","Cobalt ores and concentrates","2024","99630.21"
"World","Italy","Import","Cobalt","260500","Cobalt ores and concentrates","2024","2606.1"
"World","Japan","Import","Cobalt","260500","Cobalt ores and concentrates","2024","33651.33758319999"
"World","Korea, Republic of","Import","Cobalt","260500","Cobalt ores and concentrates","2024","171439.3839565"
"World","Korea, Republic of","Export","Cobalt","260500","Cobalt ores and concentrates","2024","33133.43"
"World","Lao People's Democratic Republic","Import","Cobalt","260500","Cobalt ores and concentrates","2024","3158000"
"World","Morocco","Import","Cobalt","260500","Cobalt ores and concentrates","2024","1364.94"
"World","Mexico","Import","Cobalt","260500","Cobalt ores and concentrates","2024","50744"
"World","Mauritania","Export","Cobalt","260500","Cobalt ores and concentrates","2024","2795.51"
"World","Mauritius","Import","Cobalt","260500","Cobalt ores and concentrates","2024","3976.98"
"World","Malaysia","Export","Cobalt","260500","Cobalt ores and concentrates","2024","33417.85"
"World","Namibia","Export","Cobalt","260500","Cobalt ores and concentrates","2024","77.47"
"World","Netherlands","Import","Cobalt","260500","Cobalt ores and concentrates","2024","377781.0976893"
"World","Netherlands","Export","Cobalt","260500","Cobalt ores and concentrates","2024","65781.51999999999"
"World","Poland","Import","Cobalt","260500","Cobalt ores and concentrates","2024","8422.880000000001"
"World","Portugal","Export","Cobalt","260500","Cobalt ores and concentrates","2024","1121.8"
"World","Singapore","Import","Cobalt","260500","Cobalt ores and concentrates","2024","9151.02"
"World","El Salvador","Export","Cobalt","260500","Cobalt ores and concentrates","2024","6"
"World","Serbia","Export","Cobalt","260500","Cobalt ores and concentrates","2024","2038.12"
"World","Slovak Republic","Export","Cobalt","260500","Cobalt ores and concentrates","2024","11"
"World","Sweden","Export","Cobalt","260500","Cobalt ores and concentrates","2024","9.55"
"World","Eswatini","Export","Cobalt","260500","Cobalt ores and concentrates","2024","196.31"
"World","Turkiye","Export","Cobalt","260500","Cobalt ores and concentrates","2024","222.67"
"World","Turkiye","Import","Cobalt","260500","Cobalt ores and concentrates","2024","121.23"
"World","United States of America","Import","Cobalt","260500","Cobalt ores and concentrates","2024","106316.1"
"World","United States of America","Export","Cobalt","260500","Cobalt ores and concentrates","2024","13475.34"
"World","Viet Nam","Export","Cobalt","260500","Cobalt ores and concentrates","2024","2503.86"
"World","South Africa","Export","Cobalt","260500","Cobalt ores and concentrates","2024","361706.55"
"World","South Africa","Import","Cobalt","260500","Cobalt ores and concentrates","2024","36072.5156767"
"World","Zambia","Import","Cobalt","260500","Cobalt ores and concentrates","2024","765838"
"World","Zambia","Export","Cobalt","260500","Cobalt ores and concentrates","2024","418.26"
"World","Angola","Export","Cobalt","282200","Cobalt oxides and hydroxides; commercial cobalt oxides","2024","807.55"
"World","United Arab Emirates","Export","Cobalt","282200","Cobalt oxides and hydroxides; commercial cobalt oxides","2024","2969868.34"
"World","United Arab Emirates","Import","Cobalt","282200","Cobalt oxides and hydroxides; commercial cobalt oxides","2024","644806"
"World","Argentina","Export","Cobalt","282200","Cobalt oxides and hydroxides; commercial cobalt oxides","2024","422318.27"
"World","Argentina","Import","Cobalt","282200","Cobalt oxides and hydroxides; commercial cobalt oxides","2024","1594.35"
"World","Armenia","Export","Cobalt","282200","Cobalt oxides and hydroxides; commercial cobalt oxides","2024","636"
"World","Australia","Export","Cobalt","282200","Cobalt oxides and hydroxides; commercial cobalt oxides","2024","217983.06"
"World","Australia","Import","Cobalt","282200","Cobalt oxides and hydroxides; commercial cobalt oxides","2024","9525.8733984"
"World","Austria","Export","Cobalt","282200","Cobalt oxides and hydroxides; commercial cobalt oxides","2024","45626.85"
"World","Austria","Import","Cobalt","282200","Cobalt oxides and hydroxides; commercial cobalt oxides","2024","570.09"
"World","Burundi","Export","Cobalt","282200","Cobalt oxides and hydroxides; commercial cobalt oxides","2024","8382.66"
"World","Belgium","Import","Cobalt","282200","Cobalt oxides and hydroxides; commercial cobalt oxides","2024","45724494.49132259"
"World","Belgium","Export","Cobalt","282200","Cobalt oxides and hydroxides; commercial cobalt oxides","2024","5479929.73"
"World","Bangladesh","Export","Cobalt","282200","Cobalt oxides and hydroxides; commercial cobalt oxides","2024","632171.38"
"World","Bulgaria","Export","Cobalt","282200","Cobalt oxides and hydroxides; commercial cobalt oxides","2024","25364.22"
"World","Bulgaria","Import","Cobalt","282200","Cobalt oxides and hydroxides; commercial cobalt oxides","2024","3.25"
"World","Belarus","Export","Cobalt","282200","Cobalt oxides and hydroxides; commercial cobalt oxides","2024","9867"
"World","Brazil","Export","Cobalt","282200","Cobalt oxides and hydroxides; commercial cobalt oxides","2024","7059132.72"
"World","Brazil","Import","Cobalt","282200","Cobalt oxides and hydroxides; commercial cobalt oxides","2024","3093819.95"
"World","Botswana","Export","Cobalt","282200","Cobalt oxides and hydroxides; commercial cobalt oxides","2024","4631.22"
"World","Canada","Export","Cobalt","282200","Cobalt oxides and hydroxides; commercial cobalt oxides","2024","794667.21"
"World","Canada","Import","Cobalt","282200","Cobalt oxides and hydroxides; commercial cobalt oxides","2024","8312.03"
"World","Switzerland","Export","Cobalt","282200","Cobalt oxides and hydroxides; commercial cobalt oxides","2024","15129954.39"
"World","Switzerland","Import","Cobalt","282200","Cobalt oxides and hydroxides; commercial cobalt oxides","2024","16309.076605"
"World","Chile","Export","Cobalt","282200","Cobalt oxides and hydroxides; commercial cobalt oxides","2024","16087.47"
"World","China","Import","Cobalt","282200","Cobalt oxides and hydroxides; commercial cobalt oxides","2024","95861580.3362294"
"World","China","Export","Cobalt","282200","Cobalt oxides and hydroxides; commercial cobalt oxides","2024","87960215.91"
"World","Chinese Taipei","Import","Cobalt","282200","Cobalt oxides and hydroxides; commercial cobalt oxides","2024","3815339.699450099"
"World","Chinese Taipei","Export","Cobalt","282200","Cobalt oxides and hydroxides; commercial cobalt oxides","2024","1937826.8"
"World","Cote d'Ivoire","Export","Cobalt","282200","Cobalt oxides and hydroxides; commercial cobalt oxides","2024","77.69"
"World","Democratic Republic of the Congo","Import","Cobalt","282200","Cobalt oxides and hydroxides; commercial cobalt oxides","2024","222214373.7257359"
"World","Democratic Republic of the Congo","Export","Cobalt","282200","Cobalt oxides and hydroxides; commercial cobalt oxides","2024","21225.89"
"World","Congo","Export","Cobalt","282200","Cobalt oxides and hydroxides; commercial cobalt oxides","2024","15629"
"World","Colombia","Export","Cobalt","282200","Cobalt oxides and hydroxides; commercial cobalt oxides","2024","63907.18"
"World","Costa Rica","Export","Cobalt","282200","Cobalt oxides and hydroxides; commercial cobalt oxides","2024","12467.7"
"World","Cyprus","Export","Cobalt","282200","Cobalt oxides and hydroxides; commercial cobalt oxides","2024","10.08"
"World","Czech Republic","Export","Cobalt","282200","Cobalt oxides and hydroxides; commercial cobalt oxides","2024","425471.04"
"World","Czech Republic","Import","Cobalt","282200","Cobalt oxides and hydroxides; commercial cobalt oxides","2024","99858.84"
"World","Germany","Import","Cobalt","282200","Cobalt oxides and hydroxides; commercial cobalt oxides","2024","3527362.4259385"
"World","Germany","Export","Cobalt","282200","Cobalt oxides and hydroxides; commercial cobalt oxides","2024","3428793.24"
"World","Denmark","Export","Cobalt","282200","Cobalt oxides and hydroxides; commercial cobalt oxides","2024","503358.52"
"World","Denmark","Import","Cobalt","282200","Cobalt oxides and hydroxides; commercial cobalt oxides","2024","14405.1435851"
"World","Algeria","Export","Cobalt","282200","Cobalt oxides and hydroxides; commercial cobalt oxides","2024","11002.69"
"World","Ecuador","Export","Cobalt","282200","Cobalt oxides and hydroxides; commercial cobalt oxides","2024","33517.85"
"World","Egypt","Export","Cobalt","282200","Cobalt oxides and hydroxides; commercial cobalt oxides","2024","252678.42"
"World","Spain","Export","Cobalt","282200","Cobalt oxides and hydroxides; commercial cobalt oxides","2024","14629165.29"
"World","Spain","Import","Cobalt","282200","Cobalt oxides and hydroxides; commercial cobalt oxides","2024","1639023.4772874"
"World","Estonia","Export","Cobalt","282200","Cobalt oxides and hydroxides; commercial cobalt oxides","2024","4004.28"
"World","Estonia","Import","Cobalt","282200","Cobalt oxides and hydroxides; commercial cobalt oxides","2024","291"
"World","Ethiopia","Export","Cobalt","282200","Cobalt oxides and hydroxides; commercial cobalt oxides","2024","1125.26"
"World","Finland","Import","Cobalt","282200","Cobalt oxides and hydroxides; commercial cobalt oxides","2024","140776759.0453507"
"World","Finland","Export","Cobalt","282200","Cobalt oxides and hydroxides; commercial cobalt oxides","2024","3267015.08"
"World","France","Export","Cobalt","282200","Cobalt oxides and hydroxides; commercial cobalt oxides","2024","7605325.18"
"World","France","Import","Cobalt","282200","Cobalt oxides and hydroxides; commercial cobalt oxides","2024","134434.2558511"
"World","United Kingdom","Import","Cobalt","282200","Cobalt oxides and hydroxides; commercial cobalt oxides","2024","13177063.8838026"
"World","United Kingdom","Export","Cobalt","282200","Cobalt oxides and hydroxides; commercial cobalt oxides","2024","1372889.52"
"World","Georgia","Export","Cobalt","282200","Cobalt oxides and hydroxides; commercial cobalt oxides","2024","42"
"World","Greece","Export","Cobalt","282200","Cobalt oxides and hydroxides; commercial cobalt oxides","2024","70255.54000000001"
"World","Greece","Import","Cobalt","282200","Cobalt oxides and hydroxides; commercial cobalt oxides","2024","25.98"
"World","Guatemala","Export","Cobalt","282200","Cobalt oxides and hydroxides; commercial cobalt oxides","2024","8112.780000000001"
"World","Guatemala","Import","Cobalt","282200","Cobalt oxides and hydroxides; commercial cobalt oxides","2024","6467.7"
"World","Hong Kong, China","Export","Cobalt","282200","Cobalt oxides and hydroxides; commercial cobalt oxides","2024","1173371.36"
"World","Hong Kong, China","Import","Cobalt","282200","Cobalt oxides and hydroxides; commercial cobalt oxides","2024","304774.09"
"World","Croatia","Export","Cobalt","282200","Cobalt oxides and hydroxides; commercial cobalt oxides","2024","1974.17"
"World","Hungary","Import","Cobalt","282200","Cobalt oxides and hydroxides; commercial cobalt oxides","2024","16934.75"
"World","Hungary","Export","Cobalt","282200","Cobalt oxides and hydroxides; commercial cobalt oxides","2024","12045.86"
"World","Indonesia","Export","Cobalt","282200","Cobalt oxides and hydroxides; commercial cobalt oxides","2024","1755943.24"
"World","India","Export","Cobalt","282200","Cobalt oxides and hydroxides; commercial cobalt oxides","2024","8506063.93"
"World","India","Import","Cobalt","282200","Cobalt oxides and hydroxides; commercial cobalt oxides","2024","375164.9532877"
"World","Ireland","Export","Cobalt","282200","Cobalt oxides and hydroxides; commercial cobalt oxides","2024","109.53"
"World","Ireland","Import","Cobalt","282200","Cobalt oxides and hydroxides; commercial cobalt oxides","2024","84.96"
"World","Iran","Export","Cobalt","282200","Cobalt oxides and hydroxides; commercial cobalt oxides","2024","1186070.03"
"World","Iraq","Export","Cobalt","282200","Cobalt oxides and hydroxides; commercial cobalt oxides","2024","19826"
"World","Iceland","Export","Cobalt","282200","Cobalt oxides and hydroxides; commercial cobalt oxides","2024","1972.21"
"World","Israel","Export","Cobalt","282200","Cobalt oxides and hydroxides; commercial cobalt oxides","2024","3838.89"
"World","Israel","Import","Cobalt","282200","Cobalt oxides and hydroxides; commercial cobalt oxides","2024","3419.24"
"World","Italy","Export","Cobalt","282200","Cobalt oxides and hydroxides; commercial cobalt oxides","2024","7613926.550000001"
"World","Italy","Import","Cobalt","282200","Cobalt oxides and hydroxides; commercial cobalt oxides","2024","1672694.0317754"
"World","Japan","Export","Cobalt","282200","Cobalt oxides and hydroxides; commercial cobalt oxides","2024","10482639.65"
"World","Japan","Import","Cobalt","282200","Cobalt oxides and hydroxides; commercial cobalt oxides","2024","242954.4081078"
"World","Kenya","Export","Cobalt","282200","Cobalt oxides and hydroxides; commercial cobalt oxides","2024","12.4"
"World","Kyrgyz Republic","Export","Cobalt","282200","Cobalt oxides and hydroxides; commercial cobalt oxides","2024","3120"
"World","Cambodia","Export","Cobalt","282200","Cobalt oxides and hydroxides; commercial cobalt oxides","2024","16.49"
"World","Korea, Republic of","Export","Cobalt","282200","Cobalt oxides and hydroxides; commercial cobalt oxides","2024","69372240.74000001"
"World","Korea, Republic of","Import","Cobalt","282200","Cobalt oxides and hydroxides; commercial cobalt oxides","2024","362642.7230826"
"World","Kuwait, the State of","Export","Cobalt","282200","Cobalt oxides and hydroxides; commercial cobalt oxides","2024","6224.38"
"World","Libya","Export","Cobalt","282200","Cobalt oxides and hydroxides; commercial cobalt oxides","2024","433.47"
"World","Sri Lanka","Export","Cobalt","282200","Cobalt oxides and hydroxides; commercial cobalt oxides","2024","100.17"
"World","Lithuania","Import","Cobalt","282200","Cobalt oxides and hydroxides; commercial cobalt oxides","2024","3048.94"
"World","Lithuania","Export","Cobalt","282200","Cobalt oxides and hydroxides; commercial cobalt oxides","2024","629"
"World","Luxembourg","Export","Cobalt","282200","Cobalt oxides and hydroxides; commercial cobalt oxides","2024","8011.94"
"World","Luxembourg","Import","Cobalt","282200","Cobalt oxides and hydroxides; commercial cobalt oxides","2024","4.33"
"World","Latvia","Import","Cobalt","282200","Cobalt oxides and hydroxides; commercial cobalt oxides","2024","100"
"World","Latvia","Export","Cobalt","282200","Cobalt oxides and hydroxides; commercial cobalt oxides","2024","52.8"
"World","Morocco","Import","Cobalt","282200","Cobalt oxides and hydroxides; commercial cobalt oxides","2024","20926.97"
"World","Morocco","Export","Cobalt","282200","Cobalt oxides and hydroxides; commercial cobalt oxides","2024","3966.08"
"World","Moldova, Republic of","Export","Cobalt","282200","Cobalt oxides and hydroxides; commercial cobalt oxides","2024","294.26"
"World","Maldives","Export","Cobalt","282200","Cobalt oxides and hydroxides; commercial cobalt oxides","2024","15.99"
"World","Mexico","Export","Cobalt","282200","Cobalt oxides and hydroxides; commercial cobalt oxides","2024","7166810.57"
"World","Mexico","Import","Cobalt","282200","Cobalt oxides and hydroxides; commercial cobalt oxides","2024","25354.2616089"
"World","North Macedonia","Export","Cobalt","282200","Cobalt oxides and hydroxides; commercial cobalt oxides","2024","51.95"
"World","Malta","Export","Cobalt","282200","Cobalt oxides and hydroxides; commercial cobalt oxides","2024","226.54"
"World","Malaysia","Export","Cobalt","282200","Cobalt oxides and hydroxides; commercial cobalt oxides","2024","8133540.53"
"World","Malaysia","Import","Cobalt","282200","Cobalt oxides and hydroxides; commercial cobalt oxides","2024","754937.0023923999"
"World","Namibia","Export","Cobalt","282200","Cobalt oxides and hydroxides; commercial cobalt oxides","2024","239.46"
"World","Nigeria","Export","Cobalt","282200","Cobalt oxides and hydroxides; commercial cobalt oxides","2024","656389.91"
"World","Netherlands","Export","Cobalt","282200","Cobalt oxides and hydroxides; commercial cobalt oxides","2024","3004162.259999999"
"World","Netherlands","Import","Cobalt","282200","Cobalt oxides and hydroxides; commercial cobalt oxides","2024","875513.2736404"
"World","Norway","Import","Cobalt","282200","Cobalt oxides and hydroxides; commercial cobalt oxides","2024","15594.1138192"
"World","Norway","Export","Cobalt","282200","Cobalt oxides and hydroxides; commercial cobalt oxides","2024","792.96"
"World","Nepal","Export","Cobalt","282200","Cobalt oxides and hydroxides; commercial cobalt oxides","2024","1683.33"
"World","New Zealand","Export","Cobalt","282200","Cobalt oxides and hydroxides; commercial cobalt oxides","2024","3543.63"
"World","Oman","Export","Cobalt","282200","Cobalt oxides and hydroxides; commercial cobalt oxides","2024","10177.21"
"World","Pakistan","Export","Cobalt","282200","Cobalt oxides and hydroxides; commercial cobalt oxides","2024","611242.49"
"World","Peru","Export","Cobalt","282200","Cobalt oxides and hydroxides; commercial cobalt oxides","2024","15960"
"World","Philippines","Export","Cobalt","282200","Cobalt oxides and hydroxides; commercial cobalt oxides","2024","476613.52"
"World","Poland","Export","Cobalt","282200","Cobalt oxides and hydroxides; commercial cobalt oxides","2024","406503.59"
"World","Poland","Import","Cobalt","282200","Cobalt oxides and hydroxides; commercial cobalt oxides","2024","175122.85"
"World","Portugal","Export","Cobalt","282200","Cobalt oxides and hydroxides; commercial cobalt oxides","2024","252031.81"
"World","Portugal","Import","Cobalt","282200","Cobalt oxides and hydroxides; commercial cobalt oxides","2024","104164.47"
"World","Paraguay","Export","Cobalt","282200","Cobalt oxides and hydroxides; commercial cobalt oxides","2024","7375"
"World","Qatar","Export","Cobalt","282200","Cobalt oxides and hydroxides; commercial cobalt oxides","2024","3051.41"
"World","Romania","Export","Cobalt","282200","Cobalt oxides and hydroxides; commercial cobalt oxides","2024","243255.33"
"World","Russian Federation","Export","Cobalt","282200","Cobalt oxides and hydroxides; commercial cobalt oxides","2024","1927408.57"
"World","Russian Federation","Import","Cobalt","282200","Cobalt oxides and hydroxides; commercial cobalt oxides","2024","273243.3"
"World","Rwanda","Export","Cobalt","282200","Cobalt oxides and hydroxides; commercial cobalt oxides","2024","270.55"
"World","Saudi Arabia, Kingdom of","Export","Cobalt","282200","Cobalt oxides and hydroxides; commercial cobalt oxides","2024","16192068.16"
"World","Senegal","Export","Cobalt","282200","Cobalt oxides and hydroxides; commercial cobalt oxides","2024","423.92"
"World","Singapore","Export","Cobalt","282200","Cobalt oxides and hydroxides; commercial cobalt oxides","2024","1069914.89"
"World","Singapore","Import","Cobalt","282200","Cobalt oxides and hydroxides; commercial cobalt oxides","2024","28.74"
"World","Serbia","Export","Cobalt","282200","Cobalt oxides and hydroxides; commercial cobalt oxides","2024","203221.49"
"World","Slovak Republic","Export","Cobalt","282200","Cobalt oxides and hydroxides; commercial cobalt oxides","2024","59943.44"
"World","Slovak Republic","Import","Cobalt","282200","Cobalt oxides and hydroxides; commercial cobalt oxides","2024","30079.92"
"World","Slovenia","Export","Cobalt","282200","Cobalt oxides and hydroxides; commercial cobalt oxides","2024","172585.63"
"World","Slovenia","Import","Cobalt","282200","Cobalt oxides and hydroxides; commercial cobalt oxides","2024","10.82"
"World","Sweden","Import","Cobalt","282200","Cobalt oxides and hydroxides; commercial cobalt oxides","2024","1252601.03"
"World","Sweden","Export","Cobalt","282200","Cobalt oxides and hydroxides; commercial cobalt oxides","2024","14202.85"
"World","Thailand","Export","Cobalt","282200","Cobalt oxides and hydroxides; commercial cobalt oxides","2024","3059628.45"
"World","Thailand","Import","Cobalt","282200","Cobalt oxides and hydroxides; commercial cobalt oxides","2024","28.59"
"World","Tunisia","Export","Cobalt","282200","Cobalt oxides and hydroxides; commercial cobalt oxides","2024","82.39"
"World","Turkiye","Export","Cobalt","282200","Cobalt oxides and hydroxides; commercial cobalt oxides","2024","6645160.600000001"
"World","Turkiye","Import","Cobalt","282200","Cobalt oxides and hydroxides; commercial cobalt oxides","2024","95375.17"
"World","Tanzania","Export","Cobalt","282200","Cobalt oxides and hydroxides; commercial cobalt oxides","2024","260818"
"World","Tanzania","Import","Cobalt","282200","Cobalt oxides and hydroxides; commercial cobalt oxides","2024","128.8"
"World","Ukraine","Export","Cobalt","282200","Cobalt oxides and hydroxides; commercial cobalt oxides","2024","96611.42"
"World","Ukraine","Import","Cobalt","282200","Cobalt oxides and hydroxides; commercial cobalt oxides","2024","5224.360525"
"World","United States of America","Export","Cobalt","282200","Cobalt oxides and hydroxides; commercial cobalt oxides","2024","26020845.09"
"World","United States of America","Import","Cobalt","282200","Cobalt oxides and hydroxides; commercial cobalt oxides","2024","2794374.864615101"
"World","Uzbekistan","Export","Cobalt","282200","Cobalt oxides and hydroxides; commercial cobalt oxides","2024","74.4"
"World","Viet Nam","Export","Cobalt","282200","Cobalt oxides and hydroxides; commercial cobalt oxides","2024","2946548.48"
"World","South Africa","Export","Cobalt","282200","Cobalt oxides and hydroxides; commercial cobalt oxides","2024","79147583.2"
"World","South Africa","Import","Cobalt","282200","Cobalt oxides and hydroxides; commercial cobalt oxides","2024","688385.4136721999"
"World","Zambia","Import","Cobalt","282200","Cobalt oxides and hydroxides; commercial cobalt oxides","2024","1730731.9258819"
"World","Zimbabwe","Export","Cobalt","282200","Cobalt oxides and hydroxides; commercial cobalt oxides","2024","6.27"
"South Africa","European Union","Export","Cobalt","260500","Cobalt ores and concentrates","2024","9.550000190734863"
"South Africa","Korea, Republic of","Import","Cobalt","260500","Cobalt ores and concentrates","2024","158592.5539565"
"South Africa","Namibia","Export","Cobalt","260500","Cobalt ores and concentrates","2024","77.47"
"South Africa","Sweden","Export","Cobalt","260500","Cobalt ores and concentrates","2024","9.55"
"South Africa","Eswatini","Export","Cobalt","260500","Cobalt ores and concentrates","2024","196.31"
"South Africa","World","Import","Cobalt","260500","Cobalt ores and concentrates","2024","158592.5539565"
"South Africa","World","Export","Cobalt","260500","Cobalt ores and concentrates","2024","700.49"
"South Africa","Zambia","Export","Cobalt","260500","Cobalt ores and concentrates","2024","417.16"
"South Africa","Angola","Export","Cobalt","282200","Cobalt oxides and hydroxides; commercial cobalt oxides","2024","430.31"
"South Africa","United Arab Emirates","Export","Cobalt","282200","Cobalt oxides and hydroxides; commercial cobalt oxides","2024","2.18"
"South Africa","Australia","Export","Cobalt","282200","Cobalt oxides and hydroxides; commercial cobalt oxides","2024","39093.81"
"South Africa","Belgium","Import","Cobalt","282200","Cobalt oxides and hydroxides; commercial cobalt oxides","2024","4441.6776786"
"South Africa","Brazil","Export","Cobalt","282200","Cobalt oxides and hydroxides; commercial cobalt oxides","2024","614132.65"
"South Africa","Botswana","Export","Cobalt","282200","Cobalt oxides and hydroxides; commercial cobalt oxides","2024","4631.22"
"South Africa","China","Export","Cobalt","282200","Cobalt oxides and hydroxides; commercial cobalt oxides","2024","762587.88"
"South Africa","China","Import","Cobalt","282200","Cobalt oxides and hydroxides; commercial cobalt oxides","2024","112068.1490082"
"South Africa","Cote d'Ivoire","Export","Cobalt","282200","Cobalt oxides and hydroxides; commercial cobalt oxides","2024","77.69"
"South Africa","Democratic Republic of the Congo","Import","Cobalt","282200","Cobalt oxides and hydroxides; commercial cobalt oxides","2024","235835.6257359"
"South Africa","Democratic Republic of the Congo","Export","Cobalt","282200","Cobalt oxides and hydroxides; commercial cobalt oxides","2024","21225.89"
"South Africa","European Union","Import","Cobalt","282200","Cobalt oxides and hydroxides; commercial cobalt oxides","2024","8673.7382875"
"South Africa","European Union","Export","Cobalt","282200","Cobalt oxides and hydroxides; commercial cobalt oxides","2024","4077.989990234375"
"South Africa","Spain","Export","Cobalt","282200","Cobalt oxides and hydroxides; commercial cobalt oxides","2024","4077.99"
"South Africa","Spain","Import","Cobalt","282200","Cobalt oxides and hydroxides; commercial cobalt oxides","2024","574.2372874"
"South Africa","Finland","Import","Cobalt","282200","Cobalt oxides and hydroxides; commercial cobalt oxides","2024","27.2796811"
"South Africa","United Kingdom","Export","Cobalt","282200","Cobalt oxides and hydroxides; commercial cobalt oxides","2024","40.81"
"South Africa","India","Import","Cobalt","282200","Cobalt oxides and hydroxides; commercial cobalt oxides","2024","2841.8880595"
"South Africa","India","Export","Cobalt","282200","Cobalt oxides and hydroxides; commercial cobalt oxides","2024","60.23"
"South Africa","Japan","Export","Cobalt","282200","Cobalt oxides and hydroxides; commercial cobalt oxides","2024","29.57"
"South Africa","Namibia","Export","Cobalt","282200","Cobalt oxides and hydroxides; commercial cobalt oxides","2024","239.46"
"South Africa","Nigeria","Export","Cobalt","282200","Cobalt oxides and hydroxides; commercial cobalt oxides","2024","257003.28"
"South Africa","Netherlands","Import","Cobalt","282200","Cobalt oxides and hydroxides; commercial cobalt oxides","2024","3630.5436404"
"South Africa","United States of America","Export","Cobalt","282200","Cobalt oxides and hydroxides; commercial cobalt oxides","2024","707.69"
"South Africa","United States of America","Import","Cobalt","282200","Cobalt oxides and hydroxides; commercial cobalt oxides","2024","667.1518813"
"South Africa","Viet Nam","Export","Cobalt","282200","Cobalt oxides and hydroxides; commercial cobalt oxides","2024","8535.65"
"South Africa","World","Export","Cobalt","282200","Cobalt oxides and hydroxides; commercial cobalt oxides","2024","1712882.58"
"South Africa","World","Import","Cobalt","282200","Cobalt oxides and hydroxides; commercial cobalt oxides","2024","360086.5529724"
"South Africa","Zimbabwe","Export","Cobalt","282200","Cobalt oxides and hydroxides; commercial cobalt oxides","2024","6.27"
"Zambia","China","Export","Cobalt","260500","Cobalt ores and concentrates","2024","5880.67"
"Zambia","Korea, Republic of","Export","Cobalt","260500","Cobalt ores and concentrates","2024","679.43"
"Zambia","World","Export","Cobalt","260500","Cobalt ores and concentrates","2024","368266.65"
"Zambia","World","Import","Cobalt","260500","Cobalt ores and concentrates","2024","156.07"
"Zambia","South Africa","Export","Cobalt","260500","Cobalt ores and concentrates","2024","361706.55"
"Zambia","South Africa","Import","Cobalt","260500","Cobalt ores and concentrates","2024","156.07"
"Zambia","China","Export","Cobalt","282200","Cobalt oxides and hydroxides; commercial cobalt oxides","2024","1221354.73"
"Zambia","Democratic Republic of the Congo","Import","Cobalt","282200","Cobalt oxides and hydroxides; commercial cobalt oxides","2024","67236785.62"
"Zambia","Korea, Republic of","Export","Cobalt","282200","Cobalt oxides and hydroxides; commercial cobalt oxides","2024","14.71"
"Zambia","World","Export","Cobalt","282200","Cobalt oxides and hydroxides; commercial cobalt oxides","2024","80220277.78999999"
"Zambia","World","Import","Cobalt","282200","Cobalt oxides and hydroxides; commercial cobalt oxides","2024","67236785.62"
"Zambia","South Africa","Export","Cobalt","282200","Cobalt oxides and hydroxides; commercial cobalt oxides","2024","78998908.35"
